StatusMonth,OccGroup,all189,no189
2025-01,2613 Software and Applications Programmers,54,68
2025-01,3212 Motor Mechanics,6,27
2025-01,2332 Civil Engineering Professionals,40,75
2025-01,2411 Early Childhood (Pre-primary School) Teachers,25,27
2025-01,2611 ICT Business and Systems Analysts,42,83
2025-01,2211 Accountants,41,131
2025-01,2344 Geologists Geophysicists and Hydrogeologists,1,6
2025-01,"2621 Database and Systems Administrators, and ICT Security Specialists",11,22
2025-01,4117 Welfare Support Workers,0,41
2025-01,"2212 Auditors, Company Secretaries and Corporate Treasurers",11,18
2025-01,2345 Life Scientists,3,5
2025-01,"2335 Industrial, Mechanical and Production Engineers",18,58
2025-01,2339 Other Engineering Professionals,16,41
2025-01,2341 Agricultural and Forestry Scientists,1,14
2025-01,2544 Registered Nurses,91,129
2025-01,3513 Chefs,55,146
2025-01,2334 Electronics Engineers,8,10
2025-01,3232 Metal Fitters and Machinists,1,12
2025-01,3114 Science Technicians,0,8
2025-01,"2324 Graphic and Web Designers, and Illustrators",0,8
2025-01,2631 Computer Network Professionals,5,23
2025-01,4116 Massage Therapists,0,3
2025-01,"2342 Chemists, and Food and Wine Scientists",5,6
2025-01,2713 Solicitors,2,3
2025-01,1311 Advertising and Sales Managers,0,15
2025-01,1322 Finance Managers,0,12
2025-01,"3121 Architectural, Building and Surveying Technicians",0,20
2025-01,2331 Chemical and Materials Engineers,3,6
2025-01,2251 Advertising and Marketing Professionals,0,51
2025-01,2254 Technical Sales Representatives,0,6
2025-01,3123 Electrical Engineering Draftspersons and Technicians,4,2
2025-01,2231 Human Resource Professionals,0,10
2025-01,3514 Cooks,0,31
2025-01,2333 Electrical Engineers,16,21
2025-01,2223 Financial Investment Advisers and Managers,0,7
2025-01,2321 Architects and Landscape Architects,4,11
2025-01,3112 Medical Technicians,0,30
2025-01,2531 General Practitioners and Resident Medical officers,6,26
2025-01,1323 Human Resource Managers,0,2
2025-01,1335 Production Managers,0,10
2025-01,2515 Pharmacists,0,36
2025-01,1351 ICT Managers,0,13
2025-01,2247 Management and Organisation Analysts,2,6
2025-01,2347 Veterinarians,3,2
2025-01,2414 Secondary School Teachers,8,8
2025-01,1341 Child Care Centre Managers,1,0
2025-01,3125 Mechanical Engineering Draftspersons and Technicians,0,2
2025-01,6112 Insurance Agents,0,1
2025-01,2412 Primary School Teachers,0,22
2025-01,"2241 Actuaries, Mathematicians and Statisticians",3,8
2025-01,2421 University Lecturers and Tutors,7,6
2025-01,1411 Cafe and Restaurant Managers,0,58
2025-01,2633 Telecommunications Engineering Professionals,5,6
2025-01,3511 Bakers and Pastrycooks,0,10
2025-01,1332 Engineering Managers,1,5
2025-01,"1499 Other Hospitality, Retail and Service Managers",0,4
2025-01,3122 Civil Engineering Draftspersons and Technicians,6,19
2025-01,1399 Other Specialist Managers,1,3
2025-01,"5111 Contract, Program and Project Administrators",0,14
2025-01,2322 Cartographers and Surveyors,1,3
2025-01,1325 Research and Development Managers,0,5
2025-01,2245 Land Economists and Valuers,1,0
2025-01,2252 ICT Sales Professionals,0,2
2025-01,2336 Mining Engineers,2,4
2025-01,2612 Multimedia Specialists and Web Developers,1,3
2025-01,3223 Structural Steel and Welding Trades Workers,0,6
2025-01,2349 Other Natural and Physical Science Professionals,1,5
2025-01,1321 Corporate Services Managers,0,1
2025-01,2326 Urban and Regional Planners,0,6
2025-01,2632 ICT Support and Test Engineers,0,19
2025-01,1331 Construction Managers,2,14
2025-01,2343 Environmental Scientists,4,11
2025-01,3132 Telecommunications Technical Specialists,1,4
2025-01,3312 Carpenters and Joiners,6,6
2025-01,1334 Manufacturers,0,1
2025-01,2725 Social Workers,5,13
2025-01,1413 Hotel and Motel Managers,0,31
2025-01,2249 Other Information and Organisation Professionals,0,33
2025-01,3322 Painting Trades Workers,0,8
2025-01,3423 Electronics Trades Workers,1,3
2025-01,2521 Chiropractors and Osteopaths,0,1
2025-01,2493 Teachers of English to Speakers of Other Languages,0,3
2025-01,2124 Journalists and Other Writers,0,4
2025-01,1212 Crop Farmers,0,2
2025-01,3941 Cabinetmakers,0,3
2025-01,2243 Economists,4,0
2025-01,6121 Real Estate Sales Agents,0,1
2025-01,3311 Bricklayers and Stonemasons,0,2
2025-01,"2726 Welfare, Recreation and Community Arts Workers",0,13
2025-01,"2323 Fashion, Industrial and Jewellery Designers",0,2
2025-01,1336 Supply and Distribution Managers,0,3
2025-01,1342 Health and Welfare Services Managers,0,13
2025-01,1492 Call or Contact Centre and Customer Service Managers,0,2
2025-01,2221 Financial Brokers,0,2
2025-01,2539 Other Medical Practitioners,5,2
2025-01,1419 Other Accommodation and Hospitality Managers,0,2
2025-01,3111 Agricultural Technicians,0,17
2025-01,4114 Enrolled and Mothercraft Nurses,0,41
2025-01,3411 Electricians,3,12
2025-01,2525 Physiotherapists,14,18
2025-01,2253 Public Relations Professionals,0,2
2025-01,2512 Medical Imaging Professionals,1,3
2025-01,3131 ICT Support Technicians,0,4
2025-01,"4523 Sports Coaches, Instructors and Officials",0,2
2025-01,3911 Hairdressers,0,5
2025-01,2513 Occupational and Environmental Health Professionals,0,7
2025-01,2527 Speech Professionals and Audiologists,1,9
2025-01,1213 Livestock Farmers,0,2
2025-01,"2242 Archivists, Curators and Records Managers",0,3
2025-01,3129 Other Building and Engineering Technicians,0,7
2025-01,2492 Private Tutors and Teachers,0,4
2025-01,2524 Occupational Therapists,4,10
2025-01,2519 Other Health Diagnostic and Promotion Professionals,0,9
2025-01,3421 Airconditioning and Refrigeration Mechanics,0,2
2025-01,2346 Medical Laboratory Scientists,4,1
2025-01,1493 Conference and Event Organisers,0,6
2025-01,2712 Judicial and Other Legal Professionals,0,1
2025-01,2723 Psychologists,1,11
2025-01,2422 Vocational Education Teachers (Aus) / Polytechnic Teachers (NZ),0,1
2025-01,4111 Ambulance Officers and Paramedics,0,3
2025-01,2113 Photographers,0,1
2025-01,2541 Midwives,1,0
2025-01,3341 Plumbers,2,10
2025-01,2491 Education Advisers and Reviewers,0,1
2025-01,2511 Dietitians,0,3
2025-01,2244 Intelligence and Policy Analysts,0,1
2025-01,1421 Retail Managers,0,1
2025-01,2232 ICT Trainers,0,2
2025-01,3243 Vehicle Painters,0,1
2025-01,2721 Counsellors,0,10
2025-01,"1491 Amusement, Fitness and Sports Centre Managers",0,1
2025-01,4113 Diversional Therapists,0,4
2025-01,2533 Internal Medicine Specialists,3,0
2025-01,3332 Plasterers,0,3
2025-01,3334 Wall and Floor Tilers,1,2
2025-01,2522 Complementary Health Therapists,0,4
2025-01,5999 Other Miscellaneous Clerical and Administrative Workers,0,2
2025-01,2543 Nurse Managers,0,1
2025-01,2523 Dental Practitioners,0,5
2025-01,3211 Automotive Electricians,0,2
2025-01,1344 Other Education Managers,0,1
2025-01,2534 Psychiatrists,1,0
2025-01,"5996 Insurance Investigators, Loss Adjusters and Risk Surveyors",0,1
2025-01,3333 Roof Tilers,0,1
2025-01,4518 Other Personal Service Workers,0,4
2024-09,2613 Software and Applications Programmers,256,30
2024-09,3212 Motor Mechanics,10,15
2024-09,2332 Civil Engineering Professionals,823,46
2024-09,2411 Early Childhood (Pre-primary School) Teachers,499,46
2024-09,2611 ICT Business and Systems Analysts,107,25
2024-09,2211 Accountants,266,39
2024-09,2344 Geologists Geophysicists and Hydrogeologists,1,1
2024-09,"2621 Database and Systems Administrators, and ICT Security Specialists",12,12
2024-09,4117 Welfare Support Workers,0,30
2024-09,"2212 Auditors, Company Secretaries and Corporate Treasurers",139,5
2024-09,2345 Life Scientists,40,6
2024-09,"2335 Industrial, Mechanical and Production Engineers",183,20
2024-09,2339 Other Engineering Professionals,171,23
2024-09,2341 Agricultural and Forestry Scientists,15,6
2024-09,2544 Registered Nurses,724,84
2024-09,3513 Chefs,84,92
2024-09,2334 Electronics Engineers,55,4
2024-09,3232 Metal Fitters and Machinists,2,3
2024-09,3114 Science Technicians,0,3
2024-09,3622 Gardeners,0,2
2024-09,"2324 Graphic and Web Designers, and Illustrators",0,8
2024-09,2631 Computer Network Professionals,31,10
2024-09,4116 Massage Therapists,0,3
2024-09,"2342 Chemists, and Food and Wine Scientists",12,6
2024-09,2713 Solicitors,24,1
2024-09,1311 Advertising and Sales Managers,0,7
2024-09,1322 Finance Managers,0,5
2024-09,"3121 Architectural, Building and Surveying Technicians",0,13
2024-09,2331 Chemical and Materials Engineers,43,3
2024-09,2251 Advertising and Marketing Professionals,0,10
2024-09,2254 Technical Sales Representatives,0,1
2024-09,3123 Electrical Engineering Draftspersons and Technicians,1,1
2024-09,2231 Human Resource Professionals,0,7
2024-09,3514 Cooks,0,10
2024-09,2333 Electrical Engineers,78,22
2024-09,2223 Financial Investment Advisers and Managers,0,3
2024-09,2321 Architects and Landscape Architects,613,19
2024-09,3112 Medical Technicians,0,17
2024-09,2531 General Practitioners and Resident Medical officers,217,18
2024-09,1323 Human Resource Managers,0,3
2024-09,3113 Primary Products Inspectors,0,1
2024-09,1335 Production Managers,0,2
2024-09,2515 Pharmacists,0,24
2024-09,1351 ICT Managers,0,6
2024-09,2247 Management and Organisation Analysts,7,17
2024-09,2347 Veterinarians,8,0
2024-09,2414 Secondary School Teachers,213,68
2024-09,1341 Child Care Centre Managers,3,2
2024-09,3125 Mechanical Engineering Draftspersons and Technicians,0,1
2024-09,6112 Insurance Agents,0,1
2024-09,2412 Primary School Teachers,0,14
2024-09,"2241 Actuaries, Mathematicians and Statisticians",34,1
2024-09,3331 Glaziers,6,0
2024-09,2421 University Lecturers and Tutors,50,7
2024-09,1411 Cafe and Restaurant Managers,0,31
2024-09,2633 Telecommunications Engineering Professionals,37,1
2024-09,3511 Bakers and Pastrycooks,0,1
2024-09,1332 Engineering Managers,2,2
2024-09,"1499 Other Hospitality, Retail and Service Managers",0,1
2024-09,3122 Civil Engineering Draftspersons and Technicians,674,12
2024-09,1399 Other Specialist Managers,1,9
2024-09,"5111 Contract, Program and Project Administrators",0,5
2024-09,2322 Cartographers and Surveyors,10,2
2024-09,1325 Research and Development Managers,0,3
2024-09,2245 Land Economists and Valuers,1,0
2024-09,2252 ICT Sales Professionals,0,3
2024-09,2336 Mining Engineers,6,3
2024-09,2612 Multimedia Specialists and Web Developers,13,6
2024-09,3223 Structural Steel and Welding Trades Workers,56,17
2024-09,2349 Other Natural and Physical Science Professionals,5,3
2024-09,1321 Corporate Services Managers,0,5
2024-09,2326 Urban and Regional Planners,0,1
2024-09,2632 ICT Support and Test Engineers,0,11
2024-09,2325 Interior Designers,0,1
2024-09,1331 Construction Managers,387,17
2024-09,3613 Veterinary Nurses,0,1
2024-09,2343 Environmental Scientists,9,1
2024-09,2711 Barristers,0,1
2024-09,3132 Telecommunications Technical Specialists,1,3
2024-09,3312 Carpenters and Joiners,592,26
2024-09,2725 Social Workers,161,13
2024-09,1413 Hotel and Motel Managers,0,20
2024-09,2249 Other Information and Organisation Professionals,0,4
2024-09,3322 Painting Trades Workers,492,3
2024-09,3423 Electronics Trades Workers,0,2
2024-09,2542 Nurse Educators and Researchers,0,1
2024-09,2521 Chiropractors and Osteopaths,4,0
2024-09,2493 Teachers of English to Speakers of Other Languages,0,2
2024-09,2124 Journalists and Other Writers,0,3
2024-09,1212 Crop Farmers,0,5
2024-09,3941 Cabinetmakers,38,2
2024-09,2243 Economists,5,1
2024-09,3311 Bricklayers and Stonemasons,73,8
2024-09,"2726 Welfare, Recreation and Community Arts Workers",0,16
2024-09,1336 Supply and Distribution Managers,0,2
2024-09,1342 Health and Welfare Services Managers,3,8
2024-09,"2123 Film, Television, Radio and Stage Directors",0,1
2024-09,1492 Call or Contact Centre and Customer Service Managers,0,2
2024-09,2539 Other Medical Practitioners,203,1
2024-09,1419 Other Accommodation and Hospitality Managers,0,1
2024-09,2724 Social Professionals,0,2
2024-09,4114 Enrolled and Mothercraft Nurses,0,42
2024-09,3411 Electricians,108,11
2024-09,2525 Physiotherapists,124,13
2024-09,1494 Transport Services Managers,0,1
2024-09,2253 Public Relations Professionals,0,2
2024-09,2512 Medical Imaging Professionals,19,1
2024-09,3131 ICT Support Technicians,0,4
2024-09,"4523 Sports Coaches, Instructors and Officials",0,1
2024-09,3911 Hairdressers,0,3
2024-09,3222 Sheetmetal Trades Workers,6,0
2024-09,2513 Occupational and Environmental Health Professionals,0,5
2024-09,2527 Speech Professionals and Audiologists,56,2
2024-09,1213 Livestock Farmers,0,3
2024-09,"2242 Archivists, Curators and Records Managers",0,2
2024-09,3129 Other Building and Engineering Technicians,0,1
2024-09,2492 Private Tutors and Teachers,0,1
2024-09,2524 Occupational Therapists,93,16
2024-09,2519 Other Health Diagnostic and Promotion Professionals,1,5
2024-09,3421 Airconditioning and Refrigeration Mechanics,1,1
2024-09,2346 Medical Laboratory Scientists,40,2
2024-09,2415 Special Education Teachers,5,0
2024-09,1493 Conference and Event Organisers,0,3
2024-09,2712 Judicial and Other Legal Professionals,0,1
2024-09,2222 Financial Dealers,0,1
2024-09,2723 Psychologists,34,8
2024-09,2422 Vocational Education Teachers (Aus) / Polytechnic Teachers (NZ),0,1
2024-09,4111 Ambulance Officers and Paramedics,0,1
2024-09,2541 Midwives,19,6
2024-09,3341 Plumbers,46,7
2024-09,2491 Education Advisers and Reviewers,0,2
2024-09,2511 Dietitians,0,6
2024-09,3241 Panelbeaters,0,1
2024-09,2721 Counsellors,0,8
2024-09,3991 Boat Builders and Shipwrights,1,0
2024-09,4113 Diversional Therapists,0,1
2024-09,2533 Internal Medicine Specialists,14,0
2024-09,3332 Plasterers,20,3
2024-09,3611 Animal Attendants and Trainers,0,1
2024-09,3334 Wall and Floor Tilers,91,5
2024-09,2413 Middle School Teachers (Aus) / Intermediate School Teachers (NZ),0,4
2024-09,2522 Complementary Health Therapists,0,2
2024-09,2523 Dental Practitioners,0,7
2024-09,1343 School Principals,0,2
2024-09,3211 Automotive Electricians,1,0
2024-09,3995 Performing Arts Technicians,0,1
2024-09,1344 Other Education Managers,0,1
2024-09,2534 Psychiatrists,7,0
2024-09,2514 Optometrists and Orthoptists,5,0
2024-09,2535 Surgeons,4,0
2024-09,2526 Podiatrists,4,0
2024-09,3333 Roof Tilers,0,1
2024-09,4512 Driving Instructors,0,1
2026-06,2613 Software and Applications Programmers,9,24
2026-06,3212 Motor Mechanics,7,23
2026-06,2332 Civil Engineering Professionals,29,51
2026-06,2411 Early Childhood (Pre-primary School) Teachers,30,61
2026-06,2611 ICT Business and Systems Analysts,5,27
2026-06,2211 Accountants,11,47
2026-06,2344 Geologists Geophysicists and Hydrogeologists,25,8
2026-06,"2621 Database and Systems Administrators, and ICT Security Specialists",0,17
2026-06,4117 Welfare Support Workers,0,16
2026-06,"2212 Auditors, Company Secretaries and Corporate Treasurers",1,6
2026-06,2345 Life Scientists,49,5
2026-06,"2335 Industrial, Mechanical and Production Engineers",9,50
2026-06,2339 Other Engineering Professionals,9,20
2026-06,2341 Agricultural and Forestry Scientists,272,7
2026-06,2544 Registered Nurses,2771,106
2026-06,3513 Chefs,14,56
2026-06,2334 Electronics Engineers,18,10
2026-06,3232 Metal Fitters and Machinists,35,12
2026-06,3114 Science Technicians,0,7
2026-06,"2324 Graphic and Web Designers, and Illustrators",0,1
2026-06,2631 Computer Network Professionals,1,6
2026-06,4116 Massage Therapists,0,10
2026-06,"2342 Chemists, and Food and Wine Scientists",136,2
2026-06,2713 Solicitors,419,2
2026-06,1311 Advertising and Sales Managers,0,1
2026-06,1322 Finance Managers,0,1
2026-06,"3121 Architectural, Building and Surveying Technicians",0,19
2026-06,2331 Chemical and Materials Engineers,4,5
2026-06,2251 Advertising and Marketing Professionals,0,13
2026-06,3123 Electrical Engineering Draftspersons and Technicians,96,4
2026-06,2231 Human Resource Professionals,0,9
2026-06,3514 Cooks,0,36
2026-06,2333 Electrical Engineers,9,19
2026-06,2223 Financial Investment Advisers and Managers,0,1
2026-06,2321 Architects and Landscape Architects,125,11
2026-06,3112 Medical Technicians,0,9
2026-06,2531 General Practitioners and Resident Medical officers,375,25
2026-06,3113 Primary Products Inspectors,0,1
2026-06,1335 Production Managers,0,6
2026-06,2515 Pharmacists,0,33
2026-06,1351 ICT Managers,0,2
2026-06,2247 Management and Organisation Analysts,293,1
2026-06,2347 Veterinarians,136,0
2026-06,2414 Secondary School Teachers,593,17
2026-06,1341 Child Care Centre Managers,5,0
2026-06,3125 Mechanical Engineering Draftspersons and Technicians,0,4
2026-06,6112 Insurance Agents,0,1
2026-06,2412 Primary School Teachers,0,20
2026-06,"2241 Actuaries, Mathematicians and Statisticians",148,3
2026-06,3331 Glaziers,11,0
2026-06,2421 University Lecturers and Tutors,1,3
2026-06,1411 Cafe and Restaurant Managers,0,34
2026-06,2633 Telecommunications Engineering Professionals,25,3
2026-06,3511 Bakers and Pastrycooks,0,5
2026-06,1332 Engineering Managers,47,10
2026-06,"1499 Other Hospitality, Retail and Service Managers",0,1
2026-06,3122 Civil Engineering Draftspersons and Technicians,22,19
2026-06,1399 Other Specialist Managers,56,3
2026-06,"5111 Contract, Program and Project Administrators",0,11
2026-06,2322 Cartographers and Surveyors,68,1
2026-06,2245 Land Economists and Valuers,47,0
2026-06,2252 ICT Sales Professionals,0,3
2026-06,2336 Mining Engineers,214,2
2026-06,2612 Multimedia Specialists and Web Developers,25,0
2026-06,3223 Structural Steel and Welding Trades Workers,92,6
2026-06,2349 Other Natural and Physical Science Professionals,87,1
2026-06,1321 Corporate Services Managers,0,1
2026-06,2326 Urban and Regional Planners,0,3
2026-06,2632 ICT Support and Test Engineers,0,12
2026-06,1331 Construction Managers,433,23
2026-06,3613 Veterinary Nurses,0,1
2026-06,2343 Environmental Scientists,244,3
2026-06,2711 Barristers,2,0
2026-06,3132 Telecommunications Technical Specialists,0,4
2026-06,3312 Carpenters and Joiners,865,34
2026-06,1334 Manufacturers,0,2
2026-06,2725 Social Workers,486,9
2026-06,1413 Hotel and Motel Managers,0,13
2026-06,2249 Other Information and Organisation Professionals,0,3
2026-06,3322 Painting Trades Workers,12,19
2026-06,3423 Electronics Trades Workers,29,0
2026-06,2521 Chiropractors and Osteopaths,25,0
2026-06,2493 Teachers of English to Speakers of Other Languages,0,3
2026-06,2124 Journalists and Other Writers,0,2
2026-06,1212 Crop Farmers,0,1
2026-06,3941 Cabinetmakers,8,1
2026-06,2243 Economists,99,0
2026-06,6121 Real Estate Sales Agents,0,2
2026-06,3311 Bricklayers and Stonemasons,107,10
2026-06,"2726 Welfare, Recreation and Community Arts Workers",0,6
2026-06,1336 Supply and Distribution Managers,0,1
2026-06,1342 Health and Welfare Services Managers,12,22
2026-06,1324 Policy and Planning Managers,0,1
2026-06,1492 Call or Contact Centre and Customer Service Managers,0,4
2026-06,2539 Other Medical Practitioners,316,1
2026-06,1419 Other Accommodation and Hospitality Managers,0,3
2026-06,2724 Social Professionals,0,1
2026-06,4114 Enrolled and Mothercraft Nurses,0,24
2026-06,3411 Electricians,133,19
2026-06,2525 Physiotherapists,185,5
2026-06,1494 Transport Services Managers,0,2
2026-06,2253 Public Relations Professionals,0,4
2026-06,2512 Medical Imaging Professionals,49,2
2026-06,3131 ICT Support Technicians,0,2
2026-06,"4523 Sports Coaches, Instructors and Officials",7,0
2026-06,3911 Hairdressers,0,2
2026-06,3222 Sheetmetal Trades Workers,1,0
2026-06,2513 Occupational and Environmental Health Professionals,0,6
2026-06,2527 Speech Professionals and Audiologists,108,3
2026-06,3129 Other Building and Engineering Technicians,0,7
2026-06,2524 Occupational Therapists,123,4
2026-06,2519 Other Health Diagnostic and Promotion Professionals,1,12
2026-06,3421 Airconditioning and Refrigeration Mechanics,3,1
2026-06,2346 Medical Laboratory Scientists,150,2
2026-06,2415 Special Education Teachers,9,0
2026-06,1493 Conference and Event Organisers,0,15
2026-06,2712 Judicial and Other Legal Professionals,0,2
2026-06,2723 Psychologists,96,1
2026-06,2541 Midwives,30,1
2026-06,3341 Plumbers,55,8
2026-06,2511 Dietitians,0,4
2026-06,2244 Intelligence and Policy Analysts,0,5
2026-06,3241 Panelbeaters,4,0
2026-06,2311 Air Transport Professionals,0,1
2026-06,3424 Telecommunications Trades Workers,0,1
2026-06,2721 Counsellors,0,14
2026-06,3991 Boat Builders and Shipwrights,9,0
2026-06,4113 Diversional Therapists,0,2
2026-06,2533 Internal Medicine Specialists,18,0
2026-06,3332 Plasterers,34,2
2026-06,3611 Animal Attendants and Trainers,0,1
2026-06,3334 Wall and Floor Tilers,117,7
2026-06,2413 Middle School Teachers (Aus) / Intermediate School Teachers (NZ),0,2
2026-06,2522 Complementary Health Therapists,0,2
2026-06,2523 Dental Practitioners,0,5
2026-06,1343 School Principals,0,1
2026-06,2112 Music Professionals,8,1
2026-06,3211 Automotive Electricians,8,2
2026-06,2534 Psychiatrists,9,0
2026-06,2514 Optometrists and Orthoptists,10,0
2026-06,2535 Surgeons,4,0
2026-06,2526 Podiatrists,8,0
2026-06,"2111 Actors, Dancers and Other Entertainers",5,0
2026-06,4524 Sportspersons,1,1
2026-06,4518 Other Personal Service Workers,0,1
2026-07,2613 Software and Applications Programmers,1,3
2026-07,3212 Motor Mechanics,1,3
2026-07,2332 Civil Engineering Professionals,0,1
2026-07,2411 Early Childhood (Pre-primary School) Teachers,0,1
2026-07,2611 ICT Business and Systems Analysts,0,4
2026-07,2211 Accountants,1,5
2026-07,"2621 Database and Systems Administrators, and ICT Security Specialists",0,1
2026-07,"2212 Auditors, Company Secretaries and Corporate Treasurers",1,3
2026-07,2345 Life Scientists,0,1
2026-07,"2335 Industrial, Mechanical and Production Engineers",0,2
2026-07,2339 Other Engineering Professionals,0,1
2026-07,2341 Agricultural and Forestry Scientists,0,5
2026-07,2544 Registered Nurses,3,13
2026-07,3513 Chefs,10,42
2026-07,2334 Electronics Engineers,0,1
2026-07,3114 Science Technicians,0,2
2026-07,4116 Massage Therapists,0,4
2026-07,"2342 Chemists, and Food and Wine Scientists",3,1
2026-07,1311 Advertising and Sales Managers,0,1
2026-07,1322 Finance Managers,0,1
2026-07,3514 Cooks,0,6
2026-07,2321 Architects and Landscape Architects,2,2
2026-07,3112 Medical Technicians,0,4
2026-07,2531 General Practitioners and Resident Medical officers,0,2
2026-07,3113 Primary Products Inspectors,0,1
2026-07,2515 Pharmacists,0,2
2026-07,1351 ICT Managers,0,1
2026-07,2414 Secondary School Teachers,0,1
2026-07,2421 University Lecturers and Tutors,0,2
2026-07,1411 Cafe and Restaurant Managers,0,4
2026-07,2633 Telecommunications Engineering Professionals,0,1
2026-07,3122 Civil Engineering Draftspersons and Technicians,0,1
2026-07,3132 Telecommunications Technical Specialists,0,1
2026-07,3312 Carpenters and Joiners,0,2
2026-07,2725 Social Workers,0,5
2026-07,1413 Hotel and Motel Managers,0,1
2026-07,3322 Painting Trades Workers,0,2
2026-07,3311 Bricklayers and Stonemasons,1,0
2026-07,1419 Other Accommodation and Hospitality Managers,0,1
2026-07,4114 Enrolled and Mothercraft Nurses,0,14
2026-07,2525 Physiotherapists,1,0
2026-07,2524 Occupational Therapists,1,0
2026-07,2519 Other Health Diagnostic and Promotion Professionals,0,1
2026-07,2346 Medical Laboratory Scientists,0,1
2026-07,2491 Education Advisers and Reviewers,0,1
2026-07,3334 Wall and Floor Tilers,2,0
2025-08,2411 Early Childhood (Pre-primary School) Teachers,580,13
2025-08,2344 Geologists Geophysicists and Hydrogeologists,3,0
2025-08,2345 Life Scientists,152,0
2025-08,2341 Agricultural and Forestry Scientists,65,0
2025-08,2544 Registered Nurses,1803,49
2025-08,2334 Electronics Engineers,25,0
2025-08,3232 Metal Fitters and Machinists,1,0
2025-08,"2342 Chemists, and Food and Wine Scientists",57,0
2025-08,2713 Solicitors,92,0
2025-08,2331 Chemical and Materials Engineers,123,0
2025-08,3123 Electrical Engineering Draftspersons and Technicians,9,0
2025-08,2321 Architects and Landscape Architects,23,0
2025-08,2531 General Practitioners and Resident Medical officers,365,0
2025-08,2247 Management and Organisation Analysts,51,0
2025-08,2347 Veterinarians,29,0
2025-08,2414 Secondary School Teachers,83,7
2025-08,1341 Child Care Centre Managers,1,0
2025-08,"2241 Actuaries, Mathematicians and Statisticians",115,0
2025-08,3331 Glaziers,13,0
2025-08,2421 University Lecturers and Tutors,366,45
2025-08,1332 Engineering Managers,2,0
2025-08,3122 Civil Engineering Draftspersons and Technicians,19,0
2025-08,1399 Other Specialist Managers,7,0
2025-08,2322 Cartographers and Surveyors,10,0
2025-08,2245 Land Economists and Valuers,8,0
2025-08,2336 Mining Engineers,26,0
2025-08,3223 Structural Steel and Welding Trades Workers,5,0
2025-08,2349 Other Natural and Physical Science Professionals,29,0
2025-08,1331 Construction Managers,12,0
2025-08,2343 Environmental Scientists,72,0
2025-08,2711 Barristers,1,0
2025-08,3312 Carpenters and Joiners,890,0
2025-08,2725 Social Workers,109,9
2025-08,3322 Painting Trades Workers,225,0
2025-08,3423 Electronics Trades Workers,2,0
2025-08,2243 Economists,20,0
2025-08,3311 Bricklayers and Stonemasons,108,2
2025-08,1342 Health and Welfare Services Managers,1,0
2025-08,2539 Other Medical Practitioners,308,0
2025-08,3411 Electricians,197,2
2025-08,2525 Physiotherapists,174,2
2025-08,2512 Medical Imaging Professionals,66,2
2025-08,"4523 Sports Coaches, Instructors and Officials",1,0
2025-08,2527 Speech Professionals and Audiologists,66,3
2025-08,2524 Occupational Therapists,94,0
2025-08,2346 Medical Laboratory Scientists,7,0
2025-08,2415 Special Education Teachers,3,1
2025-08,2723 Psychologists,23,0
2025-08,2541 Midwives,30,1
2025-08,3341 Plumbers,71,3
2025-08,3241 Panelbeaters,1,0
2025-08,3991 Boat Builders and Shipwrights,3,0
2025-08,2533 Internal Medicine Specialists,21,1
2025-08,3332 Plasterers,22,0
2025-08,3334 Wall and Floor Tilers,133,2
2025-08,2112 Music Professionals,1,0
2025-08,2534 Psychiatrists,6,0
2025-08,2514 Optometrists and Orthoptists,9,0
2025-08,2535 Surgeons,4,0
2025-08,2526 Podiatrists,7,0
2026-01,2613 Software and Applications Programmers,30,64
2026-01,3212 Motor Mechanics,9,21
2026-01,2332 Civil Engineering Professionals,45,112
2026-01,2411 Early Childhood (Pre-primary School) Teachers,60,65
2026-01,2611 ICT Business and Systems Analysts,10,30
2026-01,2211 Accountants,14,51
2026-01,2344 Geologists Geophysicists and Hydrogeologists,1,1
2026-01,"2621 Database and Systems Administrators, and ICT Security Specialists",4,19
2026-01,4117 Welfare Support Workers,0,46
2026-01,"2212 Auditors, Company Secretaries and Corporate Treasurers",6,7
2026-01,2345 Life Scientists,1,5
2026-01,"2335 Industrial, Mechanical and Production Engineers",15,33
2026-01,2339 Other Engineering Professionals,12,30
2026-01,2341 Agricultural and Forestry Scientists,1,2
2026-01,2544 Registered Nurses,95,119
2026-01,3513 Chefs,34,101
2026-01,2334 Electronics Engineers,4,5
2026-01,3232 Metal Fitters and Machinists,3,11
2026-01,3114 Science Technicians,0,1
2026-01,3622 Gardeners,0,1
2026-01,"2324 Graphic and Web Designers, and Illustrators",0,6
2026-01,2631 Computer Network Professionals,4,13
2026-01,4116 Massage Therapists,0,1
2026-01,"2342 Chemists, and Food and Wine Scientists",1,1
2026-01,2713 Solicitors,3,3
2026-01,1311 Advertising and Sales Managers,0,3
2026-01,1322 Finance Managers,0,2
2026-01,"3121 Architectural, Building and Surveying Technicians",0,35
2026-01,2331 Chemical and Materials Engineers,2,1
2026-01,2251 Advertising and Marketing Professionals,0,8
2026-01,3123 Electrical Engineering Draftspersons and Technicians,2,7
2026-01,2231 Human Resource Professionals,0,3
2026-01,6392 Retail and Wool Buyers,0,1
2026-01,3514 Cooks,0,32
2026-01,2333 Electrical Engineers,5,25
2026-01,2321 Architects and Landscape Architects,3,5
2026-01,3112 Medical Technicians,0,23
2026-01,2531 General Practitioners and Resident Medical officers,14,26
2026-01,1335 Production Managers,0,5
2026-01,2515 Pharmacists,0,26
2026-01,1351 ICT Managers,0,4
2026-01,2247 Management and Organisation Analysts,1,3
2026-01,2347 Veterinarians,4,2
2026-01,2414 Secondary School Teachers,35,47
2026-01,1341 Child Care Centre Managers,0,1
2026-01,3125 Mechanical Engineering Draftspersons and Technicians,0,5
2026-01,2412 Primary School Teachers,0,37
2026-01,"2241 Actuaries, Mathematicians and Statisticians",1,4
2026-01,3331 Glaziers,0,1
2026-01,2421 University Lecturers and Tutors,4,9
2026-01,1411 Cafe and Restaurant Managers,0,32
2026-01,2633 Telecommunications Engineering Professionals,1,4
2026-01,3511 Bakers and Pastrycooks,0,3
2026-01,1332 Engineering Managers,0,5
2026-01,"1499 Other Hospitality, Retail and Service Managers",0,1
2026-01,3122 Civil Engineering Draftspersons and Technicians,29,38
2026-01,1399 Other Specialist Managers,0,1
2026-01,"5111 Contract, Program and Project Administrators",0,10
2026-01,2322 Cartographers and Surveyors,3,7
2026-01,2245 Land Economists and Valuers,1,1
2026-01,2252 ICT Sales Professionals,0,1
2026-01,2336 Mining Engineers,3,3
2026-01,2612 Multimedia Specialists and Web Developers,0,1
2026-01,3223 Structural Steel and Welding Trades Workers,3,6
2026-01,2349 Other Natural and Physical Science Professionals,0,4
2026-01,2326 Urban and Regional Planners,0,12
2026-01,2632 ICT Support and Test Engineers,0,17
2026-01,2325 Interior Designers,0,1
2026-01,1331 Construction Managers,18,32
2026-01,3613 Veterinary Nurses,0,2
2026-01,2343 Environmental Scientists,2,4
2026-01,3132 Telecommunications Technical Specialists,0,3
2026-01,3312 Carpenters and Joiners,19,27
2026-01,1334 Manufacturers,0,4
2026-01,2725 Social Workers,8,16
2026-01,1413 Hotel and Motel Managers,0,20
2026-01,2249 Other Information and Organisation Professionals,0,7
2026-01,3322 Painting Trades Workers,8,14
2026-01,3423 Electronics Trades Workers,1,4
2026-01,2542 Nurse Educators and Researchers,0,1
2026-01,2493 Teachers of English to Speakers of Other Languages,0,3
2026-01,3941 Cabinetmakers,5,4
2026-01,2243 Economists,1,0
2026-01,3311 Bricklayers and Stonemasons,4,10
2026-01,"2726 Welfare, Recreation and Community Arts Workers",0,8
2026-01,1336 Supply and Distribution Managers,0,3
2026-01,1342 Health and Welfare Services Managers,0,5
2026-01,3231 Aircraft Maintenance Engineers,0,1
2026-01,1492 Call or Contact Centre and Customer Service Managers,0,2
2026-01,2221 Financial Brokers,0,1
2026-01,2539 Other Medical Practitioners,7,1
2026-01,1419 Other Accommodation and Hospitality Managers,0,3
2026-01,3111 Agricultural Technicians,0,3
2026-01,2724 Social Professionals,0,1
2026-01,4114 Enrolled and Mothercraft Nurses,0,36
2026-01,3411 Electricians,9,16
2026-01,2525 Physiotherapists,12,7
2026-01,2253 Public Relations Professionals,0,1
2026-01,2512 Medical Imaging Professionals,3,4
2026-01,3131 ICT Support Technicians,0,3
2026-01,"4523 Sports Coaches, Instructors and Officials",0,1
2026-01,3222 Sheetmetal Trades Workers,1,0
2026-01,2513 Occupational and Environmental Health Professionals,0,1
2026-01,2527 Speech Professionals and Audiologists,8,5
2026-01,3129 Other Building and Engineering Technicians,0,12
2026-01,2492 Private Tutors and Teachers,0,1
2026-01,2524 Occupational Therapists,14,11
2026-01,2519 Other Health Diagnostic and Promotion Professionals,0,3
2026-01,3421 Airconditioning and Refrigeration Mechanics,0,1
2026-01,2346 Medical Laboratory Scientists,0,2
2026-01,2415 Special Education Teachers,1,3
2026-01,1493 Conference and Event Organisers,0,11
2026-01,2723 Psychologists,1,9
2026-01,2422 Vocational Education Teachers (Aus) / Polytechnic Teachers (NZ),0,6
2026-01,4111 Ambulance Officers and Paramedics,0,3
2026-01,"4112 Dental Hygienists, Technicians and Therapists",0,3
2026-01,2541 Midwives,1,3
2026-01,3341 Plumbers,5,8
2026-01,2511 Dietitians,0,4
2026-01,3424 Telecommunications Trades Workers,0,1
2026-01,2721 Counsellors,0,17
2026-01,3991 Boat Builders and Shipwrights,2,1
2026-01,4113 Diversional Therapists,0,2
2026-01,2533 Internal Medicine Specialists,0,2
2026-01,3611 Animal Attendants and Trainers,0,2
2026-01,3334 Wall and Floor Tilers,5,4
2026-01,2413 Middle School Teachers (Aus) / Intermediate School Teachers (NZ),0,2
2026-01,2522 Complementary Health Therapists,0,1
2026-01,2543 Nurse Managers,0,2
2026-01,2523 Dental Practitioners,0,6
2026-01,3211 Automotive Electricians,2,0
2026-01,3422 Electrical Distribution Trades Workers,1,0
2026-01,3512 Butchers and Smallgoods Makers,0,1
2026-01,3333 Roof Tilers,0,1
2025-05,2613 Software and Applications Programmers,38,154
2025-05,3212 Motor Mechanics,21,84
2025-05,2332 Civil Engineering Professionals,76,166
2025-05,2411 Early Childhood (Pre-primary School) Teachers,43,111
2025-05,2611 ICT Business and Systems Analysts,24,52
2025-05,2211 Accountants,18,97
2025-05,2344 Geologists Geophysicists and Hydrogeologists,0,3
2025-05,"2621 Database and Systems Administrators, and ICT Security Specialists",3,16
2025-05,4117 Welfare Support Workers,0,113
2025-05,"2212 Auditors, Company Secretaries and Corporate Treasurers",5,15
2025-05,2345 Life Scientists,2,1
2025-05,"2335 Industrial, Mechanical and Production Engineers",15,50
2025-05,2339 Other Engineering Professionals,10,31
2025-05,2341 Agricultural and Forestry Scientists,1,2
2025-05,2544 Registered Nurses,91,158
2025-05,3513 Chefs,55,113
2025-05,2334 Electronics Engineers,6,8
2025-05,3232 Metal Fitters and Machinists,3,24
2025-05,3114 Science Technicians,0,5
2025-05,"2324 Graphic and Web Designers, and Illustrators",0,8
2025-05,2631 Computer Network Professionals,5,32
2025-05,4116 Massage Therapists,0,2
2025-05,"2342 Chemists, and Food and Wine Scientists",4,4
2025-05,2713 Solicitors,1,2
2025-05,1311 Advertising and Sales Managers,0,9
2025-05,1322 Finance Managers,0,9
2025-05,"3121 Architectural, Building and Surveying Technicians",0,83
2025-05,2331 Chemical and Materials Engineers,8,11
2025-05,2251 Advertising and Marketing Professionals,0,20
2025-05,3123 Electrical Engineering Draftspersons and Technicians,3,8
2025-05,2231 Human Resource Professionals,0,7
2025-05,3514 Cooks,0,124
2025-05,2333 Electrical Engineers,6,33
2025-05,2223 Financial Investment Advisers and Managers,0,2
2025-05,2321 Architects and Landscape Architects,10,35
2025-05,3112 Medical Technicians,0,29
2025-05,2531 General Practitioners and Resident Medical officers,33,35
2025-05,1323 Human Resource Managers,0,2
2025-05,3113 Primary Products Inspectors,0,5
2025-05,1335 Production Managers,0,19
2025-05,2515 Pharmacists,0,37
2025-05,1351 ICT Managers,0,10
2025-05,2247 Management and Organisation Analysts,0,8
2025-05,2347 Veterinarians,1,0
2025-05,2414 Secondary School Teachers,25,19
2025-05,1341 Child Care Centre Managers,1,1
2025-05,3125 Mechanical Engineering Draftspersons and Technicians,0,14
2025-05,2412 Primary School Teachers,0,21
2025-05,3331 Glaziers,0,1
2025-05,2421 University Lecturers and Tutors,1,11
2025-05,1411 Cafe and Restaurant Managers,0,94
2025-05,2633 Telecommunications Engineering Professionals,1,3
2025-05,3511 Bakers and Pastrycooks,0,14
2025-05,1332 Engineering Managers,1,12
2025-05,"1499 Other Hospitality, Retail and Service Managers",0,4
2025-05,3122 Civil Engineering Draftspersons and Technicians,52,122
2025-05,1399 Other Specialist Managers,1,1
2025-05,"5111 Contract, Program and Project Administrators",0,22
2025-05,2322 Cartographers and Surveyors,2,7
2025-05,1325 Research and Development Managers,0,1
2025-05,2252 ICT Sales Professionals,0,4
2025-05,2336 Mining Engineers,2,3
2025-05,2612 Multimedia Specialists and Web Developers,0,9
2025-05,3223 Structural Steel and Welding Trades Workers,6,13
2025-05,2349 Other Natural and Physical Science Professionals,2,1
2025-05,2326 Urban and Regional Planners,0,18
2025-05,2632 ICT Support and Test Engineers,0,21
2025-05,2325 Interior Designers,0,3
2025-05,1331 Construction Managers,27,109
2025-05,3613 Veterinary Nurses,0,1
2025-05,2343 Environmental Scientists,4,7
2025-05,3132 Telecommunications Technical Specialists,1,5
2025-05,3312 Carpenters and Joiners,42,55
2025-05,1334 Manufacturers,0,1
2025-05,2725 Social Workers,9,10
2025-05,1413 Hotel and Motel Managers,0,18
2025-05,2249 Other Information and Organisation Professionals,0,12
2025-05,3322 Painting Trades Workers,9,36
2025-05,3423 Electronics Trades Workers,0,4
2025-05,2542 Nurse Educators and Researchers,0,1
2025-05,2521 Chiropractors and Osteopaths,1,2
2025-05,2493 Teachers of English to Speakers of Other Languages,0,9
2025-05,2124 Journalists and Other Writers,0,2
2025-05,3941 Cabinetmakers,1,3
2025-05,2243 Economists,0,1
2025-05,3311 Bricklayers and Stonemasons,3,9
2025-05,"2726 Welfare, Recreation and Community Arts Workers",0,21
2025-05,1336 Supply and Distribution Managers,0,1
2025-05,1342 Health and Welfare Services Managers,0,5
2025-05,"2123 Film, Television, Radio and Stage Directors",0,2
2025-05,1492 Call or Contact Centre and Customer Service Managers,0,2
2025-05,2221 Financial Brokers,0,1
2025-05,2539 Other Medical Practitioners,15,6
2025-05,1419 Other Accommodation and Hospitality Managers,0,2
2025-05,3111 Agricultural Technicians,0,1
2025-05,2724 Social Professionals,0,4
2025-05,4114 Enrolled and Mothercraft Nurses,0,70
2025-05,3411 Electricians,23,40
2025-05,2525 Physiotherapists,10,18
2025-05,2512 Medical Imaging Professionals,3,2
2025-05,3131 ICT Support Technicians,0,5
2025-05,3911 Hairdressers,0,1
2025-05,3222 Sheetmetal Trades Workers,1,0
2025-05,2513 Occupational and Environmental Health Professionals,0,8
2025-05,2527 Speech Professionals and Audiologists,4,10
2025-05,3129 Other Building and Engineering Technicians,0,8
2025-05,2492 Private Tutors and Teachers,0,4
2025-05,2524 Occupational Therapists,17,11
2025-05,2519 Other Health Diagnostic and Promotion Professionals,0,8
2025-05,3421 Airconditioning and Refrigeration Mechanics,4,4
2025-05,4517 Travel Attendants,0,1
2025-05,2346 Medical Laboratory Scientists,1,2
2025-05,2415 Special Education Teachers,1,0
2025-05,1493 Conference and Event Organisers,0,13
2025-05,2723 Psychologists,2,7
2025-05,2422 Vocational Education Teachers (Aus) / Polytechnic Teachers (NZ),0,6
2025-05,2541 Midwives,2,4
2025-05,3341 Plumbers,6,11
2025-05,2511 Dietitians,0,2
2025-05,2232 ICT Trainers,0,3
2025-05,3424 Telecommunications Trades Workers,0,1
2025-05,2721 Counsellors,0,3
2025-05,4113 Diversional Therapists,0,4
2025-05,3332 Plasterers,2,2
2025-05,3334 Wall and Floor Tilers,4,13
2025-05,2413 Middle School Teachers (Aus) / Intermediate School Teachers (NZ),0,5
2025-05,2523 Dental Practitioners,0,1
2025-05,1343 School Principals,0,7
2025-05,2112 Music Professionals,0,1
2025-05,3211 Automotive Electricians,2,3
2025-05,3234 Toolmakers and Engineering Patternmakers,0,4
2025-05,2535 Surgeons,0,1
2025-05,3422 Electrical Distribution Trades Workers,0,1
2025-05,4412 Fire and Emergency Workers,0,2
2025-05,3333 Roof Tilers,0,1
2025-09,2613 Software and Applications Programmers,8,18
2025-09,3212 Motor Mechanics,1,12
2025-09,2332 Civil Engineering Professionals,10,17
2025-09,2411 Early Childhood (Pre-primary School) Teachers,4,9
2025-09,2611 ICT Business and Systems Analysts,9,28
2025-09,2211 Accountants,11,75
2025-09,2344 Geologists Geophysicists and Hydrogeologists,0,2
2025-09,"2621 Database and Systems Administrators, and ICT Security Specialists",2,6
2025-09,4117 Welfare Support Workers,0,18
2025-09,"2212 Auditors, Company Secretaries and Corporate Treasurers",6,9
2025-09,2345 Life Scientists,0,3
2025-09,"2335 Industrial, Mechanical and Production Engineers",2,27
2025-09,2339 Other Engineering Professionals,1,15
2025-09,2341 Agricultural and Forestry Scientists,1,2
2025-09,2544 Registered Nurses,11,18
2025-09,3513 Chefs,6,27
2025-09,2334 Electronics Engineers,1,11
2025-09,3232 Metal Fitters and Machinists,0,1
2025-09,3114 Science Technicians,0,3
2025-09,"2324 Graphic and Web Designers, and Illustrators",0,3
2025-09,2631 Computer Network Professionals,1,9
2025-09,4116 Massage Therapists,0,2
2025-09,"2342 Chemists, and Food and Wine Scientists",0,1
2025-09,2713 Solicitors,0,1
2025-09,1311 Advertising and Sales Managers,0,2
2025-09,1322 Finance Managers,0,1
2025-09,"3121 Architectural, Building and Surveying Technicians",0,6
2025-09,2331 Chemical and Materials Engineers,0,2
2025-09,2251 Advertising and Marketing Professionals,0,4
2025-09,2231 Human Resource Professionals,0,1
2025-09,3514 Cooks,0,12
2025-09,2333 Electrical Engineers,0,11
2025-09,2223 Financial Investment Advisers and Managers,0,2
2025-09,2321 Architects and Landscape Architects,0,1
2025-09,3112 Medical Technicians,0,8
2025-09,2531 General Practitioners and Resident Medical officers,0,2
2025-09,1323 Human Resource Managers,0,1
2025-09,3113 Primary Products Inspectors,0,1
2025-09,1335 Production Managers,0,2
2025-09,2515 Pharmacists,0,9
2025-09,1351 ICT Managers,0,3
2025-09,2247 Management and Organisation Analysts,0,2
2025-09,2347 Veterinarians,0,1
2025-09,2414 Secondary School Teachers,4,6
2025-09,3125 Mechanical Engineering Draftspersons and Technicians,0,3
2025-09,6112 Insurance Agents,0,1
2025-09,2412 Primary School Teachers,0,13
2025-09,"2241 Actuaries, Mathematicians and Statisticians",2,1
2025-09,2421 University Lecturers and Tutors,0,6
2025-09,1411 Cafe and Restaurant Managers,0,14
2025-09,2633 Telecommunications Engineering Professionals,0,1
2025-09,3511 Bakers and Pastrycooks,0,2
2025-09,1332 Engineering Managers,1,7
2025-09,"1499 Other Hospitality, Retail and Service Managers",0,1
2025-09,3122 Civil Engineering Draftspersons and Technicians,3,8
2025-09,"5111 Contract, Program and Project Administrators",0,11
2025-09,2322 Cartographers and Surveyors,0,5
2025-09,1325 Research and Development Managers,0,1
2025-09,2252 ICT Sales Professionals,0,2
2025-09,2336 Mining Engineers,2,4
2025-09,2612 Multimedia Specialists and Web Developers,0,2
2025-09,3223 Structural Steel and Welding Trades Workers,3,9
2025-09,2349 Other Natural and Physical Science Professionals,0,1
2025-09,2326 Urban and Regional Planners,0,5
2025-09,2632 ICT Support and Test Engineers,0,6
2025-09,1331 Construction Managers,2,11
2025-09,2343 Environmental Scientists,0,1
2025-09,3132 Telecommunications Technical Specialists,0,1
2025-09,3312 Carpenters and Joiners,1,16
2025-09,1334 Manufacturers,0,1
2025-09,2725 Social Workers,2,5
2025-09,1413 Hotel and Motel Managers,0,3
2025-09,2249 Other Information and Organisation Professionals,0,3
2025-09,3322 Painting Trades Workers,1,2
2025-09,3423 Electronics Trades Workers,0,3
2025-09,2493 Teachers of English to Speakers of Other Languages,0,1
2025-09,2124 Journalists and Other Writers,0,2
2025-09,3941 Cabinetmakers,0,2
2025-09,2243 Economists,1,0
2025-09,6121 Real Estate Sales Agents,0,1
2025-09,3311 Bricklayers and Stonemasons,0,9
2025-09,"2726 Welfare, Recreation and Community Arts Workers",0,7
2025-09,"2323 Fashion, Industrial and Jewellery Designers",0,1
2025-09,1342 Health and Welfare Services Managers,0,3
2025-09,2539 Other Medical Practitioners,1,0
2025-09,3111 Agricultural Technicians,0,4
2025-09,2724 Social Professionals,0,1
2025-09,4114 Enrolled and Mothercraft Nurses,0,25
2025-09,3411 Electricians,8,15
2025-09,2525 Physiotherapists,1,1
2025-09,2253 Public Relations Professionals,0,1
2025-09,3131 ICT Support Technicians,0,1
2025-09,3911 Hairdressers,0,1
2025-09,3222 Sheetmetal Trades Workers,0,1
2025-09,2513 Occupational and Environmental Health Professionals,0,5
2025-09,2527 Speech Professionals and Audiologists,0,2
2025-09,3129 Other Building and Engineering Technicians,0,1
2025-09,2519 Other Health Diagnostic and Promotion Professionals,0,2
2025-09,3421 Airconditioning and Refrigeration Mechanics,1,0
2025-09,2346 Medical Laboratory Scientists,1,4
2025-09,2415 Special Education Teachers,1,0
2025-09,1493 Conference and Event Organisers,0,3
2025-09,2723 Psychologists,2,0
2025-09,2422 Vocational Education Teachers (Aus) / Polytechnic Teachers (NZ),0,1
2025-09,4111 Ambulance Officers and Paramedics,0,2
2025-09,3341 Plumbers,1,12
2025-09,2232 ICT Trainers,0,1
2025-09,2721 Counsellors,0,1
2025-09,4113 Diversional Therapists,0,2
2025-09,3332 Plasterers,0,1
2025-09,2413 Middle School Teachers (Aus) / Intermediate School Teachers (NZ),0,1
2025-09,2522 Complementary Health Therapists,0,1
2025-09,2523 Dental Practitioners,0,1
2025-09,3211 Automotive Electricians,0,1
2025-09,3234 Toolmakers and Engineering Patternmakers,0,1
2024-12,2613 Software and Applications Programmers,52,90
2024-12,3212 Motor Mechanics,9,26
2024-12,2332 Civil Engineering Professionals,40,96
2024-12,2411 Early Childhood (Pre-primary School) Teachers,30,32
2024-12,2611 ICT Business and Systems Analysts,43,77
2024-12,2211 Accountants,40,110
2024-12,2344 Geologists Geophysicists and Hydrogeologists,1,5
2024-12,"2621 Database and Systems Administrators, and ICT Security Specialists",14,25
2024-12,4117 Welfare Support Workers,0,36
2024-12,"2212 Auditors, Company Secretaries and Corporate Treasurers",12,20
2024-12,2345 Life Scientists,8,5
2024-12,"2335 Industrial, Mechanical and Production Engineers",19,48
2024-12,2339 Other Engineering Professionals,14,38
2024-12,2341 Agricultural and Forestry Scientists,1,7
2024-12,2544 Registered Nurses,52,86
2024-12,3513 Chefs,64,134
2024-12,2334 Electronics Engineers,2,11
2024-12,3232 Metal Fitters and Machinists,0,11
2024-12,3114 Science Technicians,0,7
2024-12,"2324 Graphic and Web Designers, and Illustrators",0,4
2024-12,2631 Computer Network Professionals,15,32
2024-12,4116 Massage Therapists,0,9
2024-12,"2342 Chemists, and Food and Wine Scientists",4,6
2024-12,2713 Solicitors,2,4
2024-12,1311 Advertising and Sales Managers,0,4
2024-12,1322 Finance Managers,0,7
2024-12,"3121 Architectural, Building and Surveying Technicians",0,32
2024-12,2331 Chemical and Materials Engineers,8,8
2024-12,2251 Advertising and Marketing Professionals,0,49
2024-12,3123 Electrical Engineering Draftspersons and Technicians,0,3
2024-12,2231 Human Resource Professionals,0,9
2024-12,3514 Cooks,0,19
2024-12,2333 Electrical Engineers,12,28
2024-12,2223 Financial Investment Advisers and Managers,0,9
2024-12,2321 Architects and Landscape Architects,7,4
2024-12,3112 Medical Technicians,0,24
2024-12,2531 General Practitioners and Resident Medical officers,7,23
2024-12,1323 Human Resource Managers,0,3
2024-12,3113 Primary Products Inspectors,0,1
2024-12,1335 Production Managers,0,7
2024-12,2515 Pharmacists,0,23
2024-12,1351 ICT Managers,0,16
2024-12,2247 Management and Organisation Analysts,5,9
2024-12,2347 Veterinarians,3,1
2024-12,2414 Secondary School Teachers,15,17
2024-12,1341 Child Care Centre Managers,0,1
2024-12,3125 Mechanical Engineering Draftspersons and Technicians,0,2
2024-12,2412 Primary School Teachers,0,24
2024-12,"2241 Actuaries, Mathematicians and Statisticians",6,3
2024-12,2421 University Lecturers and Tutors,5,10
2024-12,1411 Cafe and Restaurant Managers,0,31
2024-12,2633 Telecommunications Engineering Professionals,5,4
2024-12,3511 Bakers and Pastrycooks,0,9
2024-12,1332 Engineering Managers,1,3
2024-12,"1499 Other Hospitality, Retail and Service Managers",0,1
2024-12,3122 Civil Engineering Draftspersons and Technicians,9,21
2024-12,1399 Other Specialist Managers,0,7
2024-12,"5111 Contract, Program and Project Administrators",0,16
2024-12,2322 Cartographers and Surveyors,3,5
2024-12,1325 Research and Development Managers,0,11
2024-12,2252 ICT Sales Professionals,0,6
2024-12,2612 Multimedia Specialists and Web Developers,0,4
2024-12,3223 Structural Steel and Welding Trades Workers,2,6
2024-12,2349 Other Natural and Physical Science Professionals,1,1
2024-12,1321 Corporate Services Managers,0,1
2024-12,2326 Urban and Regional Planners,0,10
2024-12,2632 ICT Support and Test Engineers,0,19
2024-12,1331 Construction Managers,2,11
2024-12,3613 Veterinary Nurses,0,1
2024-12,2343 Environmental Scientists,4,7
2024-12,3132 Telecommunications Technical Specialists,0,5
2024-12,3312 Carpenters and Joiners,9,14
2024-12,1334 Manufacturers,0,3
2024-12,2725 Social Workers,2,13
2024-12,1413 Hotel and Motel Managers,0,16
2024-12,2249 Other Information and Organisation Professionals,0,13
2024-12,3322 Painting Trades Workers,1,5
2024-12,3423 Electronics Trades Workers,0,4
2024-12,2521 Chiropractors and Osteopaths,0,1
2024-12,2493 Teachers of English to Speakers of Other Languages,0,2
2024-12,2124 Journalists and Other Writers,0,4
2024-12,1212 Crop Farmers,0,10
2024-12,3941 Cabinetmakers,0,2
2024-12,2243 Economists,2,0
2024-12,6121 Real Estate Sales Agents,0,1
2024-12,"2726 Welfare, Recreation and Community Arts Workers",0,9
2024-12,"2323 Fashion, Industrial and Jewellery Designers",0,1
2024-12,1336 Supply and Distribution Managers,0,1
2024-12,1342 Health and Welfare Services Managers,0,7
2024-12,"2123 Film, Television, Radio and Stage Directors",0,1
2024-12,3231 Aircraft Maintenance Engineers,0,2
2024-12,1492 Call or Contact Centre and Customer Service Managers,0,1
2024-12,2539 Other Medical Practitioners,4,1
2024-12,1419 Other Accommodation and Hospitality Managers,0,2
2024-12,3111 Agricultural Technicians,0,2
2024-12,2724 Social Professionals,0,2
2024-12,4114 Enrolled and Mothercraft Nurses,0,36
2024-12,3411 Electricians,4,13
2024-12,2525 Physiotherapists,9,14
2024-12,1494 Transport Services Managers,0,2
2024-12,2253 Public Relations Professionals,0,2
2024-12,2512 Medical Imaging Professionals,2,1
2024-12,3131 ICT Support Technicians,0,11
2024-12,"4523 Sports Coaches, Instructors and Officials",0,1
2024-12,2513 Occupational and Environmental Health Professionals,0,9
2024-12,3923 Printers,0,1
2024-12,2527 Speech Professionals and Audiologists,1,4
2024-12,1213 Livestock Farmers,0,2
2024-12,"2242 Archivists, Curators and Records Managers",0,1
2024-12,3129 Other Building and Engineering Technicians,0,5
2024-12,2524 Occupational Therapists,6,11
2024-12,2519 Other Health Diagnostic and Promotion Professionals,0,5
2024-12,3421 Airconditioning and Refrigeration Mechanics,0,2
2024-12,4517 Travel Attendants,0,1
2024-12,2346 Medical Laboratory Scientists,0,3
2024-12,1493 Conference and Event Organisers,0,7
2024-12,2712 Judicial and Other Legal Professionals,0,2
2024-12,2723 Psychologists,1,5
2024-12,2422 Vocational Education Teachers (Aus) / Polytechnic Teachers (NZ),0,2
2024-12,4111 Ambulance Officers and Paramedics,0,1
2024-12,2113 Photographers,0,1
2024-12,2312 Marine Transport Professionals,0,1
2024-12,2541 Midwives,2,1
2024-12,3341 Plumbers,2,4
2024-12,2511 Dietitians,0,2
2024-12,2311 Air Transport Professionals,0,1
2024-12,2721 Counsellors,0,9
2024-12,4113 Diversional Therapists,0,1
2024-12,2533 Internal Medicine Specialists,1,2
2024-12,3332 Plasterers,1,1
2024-12,3334 Wall and Floor Tilers,0,1
2024-12,2413 Middle School Teachers (Aus) / Intermediate School Teachers (NZ),0,3
2024-12,2543 Nurse Managers,0,1
2024-12,2523 Dental Practitioners,0,8
2024-12,1343 School Principals,0,1
2024-12,"2121 Artistic Directors, and Media Producers and Presenters",0,1
2024-12,3211 Automotive Electricians,2,2
2024-12,3234 Toolmakers and Engineering Patternmakers,0,2
2024-12,2534 Psychiatrists,1,1
2024-12,2514 Optometrists and Orthoptists,0,1
2024-12,4524 Sportspersons,0,1
2025-02,2613 Software and Applications Programmers,26,50
2025-02,3212 Motor Mechanics,6,17
2025-02,2332 Civil Engineering Professionals,26,57
2025-02,2411 Early Childhood (Pre-primary School) Teachers,41,52
2025-02,2611 ICT Business and Systems Analysts,9,41
2025-02,2211 Accountants,28,100
2025-02,2344 Geologists Geophysicists and Hydrogeologists,0,10
2025-02,"2621 Database and Systems Administrators, and ICT Security Specialists",21,62
2025-02,4117 Welfare Support Workers,0,54
2025-02,"2212 Auditors, Company Secretaries and Corporate Treasurers",3,12
2025-02,2345 Life Scientists,1,5
2025-02,"2335 Industrial, Mechanical and Production Engineers",7,42
2025-02,2339 Other Engineering Professionals,8,34
2025-02,2341 Agricultural and Forestry Scientists,1,8
2025-02,2544 Registered Nurses,73,148
2025-02,3513 Chefs,25,101
2025-02,2334 Electronics Engineers,4,12
2025-02,3232 Metal Fitters and Machinists,2,20
2025-02,3114 Science Technicians,0,5
2025-02,3622 Gardeners,0,1
2025-02,"2324 Graphic and Web Designers, and Illustrators",0,7
2025-02,2631 Computer Network Professionals,5,7
2025-02,4116 Massage Therapists,0,6
2025-02,"2342 Chemists, and Food and Wine Scientists",0,3
2025-02,2713 Solicitors,4,5
2025-02,1311 Advertising and Sales Managers,0,5
2025-02,1322 Finance Managers,0,10
2025-02,"3121 Architectural, Building and Surveying Technicians",0,43
2025-02,2331 Chemical and Materials Engineers,0,4
2025-02,2251 Advertising and Marketing Professionals,0,13
2025-02,2254 Technical Sales Representatives,0,2
2025-02,3123 Electrical Engineering Draftspersons and Technicians,3,1
2025-02,2231 Human Resource Professionals,0,9
2025-02,3514 Cooks,0,38
2025-02,2333 Electrical Engineers,0,25
2025-02,2223 Financial Investment Advisers and Managers,0,7
2025-02,2321 Architects and Landscape Architects,17,21
2025-02,3112 Medical Technicians,0,26
2025-02,2531 General Practitioners and Resident Medical officers,8,14
2025-02,1323 Human Resource Managers,0,5
2025-02,3113 Primary Products Inspectors,0,2
2025-02,1335 Production Managers,0,2
2025-02,2515 Pharmacists,0,194
2025-02,1351 ICT Managers,0,12
2025-02,2247 Management and Organisation Analysts,0,8
2025-02,2347 Veterinarians,1,4
2025-02,2414 Secondary School Teachers,17,36
2025-02,3125 Mechanical Engineering Draftspersons and Technicians,0,4
2025-02,6112 Insurance Agents,0,3
2025-02,2412 Primary School Teachers,0,48
2025-02,"2241 Actuaries, Mathematicians and Statisticians",0,2
2025-02,2421 University Lecturers and Tutors,4,14
2025-02,1411 Cafe and Restaurant Managers,0,55
2025-02,2633 Telecommunications Engineering Professionals,4,6
2025-02,3511 Bakers and Pastrycooks,0,9
2025-02,1332 Engineering Managers,0,3
2025-02,"1499 Other Hospitality, Retail and Service Managers",0,2
2025-02,3122 Civil Engineering Draftspersons and Technicians,14,23
2025-02,1399 Other Specialist Managers,1,4
2025-02,"5111 Contract, Program and Project Administrators",0,20
2025-02,2322 Cartographers and Surveyors,1,1
2025-02,1325 Research and Development Managers,0,4
2025-02,2245 Land Economists and Valuers,0,1
2025-02,2252 ICT Sales Professionals,0,4
2025-02,2336 Mining Engineers,1,3
2025-02,2612 Multimedia Specialists and Web Developers,0,3
2025-02,3223 Structural Steel and Welding Trades Workers,6,9
2025-02,2326 Urban and Regional Planners,0,4
2025-02,2632 ICT Support and Test Engineers,0,13
2025-02,1331 Construction Managers,9,32
2025-02,2343 Environmental Scientists,5,2
2025-02,3132 Telecommunications Technical Specialists,0,3
2025-02,3312 Carpenters and Joiners,10,20
2025-02,1334 Manufacturers,0,1
2025-02,2725 Social Workers,3,19
2025-02,1413 Hotel and Motel Managers,0,20
2025-02,2249 Other Information and Organisation Professionals,0,13
2025-02,3322 Painting Trades Workers,3,4
2025-02,3423 Electronics Trades Workers,0,2
2025-02,2521 Chiropractors and Osteopaths,0,3
2025-02,2493 Teachers of English to Speakers of Other Languages,0,5
2025-02,2124 Journalists and Other Writers,0,3
2025-02,1212 Crop Farmers,0,1
2025-02,3941 Cabinetmakers,3,7
2025-02,2243 Economists,0,1
2025-02,3311 Bricklayers and Stonemasons,1,0
2025-02,"2726 Welfare, Recreation and Community Arts Workers",0,15
2025-02,1336 Supply and Distribution Managers,0,2
2025-02,1342 Health and Welfare Services Managers,0,4
2025-02,1324 Policy and Planning Managers,0,2
2025-02,3231 Aircraft Maintenance Engineers,0,2
2025-02,1492 Call or Contact Centre and Customer Service Managers,0,7
2025-02,2221 Financial Brokers,0,7
2025-02,2539 Other Medical Practitioners,3,2
2025-02,1419 Other Accommodation and Hospitality Managers,0,3
2025-02,3111 Agricultural Technicians,0,6
2025-02,2724 Social Professionals,0,3
2025-02,4114 Enrolled and Mothercraft Nurses,0,68
2025-02,3411 Electricians,2,8
2025-02,2525 Physiotherapists,13,12
2025-02,1494 Transport Services Managers,0,3
2025-02,2253 Public Relations Professionals,0,2
2025-02,2512 Medical Imaging Professionals,0,6
2025-02,3131 ICT Support Technicians,0,9
2025-02,"4523 Sports Coaches, Instructors and Officials",0,2
2025-02,3911 Hairdressers,0,2
2025-02,2513 Occupational and Environmental Health Professionals,0,6
2025-02,2527 Speech Professionals and Audiologists,3,23
2025-02,3129 Other Building and Engineering Technicians,0,11
2025-02,2492 Private Tutors and Teachers,0,5
2025-02,2524 Occupational Therapists,9,8
2025-02,2519 Other Health Diagnostic and Promotion Professionals,0,5
2025-02,3421 Airconditioning and Refrigeration Mechanics,2,3
2025-02,2346 Medical Laboratory Scientists,1,1
2025-02,1493 Conference and Event Organisers,0,8
2025-02,2723 Psychologists,0,4
2025-02,2422 Vocational Education Teachers (Aus) / Polytechnic Teachers (NZ),0,2
2025-02,3126 Safety Inspectors,0,1
2025-02,4111 Ambulance Officers and Paramedics,0,5
2025-02,2113 Photographers,0,1
2025-02,"4112 Dental Hygienists, Technicians and Therapists",0,8
2025-02,3341 Plumbers,3,11
2025-02,2491 Education Advisers and Reviewers,0,2
2025-02,2511 Dietitians,0,5
2025-02,2244 Intelligence and Policy Analysts,0,2
2025-02,2232 ICT Trainers,0,1
2025-02,3241 Panelbeaters,1,0
2025-02,3424 Telecommunications Trades Workers,0,3
2025-02,2721 Counsellors,0,8
2025-02,4113 Diversional Therapists,0,6
2025-02,2533 Internal Medicine Specialists,4,0
2025-02,3332 Plasterers,1,6
2025-02,3334 Wall and Floor Tilers,3,3
2025-02,2413 Middle School Teachers (Aus) / Intermediate School Teachers (NZ),0,3
2025-02,2522 Complementary Health Therapists,0,3
2025-02,2523 Dental Practitioners,0,14
2025-02,1343 School Principals,0,2
2025-02,3211 Automotive Electricians,0,5
2025-02,1344 Other Education Managers,0,1
2025-02,2534 Psychiatrists,1,0
2025-02,2514 Optometrists and Orthoptists,0,1
2025-02,4412 Fire and Emergency Workers,0,1
2025-02,4518 Other Personal Service Workers,0,3
2024-11,2613 Software and Applications Programmers,1185,110
2024-11,3212 Motor Mechanics,38,39
2024-11,2332 Civil Engineering Professionals,1163,115
2024-11,2411 Early Childhood (Pre-primary School) Teachers,1024,55
2024-11,2611 ICT Business and Systems Analysts,545,69
2024-11,2211 Accountants,816,131
2024-11,2344 Geologists Geophysicists and Hydrogeologists,5,4
2024-11,"2621 Database and Systems Administrators, and ICT Security Specialists",208,26
2024-11,4117 Welfare Support Workers,0,43
2024-11,"2212 Auditors, Company Secretaries and Corporate Treasurers",467,21
2024-11,2345 Life Scientists,137,11
2024-11,"2335 Industrial, Mechanical and Production Engineers",682,67
2024-11,2339 Other Engineering Professionals,480,58
2024-11,2341 Agricultural and Forestry Scientists,50,9
2024-11,2544 Registered Nurses,1823,142
2024-11,3513 Chefs,211,249
2024-11,2334 Electronics Engineers,170,13
2024-11,3232 Metal Fitters and Machinists,5,10
2024-11,3114 Science Technicians,0,8
2024-11,3622 Gardeners,0,2
2024-11,"2324 Graphic and Web Designers, and Illustrators",0,10
2024-11,2631 Computer Network Professionals,220,25
2024-11,"2342 Chemists, and Food and Wine Scientists",49,7
2024-11,2713 Solicitors,108,4
2024-11,1311 Advertising and Sales Managers,0,9
2024-11,1322 Finance Managers,0,7
2024-11,"3121 Architectural, Building and Surveying Technicians",0,25
2024-11,2331 Chemical and Materials Engineers,138,7
2024-11,2251 Advertising and Marketing Professionals,0,49
2024-11,3123 Electrical Engineering Draftspersons and Technicians,3,6
2024-11,2231 Human Resource Professionals,0,11
2024-11,3514 Cooks,0,35
2024-11,2333 Electrical Engineers,225,37
2024-11,2223 Financial Investment Advisers and Managers,0,17
2024-11,2321 Architects and Landscape Architects,532,3
2024-11,3112 Medical Technicians,0,21
2024-11,2531 General Practitioners and Resident Medical officers,209,30
2024-11,1323 Human Resource Managers,0,2
2024-11,3113 Primary Products Inspectors,0,3
2024-11,1335 Production Managers,0,22
2024-11,2515 Pharmacists,0,32
2024-11,1351 ICT Managers,0,21
2024-11,2247 Management and Organisation Analysts,72,8
2024-11,2347 Veterinarians,25,3
2024-11,2414 Secondary School Teachers,277,19
2024-11,1341 Child Care Centre Managers,3,1
2024-11,3125 Mechanical Engineering Draftspersons and Technicians,0,3
2024-11,2412 Primary School Teachers,0,26
2024-11,"2241 Actuaries, Mathematicians and Statisticians",111,14
2024-11,2421 University Lecturers and Tutors,152,18
2024-11,1411 Cafe and Restaurant Managers,0,37
2024-11,2633 Telecommunications Engineering Professionals,120,7
2024-11,3511 Bakers and Pastrycooks,0,6
2024-11,1332 Engineering Managers,2,2
2024-11,"1499 Other Hospitality, Retail and Service Managers",0,6
2024-11,3122 Civil Engineering Draftspersons and Technicians,1249,15
2024-11,1399 Other Specialist Managers,11,2
2024-11,"5111 Contract, Program and Project Administrators",0,8
2024-11,2322 Cartographers and Surveyors,29,5
2024-11,1325 Research and Development Managers,0,2
2024-11,2245 Land Economists and Valuers,5,0
2024-11,2252 ICT Sales Professionals,0,1
2024-11,2336 Mining Engineers,46,9
2024-11,2612 Multimedia Specialists and Web Developers,62,3
2024-11,3223 Structural Steel and Welding Trades Workers,99,14
2024-11,2349 Other Natural and Physical Science Professionals,21,2
2024-11,1321 Corporate Services Managers,0,3
2024-11,2326 Urban and Regional Planners,0,8
2024-11,2632 ICT Support and Test Engineers,0,21
2024-11,2325 Interior Designers,0,2
2024-11,1331 Construction Managers,607,15
2024-11,2343 Environmental Scientists,59,9
2024-11,3132 Telecommunications Technical Specialists,10,1
2024-11,3312 Carpenters and Joiners,221,30
2024-11,1334 Manufacturers,0,2
2024-11,2725 Social Workers,245,10
2024-11,1413 Hotel and Motel Managers,0,13
2024-11,2249 Other Information and Organisation Professionals,0,22
2024-11,3322 Painting Trades Workers,167,9
2024-11,3423 Electronics Trades Workers,1,0
2024-11,2521 Chiropractors and Osteopaths,11,0
2024-11,2493 Teachers of English to Speakers of Other Languages,0,9
2024-11,2124 Journalists and Other Writers,0,7
2024-11,1212 Crop Farmers,0,5
2024-11,3941 Cabinetmakers,16,3
2024-11,2243 Economists,19,2
2024-11,6121 Real Estate Sales Agents,0,1
2024-11,3311 Bricklayers and Stonemasons,23,2
2024-11,"2726 Welfare, Recreation and Community Arts Workers",0,16
2024-11,"2323 Fashion, Industrial and Jewellery Designers",0,1
2024-11,1336 Supply and Distribution Managers,0,2
2024-11,1342 Health and Welfare Services Managers,3,6
2024-11,"2123 Film, Television, Radio and Stage Directors",0,2
2024-11,3231 Aircraft Maintenance Engineers,0,3
2024-11,1492 Call or Contact Centre and Customer Service Managers,0,6
2024-11,2221 Financial Brokers,0,1
2024-11,2539 Other Medical Practitioners,175,3
2024-11,3111 Agricultural Technicians,0,7
2024-11,2724 Social Professionals,0,7
2024-11,4114 Enrolled and Mothercraft Nurses,0,32
2024-11,3411 Electricians,28,16
2024-11,2525 Physiotherapists,237,14
2024-11,1494 Transport Services Managers,0,1
2024-11,2253 Public Relations Professionals,0,5
2024-11,2512 Medical Imaging Professionals,47,2
2024-11,3131 ICT Support Technicians,0,4
2024-11,"4523 Sports Coaches, Instructors and Officials",0,1
2024-11,3911 Hairdressers,0,2
2024-11,3222 Sheetmetal Trades Workers,3,1
2024-11,2513 Occupational and Environmental Health Professionals,0,10
2024-11,2527 Speech Professionals and Audiologists,70,4
2024-11,1213 Livestock Farmers,0,2
2024-11,"2242 Archivists, Curators and Records Managers",0,1
2024-11,3129 Other Building and Engineering Technicians,0,11
2024-11,2492 Private Tutors and Teachers,0,4
2024-11,2524 Occupational Therapists,141,11
2024-11,2519 Other Health Diagnostic and Promotion Professionals,1,8
2024-11,3421 Airconditioning and Refrigeration Mechanics,1,4
2024-11,2346 Medical Laboratory Scientists,146,0
2024-11,2415 Special Education Teachers,13,1
2024-11,1493 Conference and Event Organisers,0,9
2024-11,2712 Judicial and Other Legal Professionals,0,1
2024-11,2222 Financial Dealers,0,3
2024-11,2723 Psychologists,44,14
2024-11,2422 Vocational Education Teachers (Aus) / Polytechnic Teachers (NZ),0,1
2024-11,4111 Ambulance Officers and Paramedics,0,2
2024-11,2113 Photographers,0,1
2024-11,2541 Midwives,21,1
2024-11,3341 Plumbers,17,4
2024-11,2491 Education Advisers and Reviewers,0,1
2024-11,2511 Dietitians,0,4
2024-11,1421 Retail Managers,0,1
2024-11,2232 ICT Trainers,0,2
2024-11,3241 Panelbeaters,0,1
2024-11,2246 Librarians,0,2
2024-11,3424 Telecommunications Trades Workers,0,5
2024-11,2721 Counsellors,0,14
2024-11,3991 Boat Builders and Shipwrights,1,0
2024-11,4113 Diversional Therapists,0,5
2024-11,2533 Internal Medicine Specialists,14,0
2024-11,3332 Plasterers,10,2
2024-11,3334 Wall and Floor Tilers,36,4
2024-11,2413 Middle School Teachers (Aus) / Intermediate School Teachers (NZ),0,2
2024-11,2543 Nurse Managers,0,1
2024-11,2523 Dental Practitioners,0,6
2024-11,1343 School Principals,0,2
2024-11,2112 Music Professionals,3,0
2024-11,3211 Automotive Electricians,0,1
2024-11,1344 Other Education Managers,0,2
2024-11,3234 Toolmakers and Engineering Patternmakers,0,1
2024-11,2534 Psychiatrists,7,0
2024-11,2514 Optometrists and Orthoptists,7,0
2024-11,2535 Surgeons,4,0
2024-11,2526 Podiatrists,5,2
2024-11,"2111 Actors, Dancers and Other Entertainers",1,0
2024-11,4512 Driving Instructors,0,1
2024-10,2613 Software and Applications Programmers,37,62
2024-10,3212 Motor Mechanics,4,15
2024-10,2332 Civil Engineering Professionals,33,68
2024-10,2411 Early Childhood (Pre-primary School) Teachers,29,42
2024-10,2611 ICT Business and Systems Analysts,28,41
2024-10,2211 Accountants,35,65
2024-10,2344 Geologists Geophysicists and Hydrogeologists,0,2
2024-10,"2621 Database and Systems Administrators, and ICT Security Specialists",12,21
2024-10,4117 Welfare Support Workers,0,37
2024-10,"2212 Auditors, Company Secretaries and Corporate Treasurers",9,8
2024-10,2345 Life Scientists,12,11
2024-10,"2335 Industrial, Mechanical and Production Engineers",19,27
2024-10,2339 Other Engineering Professionals,15,26
2024-10,2341 Agricultural and Forestry Scientists,1,8
2024-10,2544 Registered Nurses,70,73
2024-10,3513 Chefs,66,106
2024-10,2334 Electronics Engineers,3,10
2024-10,3232 Metal Fitters and Machinists,7,8
2024-10,3114 Science Technicians,0,6
2024-10,"2324 Graphic and Web Designers, and Illustrators",0,10
2024-10,2631 Computer Network Professionals,7,15
2024-10,"2342 Chemists, and Food and Wine Scientists",3,5
2024-10,2713 Solicitors,4,3
2024-10,1311 Advertising and Sales Managers,0,6
2024-10,1322 Finance Managers,0,9
2024-10,"3121 Architectural, Building and Surveying Technicians",0,17
2024-10,2331 Chemical and Materials Engineers,2,7
2024-10,2251 Advertising and Marketing Professionals,0,30
2024-10,2254 Technical Sales Representatives,0,2
2024-10,3123 Electrical Engineering Draftspersons and Technicians,0,2
2024-10,2231 Human Resource Professionals,0,7
2024-10,3514 Cooks,0,24
2024-10,2333 Electrical Engineers,7,18
2024-10,2223 Financial Investment Advisers and Managers,0,17
2024-10,2321 Architects and Landscape Architects,7,16
2024-10,3112 Medical Technicians,0,15
2024-10,2531 General Practitioners and Resident Medical officers,11,28
2024-10,1323 Human Resource Managers,0,7
2024-10,3113 Primary Products Inspectors,0,2
2024-10,1335 Production Managers,0,6
2024-10,2515 Pharmacists,0,29
2024-10,1351 ICT Managers,0,22
2024-10,2247 Management and Organisation Analysts,3,14
2024-10,2347 Veterinarians,0,1
2024-10,2414 Secondary School Teachers,18,24
2024-10,1341 Child Care Centre Managers,0,1
2024-10,3125 Mechanical Engineering Draftspersons and Technicians,0,1
2024-10,6112 Insurance Agents,0,2
2024-10,2412 Primary School Teachers,0,21
2024-10,"2241 Actuaries, Mathematicians and Statisticians",1,10
2024-10,3331 Glaziers,0,2
2024-10,2421 University Lecturers and Tutors,10,15
2024-10,1411 Cafe and Restaurant Managers,0,36
2024-10,2633 Telecommunications Engineering Professionals,2,11
2024-10,3511 Bakers and Pastrycooks,0,6
2024-10,1332 Engineering Managers,1,4
2024-10,"1499 Other Hospitality, Retail and Service Managers",0,4
2024-10,3122 Civil Engineering Draftspersons and Technicians,8,18
2024-10,1399 Other Specialist Managers,0,5
2024-10,"5111 Contract, Program and Project Administrators",0,9
2024-10,2322 Cartographers and Surveyors,3,4
2024-10,1325 Research and Development Managers,0,3
2024-10,2245 Land Economists and Valuers,0,1
2024-10,2252 ICT Sales Professionals,0,1
2024-10,2336 Mining Engineers,2,5
2024-10,2612 Multimedia Specialists and Web Developers,0,3
2024-10,3223 Structural Steel and Welding Trades Workers,4,4
2024-10,2349 Other Natural and Physical Science Professionals,0,6
2024-10,1321 Corporate Services Managers,0,6
2024-10,2326 Urban and Regional Planners,0,6
2024-10,2632 ICT Support and Test Engineers,0,18
2024-10,1331 Construction Managers,3,14
2024-10,3613 Veterinary Nurses,0,1
2024-10,2343 Environmental Scientists,3,8
2024-10,3132 Telecommunications Technical Specialists,1,1
2024-10,3312 Carpenters and Joiners,7,19
2024-10,1334 Manufacturers,0,5
2024-10,2725 Social Workers,11,13
2024-10,1413 Hotel and Motel Managers,0,18
2024-10,2249 Other Information and Organisation Professionals,0,11
2024-10,3322 Painting Trades Workers,2,7
2024-10,3423 Electronics Trades Workers,0,6
2024-10,2493 Teachers of English to Speakers of Other Languages,0,8
2024-10,2124 Journalists and Other Writers,0,2
2024-10,1212 Crop Farmers,0,2
2024-10,3941 Cabinetmakers,0,1
2024-10,3311 Bricklayers and Stonemasons,1,2
2024-10,"2726 Welfare, Recreation and Community Arts Workers",0,14
2024-10,1336 Supply and Distribution Managers,0,3
2024-10,1342 Health and Welfare Services Managers,2,11
2024-10,"2123 Film, Television, Radio and Stage Directors",0,2
2024-10,3231 Aircraft Maintenance Engineers,0,1
2024-10,1492 Call or Contact Centre and Customer Service Managers,0,5
2024-10,2221 Financial Brokers,0,1
2024-10,2539 Other Medical Practitioners,3,1
2024-10,1419 Other Accommodation and Hospitality Managers,0,2
2024-10,3111 Agricultural Technicians,0,2
2024-10,2724 Social Professionals,0,1
2024-10,4114 Enrolled and Mothercraft Nurses,0,27
2024-10,3411 Electricians,3,4
2024-10,2525 Physiotherapists,8,12
2024-10,1494 Transport Services Managers,0,1
2024-10,2253 Public Relations Professionals,0,3
2024-10,2512 Medical Imaging Professionals,1,1
2024-10,3131 ICT Support Technicians,0,4
2024-10,"4523 Sports Coaches, Instructors and Officials",0,2
2024-10,2513 Occupational and Environmental Health Professionals,0,8
2024-10,2527 Speech Professionals and Audiologists,2,2
2024-10,3129 Other Building and Engineering Technicians,0,7
2024-10,2492 Private Tutors and Teachers,0,1
2024-10,2524 Occupational Therapists,13,3
2024-10,2519 Other Health Diagnostic and Promotion Professionals,0,7
2024-10,3421 Airconditioning and Refrigeration Mechanics,2,2
2024-10,2346 Medical Laboratory Scientists,0,1
2024-10,1493 Conference and Event Organisers,0,2
2024-10,2712 Judicial and Other Legal Professionals,0,1
2024-10,2222 Financial Dealers,0,2
2024-10,2723 Psychologists,4,6
2024-10,2422 Vocational Education Teachers (Aus) / Polytechnic Teachers (NZ),0,1
2024-10,4111 Ambulance Officers and Paramedics,0,1
2024-10,2113 Photographers,0,1
2024-10,2541 Midwives,2,2
2024-10,3341 Plumbers,1,5
2024-10,2491 Education Advisers and Reviewers,0,1
2024-10,2511 Dietitians,0,7
2024-10,2244 Intelligence and Policy Analysts,0,2
2024-10,2232 ICT Trainers,0,1
2024-10,2246 Librarians,0,1
2024-10,3424 Telecommunications Trades Workers,0,1
2024-10,2721 Counsellors,0,9
2024-10,4113 Diversional Therapists,0,1
2024-10,2533 Internal Medicine Specialists,2,2
2024-10,3332 Plasterers,0,2
2024-10,3334 Wall and Floor Tilers,3,1
2024-10,2413 Middle School Teachers (Aus) / Intermediate School Teachers (NZ),0,1
2024-10,2522 Complementary Health Therapists,0,1
2024-10,2543 Nurse Managers,0,1
2024-10,2523 Dental Practitioners,0,7
2024-10,1343 School Principals,0,2
2024-10,3211 Automotive Electricians,0,1
2024-10,1344 Other Education Managers,0,2
2024-10,2514 Optometrists and Orthoptists,0,1
2024-10,2535 Surgeons,2,0
2024-10,3512 Butchers and Smallgoods Makers,0,1
2024-10,2526 Podiatrists,0,2
2024-10,"2122 Authors, and Book and Script Editors",0,1
2025-03,2613 Software and Applications Programmers,11,50
2025-03,3212 Motor Mechanics,5,32
2025-03,2332 Civil Engineering Professionals,27,60
2025-03,2411 Early Childhood (Pre-primary School) Teachers,71,77
2025-03,2611 ICT Business and Systems Analysts,15,39
2025-03,2211 Accountants,23,114
2025-03,2344 Geologists Geophysicists and Hydrogeologists,0,8
2025-03,"2621 Database and Systems Administrators, and ICT Security Specialists",5,22
2025-03,4117 Welfare Support Workers,0,91
2025-03,"2212 Auditors, Company Secretaries and Corporate Treasurers",4,12
2025-03,2345 Life Scientists,3,7
2025-03,"2335 Industrial, Mechanical and Production Engineers",4,29
2025-03,2339 Other Engineering Professionals,8,31
2025-03,2341 Agricultural and Forestry Scientists,2,4
2025-03,2544 Registered Nurses,58,94
2025-03,3513 Chefs,41,143
2025-03,2334 Electronics Engineers,2,8
2025-03,3232 Metal Fitters and Machinists,3,13
2025-03,3114 Science Technicians,0,9
2025-03,3622 Gardeners,0,1
2025-03,"2324 Graphic and Web Designers, and Illustrators",0,6
2025-03,2631 Computer Network Professionals,2,11
2025-03,4116 Massage Therapists,0,9
2025-03,"2342 Chemists, and Food and Wine Scientists",2,2
2025-03,2713 Solicitors,0,4
2025-03,1311 Advertising and Sales Managers,0,10
2025-03,1322 Finance Managers,0,12
2025-03,"3121 Architectural, Building and Surveying Technicians",0,43
2025-03,2331 Chemical and Materials Engineers,6,5
2025-03,2251 Advertising and Marketing Professionals,0,14
2025-03,3123 Electrical Engineering Draftspersons and Technicians,3,6
2025-03,2231 Human Resource Professionals,0,6
2025-03,3514 Cooks,0,52
2025-03,2333 Electrical Engineers,7,15
2025-03,2223 Financial Investment Advisers and Managers,0,10
2025-03,2321 Architects and Landscape Architects,20,15
2025-03,3112 Medical Technicians,0,40
2025-03,2531 General Practitioners and Resident Medical officers,27,26
2025-03,1323 Human Resource Managers,0,6
2025-03,3113 Primary Products Inspectors,0,3
2025-03,1335 Production Managers,0,1
2025-03,2515 Pharmacists,0,68
2025-03,1351 ICT Managers,0,20
2025-03,2247 Management and Organisation Analysts,1,8
2025-03,2414 Secondary School Teachers,36,53
2025-03,1341 Child Care Centre Managers,2,2
2025-03,6112 Insurance Agents,0,2
2025-03,2412 Primary School Teachers,0,44
2025-03,"2241 Actuaries, Mathematicians and Statisticians",2,2
2025-03,2421 University Lecturers and Tutors,8,10
2025-03,1411 Cafe and Restaurant Managers,0,57
2025-03,2633 Telecommunications Engineering Professionals,1,2
2025-03,3511 Bakers and Pastrycooks,0,7
2025-03,1332 Engineering Managers,1,6
2025-03,"1499 Other Hospitality, Retail and Service Managers",0,3
2025-03,3122 Civil Engineering Draftspersons and Technicians,16,27
2025-03,1399 Other Specialist Managers,1,4
2025-03,"5111 Contract, Program and Project Administrators",0,19
2025-03,2322 Cartographers and Surveyors,3,7
2025-03,1325 Research and Development Managers,0,1
2025-03,2252 ICT Sales Professionals,0,3
2025-03,2336 Mining Engineers,1,3
2025-03,2612 Multimedia Specialists and Web Developers,0,7
2025-03,3223 Structural Steel and Welding Trades Workers,4,15
2025-03,2349 Other Natural and Physical Science Professionals,0,4
2025-03,2326 Urban and Regional Planners,0,4
2025-03,2632 ICT Support and Test Engineers,0,23
2025-03,1331 Construction Managers,7,31
2025-03,3613 Veterinary Nurses,0,1
2025-03,2343 Environmental Scientists,2,7
2025-03,3132 Telecommunications Technical Specialists,1,3
2025-03,3312 Carpenters and Joiners,18,23
2025-03,1334 Manufacturers,0,3
2025-03,2725 Social Workers,12,23
2025-03,1413 Hotel and Motel Managers,0,24
2025-03,2249 Other Information and Organisation Professionals,0,6
2025-03,3322 Painting Trades Workers,4,7
2025-03,3423 Electronics Trades Workers,3,2
2025-03,2542 Nurse Educators and Researchers,0,1
2025-03,2493 Teachers of English to Speakers of Other Languages,0,4
2025-03,2124 Journalists and Other Writers,0,2
2025-03,1212 Crop Farmers,0,8
2025-03,3941 Cabinetmakers,0,3
2025-03,6121 Real Estate Sales Agents,0,3
2025-03,3311 Bricklayers and Stonemasons,2,7
2025-03,"2726 Welfare, Recreation and Community Arts Workers",0,22
2025-03,1342 Health and Welfare Services Managers,0,5
2025-03,"2123 Film, Television, Radio and Stage Directors",0,2
2025-03,3231 Aircraft Maintenance Engineers,0,1
2025-03,1492 Call or Contact Centre and Customer Service Managers,0,5
2025-03,2221 Financial Brokers,0,4
2025-03,2539 Other Medical Practitioners,5,3
2025-03,1419 Other Accommodation and Hospitality Managers,0,3
2025-03,3111 Agricultural Technicians,0,9
2025-03,4114 Enrolled and Mothercraft Nurses,0,79
2025-03,3411 Electricians,9,18
2025-03,2525 Physiotherapists,5,12
2025-03,1494 Transport Services Managers,0,4
2025-03,2253 Public Relations Professionals,0,6
2025-03,2512 Medical Imaging Professionals,2,2
2025-03,3131 ICT Support Technicians,0,3
2025-03,3911 Hairdressers,0,1
2025-03,2513 Occupational and Environmental Health Professionals,0,9
2025-03,2527 Speech Professionals and Audiologists,6,7
2025-03,"2242 Archivists, Curators and Records Managers",0,2
2025-03,3129 Other Building and Engineering Technicians,0,4
2025-03,2492 Private Tutors and Teachers,0,6
2025-03,2524 Occupational Therapists,6,9
2025-03,2519 Other Health Diagnostic and Promotion Professionals,0,3
2025-03,3421 Airconditioning and Refrigeration Mechanics,1,1
2025-03,2346 Medical Laboratory Scientists,2,3
2025-03,1493 Conference and Event Organisers,0,17
2025-03,2712 Judicial and Other Legal Professionals,0,1
2025-03,2222 Financial Dealers,0,1
2025-03,2723 Psychologists,0,12
2025-03,2422 Vocational Education Teachers (Aus) / Polytechnic Teachers (NZ),0,2
2025-03,4111 Ambulance Officers and Paramedics,0,1
2025-03,"4112 Dental Hygienists, Technicians and Therapists",0,1
2025-03,2541 Midwives,3,1
2025-03,3341 Plumbers,1,8
2025-03,2491 Education Advisers and Reviewers,0,5
2025-03,2511 Dietitians,0,1
2025-03,2244 Intelligence and Policy Analysts,0,2
2025-03,2232 ICT Trainers,0,4
2025-03,3424 Telecommunications Trades Workers,0,1
2025-03,2721 Counsellors,0,10
2025-03,4113 Diversional Therapists,0,6
2025-03,2533 Internal Medicine Specialists,1,0
2025-03,3332 Plasterers,1,1
2025-03,3334 Wall and Floor Tilers,2,4
2025-03,2413 Middle School Teachers (Aus) / Intermediate School Teachers (NZ),0,6
2025-03,2522 Complementary Health Therapists,0,1
2025-03,2523 Dental Practitioners,0,11
2025-03,3211 Automotive Electricians,0,3
2025-03,1344 Other Education Managers,0,1
2025-03,3234 Toolmakers and Engineering Patternmakers,0,1
2025-03,2534 Psychiatrists,1,0
2025-03,"2122 Authors, and Book and Script Editors",0,1
2025-03,3624 Nurserypersons,0,1
2026-08,2613 Software and Applications Programmers,0,4
2026-08,3212 Motor Mechanics,0,1
2026-08,2332 Civil Engineering Professionals,10,27
2026-08,2411 Early Childhood (Pre-primary School) Teachers,7,10
2026-08,2611 ICT Business and Systems Analysts,0,12
2026-08,2211 Accountants,3,23
2026-08,"2621 Database and Systems Administrators, and ICT Security Specialists",0,1
2026-08,4117 Welfare Support Workers,0,6
2026-08,"2212 Auditors, Company Secretaries and Corporate Treasurers",0,2
2026-08,"2335 Industrial, Mechanical and Production Engineers",1,6
2026-08,2339 Other Engineering Professionals,1,7
2026-08,2341 Agricultural and Forestry Scientists,2,5
2026-08,2544 Registered Nurses,13,14
2026-08,3513 Chefs,17,31
2026-08,2334 Electronics Engineers,0,1
2026-08,3114 Science Technicians,0,1
2026-08,"2324 Graphic and Web Designers, and Illustrators",0,1
2026-08,2631 Computer Network Professionals,1,1
2026-08,4116 Massage Therapists,0,1
2026-08,"3121 Architectural, Building and Surveying Technicians",0,7
2026-08,2251 Advertising and Marketing Professionals,0,1
2026-08,3514 Cooks,0,5
2026-08,2333 Electrical Engineers,0,4
2026-08,2321 Architects and Landscape Architects,0,1
2026-08,3112 Medical Technicians,0,12
2026-08,2531 General Practitioners and Resident Medical officers,1,5
2026-08,1323 Human Resource Managers,0,1
2026-08,2515 Pharmacists,0,10
2026-08,2414 Secondary School Teachers,0,6
2026-08,2412 Primary School Teachers,0,4
2026-08,"2241 Actuaries, Mathematicians and Statisticians",1,0
2026-08,2421 University Lecturers and Tutors,0,1
2026-08,1411 Cafe and Restaurant Managers,0,8
2026-08,3511 Bakers and Pastrycooks,0,2
2026-08,3122 Civil Engineering Draftspersons and Technicians,4,7
2026-08,"5111 Contract, Program and Project Administrators",0,2
2026-08,2252 ICT Sales Professionals,0,1
2026-08,2326 Urban and Regional Planners,0,1
2026-08,2632 ICT Support and Test Engineers,0,2
2026-08,3613 Veterinary Nurses,0,1
2026-08,3132 Telecommunications Technical Specialists,0,1
2026-08,3312 Carpenters and Joiners,2,10
2026-08,2725 Social Workers,1,2
2026-08,1413 Hotel and Motel Managers,0,3
2026-08,2249 Other Information and Organisation Professionals,0,1
2026-08,3322 Painting Trades Workers,2,3
2026-08,3941 Cabinetmakers,0,1
2026-08,"2726 Welfare, Recreation and Community Arts Workers",0,3
2026-08,2539 Other Medical Practitioners,1,0
2026-08,4114 Enrolled and Mothercraft Nurses,0,8
2026-08,3411 Electricians,2,1
2026-08,2525 Physiotherapists,1,0
2026-08,"4523 Sports Coaches, Instructors and Officials",0,1
2026-08,3911 Hairdressers,0,2
2026-08,2524 Occupational Therapists,0,1
2026-08,2346 Medical Laboratory Scientists,0,1
2026-08,1493 Conference and Event Organisers,0,1
2026-08,2511 Dietitians,0,1
2026-08,2721 Counsellors,0,1
2026-08,3332 Plasterers,1,0
2026-08,3334 Wall and Floor Tilers,1,1
2026-08,2523 Dental Practitioners,0,1
2025-04,2613 Software and Applications Programmers,20,90
2025-04,3212 Motor Mechanics,5,25
2025-04,2332 Civil Engineering Professionals,30,63
2025-04,2411 Early Childhood (Pre-primary School) Teachers,31,77
2025-04,2611 ICT Business and Systems Analysts,14,63
2025-04,2211 Accountants,12,57
2025-04,2344 Geologists Geophysicists and Hydrogeologists,0,5
2025-04,"2621 Database and Systems Administrators, and ICT Security Specialists",3,26
2025-04,4117 Welfare Support Workers,0,69
2025-04,"2212 Auditors, Company Secretaries and Corporate Treasurers",3,14
2025-04,2345 Life Scientists,1,5
2025-04,"2335 Industrial, Mechanical and Production Engineers",11,49
2025-04,2339 Other Engineering Professionals,5,35
2025-04,2341 Agricultural and Forestry Scientists,4,2
2025-04,2544 Registered Nurses,101,208
2025-04,3513 Chefs,23,83
2025-04,2334 Electronics Engineers,3,5
2025-04,3232 Metal Fitters and Machinists,1,22
2025-04,3114 Science Technicians,0,7
2025-04,"2324 Graphic and Web Designers, and Illustrators",0,7
2025-04,2631 Computer Network Professionals,4,24
2025-04,4116 Massage Therapists,0,3
2025-04,"2342 Chemists, and Food and Wine Scientists",1,5
2025-04,2713 Solicitors,1,1
2025-04,1311 Advertising and Sales Managers,0,7
2025-04,1322 Finance Managers,0,6
2025-04,"3121 Architectural, Building and Surveying Technicians",0,28
2025-04,2331 Chemical and Materials Engineers,2,6
2025-04,2251 Advertising and Marketing Professionals,0,13
2025-04,3123 Electrical Engineering Draftspersons and Technicians,1,7
2025-04,2231 Human Resource Professionals,0,5
2025-04,3514 Cooks,0,50
2025-04,2333 Electrical Engineers,6,18
2025-04,2223 Financial Investment Advisers and Managers,0,7
2025-04,2321 Architects and Landscape Architects,12,11
2025-04,3112 Medical Technicians,0,41
2025-04,2531 General Practitioners and Resident Medical officers,26,27
2025-04,3113 Primary Products Inspectors,0,2
2025-04,1335 Production Managers,0,14
2025-04,2515 Pharmacists,0,55
2025-04,1351 ICT Managers,0,30
2025-04,2247 Management and Organisation Analysts,0,3
2025-04,2347 Veterinarians,0,1
2025-04,2414 Secondary School Teachers,20,20
2025-04,1341 Child Care Centre Managers,0,1
2025-04,3125 Mechanical Engineering Draftspersons and Technicians,0,4
2025-04,2412 Primary School Teachers,0,37
2025-04,"2241 Actuaries, Mathematicians and Statisticians",2,4
2025-04,3331 Glaziers,0,1
2025-04,2421 University Lecturers and Tutors,10,20
2025-04,1411 Cafe and Restaurant Managers,0,45
2025-04,2633 Telecommunications Engineering Professionals,0,4
2025-04,3511 Bakers and Pastrycooks,0,8
2025-04,1332 Engineering Managers,3,11
2025-04,"1499 Other Hospitality, Retail and Service Managers",0,3
2025-04,3122 Civil Engineering Draftspersons and Technicians,15,42
2025-04,1399 Other Specialist Managers,0,2
2025-04,"5111 Contract, Program and Project Administrators",0,4
2025-04,2322 Cartographers and Surveyors,0,4
2025-04,1325 Research and Development Managers,0,2
2025-04,2245 Land Economists and Valuers,0,1
2025-04,2252 ICT Sales Professionals,0,2
2025-04,2336 Mining Engineers,3,5
2025-04,2612 Multimedia Specialists and Web Developers,0,2
2025-04,3223 Structural Steel and Welding Trades Workers,3,11
2025-04,2349 Other Natural and Physical Science Professionals,0,2
2025-04,2326 Urban and Regional Planners,0,9
2025-04,2632 ICT Support and Test Engineers,0,11
2025-04,1331 Construction Managers,16,48
2025-04,2343 Environmental Scientists,4,12
2025-04,3132 Telecommunications Technical Specialists,0,1
2025-04,3312 Carpenters and Joiners,15,26
2025-04,1334 Manufacturers,0,3
2025-04,2725 Social Workers,14,19
2025-04,1413 Hotel and Motel Managers,0,15
2025-04,2249 Other Information and Organisation Professionals,0,7
2025-04,3322 Painting Trades Workers,5,10
2025-04,3423 Electronics Trades Workers,0,13
2025-04,2521 Chiropractors and Osteopaths,1,1
2025-04,2493 Teachers of English to Speakers of Other Languages,0,4
2025-04,2124 Journalists and Other Writers,0,2
2025-04,1212 Crop Farmers,0,3
2025-04,3941 Cabinetmakers,1,2
2025-04,2243 Economists,1,1
2025-04,6121 Real Estate Sales Agents,0,3
2025-04,3311 Bricklayers and Stonemasons,1,5
2025-04,"2726 Welfare, Recreation and Community Arts Workers",0,15
2025-04,1336 Supply and Distribution Managers,0,1
2025-04,1342 Health and Welfare Services Managers,1,8
2025-04,1324 Policy and Planning Managers,0,15
2025-04,3231 Aircraft Maintenance Engineers,0,5
2025-04,1492 Call or Contact Centre and Customer Service Managers,0,1
2025-04,2539 Other Medical Practitioners,2,3
2025-04,1419 Other Accommodation and Hospitality Managers,0,1
2025-04,3111 Agricultural Technicians,0,2
2025-04,2724 Social Professionals,0,7
2025-04,4114 Enrolled and Mothercraft Nurses,0,62
2025-04,3411 Electricians,7,23
2025-04,2525 Physiotherapists,13,16
2025-04,1494 Transport Services Managers,0,2
2025-04,2253 Public Relations Professionals,0,2
2025-04,2512 Medical Imaging Professionals,0,3
2025-04,3131 ICT Support Technicians,0,12
2025-04,3911 Hairdressers,0,2
2025-04,3222 Sheetmetal Trades Workers,0,4
2025-04,2513 Occupational and Environmental Health Professionals,0,10
2025-04,2527 Speech Professionals and Audiologists,6,11
2025-04,"2242 Archivists, Curators and Records Managers",0,1
2025-04,3129 Other Building and Engineering Technicians,0,18
2025-04,2492 Private Tutors and Teachers,0,2
2025-04,2524 Occupational Therapists,15,12
2025-04,2519 Other Health Diagnostic and Promotion Professionals,0,1
2025-04,3421 Airconditioning and Refrigeration Mechanics,0,2
2025-04,2415 Special Education Teachers,0,1
2025-04,1493 Conference and Event Organisers,0,14
2025-04,2723 Psychologists,1,14
2025-04,2422 Vocational Education Teachers (Aus) / Polytechnic Teachers (NZ),0,2
2025-04,4111 Ambulance Officers and Paramedics,0,3
2025-04,2113 Photographers,0,1
2025-04,2312 Marine Transport Professionals,0,1
2025-04,"4112 Dental Hygienists, Technicians and Therapists",0,1
2025-04,2541 Midwives,1,1
2025-04,3341 Plumbers,0,16
2025-04,2511 Dietitians,0,6
2025-04,2244 Intelligence and Policy Analysts,0,1
2025-04,"3992 Chemical, Gas, Petroleum and Power Generation Plant Operators",0,2
2025-04,2232 ICT Trainers,0,5
2025-04,3241 Panelbeaters,1,1
2025-04,1214 Mixed Crop and Livestock Farmers,0,2
2025-04,3424 Telecommunications Trades Workers,0,4
2025-04,2721 Counsellors,0,3
2025-04,4113 Diversional Therapists,0,4
2025-04,2533 Internal Medicine Specialists,1,3
2025-04,3332 Plasterers,1,4
2025-04,3334 Wall and Floor Tilers,3,3
2025-04,2413 Middle School Teachers (Aus) / Intermediate School Teachers (NZ),0,6
2025-04,2523 Dental Practitioners,0,3
2025-04,1343 School Principals,0,2
2025-04,1344 Other Education Managers,0,3
2025-04,3234 Toolmakers and Engineering Patternmakers,0,1
2025-04,2534 Psychiatrists,1,0
2025-04,2514 Optometrists and Orthoptists,0,2
2025-04,3422 Electrical Distribution Trades Workers,0,1
2025-04,3512 Butchers and Smallgoods Makers,0,1
2025-04,3333 Roof Tilers,0,1
2025-04,4518 Other Personal Service Workers,0,2
2025-12,2613 Software and Applications Programmers,13,38
2025-12,3212 Motor Mechanics,6,24
2025-12,2332 Civil Engineering Professionals,19,31
2025-12,2411 Early Childhood (Pre-primary School) Teachers,61,70
2025-12,2611 ICT Business and Systems Analysts,6,17
2025-12,2211 Accountants,4,34
2025-12,2344 Geologists Geophysicists and Hydrogeologists,2,3
2025-12,"2621 Database and Systems Administrators, and ICT Security Specialists",1,6
2025-12,4117 Welfare Support Workers,0,28
2025-12,"2212 Auditors, Company Secretaries and Corporate Treasurers",2,7
2025-12,2345 Life Scientists,5,9
2025-12,"2335 Industrial, Mechanical and Production Engineers",11,22
2025-12,2339 Other Engineering Professionals,4,18
2025-12,2341 Agricultural and Forestry Scientists,1,1
2025-12,2544 Registered Nurses,123,122
2025-12,3513 Chefs,12,38
2025-12,2334 Electronics Engineers,3,10
2025-12,3232 Metal Fitters and Machinists,1,4
2025-12,3114 Science Technicians,0,14
2025-12,3622 Gardeners,0,1
2025-12,"2324 Graphic and Web Designers, and Illustrators",0,3
2025-12,2631 Computer Network Professionals,3,8
2025-12,4116 Massage Therapists,0,2
2025-12,"2342 Chemists, and Food and Wine Scientists",0,2
2025-12,2713 Solicitors,2,2
2025-12,1322 Finance Managers,0,2
2025-12,"3121 Architectural, Building and Surveying Technicians",0,22
2025-12,2331 Chemical and Materials Engineers,2,2
2025-12,2251 Advertising and Marketing Professionals,0,2
2025-12,3123 Electrical Engineering Draftspersons and Technicians,1,0
2025-12,2231 Human Resource Professionals,0,3
2025-12,3514 Cooks,0,7
2025-12,2333 Electrical Engineers,16,13
2025-12,2223 Financial Investment Advisers and Managers,0,3
2025-12,2321 Architects and Landscape Architects,2,3
2025-12,3112 Medical Technicians,0,12
2025-12,2531 General Practitioners and Resident Medical officers,20,30
2025-12,1335 Production Managers,0,8
2025-12,2515 Pharmacists,0,16
2025-12,1351 ICT Managers,0,4
2025-12,2247 Management and Organisation Analysts,0,1
2025-12,2347 Veterinarians,0,4
2025-12,2414 Secondary School Teachers,65,74
2025-12,3125 Mechanical Engineering Draftspersons and Technicians,0,1
2025-12,2412 Primary School Teachers,0,22
2025-12,"2241 Actuaries, Mathematicians and Statisticians",1,1
2025-12,2421 University Lecturers and Tutors,4,9
2025-12,1411 Cafe and Restaurant Managers,0,11
2025-12,2633 Telecommunications Engineering Professionals,0,3
2025-12,3511 Bakers and Pastrycooks,0,2
2025-12,1332 Engineering Managers,1,2
2025-12,3122 Civil Engineering Draftspersons and Technicians,2,14
2025-12,1399 Other Specialist Managers,0,3
2025-12,"5111 Contract, Program and Project Administrators",0,8
2025-12,2322 Cartographers and Surveyors,1,9
2025-12,2245 Land Economists and Valuers,0,1
2025-12,2252 ICT Sales Professionals,0,1
2025-12,2336 Mining Engineers,2,1
2025-12,3223 Structural Steel and Welding Trades Workers,6,7
2025-12,2349 Other Natural and Physical Science Professionals,0,1
2025-12,2326 Urban and Regional Planners,0,20
2025-12,2632 ICT Support and Test Engineers,0,8
2025-12,1331 Construction Managers,19,22
2025-12,3613 Veterinary Nurses,0,1
2025-12,2343 Environmental Scientists,1,7
2025-12,3132 Telecommunications Technical Specialists,1,6
2025-12,3312 Carpenters and Joiners,11,24
2025-12,2725 Social Workers,6,10
2025-12,1413 Hotel and Motel Managers,0,3
2025-12,2249 Other Information and Organisation Professionals,0,3
2025-12,3322 Painting Trades Workers,1,3
2025-12,3423 Electronics Trades Workers,0,1
2025-12,2493 Teachers of English to Speakers of Other Languages,0,2
2025-12,2124 Journalists and Other Writers,0,1
2025-12,3941 Cabinetmakers,5,1
2025-12,2243 Economists,0,1
2025-12,6121 Real Estate Sales Agents,0,1
2025-12,3311 Bricklayers and Stonemasons,3,6
2025-12,"2726 Welfare, Recreation and Community Arts Workers",0,5
2025-12,1342 Health and Welfare Services Managers,0,6
2025-12,1324 Policy and Planning Managers,0,1
2025-12,3231 Aircraft Maintenance Engineers,0,2
2025-12,2539 Other Medical Practitioners,4,2
2025-12,4114 Enrolled and Mothercraft Nurses,0,46
2025-12,3411 Electricians,7,8
2025-12,2525 Physiotherapists,3,4
2025-12,1494 Transport Services Managers,0,2
2025-12,2253 Public Relations Professionals,0,1
2025-12,2512 Medical Imaging Professionals,1,1
2025-12,"4523 Sports Coaches, Instructors and Officials",0,1
2025-12,3222 Sheetmetal Trades Workers,1,0
2025-12,2513 Occupational and Environmental Health Professionals,0,5
2025-12,2527 Speech Professionals and Audiologists,2,4
2025-12,"2242 Archivists, Curators and Records Managers",0,2
2025-12,3129 Other Building and Engineering Technicians,0,3
2025-12,2524 Occupational Therapists,7,6
2025-12,3421 Airconditioning and Refrigeration Mechanics,1,2
2025-12,2346 Medical Laboratory Scientists,1,5
2025-12,2415 Special Education Teachers,1,0
2025-12,1493 Conference and Event Organisers,0,4
2025-12,2723 Psychologists,3,6
2025-12,2422 Vocational Education Teachers (Aus) / Polytechnic Teachers (NZ),0,2
2025-12,3126 Safety Inspectors,0,2
2025-12,4111 Ambulance Officers and Paramedics,0,3
2025-12,2541 Midwives,5,6
2025-12,3341 Plumbers,1,5
2025-12,2244 Intelligence and Policy Analysts,0,1
2025-12,"3992 Chemical, Gas, Petroleum and Power Generation Plant Operators",0,1
2025-12,3424 Telecommunications Trades Workers,0,1
2025-12,2721 Counsellors,0,14
2025-12,4113 Diversional Therapists,0,4
2025-12,2533 Internal Medicine Specialists,5,1
2025-12,3332 Plasterers,1,1
2025-12,3334 Wall and Floor Tilers,3,2
2025-12,2413 Middle School Teachers (Aus) / Intermediate School Teachers (NZ),0,7
2025-12,2543 Nurse Managers,0,1
2025-12,2523 Dental Practitioners,0,4
2025-12,3211 Automotive Electricians,1,0
2025-12,1344 Other Education Managers,0,1
2025-11,2613 Software and Applications Programmers,9,45
2025-11,3212 Motor Mechanics,8,16
2025-11,2332 Civil Engineering Professionals,15,36
2025-11,2411 Early Childhood (Pre-primary School) Teachers,422,54
2025-11,2611 ICT Business and Systems Analysts,10,45
2025-11,2211 Accountants,9,50
2025-11,2344 Geologists Geophysicists and Hydrogeologists,11,2
2025-11,"2621 Database and Systems Administrators, and ICT Security Specialists",1,18
2025-11,4117 Welfare Support Workers,0,23
2025-11,"2212 Auditors, Company Secretaries and Corporate Treasurers",2,3
2025-11,2345 Life Scientists,286,1
2025-11,"2335 Industrial, Mechanical and Production Engineers",3,20
2025-11,2339 Other Engineering Professionals,8,17
2025-11,2341 Agricultural and Forestry Scientists,115,4
2025-11,2544 Registered Nurses,2909,146
2025-11,3513 Chefs,8,24
2025-11,2334 Electronics Engineers,2,4
2025-11,3232 Metal Fitters and Machinists,9,4
2025-11,3114 Science Technicians,0,4
2025-11,"2324 Graphic and Web Designers, and Illustrators",0,8
2025-11,2631 Computer Network Professionals,3,5
2025-11,4116 Massage Therapists,0,5
2025-11,"2342 Chemists, and Food and Wine Scientists",217,2
2025-11,2713 Solicitors,288,1
2025-11,1322 Finance Managers,0,2
2025-11,"3121 Architectural, Building and Surveying Technicians",0,27
2025-11,2331 Chemical and Materials Engineers,329,2
2025-11,2251 Advertising and Marketing Professionals,0,6
2025-11,3123 Electrical Engineering Draftspersons and Technicians,31,2
2025-11,2231 Human Resource Professionals,0,6
2025-11,3514 Cooks,0,8
2025-11,2333 Electrical Engineers,5,13
2025-11,2223 Financial Investment Advisers and Managers,0,5
2025-11,2321 Architects and Landscape Architects,143,3
2025-11,3112 Medical Technicians,0,11
2025-11,2531 General Practitioners and Resident Medical officers,324,22
2025-11,1323 Human Resource Managers,0,1
2025-11,1335 Production Managers,0,14
2025-11,2515 Pharmacists,0,24
2025-11,1351 ICT Managers,0,15
2025-11,2247 Management and Organisation Analysts,174,1
2025-11,2347 Veterinarians,104,0
2025-11,2414 Secondary School Teachers,554,43
2025-11,1341 Child Care Centre Managers,4,1
2025-11,3125 Mechanical Engineering Draftspersons and Technicians,0,6
2025-11,6112 Insurance Agents,0,1
2025-11,2412 Primary School Teachers,0,9
2025-11,"2241 Actuaries, Mathematicians and Statisticians",288,2
2025-11,3331 Glaziers,8,0
2025-11,2421 University Lecturers and Tutors,1,6
2025-11,1411 Cafe and Restaurant Managers,0,16
2025-11,2633 Telecommunications Engineering Professionals,46,5
2025-11,3511 Bakers and Pastrycooks,0,1
2025-11,1332 Engineering Managers,21,4
2025-11,"1499 Other Hospitality, Retail and Service Managers",0,1
2025-11,3122 Civil Engineering Draftspersons and Technicians,269,4
2025-11,1399 Other Specialist Managers,27,0
2025-11,"5111 Contract, Program and Project Administrators",0,7
2025-11,2322 Cartographers and Surveyors,48,6
2025-11,1325 Research and Development Managers,0,3
2025-11,2245 Land Economists and Valuers,26,1
2025-11,2336 Mining Engineers,95,2
2025-11,2612 Multimedia Specialists and Web Developers,45,6
2025-11,3223 Structural Steel and Welding Trades Workers,19,5
2025-11,2349 Other Natural and Physical Science Professionals,43,1
2025-11,2326 Urban and Regional Planners,0,11
2025-11,2632 ICT Support and Test Engineers,0,13
2025-11,1331 Construction Managers,112,25
2025-11,3613 Veterinary Nurses,0,1
2025-11,2343 Environmental Scientists,182,4
2025-11,2711 Barristers,2,0
2025-11,3132 Telecommunications Technical Specialists,9,4
2025-11,3312 Carpenters and Joiners,801,42
2025-11,2725 Social Workers,480,18
2025-11,1413 Hotel and Motel Managers,0,6
2025-11,2249 Other Information and Organisation Professionals,0,9
2025-11,3322 Painting Trades Workers,205,30
2025-11,3423 Electronics Trades Workers,14,0
2025-11,2521 Chiropractors and Osteopaths,3,1
2025-11,2124 Journalists and Other Writers,0,3
2025-11,1212 Crop Farmers,0,1
2025-11,3941 Cabinetmakers,4,6
2025-11,2243 Economists,42,1
2025-11,6121 Real Estate Sales Agents,0,1
2025-11,3311 Bricklayers and Stonemasons,96,12
2025-11,"2726 Welfare, Recreation and Community Arts Workers",0,8
2025-11,1342 Health and Welfare Services Managers,5,6
2025-11,"2123 Film, Television, Radio and Stage Directors",0,2
2025-11,1492 Call or Contact Centre and Customer Service Managers,0,3
2025-11,2539 Other Medical Practitioners,248,2
2025-11,1419 Other Accommodation and Hospitality Managers,0,2
2025-11,3111 Agricultural Technicians,0,1
2025-11,2724 Social Professionals,0,3
2025-11,4114 Enrolled and Mothercraft Nurses,0,46
2025-11,3411 Electricians,139,20
2025-11,2525 Physiotherapists,234,11
2025-11,2253 Public Relations Professionals,0,1
2025-11,2512 Medical Imaging Professionals,82,5
2025-11,3131 ICT Support Technicians,0,4
2025-11,"4523 Sports Coaches, Instructors and Officials",2,2
2025-11,3911 Hairdressers,0,1
2025-11,2513 Occupational and Environmental Health Professionals,0,14
2025-11,2527 Speech Professionals and Audiologists,58,8
2025-11,"2242 Archivists, Curators and Records Managers",0,1
2025-11,3129 Other Building and Engineering Technicians,0,5
2025-11,2524 Occupational Therapists,150,9
2025-11,2519 Other Health Diagnostic and Promotion Professionals,0,5
2025-11,3421 Airconditioning and Refrigeration Mechanics,2,3
2025-11,2346 Medical Laboratory Scientists,36,2
2025-11,2415 Special Education Teachers,13,2
2025-11,1493 Conference and Event Organisers,0,3
2025-11,2723 Psychologists,75,11
2025-11,4111 Ambulance Officers and Paramedics,0,2
2025-11,2541 Midwives,35,2
2025-11,3341 Plumbers,61,15
2025-11,2244 Intelligence and Policy Analysts,0,1
2025-11,2232 ICT Trainers,0,2
2025-11,3424 Telecommunications Trades Workers,0,2
2025-11,2721 Counsellors,0,7
2025-11,3991 Boat Builders and Shipwrights,6,0
2025-11,4113 Diversional Therapists,0,4
2025-11,2533 Internal Medicine Specialists,22,2
2025-11,3332 Plasterers,15,1
2025-11,3611 Animal Attendants and Trainers,0,1
2025-11,3334 Wall and Floor Tilers,99,2
2025-11,2413 Middle School Teachers (Aus) / Intermediate School Teachers (NZ),0,2
2025-11,2543 Nurse Managers,0,1
2025-11,2523 Dental Practitioners,0,2
2025-11,1343 School Principals,0,3
2025-11,2112 Music Professionals,1,0
2025-11,"2121 Artistic Directors, and Media Producers and Presenters",1,0
2025-11,3211 Automotive Electricians,2,3
2025-11,1344 Other Education Managers,0,2
2025-11,2534 Psychiatrists,9,0
2025-11,2514 Optometrists and Orthoptists,6,0
2025-11,2535 Surgeons,5,0
2025-11,2526 Podiatrists,11,0
2025-11,3333 Roof Tilers,0,1
2025-11,1412 Caravan Park and Camping Ground Managers,0,1
2025-11,4518 Other Personal Service Workers,0,2
2026-02,2613 Software and Applications Programmers,34,97
2026-02,3212 Motor Mechanics,19,32
2026-02,2332 Civil Engineering Professionals,40,80
2026-02,2411 Early Childhood (Pre-primary School) Teachers,22,58
2026-02,2611 ICT Business and Systems Analysts,22,42
2026-02,2211 Accountants,21,70
2026-02,2344 Geologists Geophysicists and Hydrogeologists,2,4
2026-02,"2621 Database and Systems Administrators, and ICT Security Specialists",8,31
2026-02,4117 Welfare Support Workers,0,55
2026-02,"2212 Auditors, Company Secretaries and Corporate Treasurers",1,6
2026-02,2345 Life Scientists,3,6
2026-02,"2335 Industrial, Mechanical and Production Engineers",20,35
2026-02,2339 Other Engineering Professionals,9,48
2026-02,2341 Agricultural and Forestry Scientists,1,3
2026-02,2544 Registered Nurses,110,166
2026-02,3513 Chefs,44,119
2026-02,2334 Electronics Engineers,1,3
2026-02,3232 Metal Fitters and Machinists,5,21
2026-02,3114 Science Technicians,0,5
2026-02,"2324 Graphic and Web Designers, and Illustrators",0,4
2026-02,2631 Computer Network Professionals,2,24
2026-02,4116 Massage Therapists,0,5
2026-02,"2342 Chemists, and Food and Wine Scientists",2,2
2026-02,2713 Solicitors,0,3
2026-02,1311 Advertising and Sales Managers,0,2
2026-02,1322 Finance Managers,0,1
2026-02,"3121 Architectural, Building and Surveying Technicians",0,43
2026-02,2331 Chemical and Materials Engineers,2,5
2026-02,2251 Advertising and Marketing Professionals,0,23
2026-02,3123 Electrical Engineering Draftspersons and Technicians,2,5
2026-02,2231 Human Resource Professionals,0,6
2026-02,6392 Retail and Wool Buyers,0,1
2026-02,3514 Cooks,0,27
2026-02,2333 Electrical Engineers,9,35
2026-02,2223 Financial Investment Advisers and Managers,0,4
2026-02,2321 Architects and Landscape Architects,2,9
2026-02,3112 Medical Technicians,0,15
2026-02,2531 General Practitioners and Resident Medical officers,18,24
2026-02,1335 Production Managers,0,16
2026-02,2515 Pharmacists,0,37
2026-02,1351 ICT Managers,0,10
2026-02,2247 Management and Organisation Analysts,2,8
2026-02,2347 Veterinarians,6,2
2026-02,2414 Secondary School Teachers,33,46
2026-02,1341 Child Care Centre Managers,1,1
2026-02,3125 Mechanical Engineering Draftspersons and Technicians,0,3
2026-02,2412 Primary School Teachers,0,28
2026-02,"2241 Actuaries, Mathematicians and Statisticians",2,3
2026-02,3331 Glaziers,2,3
2026-02,2421 University Lecturers and Tutors,6,13
2026-02,1411 Cafe and Restaurant Managers,0,55
2026-02,2633 Telecommunications Engineering Professionals,0,3
2026-02,3511 Bakers and Pastrycooks,0,8
2026-02,1332 Engineering Managers,1,6
2026-02,"1499 Other Hospitality, Retail and Service Managers",0,1
2026-02,3122 Civil Engineering Draftspersons and Technicians,14,45
2026-02,1399 Other Specialist Managers,0,2
2026-02,"5111 Contract, Program and Project Administrators",0,13
2026-02,2322 Cartographers and Surveyors,1,1
2026-02,1325 Research and Development Managers,0,1
2026-02,2245 Land Economists and Valuers,1,3
2026-02,2252 ICT Sales Professionals,0,1
2026-02,2336 Mining Engineers,4,4
2026-02,2612 Multimedia Specialists and Web Developers,0,2
2026-02,3223 Structural Steel and Welding Trades Workers,8,19
2026-02,2349 Other Natural and Physical Science Professionals,0,2
2026-02,2326 Urban and Regional Planners,0,10
2026-02,2632 ICT Support and Test Engineers,0,22
2026-02,2325 Interior Designers,0,1
2026-02,1331 Construction Managers,8,46
2026-02,3613 Veterinary Nurses,0,1
2026-02,2343 Environmental Scientists,4,6
2026-02,3132 Telecommunications Technical Specialists,2,6
2026-02,3312 Carpenters and Joiners,32,86
2026-02,1334 Manufacturers,0,4
2026-02,2725 Social Workers,14,21
2026-02,1413 Hotel and Motel Managers,0,22
2026-02,2249 Other Information and Organisation Professionals,0,13
2026-02,3322 Painting Trades Workers,55,81
2026-02,3423 Electronics Trades Workers,2,5
2026-02,2542 Nurse Educators and Researchers,0,1
2026-02,2493 Teachers of English to Speakers of Other Languages,0,5
2026-02,2124 Journalists and Other Writers,0,3
2026-02,1212 Crop Farmers,0,4
2026-02,3941 Cabinetmakers,11,18
2026-02,2243 Economists,1,0
2026-02,3311 Bricklayers and Stonemasons,11,45
2026-02,"2726 Welfare, Recreation and Community Arts Workers",0,20
2026-02,"2323 Fashion, Industrial and Jewellery Designers",0,1
2026-02,1336 Supply and Distribution Managers,0,2
2026-02,1342 Health and Welfare Services Managers,0,4
2026-02,1324 Policy and Planning Managers,0,2
2026-02,3231 Aircraft Maintenance Engineers,0,3
2026-02,1492 Call or Contact Centre and Customer Service Managers,0,1
2026-02,2221 Financial Brokers,0,3
2026-02,2539 Other Medical Practitioners,5,1
2026-02,1419 Other Accommodation and Hospitality Managers,0,3
2026-02,3111 Agricultural Technicians,0,9
2026-02,2724 Social Professionals,0,2
2026-02,4114 Enrolled and Mothercraft Nurses,0,49
2026-02,3411 Electricians,36,66
2026-02,2525 Physiotherapists,5,11
2026-02,2253 Public Relations Professionals,0,2
2026-02,2512 Medical Imaging Professionals,3,3
2026-02,3131 ICT Support Technicians,0,8
2026-02,"4523 Sports Coaches, Instructors and Officials",0,1
2026-02,2513 Occupational and Environmental Health Professionals,0,1
2026-02,2527 Speech Professionals and Audiologists,3,4
2026-02,1213 Livestock Farmers,0,3
2026-02,"2242 Archivists, Curators and Records Managers",0,2
2026-02,3129 Other Building and Engineering Technicians,0,15
2026-02,2492 Private Tutors and Teachers,0,1
2026-02,2524 Occupational Therapists,8,10
2026-02,2519 Other Health Diagnostic and Promotion Professionals,0,7
2026-02,3421 Airconditioning and Refrigeration Mechanics,2,10
2026-02,2346 Medical Laboratory Scientists,2,6
2026-02,2415 Special Education Teachers,2,2
2026-02,1493 Conference and Event Organisers,0,5
2026-02,2723 Psychologists,5,11
2026-02,2422 Vocational Education Teachers (Aus) / Polytechnic Teachers (NZ),0,4
2026-02,"4112 Dental Hygienists, Technicians and Therapists",0,3
2026-02,2541 Midwives,3,0
2026-02,3341 Plumbers,4,53
2026-02,2511 Dietitians,0,3
2026-02,"3992 Chemical, Gas, Petroleum and Power Generation Plant Operators",0,1
2026-02,3424 Telecommunications Trades Workers,0,19
2026-02,2721 Counsellors,0,15
2026-02,"1491 Amusement, Fitness and Sports Centre Managers",0,1
2026-02,3991 Boat Builders and Shipwrights,2,1
2026-02,4113 Diversional Therapists,0,4
2026-02,3332 Plasterers,1,8
2026-02,3334 Wall and Floor Tilers,9,20
2026-02,2413 Middle School Teachers (Aus) / Intermediate School Teachers (NZ),0,1
2026-02,2543 Nurse Managers,0,1
2026-02,2523 Dental Practitioners,0,4
2026-02,3211 Automotive Electricians,0,4
2026-02,1344 Other Education Managers,0,1
2026-02,2514 Optometrists and Orthoptists,0,1
2026-02,3422 Electrical Distribution Trades Workers,0,1
2026-02,2526 Podiatrists,0,1
2025-06,2613 Software and Applications Programmers,30,109
2025-06,3212 Motor Mechanics,6,22
2025-06,2332 Civil Engineering Professionals,37,82
2025-06,2411 Early Childhood (Pre-primary School) Teachers,18,65
2025-06,2611 ICT Business and Systems Analysts,25,65
2025-06,2211 Accountants,16,52
2025-06,2344 Geologists Geophysicists and Hydrogeologists,1,5
2025-06,"2621 Database and Systems Administrators, and ICT Security Specialists",3,21
2025-06,4117 Welfare Support Workers,0,115
2025-06,"2212 Auditors, Company Secretaries and Corporate Treasurers",3,10
2025-06,2345 Life Scientists,4,3
2025-06,"2335 Industrial, Mechanical and Production Engineers",17,22
2025-06,2339 Other Engineering Professionals,6,21
2025-06,2341 Agricultural and Forestry Scientists,3,4
2025-06,2544 Registered Nurses,83,114
2025-06,3513 Chefs,28,70
2025-06,2334 Electronics Engineers,3,9
2025-06,3232 Metal Fitters and Machinists,4,39
2025-06,3114 Science Technicians,0,4
2025-06,3622 Gardeners,0,1
2025-06,"2324 Graphic and Web Designers, and Illustrators",0,13
2025-06,2631 Computer Network Professionals,3,16
2025-06,4116 Massage Therapists,0,2
2025-06,"2342 Chemists, and Food and Wine Scientists",2,5
2025-06,1311 Advertising and Sales Managers,0,8
2025-06,"3121 Architectural, Building and Surveying Technicians",0,60
2025-06,2331 Chemical and Materials Engineers,1,4
2025-06,2251 Advertising and Marketing Professionals,0,5
2025-06,3123 Electrical Engineering Draftspersons and Technicians,7,13
2025-06,2231 Human Resource Professionals,0,7
2025-06,3514 Cooks,0,101
2025-06,2333 Electrical Engineers,2,20
2025-06,2223 Financial Investment Advisers and Managers,0,14
2025-06,2321 Architects and Landscape Architects,12,11
2025-06,3112 Medical Technicians,0,33
2025-06,2531 General Practitioners and Resident Medical officers,9,16
2025-06,1323 Human Resource Managers,0,1
2025-06,3113 Primary Products Inspectors,0,1
2025-06,1335 Production Managers,0,22
2025-06,2515 Pharmacists,0,66
2025-06,1351 ICT Managers,0,18
2025-06,2247 Management and Organisation Analysts,1,2
2025-06,2414 Secondary School Teachers,19,12
2025-06,1341 Child Care Centre Managers,0,2
2025-06,3125 Mechanical Engineering Draftspersons and Technicians,0,9
2025-06,6112 Insurance Agents,0,1
2025-06,2412 Primary School Teachers,0,13
2025-06,"2241 Actuaries, Mathematicians and Statisticians",0,1
2025-06,3331 Glaziers,1,0
2025-06,2421 University Lecturers and Tutors,1,4
2025-06,1411 Cafe and Restaurant Managers,0,58
2025-06,2633 Telecommunications Engineering Professionals,1,1
2025-06,3511 Bakers and Pastrycooks,0,13
2025-06,1332 Engineering Managers,0,8
2025-06,"1499 Other Hospitality, Retail and Service Managers",0,5
2025-06,3122 Civil Engineering Draftspersons and Technicians,49,88
2025-06,"5111 Contract, Program and Project Administrators",0,4
2025-06,2322 Cartographers and Surveyors,3,5
2025-06,1325 Research and Development Managers,0,6
2025-06,2252 ICT Sales Professionals,0,2
2025-06,2336 Mining Engineers,4,6
2025-06,2612 Multimedia Specialists and Web Developers,1,0
2025-06,3223 Structural Steel and Welding Trades Workers,0,11
2025-06,2349 Other Natural and Physical Science Professionals,0,2
2025-06,2326 Urban and Regional Planners,0,11
2025-06,2632 ICT Support and Test Engineers,0,19
2025-06,1331 Construction Managers,9,71
2025-06,3613 Veterinary Nurses,0,1
2025-06,2343 Environmental Scientists,5,4
2025-06,3132 Telecommunications Technical Specialists,0,3
2025-06,3312 Carpenters and Joiners,18,41
2025-06,1334 Manufacturers,0,9
2025-06,2725 Social Workers,11,21
2025-06,1413 Hotel and Motel Managers,0,22
2025-06,2249 Other Information and Organisation Professionals,0,11
2025-06,3322 Painting Trades Workers,6,25
2025-06,3423 Electronics Trades Workers,4,6
2025-06,2493 Teachers of English to Speakers of Other Languages,0,5
2025-06,2124 Journalists and Other Writers,0,3
2025-06,1212 Crop Farmers,0,5
2025-06,3941 Cabinetmakers,0,4
2025-06,2243 Economists,1,2
2025-06,3311 Bricklayers and Stonemasons,3,8
2025-06,"2726 Welfare, Recreation and Community Arts Workers",0,19
2025-06,"2323 Fashion, Industrial and Jewellery Designers",0,1
2025-06,1336 Supply and Distribution Managers,0,1
2025-06,1342 Health and Welfare Services Managers,0,13
2025-06,1324 Policy and Planning Managers,0,12
2025-06,3231 Aircraft Maintenance Engineers,0,4
2025-06,1492 Call or Contact Centre and Customer Service Managers,0,2
2025-06,2539 Other Medical Practitioners,7,4
2025-06,1419 Other Accommodation and Hospitality Managers,0,1
2025-06,3111 Agricultural Technicians,0,8
2025-06,2724 Social Professionals,0,2
2025-06,4114 Enrolled and Mothercraft Nurses,0,47
2025-06,3411 Electricians,17,29
2025-06,2525 Physiotherapists,5,12
2025-06,2253 Public Relations Professionals,0,3
2025-06,2512 Medical Imaging Professionals,1,0
2025-06,3131 ICT Support Technicians,0,7
2025-06,"4523 Sports Coaches, Instructors and Officials",0,1
2025-06,3911 Hairdressers,0,3
2025-06,2513 Occupational and Environmental Health Professionals,0,7
2025-06,2527 Speech Professionals and Audiologists,4,4
2025-06,"2242 Archivists, Curators and Records Managers",0,2
2025-06,3129 Other Building and Engineering Technicians,0,8
2025-06,2492 Private Tutors and Teachers,0,2
2025-06,2524 Occupational Therapists,12,4
2025-06,2519 Other Health Diagnostic and Promotion Professionals,0,3
2025-06,3421 Airconditioning and Refrigeration Mechanics,3,6
2025-06,2346 Medical Laboratory Scientists,0,1
2025-06,2415 Special Education Teachers,0,1
2025-06,1493 Conference and Event Organisers,0,15
2025-06,2723 Psychologists,4,8
2025-06,2422 Vocational Education Teachers (Aus) / Polytechnic Teachers (NZ),0,1
2025-06,4111 Ambulance Officers and Paramedics,0,1
2025-06,2312 Marine Transport Professionals,0,8
2025-06,3341 Plumbers,3,13
2025-06,2511 Dietitians,0,3
2025-06,"3992 Chemical, Gas, Petroleum and Power Generation Plant Operators",0,3
2025-06,2232 ICT Trainers,0,2
2025-06,1214 Mixed Crop and Livestock Farmers,0,3
2025-06,3424 Telecommunications Trades Workers,0,2
2025-06,2721 Counsellors,0,9
2025-06,4113 Diversional Therapists,0,7
2025-06,3332 Plasterers,1,1
2025-06,3334 Wall and Floor Tilers,2,8
2025-06,2413 Middle School Teachers (Aus) / Intermediate School Teachers (NZ),0,1
2025-06,2522 Complementary Health Therapists,0,1
2025-06,2523 Dental Practitioners,0,10
2025-06,3211 Automotive Electricians,0,2
2025-06,2532 Anaesthetists,0,1
2025-06,2514 Optometrists and Orthoptists,0,1
2025-06,3422 Electrical Distribution Trades Workers,0,2
2025-06,4518 Other Personal Service Workers,0,1
2025-10,2613 Software and Applications Programmers,35,33
2025-10,3212 Motor Mechanics,2,3
2025-10,2332 Civil Engineering Professionals,14,13
2025-10,2411 Early Childhood (Pre-primary School) Teachers,8,8
2025-10,2611 ICT Business and Systems Analysts,17,18
2025-10,2211 Accountants,9,13
2025-10,"2621 Database and Systems Administrators, and ICT Security Specialists",3,7
2025-10,4117 Welfare Support Workers,0,6
2025-10,"2212 Auditors, Company Secretaries and Corporate Treasurers",3,3
2025-10,2345 Life Scientists,7,0
2025-10,"2335 Industrial, Mechanical and Production Engineers",8,11
2025-10,2339 Other Engineering Professionals,8,12
2025-10,2341 Agricultural and Forestry Scientists,1,0
2025-10,2544 Registered Nurses,11,20
2025-10,3513 Chefs,3,4
2025-10,2334 Electronics Engineers,1,3
2025-10,3232 Metal Fitters and Machinists,1,1
2025-10,3114 Science Technicians,0,3
2025-10,"2324 Graphic and Web Designers, and Illustrators",0,3
2025-10,2631 Computer Network Professionals,1,3
2025-10,4116 Massage Therapists,0,2
2025-10,"2342 Chemists, and Food and Wine Scientists",0,3
2025-10,2713 Solicitors,2,0
2025-10,1322 Finance Managers,0,1
2025-10,"3121 Architectural, Building and Surveying Technicians",0,21
2025-10,2331 Chemical and Materials Engineers,1,1
2025-10,2251 Advertising and Marketing Professionals,0,12
2025-10,2231 Human Resource Professionals,0,1
2025-10,3514 Cooks,0,1
2025-10,2333 Electrical Engineers,4,4
2025-10,2223 Financial Investment Advisers and Managers,0,2
2025-10,2321 Architects and Landscape Architects,1,1
2025-10,3112 Medical Technicians,0,3
2025-10,2531 General Practitioners and Resident Medical officers,2,6
2025-10,3113 Primary Products Inspectors,0,1
2025-10,1335 Production Managers,0,3
2025-10,2515 Pharmacists,0,9
2025-10,1351 ICT Managers,0,3
2025-10,2247 Management and Organisation Analysts,2,1
2025-10,2347 Veterinarians,1,0
2025-10,2414 Secondary School Teachers,3,2
2025-10,2412 Primary School Teachers,0,8
2025-10,"2241 Actuaries, Mathematicians and Statisticians",1,1
2025-10,2421 University Lecturers and Tutors,1,2
2025-10,1411 Cafe and Restaurant Managers,0,5
2025-10,2633 Telecommunications Engineering Professionals,2,2
2025-10,3511 Bakers and Pastrycooks,0,1
2025-10,1332 Engineering Managers,0,1
2025-10,"1499 Other Hospitality, Retail and Service Managers",0,1
2025-10,3122 Civil Engineering Draftspersons and Technicians,0,3
2025-10,1399 Other Specialist Managers,0,2
2025-10,"5111 Contract, Program and Project Administrators",0,1
2025-10,2322 Cartographers and Surveyors,0,2
2025-10,1325 Research and Development Managers,0,1
2025-10,2336 Mining Engineers,0,1
2025-10,2612 Multimedia Specialists and Web Developers,1,4
2025-10,3223 Structural Steel and Welding Trades Workers,3,10
2025-10,2349 Other Natural and Physical Science Professionals,1,0
2025-10,2326 Urban and Regional Planners,0,2
2025-10,2632 ICT Support and Test Engineers,0,7
2025-10,1331 Construction Managers,7,19
2025-10,2343 Environmental Scientists,0,1
2025-10,3132 Telecommunications Technical Specialists,1,1
2025-10,3312 Carpenters and Joiners,5,11
2025-10,1413 Hotel and Motel Managers,0,1
2025-10,2249 Other Information and Organisation Professionals,0,9
2025-10,3322 Painting Trades Workers,0,1
2025-10,2493 Teachers of English to Speakers of Other Languages,0,1
2025-10,3941 Cabinetmakers,0,2
2025-10,"2726 Welfare, Recreation and Community Arts Workers",0,1
2025-10,"2323 Fashion, Industrial and Jewellery Designers",0,1
2025-10,1342 Health and Welfare Services Managers,0,3
2025-10,2539 Other Medical Practitioners,0,1
2025-10,3111 Agricultural Technicians,0,2
2025-10,2724 Social Professionals,0,1
2025-10,4114 Enrolled and Mothercraft Nurses,0,12
2025-10,3411 Electricians,6,4
2025-10,2525 Physiotherapists,0,1
2025-10,2253 Public Relations Professionals,0,1
2025-10,2513 Occupational and Environmental Health Professionals,0,5
2025-10,2527 Speech Professionals and Audiologists,2,1
2025-10,"2242 Archivists, Curators and Records Managers",0,1
2025-10,2519 Other Health Diagnostic and Promotion Professionals,0,1
2025-10,3421 Airconditioning and Refrigeration Mechanics,0,1
2025-10,2346 Medical Laboratory Scientists,0,2
2025-10,2415 Special Education Teachers,0,1
2025-10,2723 Psychologists,1,2
2025-10,3341 Plumbers,0,2
2025-10,2721 Counsellors,0,1
2025-10,4113 Diversional Therapists,0,4
2025-10,2522 Complementary Health Therapists,0,1
2025-10,2523 Dental Practitioners,0,4
2025-10,3211 Automotive Electricians,2,1
2026-05,2613 Software and Applications Programmers,42,46
2026-05,3212 Motor Mechanics,5,27
2026-05,2332 Civil Engineering Professionals,41,64
2026-05,2411 Early Childhood (Pre-primary School) Teachers,62,116
2026-05,2611 ICT Business and Systems Analysts,13,37
2026-05,2211 Accountants,8,41
2026-05,2344 Geologists Geophysicists and Hydrogeologists,0,12
2026-05,"2621 Database and Systems Administrators, and ICT Security Specialists",8,22
2026-05,4117 Welfare Support Workers,0,47
2026-05,"2212 Auditors, Company Secretaries and Corporate Treasurers",4,5
2026-05,2345 Life Scientists,8,10
2026-05,"2335 Industrial, Mechanical and Production Engineers",19,33
2026-05,2339 Other Engineering Professionals,10,41
2026-05,2341 Agricultural and Forestry Scientists,5,7
2026-05,2544 Registered Nurses,141,144
2026-05,3513 Chefs,21,87
2026-05,2334 Electronics Engineers,4,13
2026-05,3232 Metal Fitters and Machinists,6,12
2026-05,3114 Science Technicians,0,9
2026-05,2631 Computer Network Professionals,4,21
2026-05,4116 Massage Therapists,0,2
2026-05,"2342 Chemists, and Food and Wine Scientists",4,1
2026-05,2713 Solicitors,1,4
2026-05,1311 Advertising and Sales Managers,0,1
2026-05,1322 Finance Managers,0,1
2026-05,"3121 Architectural, Building and Surveying Technicians",0,40
2026-05,2331 Chemical and Materials Engineers,1,8
2026-05,2251 Advertising and Marketing Professionals,0,14
2026-05,2254 Technical Sales Representatives,0,1
2026-05,3123 Electrical Engineering Draftspersons and Technicians,3,10
2026-05,2231 Human Resource Professionals,0,5
2026-05,3514 Cooks,0,39
2026-05,2333 Electrical Engineers,6,19
2026-05,2223 Financial Investment Advisers and Managers,0,2
2026-05,2321 Architects and Landscape Architects,11,14
2026-05,3112 Medical Technicians,0,36
2026-05,2531 General Practitioners and Resident Medical officers,23,30
2026-05,3113 Primary Products Inspectors,0,2
2026-05,1335 Production Managers,0,5
2026-05,2515 Pharmacists,0,49
2026-05,1351 ICT Managers,0,5
2026-05,2247 Management and Organisation Analysts,3,4
2026-05,2347 Veterinarians,2,3
2026-05,2414 Secondary School Teachers,24,32
2026-05,1341 Child Care Centre Managers,0,1
2026-05,3125 Mechanical Engineering Draftspersons and Technicians,0,7
2026-05,6112 Insurance Agents,0,4
2026-05,2412 Primary School Teachers,0,44
2026-05,"2241 Actuaries, Mathematicians and Statisticians",4,5
2026-05,3331 Glaziers,1,1
2026-05,2421 University Lecturers and Tutors,2,2
2026-05,1411 Cafe and Restaurant Managers,0,58
2026-05,2633 Telecommunications Engineering Professionals,2,2
2026-05,3511 Bakers and Pastrycooks,0,3
2026-05,1332 Engineering Managers,2,3
2026-05,"1499 Other Hospitality, Retail and Service Managers",0,1
2026-05,3122 Civil Engineering Draftspersons and Technicians,32,54
2026-05,1399 Other Specialist Managers,1,5
2026-05,"5111 Contract, Program and Project Administrators",0,24
2026-05,2322 Cartographers and Surveyors,4,15
2026-05,2245 Land Economists and Valuers,1,2
2026-05,2336 Mining Engineers,3,11
2026-05,2612 Multimedia Specialists and Web Developers,0,4
2026-05,3223 Structural Steel and Welding Trades Workers,13,40
2026-05,2349 Other Natural and Physical Science Professionals,0,2
2026-05,2326 Urban and Regional Planners,0,15
2026-05,2632 ICT Support and Test Engineers,0,17
2026-05,2325 Interior Designers,0,1
2026-05,1331 Construction Managers,26,46
2026-05,3613 Veterinary Nurses,0,9
2026-05,2343 Environmental Scientists,5,8
2026-05,3132 Telecommunications Technical Specialists,2,5
2026-05,3312 Carpenters and Joiners,62,129
2026-05,1334 Manufacturers,0,1
2026-05,2725 Social Workers,8,17
2026-05,1413 Hotel and Motel Managers,0,19
2026-05,2249 Other Information and Organisation Professionals,0,17
2026-05,3322 Painting Trades Workers,35,96
2026-05,3423 Electronics Trades Workers,1,1
2026-05,2493 Teachers of English to Speakers of Other Languages,0,7
2026-05,2124 Journalists and Other Writers,0,3
2026-05,1212 Crop Farmers,0,7
2026-05,3941 Cabinetmakers,3,4
2026-05,2243 Economists,2,1
2026-05,3311 Bricklayers and Stonemasons,5,32
2026-05,"2726 Welfare, Recreation and Community Arts Workers",0,6
2026-05,1342 Health and Welfare Services Managers,0,27
2026-05,1324 Policy and Planning Managers,0,3
2026-05,3231 Aircraft Maintenance Engineers,0,4
2026-05,2221 Financial Brokers,0,1
2026-05,2539 Other Medical Practitioners,17,7
2026-05,3111 Agricultural Technicians,0,20
2026-05,4114 Enrolled and Mothercraft Nurses,0,55
2026-05,3411 Electricians,4,18
2026-05,2525 Physiotherapists,13,10
2026-05,1494 Transport Services Managers,0,2
2026-05,2512 Medical Imaging Professionals,3,4
2026-05,3131 ICT Support Technicians,0,10
2026-05,3911 Hairdressers,0,2
2026-05,3222 Sheetmetal Trades Workers,1,3
2026-05,2513 Occupational and Environmental Health Professionals,0,7
2026-05,2527 Speech Professionals and Audiologists,9,5
2026-05,"2242 Archivists, Curators and Records Managers",0,1
2026-05,3129 Other Building and Engineering Technicians,0,15
2026-05,2492 Private Tutors and Teachers,0,1
2026-05,2524 Occupational Therapists,14,11
2026-05,2519 Other Health Diagnostic and Promotion Professionals,0,11
2026-05,3421 Airconditioning and Refrigeration Mechanics,0,3
2026-05,4517 Travel Attendants,0,1
2026-05,2346 Medical Laboratory Scientists,3,1
2026-05,2415 Special Education Teachers,2,1
2026-05,1493 Conference and Event Organisers,0,1
2026-05,2712 Judicial and Other Legal Professionals,0,3
2026-05,2723 Psychologists,9,11
2026-05,2422 Vocational Education Teachers (Aus) / Polytechnic Teachers (NZ),0,1
2026-05,4111 Ambulance Officers and Paramedics,0,2
2026-05,"4112 Dental Hygienists, Technicians and Therapists",0,3
2026-05,3341 Plumbers,4,14
2026-05,2511 Dietitians,0,2
2026-05,2244 Intelligence and Policy Analysts,0,2
2026-05,1214 Mixed Crop and Livestock Farmers,0,1
2026-05,3424 Telecommunications Trades Workers,0,2
2026-05,2721 Counsellors,0,18
2026-05,3991 Boat Builders and Shipwrights,0,1
2026-05,4113 Diversional Therapists,0,7
2026-05,2533 Internal Medicine Specialists,4,0
2026-05,3332 Plasterers,0,1
2026-05,3334 Wall and Floor Tilers,5,12
2026-05,2413 Middle School Teachers (Aus) / Intermediate School Teachers (NZ),0,1
2026-05,2522 Complementary Health Therapists,0,2
2026-05,2523 Dental Practitioners,0,10
2026-05,1343 School Principals,0,1
2026-05,3211 Automotive Electricians,3,10
2026-05,1211 Aquaculture Farmers,0,1
2026-05,2514 Optometrists and Orthoptists,0,1
2026-05,3422 Electrical Distribution Trades Workers,0,1
2026-05,2526 Podiatrists,1,1
2026-05,3333 Roof Tilers,0,1
2026-05,1412 Caravan Park and Camping Ground Managers,0,2
2026-04,2613 Software and Applications Programmers,44,78
2026-04,3212 Motor Mechanics,6,16
2026-04,2332 Civil Engineering Professionals,50,43
2026-04,2411 Early Childhood (Pre-primary School) Teachers,63,104
2026-04,2611 ICT Business and Systems Analysts,21,65
2026-04,2211 Accountants,14,55
2026-04,2344 Geologists Geophysicists and Hydrogeologists,0,3
2026-04,"2621 Database and Systems Administrators, and ICT Security Specialists",5,13
2026-04,4117 Welfare Support Workers,0,61
2026-04,"2212 Auditors, Company Secretaries and Corporate Treasurers",3,8
2026-04,2345 Life Scientists,4,5
2026-04,"2335 Industrial, Mechanical and Production Engineers",11,25
2026-04,2339 Other Engineering Professionals,17,33
2026-04,2341 Agricultural and Forestry Scientists,1,6
2026-04,2544 Registered Nurses,144,152
2026-04,3513 Chefs,24,106
2026-04,2334 Electronics Engineers,4,6
2026-04,3232 Metal Fitters and Machinists,2,15
2026-04,3114 Science Technicians,0,4
2026-04,"2324 Graphic and Web Designers, and Illustrators",0,4
2026-04,2631 Computer Network Professionals,5,14
2026-04,4116 Massage Therapists,0,3
2026-04,"2342 Chemists, and Food and Wine Scientists",4,6
2026-04,2713 Solicitors,4,2
2026-04,1311 Advertising and Sales Managers,0,3
2026-04,1322 Finance Managers,0,4
2026-04,"3121 Architectural, Building and Surveying Technicians",0,43
2026-04,2331 Chemical and Materials Engineers,5,2
2026-04,2251 Advertising and Marketing Professionals,0,26
2026-04,2254 Technical Sales Representatives,0,1
2026-04,3123 Electrical Engineering Draftspersons and Technicians,1,2
2026-04,2231 Human Resource Professionals,0,5
2026-04,6392 Retail and Wool Buyers,0,1
2026-04,3514 Cooks,0,33
2026-04,2333 Electrical Engineers,13,10
2026-04,2223 Financial Investment Advisers and Managers,0,7
2026-04,2321 Architects and Landscape Architects,10,17
2026-04,3112 Medical Technicians,0,20
2026-04,2531 General Practitioners and Resident Medical officers,27,31
2026-04,1323 Human Resource Managers,0,1
2026-04,3113 Primary Products Inspectors,0,3
2026-04,1335 Production Managers,0,3
2026-04,2515 Pharmacists,0,30
2026-04,1351 ICT Managers,0,2
2026-04,2247 Management and Organisation Analysts,2,1
2026-04,2347 Veterinarians,10,4
2026-04,2414 Secondary School Teachers,23,19
2026-04,1341 Child Care Centre Managers,0,1
2026-04,3125 Mechanical Engineering Draftspersons and Technicians,0,6
2026-04,2412 Primary School Teachers,0,20
2026-04,"2241 Actuaries, Mathematicians and Statisticians",5,4
2026-04,3331 Glaziers,0,1
2026-04,2421 University Lecturers and Tutors,5,8
2026-04,1411 Cafe and Restaurant Managers,0,23
2026-04,2633 Telecommunications Engineering Professionals,0,1
2026-04,3511 Bakers and Pastrycooks,0,3
2026-04,1332 Engineering Managers,0,4
2026-04,3122 Civil Engineering Draftspersons and Technicians,30,46
2026-04,1399 Other Specialist Managers,0,2
2026-04,"5111 Contract, Program and Project Administrators",0,18
2026-04,2322 Cartographers and Surveyors,5,9
2026-04,1325 Research and Development Managers,0,4
2026-04,2245 Land Economists and Valuers,4,1
2026-04,2252 ICT Sales Professionals,0,1
2026-04,2336 Mining Engineers,1,4
2026-04,2612 Multimedia Specialists and Web Developers,1,5
2026-04,3223 Structural Steel and Welding Trades Workers,8,36
2026-04,2349 Other Natural and Physical Science Professionals,2,2
2026-04,2326 Urban and Regional Planners,0,18
2026-04,2632 ICT Support and Test Engineers,0,21
2026-04,2325 Interior Designers,0,1
2026-04,1331 Construction Managers,16,42
2026-04,3613 Veterinary Nurses,0,8
2026-04,2343 Environmental Scientists,2,4
2026-04,3132 Telecommunications Technical Specialists,1,8
2026-04,3312 Carpenters and Joiners,58,135
2026-04,1334 Manufacturers,0,4
2026-04,2725 Social Workers,21,30
2026-04,1413 Hotel and Motel Managers,0,10
2026-04,2249 Other Information and Organisation Professionals,0,17
2026-04,3322 Painting Trades Workers,30,88
2026-04,3423 Electronics Trades Workers,3,0
2026-04,2521 Chiropractors and Osteopaths,2,0
2026-04,2493 Teachers of English to Speakers of Other Languages,0,3
2026-04,2124 Journalists and Other Writers,0,2
2026-04,3941 Cabinetmakers,4,7
2026-04,2243 Economists,0,1
2026-04,3311 Bricklayers and Stonemasons,2,16
2026-04,"2726 Welfare, Recreation and Community Arts Workers",0,10
2026-04,"2323 Fashion, Industrial and Jewellery Designers",0,1
2026-04,1336 Supply and Distribution Managers,0,2
2026-04,1342 Health and Welfare Services Managers,0,3
2026-04,3231 Aircraft Maintenance Engineers,0,6
2026-04,1492 Call or Contact Centre and Customer Service Managers,0,1
2026-04,2539 Other Medical Practitioners,20,5
2026-04,1419 Other Accommodation and Hospitality Managers,0,1
2026-04,3111 Agricultural Technicians,0,2
2026-04,2724 Social Professionals,0,1
2026-04,4114 Enrolled and Mothercraft Nurses,0,65
2026-04,3411 Electricians,12,18
2026-04,2525 Physiotherapists,9,6
2026-04,2253 Public Relations Professionals,0,1
2026-04,2512 Medical Imaging Professionals,8,9
2026-04,3131 ICT Support Technicians,0,4
2026-04,3911 Hairdressers,0,1
2026-04,2513 Occupational and Environmental Health Professionals,0,6
2026-04,2527 Speech Professionals and Audiologists,15,10
2026-04,3129 Other Building and Engineering Technicians,0,10
2026-04,2524 Occupational Therapists,10,11
2026-04,2519 Other Health Diagnostic and Promotion Professionals,0,10
2026-04,3421 Airconditioning and Refrigeration Mechanics,0,1
2026-04,2346 Medical Laboratory Scientists,0,4
2026-04,2415 Special Education Teachers,1,1
2026-04,1493 Conference and Event Organisers,0,4
2026-04,2712 Judicial and Other Legal Professionals,0,2
2026-04,2222 Financial Dealers,0,1
2026-04,2723 Psychologists,6,12
2026-04,2422 Vocational Education Teachers (Aus) / Polytechnic Teachers (NZ),0,1
2026-04,3126 Safety Inspectors,0,1
2026-04,4111 Ambulance Officers and Paramedics,0,1
2026-04,2541 Midwives,3,0
2026-04,3341 Plumbers,1,12
2026-04,2511 Dietitians,0,7
2026-04,2721 Counsellors,0,16
2026-04,"1491 Amusement, Fitness and Sports Centre Managers",0,1
2026-04,3991 Boat Builders and Shipwrights,0,1
2026-04,4113 Diversional Therapists,0,3
2026-04,2533 Internal Medicine Specialists,0,1
2026-04,3332 Plasterers,0,2
2026-04,3334 Wall and Floor Tilers,3,12
2026-04,2522 Complementary Health Therapists,0,4
2026-04,2523 Dental Practitioners,0,1
2026-04,1343 School Principals,0,1
2026-04,3211 Automotive Electricians,0,2
2026-04,2534 Psychiatrists,1,0
2026-04,3333 Roof Tilers,0,2
2026-04,3321 Floor Finishers,0,2
2026-03,2613 Software and Applications Programmers,55,78
2026-03,3212 Motor Mechanics,16,18
2026-03,2332 Civil Engineering Professionals,29,56
2026-03,2411 Early Childhood (Pre-primary School) Teachers,25,83
2026-03,2611 ICT Business and Systems Analysts,31,51
2026-03,2211 Accountants,10,66
2026-03,2344 Geologists Geophysicists and Hydrogeologists,0,7
2026-03,"2621 Database and Systems Administrators, and ICT Security Specialists",15,30
2026-03,4117 Welfare Support Workers,0,39
2026-03,"2212 Auditors, Company Secretaries and Corporate Treasurers",4,12
2026-03,2345 Life Scientists,3,2
2026-03,"2335 Industrial, Mechanical and Production Engineers",27,32
2026-03,2339 Other Engineering Professionals,11,44
2026-03,2341 Agricultural and Forestry Scientists,1,5
2026-03,2544 Registered Nurses,120,158
2026-03,3513 Chefs,25,122
2026-03,2334 Electronics Engineers,4,14
2026-03,3232 Metal Fitters and Machinists,7,12
2026-03,3114 Science Technicians,0,4
2026-03,3622 Gardeners,0,1
2026-03,"2324 Graphic and Web Designers, and Illustrators",0,6
2026-03,2631 Computer Network Professionals,5,15
2026-03,4116 Massage Therapists,0,3
2026-03,"2342 Chemists, and Food and Wine Scientists",2,6
2026-03,2713 Solicitors,1,2
2026-03,1311 Advertising and Sales Managers,0,1
2026-03,"3121 Architectural, Building and Surveying Technicians",0,37
2026-03,2331 Chemical and Materials Engineers,2,5
2026-03,2251 Advertising and Marketing Professionals,0,28
2026-03,3123 Electrical Engineering Draftspersons and Technicians,0,2
2026-03,2231 Human Resource Professionals,0,9
2026-03,6392 Retail and Wool Buyers,0,1
2026-03,3514 Cooks,0,15
2026-03,2333 Electrical Engineers,14,20
2026-03,2223 Financial Investment Advisers and Managers,0,14
2026-03,2321 Architects and Landscape Architects,11,13
2026-03,3112 Medical Technicians,0,12
2026-03,2531 General Practitioners and Resident Medical officers,31,34
2026-03,3113 Primary Products Inspectors,0,1
2026-03,1335 Production Managers,0,4
2026-03,2515 Pharmacists,0,39
2026-03,1351 ICT Managers,0,5
2026-03,2247 Management and Organisation Analysts,1,4
2026-03,2347 Veterinarians,4,1
2026-03,2414 Secondary School Teachers,31,31
2026-03,1341 Child Care Centre Managers,1,0
2026-03,3125 Mechanical Engineering Draftspersons and Technicians,0,1
2026-03,6112 Insurance Agents,0,1
2026-03,2412 Primary School Teachers,0,23
2026-03,"2241 Actuaries, Mathematicians and Statisticians",2,5
2026-03,2421 University Lecturers and Tutors,13,11
2026-03,1411 Cafe and Restaurant Managers,0,46
2026-03,2633 Telecommunications Engineering Professionals,3,6
2026-03,3511 Bakers and Pastrycooks,0,4
2026-03,1332 Engineering Managers,1,4
2026-03,"1499 Other Hospitality, Retail and Service Managers",0,1
2026-03,3122 Civil Engineering Draftspersons and Technicians,17,34
2026-03,1399 Other Specialist Managers,0,2
2026-03,"5111 Contract, Program and Project Administrators",0,14
2026-03,2322 Cartographers and Surveyors,4,4
2026-03,1325 Research and Development Managers,0,1
2026-03,2245 Land Economists and Valuers,1,1
2026-03,2252 ICT Sales Professionals,0,2
2026-03,2336 Mining Engineers,1,6
2026-03,2612 Multimedia Specialists and Web Developers,2,3
2026-03,3223 Structural Steel and Welding Trades Workers,6,14
2026-03,2349 Other Natural and Physical Science Professionals,0,3
2026-03,1321 Corporate Services Managers,0,1
2026-03,2326 Urban and Regional Planners,0,16
2026-03,2632 ICT Support and Test Engineers,0,32
2026-03,2325 Interior Designers,0,1
2026-03,1331 Construction Managers,18,43
2026-03,3613 Veterinary Nurses,0,1
2026-03,2343 Environmental Scientists,3,9
2026-03,3132 Telecommunications Technical Specialists,2,3
2026-03,3312 Carpenters and Joiners,61,130
2026-03,1334 Manufacturers,0,2
2026-03,2725 Social Workers,19,9
2026-03,1413 Hotel and Motel Managers,0,12
2026-03,2249 Other Information and Organisation Professionals,0,23
2026-03,3322 Painting Trades Workers,61,151
2026-03,3423 Electronics Trades Workers,3,1
2026-03,2521 Chiropractors and Osteopaths,0,1
2026-03,2493 Teachers of English to Speakers of Other Languages,0,3
2026-03,2124 Journalists and Other Writers,0,3
2026-03,1212 Crop Farmers,0,4
2026-03,3941 Cabinetmakers,5,7
2026-03,3311 Bricklayers and Stonemasons,6,22
2026-03,"2726 Welfare, Recreation and Community Arts Workers",0,10
2026-03,"2323 Fashion, Industrial and Jewellery Designers",0,1
2026-03,1336 Supply and Distribution Managers,0,3
2026-03,1342 Health and Welfare Services Managers,1,4
2026-03,3231 Aircraft Maintenance Engineers,0,6
2026-03,1492 Call or Contact Centre and Customer Service Managers,0,3
2026-03,2221 Financial Brokers,0,5
2026-03,2539 Other Medical Practitioners,13,3
2026-03,3111 Agricultural Technicians,0,3
2026-03,2724 Social Professionals,0,7
2026-03,4114 Enrolled and Mothercraft Nurses,0,86
2026-03,3411 Electricians,19,21
2026-03,2525 Physiotherapists,15,6
2026-03,2512 Medical Imaging Professionals,8,4
2026-03,3131 ICT Support Technicians,0,2
2026-03,3911 Hairdressers,0,2
2026-03,3222 Sheetmetal Trades Workers,0,1
2026-03,2513 Occupational and Environmental Health Professionals,0,3
2026-03,2527 Speech Professionals and Audiologists,7,9
2026-03,1213 Livestock Farmers,0,1
2026-03,"2242 Archivists, Curators and Records Managers",0,1
2026-03,3129 Other Building and Engineering Technicians,0,16
2026-03,2492 Private Tutors and Teachers,0,1
2026-03,2524 Occupational Therapists,15,5
2026-03,2519 Other Health Diagnostic and Promotion Professionals,1,2
2026-03,3421 Airconditioning and Refrigeration Mechanics,1,4
2026-03,4517 Travel Attendants,0,1
2026-03,2346 Medical Laboratory Scientists,1,4
2026-03,2415 Special Education Teachers,4,3
2026-03,1493 Conference and Event Organisers,0,2
2026-03,2723 Psychologists,4,8
2026-03,2422 Vocational Education Teachers (Aus) / Polytechnic Teachers (NZ),0,2
2026-03,4111 Ambulance Officers and Paramedics,0,3
2026-03,2113 Photographers,0,1
2026-03,2312 Marine Transport Professionals,0,1
2026-03,"4112 Dental Hygienists, Technicians and Therapists",0,1
2026-03,2541 Midwives,5,3
2026-03,3341 Plumbers,5,11
2026-03,2491 Education Advisers and Reviewers,0,1
2026-03,2511 Dietitians,0,4
2026-03,"3992 Chemical, Gas, Petroleum and Power Generation Plant Operators",0,1
2026-03,3424 Telecommunications Trades Workers,0,3
2026-03,2721 Counsellors,0,13
2026-03,4113 Diversional Therapists,0,2
2026-03,2533 Internal Medicine Specialists,3,2
2026-03,3332 Plasterers,3,3
2026-03,3334 Wall and Floor Tilers,11,22
2026-03,2523 Dental Practitioners,0,2
2026-03,2534 Psychiatrists,2,0
2026-03,2514 Optometrists and Orthoptists,2,2
2026-03,2535 Surgeons,1,1
2026-03,2526 Podiatrists,0,3
2026-03,3333 Roof Tilers,0,1
2026-03,3321 Floor Finishers,0,1
