OccGroup,Score,DoEMonth,n
2613 Software and Applications Programmers,65,2026-09,7
2613 Software and Applications Programmers,65,2026-08,414
2613 Software and Applications Programmers,65,2026-07,379
2613 Software and Applications Programmers,65,2026-06,402
2613 Software and Applications Programmers,65,2024-09,36
2613 Software and Applications Programmers,65,2026-05,287
2613 Software and Applications Programmers,65,2024-10,75
2613 Software and Applications Programmers,65,2024-12,109
2613 Software and Applications Programmers,65,2024-11,75
2613 Software and Applications Programmers,65,2025-01,86
2613 Software and Applications Programmers,65,2025-03,107
2613 Software and Applications Programmers,65,2025-02,82
2613 Software and Applications Programmers,65,2025-04,106
2613 Software and Applications Programmers,65,2025-05,145
2613 Software and Applications Programmers,65,2025-06,153
2613 Software and Applications Programmers,65,2025-07,153
2613 Software and Applications Programmers,65,2025-08,214
2613 Software and Applications Programmers,65,2025-09,177
2613 Software and Applications Programmers,65,2025-10,228
2613 Software and Applications Programmers,65,2025-12,180
2613 Software and Applications Programmers,65,2026-04,251
2613 Software and Applications Programmers,65,2025-11,242
2613 Software and Applications Programmers,65,2026-01,280
2613 Software and Applications Programmers,65,2026-02,233
2613 Software and Applications Programmers,65,2026-03,221
2613 Software and Applications Programmers,75,2026-09,54
2613 Software and Applications Programmers,75,2026-08,723
2613 Software and Applications Programmers,75,2026-07,597
2613 Software and Applications Programmers,75,2026-06,512
2613 Software and Applications Programmers,75,2024-09,68
2613 Software and Applications Programmers,75,2026-05,456
2613 Software and Applications Programmers,75,2024-10,51
2613 Software and Applications Programmers,75,2024-12,83
2613 Software and Applications Programmers,75,2024-11,116
2613 Software and Applications Programmers,75,2025-01,120
2613 Software and Applications Programmers,75,2025-03,164
2613 Software and Applications Programmers,75,2025-02,122
2613 Software and Applications Programmers,75,2025-04,117
2613 Software and Applications Programmers,75,2025-05,195
2613 Software and Applications Programmers,75,2025-06,193
2613 Software and Applications Programmers,75,2025-07,208
2613 Software and Applications Programmers,75,2025-08,340
2613 Software and Applications Programmers,75,2025-09,353
2613 Software and Applications Programmers,75,2025-10,331
2613 Software and Applications Programmers,75,2025-12,294
2613 Software and Applications Programmers,75,2026-04,358
2613 Software and Applications Programmers,75,2025-11,346
2613 Software and Applications Programmers,75,2026-01,311
2613 Software and Applications Programmers,75,2026-02,339
2613 Software and Applications Programmers,75,2026-03,365
2613 Software and Applications Programmers,70,2026-09,13
2613 Software and Applications Programmers,70,2026-08,508
2613 Software and Applications Programmers,70,2026-07,484
2613 Software and Applications Programmers,70,2026-06,407
2613 Software and Applications Programmers,70,2024-09,43
2613 Software and Applications Programmers,70,2026-05,389
2613 Software and Applications Programmers,70,2024-10,51
2613 Software and Applications Programmers,70,2024-12,96
2613 Software and Applications Programmers,70,2024-11,78
2613 Software and Applications Programmers,70,2025-01,71
2613 Software and Applications Programmers,70,2025-03,118
2613 Software and Applications Programmers,70,2025-02,99
2613 Software and Applications Programmers,70,2025-04,83
2613 Software and Applications Programmers,70,2025-05,155
2613 Software and Applications Programmers,70,2025-06,161
2613 Software and Applications Programmers,70,2025-07,203
2613 Software and Applications Programmers,70,2025-08,241
2613 Software and Applications Programmers,70,2025-09,258
2613 Software and Applications Programmers,70,2025-10,290
2613 Software and Applications Programmers,70,2025-12,303
2613 Software and Applications Programmers,70,2026-04,362
2613 Software and Applications Programmers,70,2025-11,324
2613 Software and Applications Programmers,70,2026-01,294
2613 Software and Applications Programmers,70,2026-02,272
2613 Software and Applications Programmers,70,2026-03,313
2613 Software and Applications Programmers,80,2026-09,20
2613 Software and Applications Programmers,80,2026-08,603
2613 Software and Applications Programmers,80,2026-07,533
2613 Software and Applications Programmers,80,2026-06,434
2613 Software and Applications Programmers,80,2024-09,42
2613 Software and Applications Programmers,80,2026-05,418
2613 Software and Applications Programmers,80,2024-10,25
2613 Software and Applications Programmers,80,2024-12,59
2613 Software and Applications Programmers,80,2024-11,56
2613 Software and Applications Programmers,80,2025-01,81
2613 Software and Applications Programmers,80,2025-03,93
2613 Software and Applications Programmers,80,2025-02,99
2613 Software and Applications Programmers,80,2025-04,127
2613 Software and Applications Programmers,80,2025-05,163
2613 Software and Applications Programmers,80,2025-06,176
2613 Software and Applications Programmers,80,2025-07,167
2613 Software and Applications Programmers,80,2025-08,251
2613 Software and Applications Programmers,80,2025-09,286
2613 Software and Applications Programmers,80,2025-10,313
2613 Software and Applications Programmers,80,2025-12,284
2613 Software and Applications Programmers,80,2026-04,408
2613 Software and Applications Programmers,80,2025-11,361
2613 Software and Applications Programmers,80,2026-01,368
2613 Software and Applications Programmers,80,2026-02,349
2613 Software and Applications Programmers,80,2026-03,379
2613 Software and Applications Programmers,95,2026-09,15
2613 Software and Applications Programmers,95,2026-08,338
2613 Software and Applications Programmers,95,2026-07,322
2613 Software and Applications Programmers,95,2026-06,261
2613 Software and Applications Programmers,95,2024-09,5
2613 Software and Applications Programmers,95,2026-05,248
2613 Software and Applications Programmers,95,2024-10,9
2613 Software and Applications Programmers,95,2024-12,30
2613 Software and Applications Programmers,95,2024-11,11
2613 Software and Applications Programmers,95,2025-01,32
2613 Software and Applications Programmers,95,2025-03,34
2613 Software and Applications Programmers,95,2025-02,47
2613 Software and Applications Programmers,95,2025-04,69
2613 Software and Applications Programmers,95,2025-05,92
2613 Software and Applications Programmers,95,2025-06,92
2613 Software and Applications Programmers,95,2025-07,120
2613 Software and Applications Programmers,95,2025-08,161
2613 Software and Applications Programmers,95,2025-09,155
2613 Software and Applications Programmers,95,2025-10,149
2613 Software and Applications Programmers,95,2025-12,189
2613 Software and Applications Programmers,95,2026-04,209
2613 Software and Applications Programmers,95,2025-11,170
2613 Software and Applications Programmers,95,2026-01,231
2613 Software and Applications Programmers,95,2026-02,221
2613 Software and Applications Programmers,95,2026-03,205
2613 Software and Applications Programmers,90,2026-09,32
2613 Software and Applications Programmers,90,2026-08,579
2613 Software and Applications Programmers,90,2026-07,453
2613 Software and Applications Programmers,90,2026-06,418
2613 Software and Applications Programmers,90,2024-09,13
2613 Software and Applications Programmers,90,2026-05,557
2613 Software and Applications Programmers,90,2024-10,24
2613 Software and Applications Programmers,90,2024-12,75
2613 Software and Applications Programmers,90,2024-11,68
2613 Software and Applications Programmers,90,2025-01,109
2613 Software and Applications Programmers,90,2025-03,117
2613 Software and Applications Programmers,90,2025-02,87
2613 Software and Applications Programmers,90,2025-04,155
2613 Software and Applications Programmers,90,2025-05,180
2613 Software and Applications Programmers,90,2025-06,195
2613 Software and Applications Programmers,90,2025-07,190
2613 Software and Applications Programmers,90,2025-08,290
2613 Software and Applications Programmers,90,2025-09,360
2613 Software and Applications Programmers,90,2025-10,378
2613 Software and Applications Programmers,90,2025-12,338
2613 Software and Applications Programmers,90,2026-04,401
2613 Software and Applications Programmers,90,2025-11,348
2613 Software and Applications Programmers,90,2026-01,422
2613 Software and Applications Programmers,90,2026-02,376
2613 Software and Applications Programmers,90,2026-03,367
2613 Software and Applications Programmers,85,2026-09,22
2613 Software and Applications Programmers,85,2026-08,539
2613 Software and Applications Programmers,85,2026-07,535
2613 Software and Applications Programmers,85,2026-06,500
2613 Software and Applications Programmers,85,2024-09,16
2613 Software and Applications Programmers,85,2026-05,398
2613 Software and Applications Programmers,85,2024-10,27
2613 Software and Applications Programmers,85,2024-12,51
2613 Software and Applications Programmers,85,2024-11,47
2613 Software and Applications Programmers,85,2025-01,79
2613 Software and Applications Programmers,85,2025-03,110
2613 Software and Applications Programmers,85,2025-02,68
2613 Software and Applications Programmers,85,2025-04,117
2613 Software and Applications Programmers,85,2025-05,133
2613 Software and Applications Programmers,85,2025-06,145
2613 Software and Applications Programmers,85,2025-07,221
2613 Software and Applications Programmers,85,2025-08,226
2613 Software and Applications Programmers,85,2025-09,241
2613 Software and Applications Programmers,85,2025-10,319
2613 Software and Applications Programmers,85,2025-12,269
2613 Software and Applications Programmers,85,2026-04,402
2613 Software and Applications Programmers,85,2025-11,281
2613 Software and Applications Programmers,85,2026-01,339
2613 Software and Applications Programmers,85,2026-02,366
2613 Software and Applications Programmers,85,2026-03,406
2613 Software and Applications Programmers,55,2026-09,2
2613 Software and Applications Programmers,55,2026-08,48
2613 Software and Applications Programmers,55,2026-07,67
2613 Software and Applications Programmers,55,2026-06,36
2613 Software and Applications Programmers,55,2024-09,5
2613 Software and Applications Programmers,55,2026-05,54
2613 Software and Applications Programmers,55,2024-10,6
2613 Software and Applications Programmers,55,2024-12,6
2613 Software and Applications Programmers,55,2024-11,6
2613 Software and Applications Programmers,55,2025-01,11
2613 Software and Applications Programmers,55,2025-03,18
2613 Software and Applications Programmers,55,2025-02,9
2613 Software and Applications Programmers,55,2025-04,16
2613 Software and Applications Programmers,55,2025-05,17
2613 Software and Applications Programmers,55,2025-06,16
2613 Software and Applications Programmers,55,2025-07,13
2613 Software and Applications Programmers,55,2025-08,25
2613 Software and Applications Programmers,55,2025-09,44
2613 Software and Applications Programmers,55,2025-10,40
2613 Software and Applications Programmers,55,2025-12,44
2613 Software and Applications Programmers,55,2026-04,25
2613 Software and Applications Programmers,55,2025-11,36
2613 Software and Applications Programmers,55,2026-01,37
2613 Software and Applications Programmers,55,2026-02,24
2613 Software and Applications Programmers,55,2026-03,38
2613 Software and Applications Programmers,60,2026-09,7
2613 Software and Applications Programmers,60,2026-08,134
2613 Software and Applications Programmers,60,2026-07,108
2613 Software and Applications Programmers,60,2026-06,124
2613 Software and Applications Programmers,60,2024-09,9
2613 Software and Applications Programmers,60,2026-05,99
2613 Software and Applications Programmers,60,2024-10,14
2613 Software and Applications Programmers,60,2024-12,20
2613 Software and Applications Programmers,60,2024-11,7
2613 Software and Applications Programmers,60,2025-01,13
2613 Software and Applications Programmers,60,2025-03,14
2613 Software and Applications Programmers,60,2025-02,21
2613 Software and Applications Programmers,60,2025-04,26
2613 Software and Applications Programmers,60,2025-05,29
2613 Software and Applications Programmers,60,2025-06,62
2613 Software and Applications Programmers,60,2025-07,38
2613 Software and Applications Programmers,60,2025-08,42
2613 Software and Applications Programmers,60,2025-09,53
2613 Software and Applications Programmers,60,2025-10,81
2613 Software and Applications Programmers,60,2025-12,56
2613 Software and Applications Programmers,60,2026-04,102
2613 Software and Applications Programmers,60,2025-11,68
2613 Software and Applications Programmers,60,2026-01,70
2613 Software and Applications Programmers,60,2026-02,84
2613 Software and Applications Programmers,60,2026-03,71
2613 Software and Applications Programmers,50,2026-08,19
2613 Software and Applications Programmers,50,2026-07,35
2613 Software and Applications Programmers,50,2026-06,24
2613 Software and Applications Programmers,50,2026-05,21
2613 Software and Applications Programmers,50,2024-10,5
2613 Software and Applications Programmers,50,2024-12,5
2613 Software and Applications Programmers,50,2024-11,1
2613 Software and Applications Programmers,50,2025-03,6
2613 Software and Applications Programmers,50,2025-02,3
2613 Software and Applications Programmers,50,2025-04,2
2613 Software and Applications Programmers,50,2025-05,8
2613 Software and Applications Programmers,50,2025-06,11
2613 Software and Applications Programmers,50,2025-07,3
2613 Software and Applications Programmers,50,2025-08,9
2613 Software and Applications Programmers,50,2025-09,15
2613 Software and Applications Programmers,50,2025-10,8
2613 Software and Applications Programmers,50,2025-12,20
2613 Software and Applications Programmers,50,2026-04,8
2613 Software and Applications Programmers,50,2025-11,10
2613 Software and Applications Programmers,50,2026-01,6
2613 Software and Applications Programmers,50,2026-02,9
2613 Software and Applications Programmers,50,2026-03,17
2613 Software and Applications Programmers,110,2026-08,3
2613 Software and Applications Programmers,110,2026-07,3
2613 Software and Applications Programmers,110,2026-06,3
2613 Software and Applications Programmers,110,2025-09,1
2613 Software and Applications Programmers,110,2026-04,3
2613 Software and Applications Programmers,110,2026-02,3
2613 Software and Applications Programmers,100,2026-08,136
2613 Software and Applications Programmers,100,2026-07,127
2613 Software and Applications Programmers,100,2026-06,72
2613 Software and Applications Programmers,100,2026-05,110
2613 Software and Applications Programmers,100,2024-10,1
2613 Software and Applications Programmers,100,2024-12,1
2613 Software and Applications Programmers,100,2024-11,2
2613 Software and Applications Programmers,100,2025-01,5
2613 Software and Applications Programmers,100,2025-03,18
2613 Software and Applications Programmers,100,2025-02,4
2613 Software and Applications Programmers,100,2025-04,9
2613 Software and Applications Programmers,100,2025-05,31
2613 Software and Applications Programmers,100,2025-06,79
2613 Software and Applications Programmers,100,2025-07,42
2613 Software and Applications Programmers,100,2025-08,31
2613 Software and Applications Programmers,100,2025-09,42
2613 Software and Applications Programmers,100,2025-10,57
2613 Software and Applications Programmers,100,2025-12,79
2613 Software and Applications Programmers,100,2026-04,96
2613 Software and Applications Programmers,100,2025-11,56
2613 Software and Applications Programmers,100,2026-01,86
2613 Software and Applications Programmers,100,2026-02,79
2613 Software and Applications Programmers,100,2026-03,111
2613 Software and Applications Programmers,105,2026-09,3
2613 Software and Applications Programmers,105,2026-08,23
2613 Software and Applications Programmers,105,2026-07,14
2613 Software and Applications Programmers,105,2026-06,23
2613 Software and Applications Programmers,105,2026-05,16
2613 Software and Applications Programmers,105,2025-02,3
2613 Software and Applications Programmers,105,2025-04,1
2613 Software and Applications Programmers,105,2025-05,8
2613 Software and Applications Programmers,105,2025-06,18
2613 Software and Applications Programmers,105,2025-07,1
2613 Software and Applications Programmers,105,2025-08,5
2613 Software and Applications Programmers,105,2025-09,5
2613 Software and Applications Programmers,105,2025-10,6
2613 Software and Applications Programmers,105,2025-12,7
2613 Software and Applications Programmers,105,2026-04,6
2613 Software and Applications Programmers,105,2026-01,12
2613 Software and Applications Programmers,105,2026-02,5
2613 Software and Applications Programmers,105,2026-03,14
2613 Software and Applications Programmers,40,2026-08,2
2613 Software and Applications Programmers,40,2026-06,3
2613 Software and Applications Programmers,40,2025-12,4
2613 Software and Applications Programmers,40,2026-04,1
2613 Software and Applications Programmers,40,2025-11,1
2613 Software and Applications Programmers,40,2026-03,2
2613 Software and Applications Programmers,45,2026-08,3
2613 Software and Applications Programmers,45,2026-07,11
2613 Software and Applications Programmers,45,2026-06,3
2613 Software and Applications Programmers,45,2026-05,3
2613 Software and Applications Programmers,45,2024-11,1
2613 Software and Applications Programmers,45,2025-01,3
2613 Software and Applications Programmers,45,2025-02,5
2613 Software and Applications Programmers,45,2025-04,1
2613 Software and Applications Programmers,45,2025-06,2
2613 Software and Applications Programmers,45,2025-07,2
2613 Software and Applications Programmers,45,2025-08,3
2613 Software and Applications Programmers,45,2025-09,1
2613 Software and Applications Programmers,45,2025-10,2
2613 Software and Applications Programmers,45,2025-12,8
2613 Software and Applications Programmers,45,2026-04,6
2613 Software and Applications Programmers,45,2025-11,3
2613 Software and Applications Programmers,45,2026-01,3
2613 Software and Applications Programmers,45,2026-02,7
2613 Software and Applications Programmers,45,2026-03,5
2613 Software and Applications Programmers,30,2025-04,1
2613 Software and Applications Programmers,30,2026-04,2
2613 Software and Applications Programmers,30,2026-01,6
2613 Software and Applications Programmers,25,2026-06,1
2613 Software and Applications Programmers,25,2024-11,1
2613 Software and Applications Programmers,25,2025-06,1
2613 Software and Applications Programmers,25,2026-04,1
2613 Software and Applications Programmers,120,2025-04,2
2613 Software and Applications Programmers,120,2026-04,2
2613 Software and Applications Programmers,115,2025-07,1
2613 Software and Applications Programmers,115,2026-03,1
2613 Software and Applications Programmers,125,2024-12,1
2613 Software and Applications Programmers,125,2025-01,1
2613 Software and Applications Programmers,125,2026-01,1
2613 Software and Applications Programmers,35,2026-06,1
2613 Software and Applications Programmers,35,2026-02,1
3212 Motor Mechanics,65,2026-09,4
3212 Motor Mechanics,65,2026-08,107
3212 Motor Mechanics,65,2026-07,88
3212 Motor Mechanics,65,2026-06,108
3212 Motor Mechanics,65,2024-08,1
3212 Motor Mechanics,65,2024-09,7
3212 Motor Mechanics,65,2026-05,89
3212 Motor Mechanics,65,2024-10,16
3212 Motor Mechanics,65,2024-12,9
3212 Motor Mechanics,65,2024-11,11
3212 Motor Mechanics,65,2025-01,11
3212 Motor Mechanics,65,2025-03,39
3212 Motor Mechanics,65,2025-02,18
3212 Motor Mechanics,65,2025-04,16
3212 Motor Mechanics,65,2025-05,23
3212 Motor Mechanics,65,2025-06,25
3212 Motor Mechanics,65,2025-07,29
3212 Motor Mechanics,65,2025-08,38
3212 Motor Mechanics,65,2025-09,51
3212 Motor Mechanics,65,2025-10,78
3212 Motor Mechanics,65,2025-12,67
3212 Motor Mechanics,65,2026-04,51
3212 Motor Mechanics,65,2025-11,82
3212 Motor Mechanics,65,2026-01,76
3212 Motor Mechanics,65,2026-02,94
3212 Motor Mechanics,65,2026-03,58
3212 Motor Mechanics,75,2026-09,2
3212 Motor Mechanics,75,2026-08,75
3212 Motor Mechanics,75,2026-07,79
3212 Motor Mechanics,75,2026-06,85
3212 Motor Mechanics,75,2024-08,1
3212 Motor Mechanics,75,2024-09,8
3212 Motor Mechanics,75,2026-05,71
3212 Motor Mechanics,75,2024-10,9
3212 Motor Mechanics,75,2024-12,12
3212 Motor Mechanics,75,2024-11,13
3212 Motor Mechanics,75,2025-01,12
3212 Motor Mechanics,75,2025-03,16
3212 Motor Mechanics,75,2025-02,14
3212 Motor Mechanics,75,2025-04,15
3212 Motor Mechanics,75,2025-05,21
3212 Motor Mechanics,75,2025-06,18
3212 Motor Mechanics,75,2025-07,22
3212 Motor Mechanics,75,2025-08,27
3212 Motor Mechanics,75,2025-09,24
3212 Motor Mechanics,75,2025-10,43
3212 Motor Mechanics,75,2025-12,60
3212 Motor Mechanics,75,2026-04,61
3212 Motor Mechanics,75,2025-11,66
3212 Motor Mechanics,75,2026-01,67
3212 Motor Mechanics,75,2026-02,67
3212 Motor Mechanics,75,2026-03,59
3212 Motor Mechanics,70,2026-08,108
3212 Motor Mechanics,70,2026-07,99
3212 Motor Mechanics,70,2026-06,103
3212 Motor Mechanics,70,2024-09,13
3212 Motor Mechanics,70,2026-05,87
3212 Motor Mechanics,70,2024-10,8
3212 Motor Mechanics,70,2024-12,9
3212 Motor Mechanics,70,2024-11,14
3212 Motor Mechanics,70,2025-01,16
3212 Motor Mechanics,70,2025-03,18
3212 Motor Mechanics,70,2025-02,18
3212 Motor Mechanics,70,2025-04,64
3212 Motor Mechanics,70,2025-05,23
3212 Motor Mechanics,70,2025-06,25
3212 Motor Mechanics,70,2025-07,31
3212 Motor Mechanics,70,2025-08,33
3212 Motor Mechanics,70,2025-09,35
3212 Motor Mechanics,70,2025-10,47
3212 Motor Mechanics,70,2025-12,34
3212 Motor Mechanics,70,2026-04,122
3212 Motor Mechanics,70,2025-11,87
3212 Motor Mechanics,70,2026-01,65
3212 Motor Mechanics,70,2026-02,72
3212 Motor Mechanics,70,2026-03,78
3212 Motor Mechanics,80,2026-09,4
3212 Motor Mechanics,80,2026-08,57
3212 Motor Mechanics,80,2026-07,57
3212 Motor Mechanics,80,2026-06,49
3212 Motor Mechanics,80,2024-09,3
3212 Motor Mechanics,80,2026-05,31
3212 Motor Mechanics,80,2024-10,1
3212 Motor Mechanics,80,2024-12,4
3212 Motor Mechanics,80,2024-11,2
3212 Motor Mechanics,80,2025-01,3
3212 Motor Mechanics,80,2025-03,6
3212 Motor Mechanics,80,2025-02,5
3212 Motor Mechanics,80,2025-04,12
3212 Motor Mechanics,80,2025-05,7
3212 Motor Mechanics,80,2025-06,16
3212 Motor Mechanics,80,2025-07,9
3212 Motor Mechanics,80,2025-08,14
3212 Motor Mechanics,80,2025-09,12
3212 Motor Mechanics,80,2025-10,25
3212 Motor Mechanics,80,2025-12,18
3212 Motor Mechanics,80,2026-04,39
3212 Motor Mechanics,80,2025-11,36
3212 Motor Mechanics,80,2026-01,41
3212 Motor Mechanics,80,2026-02,40
3212 Motor Mechanics,80,2026-03,57
3212 Motor Mechanics,95,2026-08,3
3212 Motor Mechanics,95,2026-07,4
3212 Motor Mechanics,95,2026-06,2
3212 Motor Mechanics,95,2026-05,1
3212 Motor Mechanics,95,2025-03,1
3212 Motor Mechanics,95,2025-07,2
3212 Motor Mechanics,95,2025-08,1
3212 Motor Mechanics,95,2025-09,2
3212 Motor Mechanics,95,2025-10,2
3212 Motor Mechanics,95,2025-12,1
3212 Motor Mechanics,95,2026-04,2
3212 Motor Mechanics,95,2025-11,3
3212 Motor Mechanics,95,2026-02,7
3212 Motor Mechanics,90,2026-08,8
3212 Motor Mechanics,90,2026-07,8
3212 Motor Mechanics,90,2026-06,12
3212 Motor Mechanics,90,2026-05,9
3212 Motor Mechanics,90,2024-12,1
3212 Motor Mechanics,90,2025-03,2
3212 Motor Mechanics,90,2025-02,1
3212 Motor Mechanics,90,2025-04,5
3212 Motor Mechanics,90,2025-05,2
3212 Motor Mechanics,90,2025-06,1
3212 Motor Mechanics,90,2025-07,5
3212 Motor Mechanics,90,2025-08,4
3212 Motor Mechanics,90,2025-09,2
3212 Motor Mechanics,90,2025-10,2
3212 Motor Mechanics,90,2025-12,10
3212 Motor Mechanics,90,2026-04,3
3212 Motor Mechanics,90,2025-11,3
3212 Motor Mechanics,90,2026-01,4
3212 Motor Mechanics,90,2026-02,7
3212 Motor Mechanics,90,2026-03,5
3212 Motor Mechanics,85,2026-09,2
3212 Motor Mechanics,85,2026-08,21
3212 Motor Mechanics,85,2026-07,14
3212 Motor Mechanics,85,2026-06,20
3212 Motor Mechanics,85,2026-05,17
3212 Motor Mechanics,85,2024-10,1
3212 Motor Mechanics,85,2024-12,2
3212 Motor Mechanics,85,2025-01,2
3212 Motor Mechanics,85,2025-03,6
3212 Motor Mechanics,85,2025-02,1
3212 Motor Mechanics,85,2025-04,2
3212 Motor Mechanics,85,2025-05,4
3212 Motor Mechanics,85,2025-06,6
3212 Motor Mechanics,85,2025-07,2
3212 Motor Mechanics,85,2025-08,7
3212 Motor Mechanics,85,2025-09,10
3212 Motor Mechanics,85,2025-10,7
3212 Motor Mechanics,85,2025-12,16
3212 Motor Mechanics,85,2026-04,15
3212 Motor Mechanics,85,2025-11,18
3212 Motor Mechanics,85,2026-01,13
3212 Motor Mechanics,85,2026-02,10
3212 Motor Mechanics,85,2026-03,13
3212 Motor Mechanics,55,2026-09,2
3212 Motor Mechanics,55,2026-08,20
3212 Motor Mechanics,55,2026-07,24
3212 Motor Mechanics,55,2026-06,22
3212 Motor Mechanics,55,2024-09,2
3212 Motor Mechanics,55,2026-05,17
3212 Motor Mechanics,55,2024-10,4
3212 Motor Mechanics,55,2024-12,4
3212 Motor Mechanics,55,2024-11,1
3212 Motor Mechanics,55,2025-01,9
3212 Motor Mechanics,55,2025-03,5
3212 Motor Mechanics,55,2025-02,5
3212 Motor Mechanics,55,2025-04,5
3212 Motor Mechanics,55,2025-05,1
3212 Motor Mechanics,55,2025-06,10
3212 Motor Mechanics,55,2025-07,7
3212 Motor Mechanics,55,2025-08,16
3212 Motor Mechanics,55,2025-09,9
3212 Motor Mechanics,55,2025-10,20
3212 Motor Mechanics,55,2025-12,11
3212 Motor Mechanics,55,2026-04,16
3212 Motor Mechanics,55,2025-11,20
3212 Motor Mechanics,55,2026-01,12
3212 Motor Mechanics,55,2026-02,7
3212 Motor Mechanics,55,2026-03,17
3212 Motor Mechanics,60,2026-09,3
3212 Motor Mechanics,60,2026-08,44
3212 Motor Mechanics,60,2026-07,43
3212 Motor Mechanics,60,2026-06,46
3212 Motor Mechanics,60,2024-09,8
3212 Motor Mechanics,60,2026-05,33
3212 Motor Mechanics,60,2024-10,8
3212 Motor Mechanics,60,2024-12,28
3212 Motor Mechanics,60,2024-11,11
3212 Motor Mechanics,60,2025-01,7
3212 Motor Mechanics,60,2025-03,12
3212 Motor Mechanics,60,2025-02,5
3212 Motor Mechanics,60,2025-04,16
3212 Motor Mechanics,60,2025-05,10
3212 Motor Mechanics,60,2025-06,12
3212 Motor Mechanics,60,2025-07,13
3212 Motor Mechanics,60,2025-08,20
3212 Motor Mechanics,60,2025-09,23
3212 Motor Mechanics,60,2025-10,30
3212 Motor Mechanics,60,2025-12,28
3212 Motor Mechanics,60,2026-04,38
3212 Motor Mechanics,60,2025-11,65
3212 Motor Mechanics,60,2026-01,37
3212 Motor Mechanics,60,2026-02,23
3212 Motor Mechanics,60,2026-03,29
3212 Motor Mechanics,50,2026-08,10
3212 Motor Mechanics,50,2026-07,4
3212 Motor Mechanics,50,2026-06,4
3212 Motor Mechanics,50,2026-05,7
3212 Motor Mechanics,50,2024-12,1
3212 Motor Mechanics,50,2024-11,2
3212 Motor Mechanics,50,2025-01,2
3212 Motor Mechanics,50,2025-03,1
3212 Motor Mechanics,50,2025-02,2
3212 Motor Mechanics,50,2025-04,4
3212 Motor Mechanics,50,2025-05,4
3212 Motor Mechanics,50,2025-06,1
3212 Motor Mechanics,50,2025-07,2
3212 Motor Mechanics,50,2025-08,6
3212 Motor Mechanics,50,2025-09,2
3212 Motor Mechanics,50,2025-10,8
3212 Motor Mechanics,50,2025-12,2
3212 Motor Mechanics,50,2026-04,8
3212 Motor Mechanics,50,2025-11,6
3212 Motor Mechanics,50,2026-01,4
3212 Motor Mechanics,50,2026-02,3
3212 Motor Mechanics,50,2026-03,4
3212 Motor Mechanics,100,2026-02,1
3212 Motor Mechanics,100,2026-03,1
3212 Motor Mechanics,40,2026-07,1
3212 Motor Mechanics,40,2026-05,1
3212 Motor Mechanics,40,2025-02,1
3212 Motor Mechanics,40,2026-01,1
3212 Motor Mechanics,45,2026-08,2
3212 Motor Mechanics,45,2026-07,2
3212 Motor Mechanics,45,2026-06,3
3212 Motor Mechanics,45,2026-05,1
3212 Motor Mechanics,45,2025-01,1
3212 Motor Mechanics,45,2025-03,1
3212 Motor Mechanics,45,2025-09,3
3212 Motor Mechanics,45,2025-10,2
3212 Motor Mechanics,45,2025-12,1
3212 Motor Mechanics,45,2026-04,1
3212 Motor Mechanics,45,2025-11,1
3212 Motor Mechanics,45,2026-01,2
3212 Motor Mechanics,45,2026-02,2
3212 Motor Mechanics,45,2026-03,1
3212 Motor Mechanics,30,2025-11,1
3212 Motor Mechanics,30,2026-02,1
3212 Motor Mechanics,125,2026-07,1
3212 Motor Mechanics,35,2026-01,2
2332 Civil Engineering Professionals,65,2026-09,10
2332 Civil Engineering Professionals,65,2026-08,316
2332 Civil Engineering Professionals,65,2026-07,223
2332 Civil Engineering Professionals,65,2026-06,259
2332 Civil Engineering Professionals,65,2024-09,48
2332 Civil Engineering Professionals,65,2026-05,205
2332 Civil Engineering Professionals,65,2024-10,42
2332 Civil Engineering Professionals,65,2024-12,50
2332 Civil Engineering Professionals,65,2024-11,60
2332 Civil Engineering Professionals,65,2025-01,58
2332 Civil Engineering Professionals,65,2025-03,100
2332 Civil Engineering Professionals,65,2025-02,74
2332 Civil Engineering Professionals,65,2025-04,94
2332 Civil Engineering Professionals,65,2025-05,72
2332 Civil Engineering Professionals,65,2025-06,104
2332 Civil Engineering Professionals,65,2025-07,122
2332 Civil Engineering Professionals,65,2025-08,133
2332 Civil Engineering Professionals,65,2025-09,154
2332 Civil Engineering Professionals,65,2025-10,164
2332 Civil Engineering Professionals,65,2025-12,146
2332 Civil Engineering Professionals,65,2026-04,213
2332 Civil Engineering Professionals,65,2025-11,168
2332 Civil Engineering Professionals,65,2026-01,166
2332 Civil Engineering Professionals,65,2026-02,174
2332 Civil Engineering Professionals,65,2026-03,190
2332 Civil Engineering Professionals,75,2026-09,16
2332 Civil Engineering Professionals,75,2026-08,355
2332 Civil Engineering Professionals,75,2026-07,291
2332 Civil Engineering Professionals,75,2026-06,268
2332 Civil Engineering Professionals,75,2024-09,34
2332 Civil Engineering Professionals,75,2026-05,245
2332 Civil Engineering Professionals,75,2024-10,34
2332 Civil Engineering Professionals,75,2024-12,45
2332 Civil Engineering Professionals,75,2024-11,42
2332 Civil Engineering Professionals,75,2025-01,42
2332 Civil Engineering Professionals,75,2025-03,66
2332 Civil Engineering Professionals,75,2025-02,61
2332 Civil Engineering Professionals,75,2025-04,67
2332 Civil Engineering Professionals,75,2025-05,76
2332 Civil Engineering Professionals,75,2025-06,81
2332 Civil Engineering Professionals,75,2025-07,92
2332 Civil Engineering Professionals,75,2025-08,116
2332 Civil Engineering Professionals,75,2025-09,171
2332 Civil Engineering Professionals,75,2025-10,154
2332 Civil Engineering Professionals,75,2025-12,134
2332 Civil Engineering Professionals,75,2026-04,184
2332 Civil Engineering Professionals,75,2025-11,176
2332 Civil Engineering Professionals,75,2026-01,173
2332 Civil Engineering Professionals,75,2026-02,186
2332 Civil Engineering Professionals,75,2026-03,225
2332 Civil Engineering Professionals,70,2026-09,12
2332 Civil Engineering Professionals,70,2026-08,317
2332 Civil Engineering Professionals,70,2026-07,274
2332 Civil Engineering Professionals,70,2026-06,316
2332 Civil Engineering Professionals,70,2024-09,31
2332 Civil Engineering Professionals,70,2026-05,231
2332 Civil Engineering Professionals,70,2024-10,49
2332 Civil Engineering Professionals,70,2024-12,60
2332 Civil Engineering Professionals,70,2024-11,53
2332 Civil Engineering Professionals,70,2025-01,43
2332 Civil Engineering Professionals,70,2025-03,85
2332 Civil Engineering Professionals,70,2025-02,54
2332 Civil Engineering Professionals,70,2025-04,77
2332 Civil Engineering Professionals,70,2025-05,97
2332 Civil Engineering Professionals,70,2025-06,72
2332 Civil Engineering Professionals,70,2025-07,116
2332 Civil Engineering Professionals,70,2025-08,152
2332 Civil Engineering Professionals,70,2025-09,154
2332 Civil Engineering Professionals,70,2025-10,154
2332 Civil Engineering Professionals,70,2025-12,168
2332 Civil Engineering Professionals,70,2026-04,204
2332 Civil Engineering Professionals,70,2025-11,168
2332 Civil Engineering Professionals,70,2026-01,172
2332 Civil Engineering Professionals,70,2026-02,196
2332 Civil Engineering Professionals,70,2026-03,219
2332 Civil Engineering Professionals,80,2026-09,10
2332 Civil Engineering Professionals,80,2026-08,281
2332 Civil Engineering Professionals,80,2026-07,245
2332 Civil Engineering Professionals,80,2026-06,190
2332 Civil Engineering Professionals,80,2024-09,16
2332 Civil Engineering Professionals,80,2026-05,193
2332 Civil Engineering Professionals,80,2024-10,21
2332 Civil Engineering Professionals,80,2024-12,32
2332 Civil Engineering Professionals,80,2024-11,28
2332 Civil Engineering Professionals,80,2025-01,35
2332 Civil Engineering Professionals,80,2025-03,46
2332 Civil Engineering Professionals,80,2025-02,41
2332 Civil Engineering Professionals,80,2025-04,49
2332 Civil Engineering Professionals,80,2025-05,60
2332 Civil Engineering Professionals,80,2025-06,57
2332 Civil Engineering Professionals,80,2025-07,85
2332 Civil Engineering Professionals,80,2025-08,101
2332 Civil Engineering Professionals,80,2025-09,136
2332 Civil Engineering Professionals,80,2025-10,116
2332 Civil Engineering Professionals,80,2025-12,131
2332 Civil Engineering Professionals,80,2026-04,155
2332 Civil Engineering Professionals,80,2025-11,143
2332 Civil Engineering Professionals,80,2026-01,126
2332 Civil Engineering Professionals,80,2026-02,170
2332 Civil Engineering Professionals,80,2026-03,157
2332 Civil Engineering Professionals,95,2026-08,39
2332 Civil Engineering Professionals,95,2026-07,46
2332 Civil Engineering Professionals,95,2026-06,30
2332 Civil Engineering Professionals,95,2026-05,28
2332 Civil Engineering Professionals,95,2024-10,1
2332 Civil Engineering Professionals,95,2025-01,1
2332 Civil Engineering Professionals,95,2025-03,3
2332 Civil Engineering Professionals,95,2025-02,2
2332 Civil Engineering Professionals,95,2025-04,1
2332 Civil Engineering Professionals,95,2025-05,4
2332 Civil Engineering Professionals,95,2025-06,4
2332 Civil Engineering Professionals,95,2025-07,6
2332 Civil Engineering Professionals,95,2025-08,9
2332 Civil Engineering Professionals,95,2025-09,8
2332 Civil Engineering Professionals,95,2025-10,18
2332 Civil Engineering Professionals,95,2025-12,14
2332 Civil Engineering Professionals,95,2026-04,31
2332 Civil Engineering Professionals,95,2025-11,15
2332 Civil Engineering Professionals,95,2026-01,11
2332 Civil Engineering Professionals,95,2026-02,36
2332 Civil Engineering Professionals,95,2026-03,22
2332 Civil Engineering Professionals,90,2026-08,114
2332 Civil Engineering Professionals,90,2026-07,96
2332 Civil Engineering Professionals,90,2026-06,89
2332 Civil Engineering Professionals,90,2024-09,5
2332 Civil Engineering Professionals,90,2026-05,80
2332 Civil Engineering Professionals,90,2024-10,2
2332 Civil Engineering Professionals,90,2024-12,12
2332 Civil Engineering Professionals,90,2024-11,8
2332 Civil Engineering Professionals,90,2025-01,15
2332 Civil Engineering Professionals,90,2025-03,20
2332 Civil Engineering Professionals,90,2025-02,8
2332 Civil Engineering Professionals,90,2025-04,24
2332 Civil Engineering Professionals,90,2025-05,16
2332 Civil Engineering Professionals,90,2025-06,14
2332 Civil Engineering Professionals,90,2025-07,40
2332 Civil Engineering Professionals,90,2025-08,47
2332 Civil Engineering Professionals,90,2025-09,51
2332 Civil Engineering Professionals,90,2025-10,52
2332 Civil Engineering Professionals,90,2025-12,51
2332 Civil Engineering Professionals,90,2026-04,85
2332 Civil Engineering Professionals,90,2025-11,55
2332 Civil Engineering Professionals,90,2026-01,76
2332 Civil Engineering Professionals,90,2026-02,53
2332 Civil Engineering Professionals,90,2026-03,67
2332 Civil Engineering Professionals,85,2026-09,9
2332 Civil Engineering Professionals,85,2026-08,198
2332 Civil Engineering Professionals,85,2026-07,157
2332 Civil Engineering Professionals,85,2026-06,143
2332 Civil Engineering Professionals,85,2024-09,21
2332 Civil Engineering Professionals,85,2026-05,155
2332 Civil Engineering Professionals,85,2024-10,9
2332 Civil Engineering Professionals,85,2024-12,19
2332 Civil Engineering Professionals,85,2024-11,23
2332 Civil Engineering Professionals,85,2025-01,33
2332 Civil Engineering Professionals,85,2025-03,58
2332 Civil Engineering Professionals,85,2025-02,43
2332 Civil Engineering Professionals,85,2025-04,53
2332 Civil Engineering Professionals,85,2025-05,66
2332 Civil Engineering Professionals,85,2025-06,33
2332 Civil Engineering Professionals,85,2025-07,58
2332 Civil Engineering Professionals,85,2025-08,86
2332 Civil Engineering Professionals,85,2025-09,99
2332 Civil Engineering Professionals,85,2025-10,102
2332 Civil Engineering Professionals,85,2025-12,111
2332 Civil Engineering Professionals,85,2026-04,156
2332 Civil Engineering Professionals,85,2025-11,107
2332 Civil Engineering Professionals,85,2026-01,130
2332 Civil Engineering Professionals,85,2026-02,135
2332 Civil Engineering Professionals,85,2026-03,130
2332 Civil Engineering Professionals,55,2026-08,91
2332 Civil Engineering Professionals,55,2026-07,39
2332 Civil Engineering Professionals,55,2026-06,48
2332 Civil Engineering Professionals,55,2024-09,9
2332 Civil Engineering Professionals,55,2026-05,26
2332 Civil Engineering Professionals,55,2024-10,17
2332 Civil Engineering Professionals,55,2024-12,10
2332 Civil Engineering Professionals,55,2024-11,13
2332 Civil Engineering Professionals,55,2025-01,11
2332 Civil Engineering Professionals,55,2025-03,15
2332 Civil Engineering Professionals,55,2025-02,15
2332 Civil Engineering Professionals,55,2025-04,18
2332 Civil Engineering Professionals,55,2025-05,14
2332 Civil Engineering Professionals,55,2025-06,14
2332 Civil Engineering Professionals,55,2025-07,22
2332 Civil Engineering Professionals,55,2025-08,37
2332 Civil Engineering Professionals,55,2025-09,23
2332 Civil Engineering Professionals,55,2025-10,33
2332 Civil Engineering Professionals,55,2025-12,24
2332 Civil Engineering Professionals,55,2026-04,36
2332 Civil Engineering Professionals,55,2025-11,28
2332 Civil Engineering Professionals,55,2026-01,35
2332 Civil Engineering Professionals,55,2026-02,32
2332 Civil Engineering Professionals,55,2026-03,37
2332 Civil Engineering Professionals,60,2026-09,3
2332 Civil Engineering Professionals,60,2026-08,109
2332 Civil Engineering Professionals,60,2026-07,93
2332 Civil Engineering Professionals,60,2026-06,94
2332 Civil Engineering Professionals,60,2024-09,11
2332 Civil Engineering Professionals,60,2026-05,89
2332 Civil Engineering Professionals,60,2024-10,9
2332 Civil Engineering Professionals,60,2024-12,10
2332 Civil Engineering Professionals,60,2024-11,11
2332 Civil Engineering Professionals,60,2025-01,19
2332 Civil Engineering Professionals,60,2025-03,16
2332 Civil Engineering Professionals,60,2025-02,13
2332 Civil Engineering Professionals,60,2025-04,29
2332 Civil Engineering Professionals,60,2025-05,29
2332 Civil Engineering Professionals,60,2025-06,19
2332 Civil Engineering Professionals,60,2025-07,24
2332 Civil Engineering Professionals,60,2025-08,55
2332 Civil Engineering Professionals,60,2025-09,33
2332 Civil Engineering Professionals,60,2025-10,44
2332 Civil Engineering Professionals,60,2025-12,43
2332 Civil Engineering Professionals,60,2026-04,84
2332 Civil Engineering Professionals,60,2025-11,41
2332 Civil Engineering Professionals,60,2026-01,75
2332 Civil Engineering Professionals,60,2026-02,43
2332 Civil Engineering Professionals,60,2026-03,63
2332 Civil Engineering Professionals,50,2026-08,18
2332 Civil Engineering Professionals,50,2026-07,26
2332 Civil Engineering Professionals,50,2026-06,16
2332 Civil Engineering Professionals,50,2024-09,9
2332 Civil Engineering Professionals,50,2026-05,12
2332 Civil Engineering Professionals,50,2024-10,1
2332 Civil Engineering Professionals,50,2024-12,3
2332 Civil Engineering Professionals,50,2025-01,3
2332 Civil Engineering Professionals,50,2025-03,8
2332 Civil Engineering Professionals,50,2025-02,4
2332 Civil Engineering Professionals,50,2025-04,1
2332 Civil Engineering Professionals,50,2025-05,5
2332 Civil Engineering Professionals,50,2025-06,4
2332 Civil Engineering Professionals,50,2025-07,5
2332 Civil Engineering Professionals,50,2025-08,5
2332 Civil Engineering Professionals,50,2025-09,3
2332 Civil Engineering Professionals,50,2025-10,3
2332 Civil Engineering Professionals,50,2025-12,5
2332 Civil Engineering Professionals,50,2026-04,14
2332 Civil Engineering Professionals,50,2025-11,19
2332 Civil Engineering Professionals,50,2026-01,13
2332 Civil Engineering Professionals,50,2026-02,12
2332 Civil Engineering Professionals,50,2026-03,20
2332 Civil Engineering Professionals,110,2026-08,1
2332 Civil Engineering Professionals,110,2026-01,1
2332 Civil Engineering Professionals,110,2026-02,1
2332 Civil Engineering Professionals,100,2026-08,5
2332 Civil Engineering Professionals,100,2026-07,13
2332 Civil Engineering Professionals,100,2026-06,11
2332 Civil Engineering Professionals,100,2026-05,8
2332 Civil Engineering Professionals,100,2024-12,2
2332 Civil Engineering Professionals,100,2025-03,1
2332 Civil Engineering Professionals,100,2025-02,2
2332 Civil Engineering Professionals,100,2025-05,4
2332 Civil Engineering Professionals,100,2025-06,1
2332 Civil Engineering Professionals,100,2025-07,2
2332 Civil Engineering Professionals,100,2025-08,4
2332 Civil Engineering Professionals,100,2025-10,4
2332 Civil Engineering Professionals,100,2025-12,2
2332 Civil Engineering Professionals,100,2026-04,2
2332 Civil Engineering Professionals,100,2025-11,2
2332 Civil Engineering Professionals,100,2026-01,4
2332 Civil Engineering Professionals,100,2026-02,5
2332 Civil Engineering Professionals,100,2026-03,3
2332 Civil Engineering Professionals,105,2025-01,1
2332 Civil Engineering Professionals,105,2025-02,1
2332 Civil Engineering Professionals,105,2025-08,1
2332 Civil Engineering Professionals,105,2025-10,1
2332 Civil Engineering Professionals,105,2025-11,1
2332 Civil Engineering Professionals,105,2026-01,1
2332 Civil Engineering Professionals,105,2026-02,1
2332 Civil Engineering Professionals,105,2026-03,1
2332 Civil Engineering Professionals,40,2026-08,1
2332 Civil Engineering Professionals,40,2026-07,2
2332 Civil Engineering Professionals,40,2026-05,2
2332 Civil Engineering Professionals,40,2025-05,1
2332 Civil Engineering Professionals,40,2025-09,1
2332 Civil Engineering Professionals,40,2026-04,1
2332 Civil Engineering Professionals,40,2026-02,2
2332 Civil Engineering Professionals,40,2026-03,1
2332 Civil Engineering Professionals,45,2026-09,1
2332 Civil Engineering Professionals,45,2026-08,9
2332 Civil Engineering Professionals,45,2026-07,6
2332 Civil Engineering Professionals,45,2026-06,3
2332 Civil Engineering Professionals,45,2024-09,1
2332 Civil Engineering Professionals,45,2026-05,2
2332 Civil Engineering Professionals,45,2025-01,4
2332 Civil Engineering Professionals,45,2025-03,2
2332 Civil Engineering Professionals,45,2025-02,1
2332 Civil Engineering Professionals,45,2025-04,1
2332 Civil Engineering Professionals,45,2025-07,1
2332 Civil Engineering Professionals,45,2025-08,3
2332 Civil Engineering Professionals,45,2025-09,4
2332 Civil Engineering Professionals,45,2025-10,1
2332 Civil Engineering Professionals,45,2025-12,3
2332 Civil Engineering Professionals,45,2026-04,5
2332 Civil Engineering Professionals,45,2026-01,4
2332 Civil Engineering Professionals,45,2026-02,7
2332 Civil Engineering Professionals,45,2026-03,4
2332 Civil Engineering Professionals,30,2026-06,1
2332 Civil Engineering Professionals,30,2026-01,1
2332 Civil Engineering Professionals,25,2026-06,1
2332 Civil Engineering Professionals,120,2026-07,1
2332 Civil Engineering Professionals,35,2026-04,1
2332 Civil Engineering Professionals,35,2025-11,1
2332 Civil Engineering Professionals,35,2026-02,1
2332 Civil Engineering Professionals,35,2026-03,1
2411 Early Childhood (Pre-primary School) Teachers,65,2026-09,20
2411 Early Childhood (Pre-primary School) Teachers,65,2026-08,319
2411 Early Childhood (Pre-primary School) Teachers,65,2026-07,260
2411 Early Childhood (Pre-primary School) Teachers,65,2026-06,275
2411 Early Childhood (Pre-primary School) Teachers,65,2024-09,17
2411 Early Childhood (Pre-primary School) Teachers,65,2026-05,211
2411 Early Childhood (Pre-primary School) Teachers,65,2024-10,9
2411 Early Childhood (Pre-primary School) Teachers,65,2024-12,25
2411 Early Childhood (Pre-primary School) Teachers,65,2024-11,25
2411 Early Childhood (Pre-primary School) Teachers,65,2025-01,39
2411 Early Childhood (Pre-primary School) Teachers,65,2025-03,48
2411 Early Childhood (Pre-primary School) Teachers,65,2025-02,39
2411 Early Childhood (Pre-primary School) Teachers,65,2025-04,62
2411 Early Childhood (Pre-primary School) Teachers,65,2025-05,78
2411 Early Childhood (Pre-primary School) Teachers,65,2025-06,68
2411 Early Childhood (Pre-primary School) Teachers,65,2025-07,70
2411 Early Childhood (Pre-primary School) Teachers,65,2025-08,84
2411 Early Childhood (Pre-primary School) Teachers,65,2025-09,99
2411 Early Childhood (Pre-primary School) Teachers,65,2025-10,114
2411 Early Childhood (Pre-primary School) Teachers,65,2025-12,140
2411 Early Childhood (Pre-primary School) Teachers,65,2026-04,240
2411 Early Childhood (Pre-primary School) Teachers,65,2025-11,128
2411 Early Childhood (Pre-primary School) Teachers,65,2026-01,155
2411 Early Childhood (Pre-primary School) Teachers,65,2026-02,163
2411 Early Childhood (Pre-primary School) Teachers,65,2026-03,230
2411 Early Childhood (Pre-primary School) Teachers,75,2026-09,11
2411 Early Childhood (Pre-primary School) Teachers,75,2026-08,398
2411 Early Childhood (Pre-primary School) Teachers,75,2026-07,369
2411 Early Childhood (Pre-primary School) Teachers,75,2026-06,350
2411 Early Childhood (Pre-primary School) Teachers,75,2024-09,7
2411 Early Childhood (Pre-primary School) Teachers,75,2026-05,400
2411 Early Childhood (Pre-primary School) Teachers,75,2024-10,2
2411 Early Childhood (Pre-primary School) Teachers,75,2024-12,19
2411 Early Childhood (Pre-primary School) Teachers,75,2024-11,14
2411 Early Childhood (Pre-primary School) Teachers,75,2025-01,33
2411 Early Childhood (Pre-primary School) Teachers,75,2025-03,48
2411 Early Childhood (Pre-primary School) Teachers,75,2025-02,42
2411 Early Childhood (Pre-primary School) Teachers,75,2025-04,52
2411 Early Childhood (Pre-primary School) Teachers,75,2025-05,66
2411 Early Childhood (Pre-primary School) Teachers,75,2025-06,74
2411 Early Childhood (Pre-primary School) Teachers,75,2025-07,71
2411 Early Childhood (Pre-primary School) Teachers,75,2025-08,115
2411 Early Childhood (Pre-primary School) Teachers,75,2025-09,122
2411 Early Childhood (Pre-primary School) Teachers,75,2025-10,170
2411 Early Childhood (Pre-primary School) Teachers,75,2025-12,187
2411 Early Childhood (Pre-primary School) Teachers,75,2026-04,291
2411 Early Childhood (Pre-primary School) Teachers,75,2025-11,180
2411 Early Childhood (Pre-primary School) Teachers,75,2026-01,200
2411 Early Childhood (Pre-primary School) Teachers,75,2026-02,221
2411 Early Childhood (Pre-primary School) Teachers,75,2026-03,257
2411 Early Childhood (Pre-primary School) Teachers,70,2026-09,16
2411 Early Childhood (Pre-primary School) Teachers,70,2026-08,436
2411 Early Childhood (Pre-primary School) Teachers,70,2026-07,339
2411 Early Childhood (Pre-primary School) Teachers,70,2026-06,407
2411 Early Childhood (Pre-primary School) Teachers,70,2024-09,21
2411 Early Childhood (Pre-primary School) Teachers,70,2026-05,314
2411 Early Childhood (Pre-primary School) Teachers,70,2024-10,17
2411 Early Childhood (Pre-primary School) Teachers,70,2024-12,34
2411 Early Childhood (Pre-primary School) Teachers,70,2024-11,36
2411 Early Childhood (Pre-primary School) Teachers,70,2025-01,48
2411 Early Childhood (Pre-primary School) Teachers,70,2025-03,84
2411 Early Childhood (Pre-primary School) Teachers,70,2025-02,63
2411 Early Childhood (Pre-primary School) Teachers,70,2025-04,95
2411 Early Childhood (Pre-primary School) Teachers,70,2025-05,98
2411 Early Childhood (Pre-primary School) Teachers,70,2025-06,112
2411 Early Childhood (Pre-primary School) Teachers,70,2025-07,120
2411 Early Childhood (Pre-primary School) Teachers,70,2025-08,151
2411 Early Childhood (Pre-primary School) Teachers,70,2025-09,145
2411 Early Childhood (Pre-primary School) Teachers,70,2025-10,189
2411 Early Childhood (Pre-primary School) Teachers,70,2025-12,176
2411 Early Childhood (Pre-primary School) Teachers,70,2026-04,368
2411 Early Childhood (Pre-primary School) Teachers,70,2025-11,194
2411 Early Childhood (Pre-primary School) Teachers,70,2026-01,222
2411 Early Childhood (Pre-primary School) Teachers,70,2026-02,242
2411 Early Childhood (Pre-primary School) Teachers,70,2026-03,348
2411 Early Childhood (Pre-primary School) Teachers,80,2026-09,7
2411 Early Childhood (Pre-primary School) Teachers,80,2026-08,348
2411 Early Childhood (Pre-primary School) Teachers,80,2026-07,267
2411 Early Childhood (Pre-primary School) Teachers,80,2026-06,274
2411 Early Childhood (Pre-primary School) Teachers,80,2024-09,2
2411 Early Childhood (Pre-primary School) Teachers,80,2026-05,279
2411 Early Childhood (Pre-primary School) Teachers,80,2024-10,8
2411 Early Childhood (Pre-primary School) Teachers,80,2024-12,20
2411 Early Childhood (Pre-primary School) Teachers,80,2024-11,11
2411 Early Childhood (Pre-primary School) Teachers,80,2025-01,24
2411 Early Childhood (Pre-primary School) Teachers,80,2025-03,51
2411 Early Childhood (Pre-primary School) Teachers,80,2025-02,34
2411 Early Childhood (Pre-primary School) Teachers,80,2025-04,36
2411 Early Childhood (Pre-primary School) Teachers,80,2025-05,70
2411 Early Childhood (Pre-primary School) Teachers,80,2025-06,64
2411 Early Childhood (Pre-primary School) Teachers,80,2025-07,75
2411 Early Childhood (Pre-primary School) Teachers,80,2025-08,122
2411 Early Childhood (Pre-primary School) Teachers,80,2025-09,87
2411 Early Childhood (Pre-primary School) Teachers,80,2025-10,145
2411 Early Childhood (Pre-primary School) Teachers,80,2025-12,171
2411 Early Childhood (Pre-primary School) Teachers,80,2026-04,232
2411 Early Childhood (Pre-primary School) Teachers,80,2025-11,152
2411 Early Childhood (Pre-primary School) Teachers,80,2026-01,177
2411 Early Childhood (Pre-primary School) Teachers,80,2026-02,203
2411 Early Childhood (Pre-primary School) Teachers,80,2026-03,261
2411 Early Childhood (Pre-primary School) Teachers,95,2026-08,1
2411 Early Childhood (Pre-primary School) Teachers,95,2026-07,1
2411 Early Childhood (Pre-primary School) Teachers,95,2026-06,4
2411 Early Childhood (Pre-primary School) Teachers,95,2026-05,3
2411 Early Childhood (Pre-primary School) Teachers,95,2026-04,1
2411 Early Childhood (Pre-primary School) Teachers,95,2026-01,1
2411 Early Childhood (Pre-primary School) Teachers,95,2026-02,1
2411 Early Childhood (Pre-primary School) Teachers,90,2026-09,2
2411 Early Childhood (Pre-primary School) Teachers,90,2026-08,95
2411 Early Childhood (Pre-primary School) Teachers,90,2026-07,66
2411 Early Childhood (Pre-primary School) Teachers,90,2026-06,67
2411 Early Childhood (Pre-primary School) Teachers,90,2026-05,56
2411 Early Childhood (Pre-primary School) Teachers,90,2024-11,1
2411 Early Childhood (Pre-primary School) Teachers,90,2025-03,2
2411 Early Childhood (Pre-primary School) Teachers,90,2025-06,2
2411 Early Childhood (Pre-primary School) Teachers,90,2025-09,3
2411 Early Childhood (Pre-primary School) Teachers,90,2025-10,5
2411 Early Childhood (Pre-primary School) Teachers,90,2025-12,16
2411 Early Childhood (Pre-primary School) Teachers,90,2026-04,41
2411 Early Childhood (Pre-primary School) Teachers,90,2025-11,8
2411 Early Childhood (Pre-primary School) Teachers,90,2026-01,29
2411 Early Childhood (Pre-primary School) Teachers,90,2026-02,36
2411 Early Childhood (Pre-primary School) Teachers,90,2026-03,41
2411 Early Childhood (Pre-primary School) Teachers,85,2026-09,14
2411 Early Childhood (Pre-primary School) Teachers,85,2026-08,330
2411 Early Childhood (Pre-primary School) Teachers,85,2026-07,265
2411 Early Childhood (Pre-primary School) Teachers,85,2026-06,288
2411 Early Childhood (Pre-primary School) Teachers,85,2024-08,1
2411 Early Childhood (Pre-primary School) Teachers,85,2024-09,2
2411 Early Childhood (Pre-primary School) Teachers,85,2026-05,289
2411 Early Childhood (Pre-primary School) Teachers,85,2024-12,1
2411 Early Childhood (Pre-primary School) Teachers,85,2024-11,2
2411 Early Childhood (Pre-primary School) Teachers,85,2025-01,4
2411 Early Childhood (Pre-primary School) Teachers,85,2025-03,3
2411 Early Childhood (Pre-primary School) Teachers,85,2025-02,1
2411 Early Childhood (Pre-primary School) Teachers,85,2025-04,2
2411 Early Childhood (Pre-primary School) Teachers,85,2025-05,2
2411 Early Childhood (Pre-primary School) Teachers,85,2025-06,3
2411 Early Childhood (Pre-primary School) Teachers,85,2025-07,12
2411 Early Childhood (Pre-primary School) Teachers,85,2025-08,24
2411 Early Childhood (Pre-primary School) Teachers,85,2025-09,83
2411 Early Childhood (Pre-primary School) Teachers,85,2025-10,133
2411 Early Childhood (Pre-primary School) Teachers,85,2025-12,194
2411 Early Childhood (Pre-primary School) Teachers,85,2026-04,261
2411 Early Childhood (Pre-primary School) Teachers,85,2025-11,162
2411 Early Childhood (Pre-primary School) Teachers,85,2026-01,192
2411 Early Childhood (Pre-primary School) Teachers,85,2026-02,263
2411 Early Childhood (Pre-primary School) Teachers,85,2026-03,325
2411 Early Childhood (Pre-primary School) Teachers,55,2026-09,2
2411 Early Childhood (Pre-primary School) Teachers,55,2026-08,41
2411 Early Childhood (Pre-primary School) Teachers,55,2026-07,46
2411 Early Childhood (Pre-primary School) Teachers,55,2026-06,52
2411 Early Childhood (Pre-primary School) Teachers,55,2024-09,1
2411 Early Childhood (Pre-primary School) Teachers,55,2026-05,49
2411 Early Childhood (Pre-primary School) Teachers,55,2024-10,1
2411 Early Childhood (Pre-primary School) Teachers,55,2024-12,1
2411 Early Childhood (Pre-primary School) Teachers,55,2024-11,1
2411 Early Childhood (Pre-primary School) Teachers,55,2025-01,1
2411 Early Childhood (Pre-primary School) Teachers,55,2025-03,3
2411 Early Childhood (Pre-primary School) Teachers,55,2025-02,1
2411 Early Childhood (Pre-primary School) Teachers,55,2025-04,4
2411 Early Childhood (Pre-primary School) Teachers,55,2025-05,7
2411 Early Childhood (Pre-primary School) Teachers,55,2025-06,5
2411 Early Childhood (Pre-primary School) Teachers,55,2025-07,5
2411 Early Childhood (Pre-primary School) Teachers,55,2025-08,8
2411 Early Childhood (Pre-primary School) Teachers,55,2025-09,7
2411 Early Childhood (Pre-primary School) Teachers,55,2025-10,19
2411 Early Childhood (Pre-primary School) Teachers,55,2025-12,10
2411 Early Childhood (Pre-primary School) Teachers,55,2026-04,46
2411 Early Childhood (Pre-primary School) Teachers,55,2025-11,18
2411 Early Childhood (Pre-primary School) Teachers,55,2026-01,15
2411 Early Childhood (Pre-primary School) Teachers,55,2026-02,17
2411 Early Childhood (Pre-primary School) Teachers,55,2026-03,35
2411 Early Childhood (Pre-primary School) Teachers,60,2026-09,4
2411 Early Childhood (Pre-primary School) Teachers,60,2026-08,145
2411 Early Childhood (Pre-primary School) Teachers,60,2026-07,97
2411 Early Childhood (Pre-primary School) Teachers,60,2026-06,112
2411 Early Childhood (Pre-primary School) Teachers,60,2024-09,5
2411 Early Childhood (Pre-primary School) Teachers,60,2026-05,120
2411 Early Childhood (Pre-primary School) Teachers,60,2024-10,3
2411 Early Childhood (Pre-primary School) Teachers,60,2024-12,7
2411 Early Childhood (Pre-primary School) Teachers,60,2024-11,8
2411 Early Childhood (Pre-primary School) Teachers,60,2025-01,2
2411 Early Childhood (Pre-primary School) Teachers,60,2025-03,24
2411 Early Childhood (Pre-primary School) Teachers,60,2025-02,15
2411 Early Childhood (Pre-primary School) Teachers,60,2025-04,16
2411 Early Childhood (Pre-primary School) Teachers,60,2025-05,27
2411 Early Childhood (Pre-primary School) Teachers,60,2025-06,15
2411 Early Childhood (Pre-primary School) Teachers,60,2025-07,25
2411 Early Childhood (Pre-primary School) Teachers,60,2025-08,31
2411 Early Childhood (Pre-primary School) Teachers,60,2025-09,46
2411 Early Childhood (Pre-primary School) Teachers,60,2025-10,53
2411 Early Childhood (Pre-primary School) Teachers,60,2025-12,57
2411 Early Childhood (Pre-primary School) Teachers,60,2026-04,112
2411 Early Childhood (Pre-primary School) Teachers,60,2025-11,62
2411 Early Childhood (Pre-primary School) Teachers,60,2026-01,57
2411 Early Childhood (Pre-primary School) Teachers,60,2026-02,55
2411 Early Childhood (Pre-primary School) Teachers,60,2026-03,110
2411 Early Childhood (Pre-primary School) Teachers,50,2026-09,1
2411 Early Childhood (Pre-primary School) Teachers,50,2026-08,18
2411 Early Childhood (Pre-primary School) Teachers,50,2026-07,23
2411 Early Childhood (Pre-primary School) Teachers,50,2026-06,14
2411 Early Childhood (Pre-primary School) Teachers,50,2026-05,17
2411 Early Childhood (Pre-primary School) Teachers,50,2025-03,2
2411 Early Childhood (Pre-primary School) Teachers,50,2025-02,1
2411 Early Childhood (Pre-primary School) Teachers,50,2025-04,2
2411 Early Childhood (Pre-primary School) Teachers,50,2025-05,4
2411 Early Childhood (Pre-primary School) Teachers,50,2025-06,2
2411 Early Childhood (Pre-primary School) Teachers,50,2025-07,4
2411 Early Childhood (Pre-primary School) Teachers,50,2025-08,2
2411 Early Childhood (Pre-primary School) Teachers,50,2025-09,4
2411 Early Childhood (Pre-primary School) Teachers,50,2025-10,7
2411 Early Childhood (Pre-primary School) Teachers,50,2025-12,3
2411 Early Childhood (Pre-primary School) Teachers,50,2026-04,23
2411 Early Childhood (Pre-primary School) Teachers,50,2025-11,6
2411 Early Childhood (Pre-primary School) Teachers,50,2026-01,9
2411 Early Childhood (Pre-primary School) Teachers,50,2026-02,9
2411 Early Childhood (Pre-primary School) Teachers,50,2026-03,20
2411 Early Childhood (Pre-primary School) Teachers,40,2026-07,1
2411 Early Childhood (Pre-primary School) Teachers,40,2026-06,1
2411 Early Childhood (Pre-primary School) Teachers,40,2026-05,1
2411 Early Childhood (Pre-primary School) Teachers,40,2025-07,1
2411 Early Childhood (Pre-primary School) Teachers,40,2025-10,1
2411 Early Childhood (Pre-primary School) Teachers,40,2026-04,1
2411 Early Childhood (Pre-primary School) Teachers,40,2025-11,1
2411 Early Childhood (Pre-primary School) Teachers,40,2026-03,1
2411 Early Childhood (Pre-primary School) Teachers,45,2026-08,6
2411 Early Childhood (Pre-primary School) Teachers,45,2026-07,2
2411 Early Childhood (Pre-primary School) Teachers,45,2026-06,1
2411 Early Childhood (Pre-primary School) Teachers,45,2026-05,2
2411 Early Childhood (Pre-primary School) Teachers,45,2025-03,1
2411 Early Childhood (Pre-primary School) Teachers,45,2025-06,1
2411 Early Childhood (Pre-primary School) Teachers,45,2025-09,3
2411 Early Childhood (Pre-primary School) Teachers,45,2025-10,1
2411 Early Childhood (Pre-primary School) Teachers,45,2025-12,3
2411 Early Childhood (Pre-primary School) Teachers,45,2026-04,3
2411 Early Childhood (Pre-primary School) Teachers,45,2025-11,2
2411 Early Childhood (Pre-primary School) Teachers,45,2026-01,1
2411 Early Childhood (Pre-primary School) Teachers,45,2026-03,3
2411 Early Childhood (Pre-primary School) Teachers,30,2026-06,1
2411 Early Childhood (Pre-primary School) Teachers,125,2026-05,1
2411 Early Childhood (Pre-primary School) Teachers,35,2026-03,1
2611 ICT Business and Systems Analysts,65,2026-09,5
2611 ICT Business and Systems Analysts,65,2026-08,167
2611 ICT Business and Systems Analysts,65,2026-07,204
2611 ICT Business and Systems Analysts,65,2026-06,196
2611 ICT Business and Systems Analysts,65,2024-09,30
2611 ICT Business and Systems Analysts,65,2026-05,179
2611 ICT Business and Systems Analysts,65,2024-10,34
2611 ICT Business and Systems Analysts,65,2024-12,35
2611 ICT Business and Systems Analysts,65,2024-11,46
2611 ICT Business and Systems Analysts,65,2025-01,50
2611 ICT Business and Systems Analysts,65,2025-03,48
2611 ICT Business and Systems Analysts,65,2025-02,40
2611 ICT Business and Systems Analysts,65,2025-04,55
2611 ICT Business and Systems Analysts,65,2025-05,84
2611 ICT Business and Systems Analysts,65,2025-06,63
2611 ICT Business and Systems Analysts,65,2025-07,88
2611 ICT Business and Systems Analysts,65,2025-08,89
2611 ICT Business and Systems Analysts,65,2025-09,64
2611 ICT Business and Systems Analysts,65,2025-10,111
2611 ICT Business and Systems Analysts,65,2025-12,102
2611 ICT Business and Systems Analysts,65,2026-04,137
2611 ICT Business and Systems Analysts,65,2025-11,137
2611 ICT Business and Systems Analysts,65,2026-01,121
2611 ICT Business and Systems Analysts,65,2026-02,106
2611 ICT Business and Systems Analysts,65,2026-03,109
2611 ICT Business and Systems Analysts,75,2026-09,6
2611 ICT Business and Systems Analysts,75,2026-08,316
2611 ICT Business and Systems Analysts,75,2026-07,330
2611 ICT Business and Systems Analysts,75,2026-06,280
2611 ICT Business and Systems Analysts,75,2024-09,48
2611 ICT Business and Systems Analysts,75,2026-05,217
2611 ICT Business and Systems Analysts,75,2024-10,46
2611 ICT Business and Systems Analysts,75,2024-12,66
2611 ICT Business and Systems Analysts,75,2024-11,63
2611 ICT Business and Systems Analysts,75,2025-01,68
2611 ICT Business and Systems Analysts,75,2025-03,72
2611 ICT Business and Systems Analysts,75,2025-02,63
2611 ICT Business and Systems Analysts,75,2025-04,90
2611 ICT Business and Systems Analysts,75,2025-05,117
2611 ICT Business and Systems Analysts,75,2025-06,87
2611 ICT Business and Systems Analysts,75,2025-07,159
2611 ICT Business and Systems Analysts,75,2025-08,138
2611 ICT Business and Systems Analysts,75,2025-09,158
2611 ICT Business and Systems Analysts,75,2025-10,159
2611 ICT Business and Systems Analysts,75,2025-12,180
2611 ICT Business and Systems Analysts,75,2026-04,191
2611 ICT Business and Systems Analysts,75,2025-11,218
2611 ICT Business and Systems Analysts,75,2026-01,178
2611 ICT Business and Systems Analysts,75,2026-02,153
2611 ICT Business and Systems Analysts,75,2026-03,179
2611 ICT Business and Systems Analysts,70,2026-09,2
2611 ICT Business and Systems Analysts,70,2026-08,285
2611 ICT Business and Systems Analysts,70,2026-07,241
2611 ICT Business and Systems Analysts,70,2026-06,218
2611 ICT Business and Systems Analysts,70,2024-09,38
2611 ICT Business and Systems Analysts,70,2026-05,189
2611 ICT Business and Systems Analysts,70,2024-10,27
2611 ICT Business and Systems Analysts,70,2024-12,29
2611 ICT Business and Systems Analysts,70,2024-11,36
2611 ICT Business and Systems Analysts,70,2025-01,45
2611 ICT Business and Systems Analysts,70,2025-03,64
2611 ICT Business and Systems Analysts,70,2025-02,42
2611 ICT Business and Systems Analysts,70,2025-04,56
2611 ICT Business and Systems Analysts,70,2025-05,63
2611 ICT Business and Systems Analysts,70,2025-06,104
2611 ICT Business and Systems Analysts,70,2025-07,105
2611 ICT Business and Systems Analysts,70,2025-08,119
2611 ICT Business and Systems Analysts,70,2025-09,110
2611 ICT Business and Systems Analysts,70,2025-10,126
2611 ICT Business and Systems Analysts,70,2025-12,113
2611 ICT Business and Systems Analysts,70,2026-04,164
2611 ICT Business and Systems Analysts,70,2025-11,150
2611 ICT Business and Systems Analysts,70,2026-01,129
2611 ICT Business and Systems Analysts,70,2026-02,125
2611 ICT Business and Systems Analysts,70,2026-03,175
2611 ICT Business and Systems Analysts,80,2026-09,15
2611 ICT Business and Systems Analysts,80,2026-08,335
2611 ICT Business and Systems Analysts,80,2026-07,243
2611 ICT Business and Systems Analysts,80,2026-06,271
2611 ICT Business and Systems Analysts,80,2024-09,20
2611 ICT Business and Systems Analysts,80,2026-05,249
2611 ICT Business and Systems Analysts,80,2024-10,32
2611 ICT Business and Systems Analysts,80,2024-12,33
2611 ICT Business and Systems Analysts,80,2024-11,48
2611 ICT Business and Systems Analysts,80,2025-01,63
2611 ICT Business and Systems Analysts,80,2025-03,84
2611 ICT Business and Systems Analysts,80,2025-02,68
2611 ICT Business and Systems Analysts,80,2025-04,70
2611 ICT Business and Systems Analysts,80,2025-05,83
2611 ICT Business and Systems Analysts,80,2025-06,95
2611 ICT Business and Systems Analysts,80,2025-07,103
2611 ICT Business and Systems Analysts,80,2025-08,127
2611 ICT Business and Systems Analysts,80,2025-09,125
2611 ICT Business and Systems Analysts,80,2025-10,152
2611 ICT Business and Systems Analysts,80,2025-12,181
2611 ICT Business and Systems Analysts,80,2026-04,220
2611 ICT Business and Systems Analysts,80,2025-11,200
2611 ICT Business and Systems Analysts,80,2026-01,182
2611 ICT Business and Systems Analysts,80,2026-02,176
2611 ICT Business and Systems Analysts,80,2026-03,177
2611 ICT Business and Systems Analysts,95,2026-09,4
2611 ICT Business and Systems Analysts,95,2026-08,207
2611 ICT Business and Systems Analysts,95,2026-07,161
2611 ICT Business and Systems Analysts,95,2026-06,151
2611 ICT Business and Systems Analysts,95,2024-09,2
2611 ICT Business and Systems Analysts,95,2026-05,153
2611 ICT Business and Systems Analysts,95,2024-10,4
2611 ICT Business and Systems Analysts,95,2024-12,19
2611 ICT Business and Systems Analysts,95,2024-11,13
2611 ICT Business and Systems Analysts,95,2025-01,18
2611 ICT Business and Systems Analysts,95,2025-03,28
2611 ICT Business and Systems Analysts,95,2025-02,21
2611 ICT Business and Systems Analysts,95,2025-04,23
2611 ICT Business and Systems Analysts,95,2025-05,40
2611 ICT Business and Systems Analysts,95,2025-06,25
2611 ICT Business and Systems Analysts,95,2025-07,57
2611 ICT Business and Systems Analysts,95,2025-08,90
2611 ICT Business and Systems Analysts,95,2025-09,72
2611 ICT Business and Systems Analysts,95,2025-10,90
2611 ICT Business and Systems Analysts,95,2025-12,65
2611 ICT Business and Systems Analysts,95,2026-04,118
2611 ICT Business and Systems Analysts,95,2025-11,89
2611 ICT Business and Systems Analysts,95,2026-01,114
2611 ICT Business and Systems Analysts,95,2026-02,111
2611 ICT Business and Systems Analysts,95,2026-03,109
2611 ICT Business and Systems Analysts,90,2026-09,11
2611 ICT Business and Systems Analysts,90,2026-08,309
2611 ICT Business and Systems Analysts,90,2026-07,215
2611 ICT Business and Systems Analysts,90,2026-06,214
2611 ICT Business and Systems Analysts,90,2024-08,2
2611 ICT Business and Systems Analysts,90,2024-09,15
2611 ICT Business and Systems Analysts,90,2026-05,237
2611 ICT Business and Systems Analysts,90,2024-10,35
2611 ICT Business and Systems Analysts,90,2024-12,58
2611 ICT Business and Systems Analysts,90,2024-11,57
2611 ICT Business and Systems Analysts,90,2025-01,66
2611 ICT Business and Systems Analysts,90,2025-03,67
2611 ICT Business and Systems Analysts,90,2025-02,62
2611 ICT Business and Systems Analysts,90,2025-04,79
2611 ICT Business and Systems Analysts,90,2025-05,97
2611 ICT Business and Systems Analysts,90,2025-06,86
2611 ICT Business and Systems Analysts,90,2025-07,82
2611 ICT Business and Systems Analysts,90,2025-08,134
2611 ICT Business and Systems Analysts,90,2025-09,175
2611 ICT Business and Systems Analysts,90,2025-10,196
2611 ICT Business and Systems Analysts,90,2025-12,155
2611 ICT Business and Systems Analysts,90,2026-04,198
2611 ICT Business and Systems Analysts,90,2025-11,213
2611 ICT Business and Systems Analysts,90,2026-01,191
2611 ICT Business and Systems Analysts,90,2026-02,184
2611 ICT Business and Systems Analysts,90,2026-03,199
2611 ICT Business and Systems Analysts,85,2026-09,16
2611 ICT Business and Systems Analysts,85,2026-08,299
2611 ICT Business and Systems Analysts,85,2026-07,267
2611 ICT Business and Systems Analysts,85,2026-06,251
2611 ICT Business and Systems Analysts,85,2024-09,10
2611 ICT Business and Systems Analysts,85,2026-05,199
2611 ICT Business and Systems Analysts,85,2024-10,22
2611 ICT Business and Systems Analysts,85,2024-12,27
2611 ICT Business and Systems Analysts,85,2024-11,27
2611 ICT Business and Systems Analysts,85,2025-01,35
2611 ICT Business and Systems Analysts,85,2025-03,66
2611 ICT Business and Systems Analysts,85,2025-02,40
2611 ICT Business and Systems Analysts,85,2025-04,60
2611 ICT Business and Systems Analysts,85,2025-05,83
2611 ICT Business and Systems Analysts,85,2025-06,104
2611 ICT Business and Systems Analysts,85,2025-07,99
2611 ICT Business and Systems Analysts,85,2025-08,134
2611 ICT Business and Systems Analysts,85,2025-09,122
2611 ICT Business and Systems Analysts,85,2025-10,173
2611 ICT Business and Systems Analysts,85,2025-12,158
2611 ICT Business and Systems Analysts,85,2026-04,188
2611 ICT Business and Systems Analysts,85,2025-11,164
2611 ICT Business and Systems Analysts,85,2026-01,147
2611 ICT Business and Systems Analysts,85,2026-02,163
2611 ICT Business and Systems Analysts,85,2026-03,215
2611 ICT Business and Systems Analysts,55,2026-09,1
2611 ICT Business and Systems Analysts,55,2026-08,30
2611 ICT Business and Systems Analysts,55,2026-07,29
2611 ICT Business and Systems Analysts,55,2026-06,24
2611 ICT Business and Systems Analysts,55,2024-09,2
2611 ICT Business and Systems Analysts,55,2026-05,20
2611 ICT Business and Systems Analysts,55,2024-10,8
2611 ICT Business and Systems Analysts,55,2024-12,2
2611 ICT Business and Systems Analysts,55,2024-11,4
2611 ICT Business and Systems Analysts,55,2025-01,7
2611 ICT Business and Systems Analysts,55,2025-03,6
2611 ICT Business and Systems Analysts,55,2025-02,5
2611 ICT Business and Systems Analysts,55,2025-04,5
2611 ICT Business and Systems Analysts,55,2025-05,9
2611 ICT Business and Systems Analysts,55,2025-06,7
2611 ICT Business and Systems Analysts,55,2025-07,15
2611 ICT Business and Systems Analysts,55,2025-08,12
2611 ICT Business and Systems Analysts,55,2025-09,1
2611 ICT Business and Systems Analysts,55,2025-10,24
2611 ICT Business and Systems Analysts,55,2025-12,21
2611 ICT Business and Systems Analysts,55,2026-04,17
2611 ICT Business and Systems Analysts,55,2025-11,19
2611 ICT Business and Systems Analysts,55,2026-01,14
2611 ICT Business and Systems Analysts,55,2026-02,21
2611 ICT Business and Systems Analysts,55,2026-03,17
2611 ICT Business and Systems Analysts,60,2026-09,4
2611 ICT Business and Systems Analysts,60,2026-08,48
2611 ICT Business and Systems Analysts,60,2026-07,38
2611 ICT Business and Systems Analysts,60,2026-06,62
2611 ICT Business and Systems Analysts,60,2024-09,3
2611 ICT Business and Systems Analysts,60,2026-05,50
2611 ICT Business and Systems Analysts,60,2024-10,4
2611 ICT Business and Systems Analysts,60,2024-12,15
2611 ICT Business and Systems Analysts,60,2024-11,8
2611 ICT Business and Systems Analysts,60,2025-01,5
2611 ICT Business and Systems Analysts,60,2025-03,7
2611 ICT Business and Systems Analysts,60,2025-02,7
2611 ICT Business and Systems Analysts,60,2025-04,23
2611 ICT Business and Systems Analysts,60,2025-05,18
2611 ICT Business and Systems Analysts,60,2025-06,19
2611 ICT Business and Systems Analysts,60,2025-07,19
2611 ICT Business and Systems Analysts,60,2025-08,24
2611 ICT Business and Systems Analysts,60,2025-09,22
2611 ICT Business and Systems Analysts,60,2025-10,38
2611 ICT Business and Systems Analysts,60,2025-12,36
2611 ICT Business and Systems Analysts,60,2026-04,60
2611 ICT Business and Systems Analysts,60,2025-11,27
2611 ICT Business and Systems Analysts,60,2026-01,28
2611 ICT Business and Systems Analysts,60,2026-02,21
2611 ICT Business and Systems Analysts,60,2026-03,32
2611 ICT Business and Systems Analysts,50,2026-08,9
2611 ICT Business and Systems Analysts,50,2026-07,9
2611 ICT Business and Systems Analysts,50,2026-06,7
2611 ICT Business and Systems Analysts,50,2024-09,1
2611 ICT Business and Systems Analysts,50,2026-05,6
2611 ICT Business and Systems Analysts,50,2024-10,2
2611 ICT Business and Systems Analysts,50,2024-12,2
2611 ICT Business and Systems Analysts,50,2024-11,1
2611 ICT Business and Systems Analysts,50,2025-03,2
2611 ICT Business and Systems Analysts,50,2025-02,2
2611 ICT Business and Systems Analysts,50,2025-05,1
2611 ICT Business and Systems Analysts,50,2025-06,1
2611 ICT Business and Systems Analysts,50,2025-07,2
2611 ICT Business and Systems Analysts,50,2025-08,3
2611 ICT Business and Systems Analysts,50,2025-09,3
2611 ICT Business and Systems Analysts,50,2025-10,6
2611 ICT Business and Systems Analysts,50,2025-12,3
2611 ICT Business and Systems Analysts,50,2026-04,3
2611 ICT Business and Systems Analysts,50,2025-11,10
2611 ICT Business and Systems Analysts,50,2026-01,2
2611 ICT Business and Systems Analysts,50,2026-02,9
2611 ICT Business and Systems Analysts,50,2026-03,8
2611 ICT Business and Systems Analysts,110,2026-08,3
2611 ICT Business and Systems Analysts,110,2024-09,1
2611 ICT Business and Systems Analysts,110,2026-05,1
2611 ICT Business and Systems Analysts,110,2025-09,1
2611 ICT Business and Systems Analysts,110,2026-04,1
2611 ICT Business and Systems Analysts,100,2026-08,75
2611 ICT Business and Systems Analysts,100,2026-07,82
2611 ICT Business and Systems Analysts,100,2026-06,46
2611 ICT Business and Systems Analysts,100,2024-09,1
2611 ICT Business and Systems Analysts,100,2026-05,51
2611 ICT Business and Systems Analysts,100,2024-12,3
2611 ICT Business and Systems Analysts,100,2024-11,1
2611 ICT Business and Systems Analysts,100,2025-01,2
2611 ICT Business and Systems Analysts,100,2025-03,1
2611 ICT Business and Systems Analysts,100,2025-02,8
2611 ICT Business and Systems Analysts,100,2025-04,7
2611 ICT Business and Systems Analysts,100,2025-05,11
2611 ICT Business and Systems Analysts,100,2025-06,13
2611 ICT Business and Systems Analysts,100,2025-07,13
2611 ICT Business and Systems Analysts,100,2025-08,13
2611 ICT Business and Systems Analysts,100,2025-09,30
2611 ICT Business and Systems Analysts,100,2025-10,23
2611 ICT Business and Systems Analysts,100,2025-12,36
2611 ICT Business and Systems Analysts,100,2026-04,50
2611 ICT Business and Systems Analysts,100,2025-11,39
2611 ICT Business and Systems Analysts,100,2026-01,31
2611 ICT Business and Systems Analysts,100,2026-02,47
2611 ICT Business and Systems Analysts,100,2026-03,50
2611 ICT Business and Systems Analysts,105,2026-08,4
2611 ICT Business and Systems Analysts,105,2026-07,3
2611 ICT Business and Systems Analysts,105,2026-06,2
2611 ICT Business and Systems Analysts,105,2026-05,5
2611 ICT Business and Systems Analysts,105,2025-09,1
2611 ICT Business and Systems Analysts,105,2025-12,2
2611 ICT Business and Systems Analysts,105,2026-04,1
2611 ICT Business and Systems Analysts,105,2025-11,2
2611 ICT Business and Systems Analysts,105,2026-02,2
2611 ICT Business and Systems Analysts,105,2026-03,4
2611 ICT Business and Systems Analysts,40,2026-07,2
2611 ICT Business and Systems Analysts,40,2026-06,2
2611 ICT Business and Systems Analysts,40,2026-05,1
2611 ICT Business and Systems Analysts,40,2025-03,1
2611 ICT Business and Systems Analysts,40,2025-02,1
2611 ICT Business and Systems Analysts,40,2025-12,2
2611 ICT Business and Systems Analysts,40,2026-02,1
2611 ICT Business and Systems Analysts,40,2026-03,2
2611 ICT Business and Systems Analysts,45,2026-08,4
2611 ICT Business and Systems Analysts,45,2026-07,2
2611 ICT Business and Systems Analysts,45,2026-06,2
2611 ICT Business and Systems Analysts,45,2026-05,9
2611 ICT Business and Systems Analysts,45,2024-12,2
2611 ICT Business and Systems Analysts,45,2025-03,1
2611 ICT Business and Systems Analysts,45,2025-06,1
2611 ICT Business and Systems Analysts,45,2025-08,1
2611 ICT Business and Systems Analysts,45,2025-12,4
2611 ICT Business and Systems Analysts,45,2025-11,1
2611 ICT Business and Systems Analysts,45,2026-02,3
2611 ICT Business and Systems Analysts,45,2026-03,2
2611 ICT Business and Systems Analysts,30,2026-03,1
2211 Accountants,65,2026-09,5
2211 Accountants,65,2026-08,212
2211 Accountants,65,2026-07,144
2211 Accountants,65,2026-06,188
2211 Accountants,65,2024-09,67
2211 Accountants,65,2026-05,155
2211 Accountants,65,2024-10,39
2211 Accountants,65,2024-12,64
2211 Accountants,65,2024-11,50
2211 Accountants,65,2025-01,58
2211 Accountants,65,2025-03,97
2211 Accountants,65,2025-02,43
2211 Accountants,65,2025-04,76
2211 Accountants,65,2025-05,99
2211 Accountants,65,2025-06,109
2211 Accountants,65,2025-07,76
2211 Accountants,65,2025-08,105
2211 Accountants,65,2025-09,96
2211 Accountants,65,2025-10,161
2211 Accountants,65,2025-12,109
2211 Accountants,65,2026-04,152
2211 Accountants,65,2025-11,148
2211 Accountants,65,2026-01,120
2211 Accountants,65,2026-02,118
2211 Accountants,65,2026-03,152
2211 Accountants,75,2026-09,64
2211 Accountants,75,2026-08,254
2211 Accountants,75,2026-07,221
2211 Accountants,75,2026-06,233
2211 Accountants,75,2024-09,37
2211 Accountants,75,2026-05,208
2211 Accountants,75,2024-10,47
2211 Accountants,75,2024-12,56
2211 Accountants,75,2024-11,49
2211 Accountants,75,2025-01,99
2211 Accountants,75,2025-03,77
2211 Accountants,75,2025-02,68
2211 Accountants,75,2025-04,96
2211 Accountants,75,2025-05,93
2211 Accountants,75,2025-06,102
2211 Accountants,75,2025-07,115
2211 Accountants,75,2025-08,150
2211 Accountants,75,2025-09,157
2211 Accountants,75,2025-10,213
2211 Accountants,75,2025-12,168
2211 Accountants,75,2026-04,215
2211 Accountants,75,2025-11,222
2211 Accountants,75,2026-01,299
2211 Accountants,75,2026-02,183
2211 Accountants,75,2026-03,202
2211 Accountants,70,2026-09,110
2211 Accountants,70,2026-08,254
2211 Accountants,70,2026-07,251
2211 Accountants,70,2026-06,208
2211 Accountants,70,2024-09,43
2211 Accountants,70,2026-05,172
2211 Accountants,70,2024-10,58
2211 Accountants,70,2024-12,70
2211 Accountants,70,2024-11,75
2211 Accountants,70,2025-01,73
2211 Accountants,70,2025-03,110
2211 Accountants,70,2025-02,78
2211 Accountants,70,2025-04,93
2211 Accountants,70,2025-05,125
2211 Accountants,70,2025-06,101
2211 Accountants,70,2025-07,130
2211 Accountants,70,2025-08,153
2211 Accountants,70,2025-09,246
2211 Accountants,70,2025-10,183
2211 Accountants,70,2025-12,198
2211 Accountants,70,2026-04,160
2211 Accountants,70,2025-11,243
2211 Accountants,70,2026-01,237
2211 Accountants,70,2026-02,178
2211 Accountants,70,2026-03,196
2211 Accountants,80,2026-09,96
2211 Accountants,80,2026-08,206
2211 Accountants,80,2026-07,213
2211 Accountants,80,2026-06,166
2211 Accountants,80,2024-09,28
2211 Accountants,80,2026-05,174
2211 Accountants,80,2024-10,26
2211 Accountants,80,2024-12,41
2211 Accountants,80,2024-11,39
2211 Accountants,80,2025-01,45
2211 Accountants,80,2025-03,65
2211 Accountants,80,2025-02,40
2211 Accountants,80,2025-04,88
2211 Accountants,80,2025-05,88
2211 Accountants,80,2025-06,49
2211 Accountants,80,2025-07,83
2211 Accountants,80,2025-08,102
2211 Accountants,80,2025-09,142
2211 Accountants,80,2025-10,233
2211 Accountants,80,2025-12,153
2211 Accountants,80,2026-04,155
2211 Accountants,80,2025-11,157
2211 Accountants,80,2026-01,246
2211 Accountants,80,2026-02,148
2211 Accountants,80,2026-03,179
2211 Accountants,95,2026-09,1
2211 Accountants,95,2026-08,79
2211 Accountants,95,2026-07,90
2211 Accountants,95,2026-06,64
2211 Accountants,95,2024-09,2
2211 Accountants,95,2026-05,86
2211 Accountants,95,2024-12,4
2211 Accountants,95,2024-11,3
2211 Accountants,95,2025-01,6
2211 Accountants,95,2025-03,16
2211 Accountants,95,2025-02,7
2211 Accountants,95,2025-04,12
2211 Accountants,95,2025-05,10
2211 Accountants,95,2025-06,17
2211 Accountants,95,2025-07,28
2211 Accountants,95,2025-08,22
2211 Accountants,95,2025-09,45
2211 Accountants,95,2025-10,49
2211 Accountants,95,2025-12,38
2211 Accountants,95,2026-04,38
2211 Accountants,95,2025-11,45
2211 Accountants,95,2026-01,77
2211 Accountants,95,2026-02,52
2211 Accountants,95,2026-03,55
2211 Accountants,90,2026-09,30
2211 Accountants,90,2026-08,118
2211 Accountants,90,2026-07,135
2211 Accountants,90,2026-06,124
2211 Accountants,90,2024-09,11
2211 Accountants,90,2026-05,99
2211 Accountants,90,2024-10,8
2211 Accountants,90,2024-12,22
2211 Accountants,90,2024-11,23
2211 Accountants,90,2025-01,32
2211 Accountants,90,2025-03,24
2211 Accountants,90,2025-02,30
2211 Accountants,90,2025-04,37
2211 Accountants,90,2025-05,34
2211 Accountants,90,2025-06,52
2211 Accountants,90,2025-07,71
2211 Accountants,90,2025-08,50
2211 Accountants,90,2025-09,65
2211 Accountants,90,2025-10,94
2211 Accountants,90,2025-12,88
2211 Accountants,90,2026-04,80
2211 Accountants,90,2025-11,82
2211 Accountants,90,2026-01,127
2211 Accountants,90,2026-02,116
2211 Accountants,90,2026-03,88
2211 Accountants,85,2026-09,77
2211 Accountants,85,2026-08,204
2211 Accountants,85,2026-07,152
2211 Accountants,85,2026-06,160
2211 Accountants,85,2024-09,15
2211 Accountants,85,2026-05,142
2211 Accountants,85,2024-10,25
2211 Accountants,85,2024-12,38
2211 Accountants,85,2024-11,22
2211 Accountants,85,2025-01,50
2211 Accountants,85,2025-03,77
2211 Accountants,85,2025-02,50
2211 Accountants,85,2025-04,61
2211 Accountants,85,2025-05,50
2211 Accountants,85,2025-06,68
2211 Accountants,85,2025-07,68
2211 Accountants,85,2025-08,112
2211 Accountants,85,2025-09,103
2211 Accountants,85,2025-10,210
2211 Accountants,85,2025-12,162
2211 Accountants,85,2026-04,162
2211 Accountants,85,2025-11,152
2211 Accountants,85,2026-01,200
2211 Accountants,85,2026-02,137
2211 Accountants,85,2026-03,132
2211 Accountants,55,2026-08,12
2211 Accountants,55,2026-07,30
2211 Accountants,55,2026-06,30
2211 Accountants,55,2024-09,1
2211 Accountants,55,2026-05,12
2211 Accountants,55,2024-10,1
2211 Accountants,55,2024-11,2
2211 Accountants,55,2025-01,4
2211 Accountants,55,2025-03,4
2211 Accountants,55,2025-02,2
2211 Accountants,55,2025-04,2
2211 Accountants,55,2025-05,9
2211 Accountants,55,2025-06,7
2211 Accountants,55,2025-07,7
2211 Accountants,55,2025-08,5
2211 Accountants,55,2025-09,5
2211 Accountants,55,2025-10,15
2211 Accountants,55,2025-12,9
2211 Accountants,55,2026-04,9
2211 Accountants,55,2025-11,12
2211 Accountants,55,2026-01,25
2211 Accountants,55,2026-02,10
2211 Accountants,55,2026-03,11
2211 Accountants,60,2026-09,2
2211 Accountants,60,2026-08,57
2211 Accountants,60,2026-07,61
2211 Accountants,60,2026-06,42
2211 Accountants,60,2024-09,12
2211 Accountants,60,2026-05,34
2211 Accountants,60,2024-10,9
2211 Accountants,60,2024-12,14
2211 Accountants,60,2024-11,14
2211 Accountants,60,2025-01,17
2211 Accountants,60,2025-03,18
2211 Accountants,60,2025-02,12
2211 Accountants,60,2025-04,12
2211 Accountants,60,2025-05,23
2211 Accountants,60,2025-06,24
2211 Accountants,60,2025-07,25
2211 Accountants,60,2025-08,24
2211 Accountants,60,2025-09,34
2211 Accountants,60,2025-10,31
2211 Accountants,60,2025-12,37
2211 Accountants,60,2026-04,30
2211 Accountants,60,2025-11,29
2211 Accountants,60,2026-01,47
2211 Accountants,60,2026-02,34
2211 Accountants,60,2026-03,31
2211 Accountants,50,2026-08,6
2211 Accountants,50,2026-07,6
2211 Accountants,50,2026-06,5
2211 Accountants,50,2026-05,2
2211 Accountants,50,2024-10,1
2211 Accountants,50,2024-12,4
2211 Accountants,50,2025-03,2
2211 Accountants,50,2025-02,1
2211 Accountants,50,2025-04,1
2211 Accountants,50,2025-05,2
2211 Accountants,50,2025-06,1
2211 Accountants,50,2025-07,1
2211 Accountants,50,2025-08,2
2211 Accountants,50,2025-09,3
2211 Accountants,50,2025-10,2
2211 Accountants,50,2025-12,3
2211 Accountants,50,2026-04,5
2211 Accountants,50,2025-11,3
2211 Accountants,50,2026-01,31
2211 Accountants,50,2026-02,5
2211 Accountants,50,2026-03,4
2211 Accountants,110,2026-08,1
2211 Accountants,110,2024-09,1
2211 Accountants,110,2024-11,1
2211 Accountants,110,2025-11,1
2211 Accountants,110,2026-03,1
2211 Accountants,100,2026-08,32
2211 Accountants,100,2026-07,37
2211 Accountants,100,2026-06,29
2211 Accountants,100,2024-09,2
2211 Accountants,100,2026-05,28
2211 Accountants,100,2024-12,3
2211 Accountants,100,2025-01,3
2211 Accountants,100,2025-03,5
2211 Accountants,100,2025-02,3
2211 Accountants,100,2025-04,4
2211 Accountants,100,2025-05,4
2211 Accountants,100,2025-06,3
2211 Accountants,100,2025-07,9
2211 Accountants,100,2025-08,7
2211 Accountants,100,2025-09,7
2211 Accountants,100,2025-10,17
2211 Accountants,100,2025-12,20
2211 Accountants,100,2026-04,6
2211 Accountants,100,2025-11,10
2211 Accountants,100,2026-01,21
2211 Accountants,100,2026-02,11
2211 Accountants,100,2026-03,10
2211 Accountants,105,2026-08,3
2211 Accountants,105,2026-07,1
2211 Accountants,105,2026-06,3
2211 Accountants,105,2024-10,1
2211 Accountants,105,2025-03,1
2211 Accountants,105,2025-08,1
2211 Accountants,105,2025-10,1
2211 Accountants,105,2026-04,1
2211 Accountants,105,2025-11,1
2211 Accountants,105,2026-02,2
2211 Accountants,105,2026-03,2
2211 Accountants,40,2026-06,1
2211 Accountants,40,2026-05,1
2211 Accountants,40,2025-04,1
2211 Accountants,40,2025-07,1
2211 Accountants,40,2025-10,1
2211 Accountants,45,2026-08,1
2211 Accountants,45,2026-07,1
2211 Accountants,45,2026-06,1
2211 Accountants,45,2024-09,1
2211 Accountants,45,2024-10,1
2211 Accountants,45,2024-11,1
2211 Accountants,45,2025-01,3
2211 Accountants,45,2025-04,1
2211 Accountants,45,2025-05,1
2211 Accountants,45,2025-07,1
2211 Accountants,45,2025-09,2
2211 Accountants,45,2025-12,1
2211 Accountants,45,2025-11,3
2211 Accountants,45,2026-01,4
2211 Accountants,45,2026-03,1
2211 Accountants,115,2024-10,1
2211 Accountants,115,2025-01,1
2211 Accountants,115,2026-01,1
2211 Accountants,35,2026-08,1
2211 Accountants,35,2026-07,1
2211 Accountants,35,2024-11,1
2211 Accountants,35,2025-05,1
2211 Accountants,35,2025-08,1
2211 Accountants,35,2025-10,1
2211 Accountants,35,2025-11,1
2344 Geologists Geophysicists and Hydrogeologists,65,2026-08,4
2344 Geologists Geophysicists and Hydrogeologists,65,2026-07,5
2344 Geologists Geophysicists and Hydrogeologists,65,2026-06,4
2344 Geologists Geophysicists and Hydrogeologists,65,2026-05,2
2344 Geologists Geophysicists and Hydrogeologists,65,2024-11,2
2344 Geologists Geophysicists and Hydrogeologists,65,2025-01,1
2344 Geologists Geophysicists and Hydrogeologists,65,2025-03,4
2344 Geologists Geophysicists and Hydrogeologists,65,2025-05,2
2344 Geologists Geophysicists and Hydrogeologists,65,2025-07,4
2344 Geologists Geophysicists and Hydrogeologists,65,2025-08,1
2344 Geologists Geophysicists and Hydrogeologists,65,2025-09,1
2344 Geologists Geophysicists and Hydrogeologists,65,2025-10,1
2344 Geologists Geophysicists and Hydrogeologists,65,2025-12,2
2344 Geologists Geophysicists and Hydrogeologists,65,2026-04,1
2344 Geologists Geophysicists and Hydrogeologists,65,2025-11,2
2344 Geologists Geophysicists and Hydrogeologists,65,2026-03,2
2344 Geologists Geophysicists and Hydrogeologists,75,2026-08,8
2344 Geologists Geophysicists and Hydrogeologists,75,2026-07,7
2344 Geologists Geophysicists and Hydrogeologists,75,2026-05,3
2344 Geologists Geophysicists and Hydrogeologists,75,2025-01,1
2344 Geologists Geophysicists and Hydrogeologists,75,2025-06,1
2344 Geologists Geophysicists and Hydrogeologists,75,2025-07,1
2344 Geologists Geophysicists and Hydrogeologists,75,2025-08,1
2344 Geologists Geophysicists and Hydrogeologists,75,2025-09,1
2344 Geologists Geophysicists and Hydrogeologists,75,2025-10,2
2344 Geologists Geophysicists and Hydrogeologists,75,2025-12,1
2344 Geologists Geophysicists and Hydrogeologists,75,2026-04,3
2344 Geologists Geophysicists and Hydrogeologists,75,2026-02,6
2344 Geologists Geophysicists and Hydrogeologists,75,2026-03,1
2344 Geologists Geophysicists and Hydrogeologists,70,2026-08,3
2344 Geologists Geophysicists and Hydrogeologists,70,2026-07,4
2344 Geologists Geophysicists and Hydrogeologists,70,2026-06,2
2344 Geologists Geophysicists and Hydrogeologists,70,2026-05,4
2344 Geologists Geophysicists and Hydrogeologists,70,2025-02,1
2344 Geologists Geophysicists and Hydrogeologists,70,2025-05,1
2344 Geologists Geophysicists and Hydrogeologists,70,2025-06,1
2344 Geologists Geophysicists and Hydrogeologists,70,2025-12,1
2344 Geologists Geophysicists and Hydrogeologists,70,2026-04,2
2344 Geologists Geophysicists and Hydrogeologists,70,2025-11,2
2344 Geologists Geophysicists and Hydrogeologists,70,2026-02,5
2344 Geologists Geophysicists and Hydrogeologists,70,2026-03,1
2344 Geologists Geophysicists and Hydrogeologists,80,2026-08,5
2344 Geologists Geophysicists and Hydrogeologists,80,2026-06,3
2344 Geologists Geophysicists and Hydrogeologists,80,2026-05,1
2344 Geologists Geophysicists and Hydrogeologists,80,2026-01,1
2344 Geologists Geophysicists and Hydrogeologists,80,2026-03,1
2344 Geologists Geophysicists and Hydrogeologists,90,2026-08,3
2344 Geologists Geophysicists and Hydrogeologists,90,2026-07,1
2344 Geologists Geophysicists and Hydrogeologists,90,2026-06,2
2344 Geologists Geophysicists and Hydrogeologists,85,2026-08,3
2344 Geologists Geophysicists and Hydrogeologists,55,2026-08,1
2344 Geologists Geophysicists and Hydrogeologists,55,2026-06,2
2344 Geologists Geophysicists and Hydrogeologists,55,2024-10,1
2344 Geologists Geophysicists and Hydrogeologists,55,2024-12,1
2344 Geologists Geophysicists and Hydrogeologists,55,2025-04,1
2344 Geologists Geophysicists and Hydrogeologists,55,2025-06,2
2344 Geologists Geophysicists and Hydrogeologists,55,2025-08,1
2344 Geologists Geophysicists and Hydrogeologists,55,2025-10,1
2344 Geologists Geophysicists and Hydrogeologists,55,2025-12,2
2344 Geologists Geophysicists and Hydrogeologists,55,2026-04,1
2344 Geologists Geophysicists and Hydrogeologists,55,2026-01,1
2344 Geologists Geophysicists and Hydrogeologists,55,2026-03,1
2344 Geologists Geophysicists and Hydrogeologists,60,2026-08,4
2344 Geologists Geophysicists and Hydrogeologists,60,2026-06,1
2344 Geologists Geophysicists and Hydrogeologists,60,2024-10,1
2344 Geologists Geophysicists and Hydrogeologists,60,2025-06,2
2344 Geologists Geophysicists and Hydrogeologists,60,2025-08,1
2344 Geologists Geophysicists and Hydrogeologists,60,2025-10,1
2344 Geologists Geophysicists and Hydrogeologists,60,2026-04,1
2344 Geologists Geophysicists and Hydrogeologists,60,2026-01,2
2344 Geologists Geophysicists and Hydrogeologists,60,2026-02,2
2344 Geologists Geophysicists and Hydrogeologists,60,2026-03,3
"2621 Database and Systems Administrators, and ICT Security Specialists",65,2026-08,40
"2621 Database and Systems Administrators, and ICT Security Specialists",65,2026-07,47
"2621 Database and Systems Administrators, and ICT Security Specialists",65,2026-06,49
"2621 Database and Systems Administrators, and ICT Security Specialists",65,2024-09,9
"2621 Database and Systems Administrators, and ICT Security Specialists",65,2026-05,40
"2621 Database and Systems Administrators, and ICT Security Specialists",65,2024-10,7
"2621 Database and Systems Administrators, and ICT Security Specialists",65,2024-12,19
"2621 Database and Systems Administrators, and ICT Security Specialists",65,2024-11,13
"2621 Database and Systems Administrators, and ICT Security Specialists",65,2025-01,18
"2621 Database and Systems Administrators, and ICT Security Specialists",65,2025-03,23
"2621 Database and Systems Administrators, and ICT Security Specialists",65,2025-02,17
"2621 Database and Systems Administrators, and ICT Security Specialists",65,2025-04,7
"2621 Database and Systems Administrators, and ICT Security Specialists",65,2025-05,24
"2621 Database and Systems Administrators, and ICT Security Specialists",65,2025-06,19
"2621 Database and Systems Administrators, and ICT Security Specialists",65,2025-07,20
"2621 Database and Systems Administrators, and ICT Security Specialists",65,2025-08,25
"2621 Database and Systems Administrators, and ICT Security Specialists",65,2025-09,18
"2621 Database and Systems Administrators, and ICT Security Specialists",65,2025-10,34
"2621 Database and Systems Administrators, and ICT Security Specialists",65,2025-12,33
"2621 Database and Systems Administrators, and ICT Security Specialists",65,2026-04,41
"2621 Database and Systems Administrators, and ICT Security Specialists",65,2025-11,33
"2621 Database and Systems Administrators, and ICT Security Specialists",65,2026-01,29
"2621 Database and Systems Administrators, and ICT Security Specialists",65,2026-02,37
"2621 Database and Systems Administrators, and ICT Security Specialists",65,2026-03,23
"2621 Database and Systems Administrators, and ICT Security Specialists",75,2026-09,2
"2621 Database and Systems Administrators, and ICT Security Specialists",75,2026-08,80
"2621 Database and Systems Administrators, and ICT Security Specialists",75,2026-07,57
"2621 Database and Systems Administrators, and ICT Security Specialists",75,2026-06,96
"2621 Database and Systems Administrators, and ICT Security Specialists",75,2024-09,10
"2621 Database and Systems Administrators, and ICT Security Specialists",75,2026-05,57
"2621 Database and Systems Administrators, and ICT Security Specialists",75,2024-10,4
"2621 Database and Systems Administrators, and ICT Security Specialists",75,2024-12,16
"2621 Database and Systems Administrators, and ICT Security Specialists",75,2024-11,27
"2621 Database and Systems Administrators, and ICT Security Specialists",75,2025-01,15
"2621 Database and Systems Administrators, and ICT Security Specialists",75,2025-03,39
"2621 Database and Systems Administrators, and ICT Security Specialists",75,2025-02,17
"2621 Database and Systems Administrators, and ICT Security Specialists",75,2025-04,27
"2621 Database and Systems Administrators, and ICT Security Specialists",75,2025-05,29
"2621 Database and Systems Administrators, and ICT Security Specialists",75,2025-06,22
"2621 Database and Systems Administrators, and ICT Security Specialists",75,2025-07,30
"2621 Database and Systems Administrators, and ICT Security Specialists",75,2025-08,40
"2621 Database and Systems Administrators, and ICT Security Specialists",75,2025-09,44
"2621 Database and Systems Administrators, and ICT Security Specialists",75,2025-10,40
"2621 Database and Systems Administrators, and ICT Security Specialists",75,2025-12,31
"2621 Database and Systems Administrators, and ICT Security Specialists",75,2026-04,51
"2621 Database and Systems Administrators, and ICT Security Specialists",75,2025-11,46
"2621 Database and Systems Administrators, and ICT Security Specialists",75,2026-01,41
"2621 Database and Systems Administrators, and ICT Security Specialists",75,2026-02,51
"2621 Database and Systems Administrators, and ICT Security Specialists",75,2026-03,64
"2621 Database and Systems Administrators, and ICT Security Specialists",70,2026-09,1
"2621 Database and Systems Administrators, and ICT Security Specialists",70,2026-08,55
"2621 Database and Systems Administrators, and ICT Security Specialists",70,2026-07,53
"2621 Database and Systems Administrators, and ICT Security Specialists",70,2026-06,49
"2621 Database and Systems Administrators, and ICT Security Specialists",70,2024-09,8
"2621 Database and Systems Administrators, and ICT Security Specialists",70,2026-05,59
"2621 Database and Systems Administrators, and ICT Security Specialists",70,2024-10,6
"2621 Database and Systems Administrators, and ICT Security Specialists",70,2024-12,8
"2621 Database and Systems Administrators, and ICT Security Specialists",70,2024-11,8
"2621 Database and Systems Administrators, and ICT Security Specialists",70,2025-01,9
"2621 Database and Systems Administrators, and ICT Security Specialists",70,2025-03,15
"2621 Database and Systems Administrators, and ICT Security Specialists",70,2025-02,16
"2621 Database and Systems Administrators, and ICT Security Specialists",70,2025-04,20
"2621 Database and Systems Administrators, and ICT Security Specialists",70,2025-05,19
"2621 Database and Systems Administrators, and ICT Security Specialists",70,2025-06,22
"2621 Database and Systems Administrators, and ICT Security Specialists",70,2025-07,39
"2621 Database and Systems Administrators, and ICT Security Specialists",70,2025-08,21
"2621 Database and Systems Administrators, and ICT Security Specialists",70,2025-09,37
"2621 Database and Systems Administrators, and ICT Security Specialists",70,2025-10,40
"2621 Database and Systems Administrators, and ICT Security Specialists",70,2025-12,37
"2621 Database and Systems Administrators, and ICT Security Specialists",70,2026-04,54
"2621 Database and Systems Administrators, and ICT Security Specialists",70,2025-11,35
"2621 Database and Systems Administrators, and ICT Security Specialists",70,2026-01,38
"2621 Database and Systems Administrators, and ICT Security Specialists",70,2026-02,36
"2621 Database and Systems Administrators, and ICT Security Specialists",70,2026-03,48
"2621 Database and Systems Administrators, and ICT Security Specialists",80,2026-09,1
"2621 Database and Systems Administrators, and ICT Security Specialists",80,2026-08,70
"2621 Database and Systems Administrators, and ICT Security Specialists",80,2026-07,63
"2621 Database and Systems Administrators, and ICT Security Specialists",80,2026-06,55
"2621 Database and Systems Administrators, and ICT Security Specialists",80,2024-09,10
"2621 Database and Systems Administrators, and ICT Security Specialists",80,2026-05,61
"2621 Database and Systems Administrators, and ICT Security Specialists",80,2024-10,11
"2621 Database and Systems Administrators, and ICT Security Specialists",80,2024-12,13
"2621 Database and Systems Administrators, and ICT Security Specialists",80,2024-11,9
"2621 Database and Systems Administrators, and ICT Security Specialists",80,2025-01,13
"2621 Database and Systems Administrators, and ICT Security Specialists",80,2025-03,13
"2621 Database and Systems Administrators, and ICT Security Specialists",80,2025-02,8
"2621 Database and Systems Administrators, and ICT Security Specialists",80,2025-04,29
"2621 Database and Systems Administrators, and ICT Security Specialists",80,2025-05,26
"2621 Database and Systems Administrators, and ICT Security Specialists",80,2025-06,20
"2621 Database and Systems Administrators, and ICT Security Specialists",80,2025-07,18
"2621 Database and Systems Administrators, and ICT Security Specialists",80,2025-08,30
"2621 Database and Systems Administrators, and ICT Security Specialists",80,2025-09,34
"2621 Database and Systems Administrators, and ICT Security Specialists",80,2025-10,51
"2621 Database and Systems Administrators, and ICT Security Specialists",80,2025-12,40
"2621 Database and Systems Administrators, and ICT Security Specialists",80,2026-04,66
"2621 Database and Systems Administrators, and ICT Security Specialists",80,2025-11,53
"2621 Database and Systems Administrators, and ICT Security Specialists",80,2026-01,48
"2621 Database and Systems Administrators, and ICT Security Specialists",80,2026-02,50
"2621 Database and Systems Administrators, and ICT Security Specialists",80,2026-03,49
"2621 Database and Systems Administrators, and ICT Security Specialists",95,2026-09,1
"2621 Database and Systems Administrators, and ICT Security Specialists",95,2026-08,40
"2621 Database and Systems Administrators, and ICT Security Specialists",95,2026-07,31
"2621 Database and Systems Administrators, and ICT Security Specialists",95,2026-06,22
"2621 Database and Systems Administrators, and ICT Security Specialists",95,2026-05,20
"2621 Database and Systems Administrators, and ICT Security Specialists",95,2024-10,1
"2621 Database and Systems Administrators, and ICT Security Specialists",95,2024-12,5
"2621 Database and Systems Administrators, and ICT Security Specialists",95,2025-01,7
"2621 Database and Systems Administrators, and ICT Security Specialists",95,2025-03,10
"2621 Database and Systems Administrators, and ICT Security Specialists",95,2025-02,6
"2621 Database and Systems Administrators, and ICT Security Specialists",95,2025-04,6
"2621 Database and Systems Administrators, and ICT Security Specialists",95,2025-05,10
"2621 Database and Systems Administrators, and ICT Security Specialists",95,2025-06,5
"2621 Database and Systems Administrators, and ICT Security Specialists",95,2025-07,16
"2621 Database and Systems Administrators, and ICT Security Specialists",95,2025-08,9
"2621 Database and Systems Administrators, and ICT Security Specialists",95,2025-09,21
"2621 Database and Systems Administrators, and ICT Security Specialists",95,2025-10,16
"2621 Database and Systems Administrators, and ICT Security Specialists",95,2025-12,22
"2621 Database and Systems Administrators, and ICT Security Specialists",95,2026-04,22
"2621 Database and Systems Administrators, and ICT Security Specialists",95,2025-11,15
"2621 Database and Systems Administrators, and ICT Security Specialists",95,2026-01,20
"2621 Database and Systems Administrators, and ICT Security Specialists",95,2026-02,19
"2621 Database and Systems Administrators, and ICT Security Specialists",95,2026-03,26
"2621 Database and Systems Administrators, and ICT Security Specialists",90,2026-09,1
"2621 Database and Systems Administrators, and ICT Security Specialists",90,2026-08,62
"2621 Database and Systems Administrators, and ICT Security Specialists",90,2026-07,56
"2621 Database and Systems Administrators, and ICT Security Specialists",90,2026-06,43
"2621 Database and Systems Administrators, and ICT Security Specialists",90,2024-09,3
"2621 Database and Systems Administrators, and ICT Security Specialists",90,2026-05,43
"2621 Database and Systems Administrators, and ICT Security Specialists",90,2024-10,15
"2621 Database and Systems Administrators, and ICT Security Specialists",90,2024-12,13
"2621 Database and Systems Administrators, and ICT Security Specialists",90,2024-11,10
"2621 Database and Systems Administrators, and ICT Security Specialists",90,2025-01,13
"2621 Database and Systems Administrators, and ICT Security Specialists",90,2025-03,18
"2621 Database and Systems Administrators, and ICT Security Specialists",90,2025-02,11
"2621 Database and Systems Administrators, and ICT Security Specialists",90,2025-04,18
"2621 Database and Systems Administrators, and ICT Security Specialists",90,2025-05,18
"2621 Database and Systems Administrators, and ICT Security Specialists",90,2025-06,21
"2621 Database and Systems Administrators, and ICT Security Specialists",90,2025-07,20
"2621 Database and Systems Administrators, and ICT Security Specialists",90,2025-08,25
"2621 Database and Systems Administrators, and ICT Security Specialists",90,2025-09,33
"2621 Database and Systems Administrators, and ICT Security Specialists",90,2025-10,40
"2621 Database and Systems Administrators, and ICT Security Specialists",90,2025-12,33
"2621 Database and Systems Administrators, and ICT Security Specialists",90,2026-04,41
"2621 Database and Systems Administrators, and ICT Security Specialists",90,2025-11,51
"2621 Database and Systems Administrators, and ICT Security Specialists",90,2026-01,32
"2621 Database and Systems Administrators, and ICT Security Specialists",90,2026-02,45
"2621 Database and Systems Administrators, and ICT Security Specialists",90,2026-03,44
"2621 Database and Systems Administrators, and ICT Security Specialists",85,2026-08,85
"2621 Database and Systems Administrators, and ICT Security Specialists",85,2026-07,54
"2621 Database and Systems Administrators, and ICT Security Specialists",85,2026-06,68
"2621 Database and Systems Administrators, and ICT Security Specialists",85,2026-05,48
"2621 Database and Systems Administrators, and ICT Security Specialists",85,2024-10,5
"2621 Database and Systems Administrators, and ICT Security Specialists",85,2024-12,10
"2621 Database and Systems Administrators, and ICT Security Specialists",85,2024-11,11
"2621 Database and Systems Administrators, and ICT Security Specialists",85,2025-01,15
"2621 Database and Systems Administrators, and ICT Security Specialists",85,2025-03,24
"2621 Database and Systems Administrators, and ICT Security Specialists",85,2025-02,15
"2621 Database and Systems Administrators, and ICT Security Specialists",85,2025-04,17
"2621 Database and Systems Administrators, and ICT Security Specialists",85,2025-05,18
"2621 Database and Systems Administrators, and ICT Security Specialists",85,2025-06,8
"2621 Database and Systems Administrators, and ICT Security Specialists",85,2025-07,24
"2621 Database and Systems Administrators, and ICT Security Specialists",85,2025-08,40
"2621 Database and Systems Administrators, and ICT Security Specialists",85,2025-09,40
"2621 Database and Systems Administrators, and ICT Security Specialists",85,2025-10,39
"2621 Database and Systems Administrators, and ICT Security Specialists",85,2025-12,30
"2621 Database and Systems Administrators, and ICT Security Specialists",85,2026-04,53
"2621 Database and Systems Administrators, and ICT Security Specialists",85,2025-11,53
"2621 Database and Systems Administrators, and ICT Security Specialists",85,2026-01,30
"2621 Database and Systems Administrators, and ICT Security Specialists",85,2026-02,54
"2621 Database and Systems Administrators, and ICT Security Specialists",85,2026-03,48
"2621 Database and Systems Administrators, and ICT Security Specialists",55,2026-08,18
"2621 Database and Systems Administrators, and ICT Security Specialists",55,2026-07,7
"2621 Database and Systems Administrators, and ICT Security Specialists",55,2026-06,9
"2621 Database and Systems Administrators, and ICT Security Specialists",55,2026-05,6
"2621 Database and Systems Administrators, and ICT Security Specialists",55,2024-10,1
"2621 Database and Systems Administrators, and ICT Security Specialists",55,2024-11,2
"2621 Database and Systems Administrators, and ICT Security Specialists",55,2025-01,1
"2621 Database and Systems Administrators, and ICT Security Specialists",55,2025-03,2
"2621 Database and Systems Administrators, and ICT Security Specialists",55,2025-02,1
"2621 Database and Systems Administrators, and ICT Security Specialists",55,2025-04,3
"2621 Database and Systems Administrators, and ICT Security Specialists",55,2025-05,2
"2621 Database and Systems Administrators, and ICT Security Specialists",55,2025-06,1
"2621 Database and Systems Administrators, and ICT Security Specialists",55,2025-07,3
"2621 Database and Systems Administrators, and ICT Security Specialists",55,2025-08,1
"2621 Database and Systems Administrators, and ICT Security Specialists",55,2025-09,4
"2621 Database and Systems Administrators, and ICT Security Specialists",55,2025-10,3
"2621 Database and Systems Administrators, and ICT Security Specialists",55,2025-12,2
"2621 Database and Systems Administrators, and ICT Security Specialists",55,2026-04,5
"2621 Database and Systems Administrators, and ICT Security Specialists",55,2025-11,7
"2621 Database and Systems Administrators, and ICT Security Specialists",55,2026-01,7
"2621 Database and Systems Administrators, and ICT Security Specialists",55,2026-02,2
"2621 Database and Systems Administrators, and ICT Security Specialists",55,2026-03,4
"2621 Database and Systems Administrators, and ICT Security Specialists",60,2026-08,15
"2621 Database and Systems Administrators, and ICT Security Specialists",60,2026-07,16
"2621 Database and Systems Administrators, and ICT Security Specialists",60,2026-06,13
"2621 Database and Systems Administrators, and ICT Security Specialists",60,2026-05,11
"2621 Database and Systems Administrators, and ICT Security Specialists",60,2024-10,1
"2621 Database and Systems Administrators, and ICT Security Specialists",60,2024-12,4
"2621 Database and Systems Administrators, and ICT Security Specialists",60,2024-11,2
"2621 Database and Systems Administrators, and ICT Security Specialists",60,2025-03,2
"2621 Database and Systems Administrators, and ICT Security Specialists",60,2025-04,3
"2621 Database and Systems Administrators, and ICT Security Specialists",60,2025-05,3
"2621 Database and Systems Administrators, and ICT Security Specialists",60,2025-07,9
"2621 Database and Systems Administrators, and ICT Security Specialists",60,2025-08,6
"2621 Database and Systems Administrators, and ICT Security Specialists",60,2025-09,5
"2621 Database and Systems Administrators, and ICT Security Specialists",60,2025-10,7
"2621 Database and Systems Administrators, and ICT Security Specialists",60,2025-12,12
"2621 Database and Systems Administrators, and ICT Security Specialists",60,2026-04,7
"2621 Database and Systems Administrators, and ICT Security Specialists",60,2025-11,8
"2621 Database and Systems Administrators, and ICT Security Specialists",60,2026-01,4
"2621 Database and Systems Administrators, and ICT Security Specialists",60,2026-02,6
"2621 Database and Systems Administrators, and ICT Security Specialists",60,2026-03,10
"2621 Database and Systems Administrators, and ICT Security Specialists",50,2026-08,5
"2621 Database and Systems Administrators, and ICT Security Specialists",50,2026-07,1
"2621 Database and Systems Administrators, and ICT Security Specialists",50,2026-06,3
"2621 Database and Systems Administrators, and ICT Security Specialists",50,2024-09,3
"2621 Database and Systems Administrators, and ICT Security Specialists",50,2025-03,1
"2621 Database and Systems Administrators, and ICT Security Specialists",50,2025-02,1
"2621 Database and Systems Administrators, and ICT Security Specialists",50,2025-04,1
"2621 Database and Systems Administrators, and ICT Security Specialists",50,2025-05,1
"2621 Database and Systems Administrators, and ICT Security Specialists",50,2025-06,1
"2621 Database and Systems Administrators, and ICT Security Specialists",50,2025-07,1
"2621 Database and Systems Administrators, and ICT Security Specialists",50,2025-08,3
"2621 Database and Systems Administrators, and ICT Security Specialists",50,2025-10,3
"2621 Database and Systems Administrators, and ICT Security Specialists",50,2025-12,1
"2621 Database and Systems Administrators, and ICT Security Specialists",50,2026-04,1
"2621 Database and Systems Administrators, and ICT Security Specialists",50,2025-11,2
"2621 Database and Systems Administrators, and ICT Security Specialists",50,2026-01,3
"2621 Database and Systems Administrators, and ICT Security Specialists",50,2026-02,4
"2621 Database and Systems Administrators, and ICT Security Specialists",110,2026-08,1
"2621 Database and Systems Administrators, and ICT Security Specialists",110,2026-04,1
"2621 Database and Systems Administrators, and ICT Security Specialists",100,2026-08,15
"2621 Database and Systems Administrators, and ICT Security Specialists",100,2026-07,13
"2621 Database and Systems Administrators, and ICT Security Specialists",100,2026-06,9
"2621 Database and Systems Administrators, and ICT Security Specialists",100,2026-05,15
"2621 Database and Systems Administrators, and ICT Security Specialists",100,2024-10,1
"2621 Database and Systems Administrators, and ICT Security Specialists",100,2024-11,1
"2621 Database and Systems Administrators, and ICT Security Specialists",100,2025-03,1
"2621 Database and Systems Administrators, and ICT Security Specialists",100,2025-02,2
"2621 Database and Systems Administrators, and ICT Security Specialists",100,2025-05,1
"2621 Database and Systems Administrators, and ICT Security Specialists",100,2025-08,1
"2621 Database and Systems Administrators, and ICT Security Specialists",100,2025-09,4
"2621 Database and Systems Administrators, and ICT Security Specialists",100,2025-10,6
"2621 Database and Systems Administrators, and ICT Security Specialists",100,2025-12,5
"2621 Database and Systems Administrators, and ICT Security Specialists",100,2026-04,10
"2621 Database and Systems Administrators, and ICT Security Specialists",100,2025-11,3
"2621 Database and Systems Administrators, and ICT Security Specialists",100,2026-01,5
"2621 Database and Systems Administrators, and ICT Security Specialists",100,2026-02,11
"2621 Database and Systems Administrators, and ICT Security Specialists",100,2026-03,5
"2621 Database and Systems Administrators, and ICT Security Specialists",105,2026-08,2
"2621 Database and Systems Administrators, and ICT Security Specialists",105,2025-09,2
"2621 Database and Systems Administrators, and ICT Security Specialists",105,2025-10,1
"2621 Database and Systems Administrators, and ICT Security Specialists",105,2025-12,1
"2621 Database and Systems Administrators, and ICT Security Specialists",40,2025-03,1
"2621 Database and Systems Administrators, and ICT Security Specialists",40,2025-08,1
"2621 Database and Systems Administrators, and ICT Security Specialists",40,2025-11,1
"2621 Database and Systems Administrators, and ICT Security Specialists",45,2026-07,3
"2621 Database and Systems Administrators, and ICT Security Specialists",45,2024-12,1
"2621 Database and Systems Administrators, and ICT Security Specialists",45,2024-11,1
"2621 Database and Systems Administrators, and ICT Security Specialists",45,2025-12,1
"2621 Database and Systems Administrators, and ICT Security Specialists",45,2026-03,1
"2212 Auditors, Company Secretaries and Corporate Treasurers",65,2026-09,1
"2212 Auditors, Company Secretaries and Corporate Treasurers",65,2026-08,69
"2212 Auditors, Company Secretaries and Corporate Treasurers",65,2026-07,71
"2212 Auditors, Company Secretaries and Corporate Treasurers",65,2026-06,91
"2212 Auditors, Company Secretaries and Corporate Treasurers",65,2024-09,16
"2212 Auditors, Company Secretaries and Corporate Treasurers",65,2026-05,50
"2212 Auditors, Company Secretaries and Corporate Treasurers",65,2024-10,10
"2212 Auditors, Company Secretaries and Corporate Treasurers",65,2024-12,30
"2212 Auditors, Company Secretaries and Corporate Treasurers",65,2024-11,14
"2212 Auditors, Company Secretaries and Corporate Treasurers",65,2025-01,35
"2212 Auditors, Company Secretaries and Corporate Treasurers",65,2025-03,38
"2212 Auditors, Company Secretaries and Corporate Treasurers",65,2025-02,23
"2212 Auditors, Company Secretaries and Corporate Treasurers",65,2025-04,34
"2212 Auditors, Company Secretaries and Corporate Treasurers",65,2025-05,47
"2212 Auditors, Company Secretaries and Corporate Treasurers",65,2025-06,51
"2212 Auditors, Company Secretaries and Corporate Treasurers",65,2025-07,42
"2212 Auditors, Company Secretaries and Corporate Treasurers",65,2025-08,50
"2212 Auditors, Company Secretaries and Corporate Treasurers",65,2025-09,42
"2212 Auditors, Company Secretaries and Corporate Treasurers",65,2025-10,47
"2212 Auditors, Company Secretaries and Corporate Treasurers",65,2025-12,75
"2212 Auditors, Company Secretaries and Corporate Treasurers",65,2026-04,48
"2212 Auditors, Company Secretaries and Corporate Treasurers",65,2025-11,69
"2212 Auditors, Company Secretaries and Corporate Treasurers",65,2026-01,72
"2212 Auditors, Company Secretaries and Corporate Treasurers",65,2026-02,36
"2212 Auditors, Company Secretaries and Corporate Treasurers",65,2026-03,67
"2212 Auditors, Company Secretaries and Corporate Treasurers",75,2026-09,14
"2212 Auditors, Company Secretaries and Corporate Treasurers",75,2026-08,89
"2212 Auditors, Company Secretaries and Corporate Treasurers",75,2026-07,77
"2212 Auditors, Company Secretaries and Corporate Treasurers",75,2026-06,66
"2212 Auditors, Company Secretaries and Corporate Treasurers",75,2024-09,10
"2212 Auditors, Company Secretaries and Corporate Treasurers",75,2026-05,70
"2212 Auditors, Company Secretaries and Corporate Treasurers",75,2024-10,18
"2212 Auditors, Company Secretaries and Corporate Treasurers",75,2024-12,17
"2212 Auditors, Company Secretaries and Corporate Treasurers",75,2024-11,32
"2212 Auditors, Company Secretaries and Corporate Treasurers",75,2025-01,39
"2212 Auditors, Company Secretaries and Corporate Treasurers",75,2025-03,35
"2212 Auditors, Company Secretaries and Corporate Treasurers",75,2025-02,30
"2212 Auditors, Company Secretaries and Corporate Treasurers",75,2025-04,38
"2212 Auditors, Company Secretaries and Corporate Treasurers",75,2025-05,51
"2212 Auditors, Company Secretaries and Corporate Treasurers",75,2025-06,38
"2212 Auditors, Company Secretaries and Corporate Treasurers",75,2025-07,52
"2212 Auditors, Company Secretaries and Corporate Treasurers",75,2025-08,67
"2212 Auditors, Company Secretaries and Corporate Treasurers",75,2025-09,62
"2212 Auditors, Company Secretaries and Corporate Treasurers",75,2025-10,62
"2212 Auditors, Company Secretaries and Corporate Treasurers",75,2025-12,63
"2212 Auditors, Company Secretaries and Corporate Treasurers",75,2026-04,93
"2212 Auditors, Company Secretaries and Corporate Treasurers",75,2025-11,78
"2212 Auditors, Company Secretaries and Corporate Treasurers",75,2026-01,87
"2212 Auditors, Company Secretaries and Corporate Treasurers",75,2026-02,54
"2212 Auditors, Company Secretaries and Corporate Treasurers",75,2026-03,54
"2212 Auditors, Company Secretaries and Corporate Treasurers",70,2026-09,5
"2212 Auditors, Company Secretaries and Corporate Treasurers",70,2026-08,99
"2212 Auditors, Company Secretaries and Corporate Treasurers",70,2026-07,79
"2212 Auditors, Company Secretaries and Corporate Treasurers",70,2026-06,73
"2212 Auditors, Company Secretaries and Corporate Treasurers",70,2024-09,15
"2212 Auditors, Company Secretaries and Corporate Treasurers",70,2026-05,88
"2212 Auditors, Company Secretaries and Corporate Treasurers",70,2024-10,15
"2212 Auditors, Company Secretaries and Corporate Treasurers",70,2024-12,23
"2212 Auditors, Company Secretaries and Corporate Treasurers",70,2024-11,16
"2212 Auditors, Company Secretaries and Corporate Treasurers",70,2025-01,31
"2212 Auditors, Company Secretaries and Corporate Treasurers",70,2025-03,51
"2212 Auditors, Company Secretaries and Corporate Treasurers",70,2025-02,27
"2212 Auditors, Company Secretaries and Corporate Treasurers",70,2025-04,52
"2212 Auditors, Company Secretaries and Corporate Treasurers",70,2025-05,58
"2212 Auditors, Company Secretaries and Corporate Treasurers",70,2025-06,50
"2212 Auditors, Company Secretaries and Corporate Treasurers",70,2025-07,43
"2212 Auditors, Company Secretaries and Corporate Treasurers",70,2025-08,63
"2212 Auditors, Company Secretaries and Corporate Treasurers",70,2025-09,61
"2212 Auditors, Company Secretaries and Corporate Treasurers",70,2025-10,76
"2212 Auditors, Company Secretaries and Corporate Treasurers",70,2025-12,74
"2212 Auditors, Company Secretaries and Corporate Treasurers",70,2026-04,61
"2212 Auditors, Company Secretaries and Corporate Treasurers",70,2025-11,96
"2212 Auditors, Company Secretaries and Corporate Treasurers",70,2026-01,60
"2212 Auditors, Company Secretaries and Corporate Treasurers",70,2026-02,69
"2212 Auditors, Company Secretaries and Corporate Treasurers",70,2026-03,54
"2212 Auditors, Company Secretaries and Corporate Treasurers",80,2026-09,4
"2212 Auditors, Company Secretaries and Corporate Treasurers",80,2026-08,84
"2212 Auditors, Company Secretaries and Corporate Treasurers",80,2026-07,58
"2212 Auditors, Company Secretaries and Corporate Treasurers",80,2026-06,73
"2212 Auditors, Company Secretaries and Corporate Treasurers",80,2024-09,14
"2212 Auditors, Company Secretaries and Corporate Treasurers",80,2026-05,59
"2212 Auditors, Company Secretaries and Corporate Treasurers",80,2024-10,16
"2212 Auditors, Company Secretaries and Corporate Treasurers",80,2024-12,14
"2212 Auditors, Company Secretaries and Corporate Treasurers",80,2024-11,26
"2212 Auditors, Company Secretaries and Corporate Treasurers",80,2025-01,26
"2212 Auditors, Company Secretaries and Corporate Treasurers",80,2025-03,36
"2212 Auditors, Company Secretaries and Corporate Treasurers",80,2025-02,30
"2212 Auditors, Company Secretaries and Corporate Treasurers",80,2025-04,38
"2212 Auditors, Company Secretaries and Corporate Treasurers",80,2025-05,45
"2212 Auditors, Company Secretaries and Corporate Treasurers",80,2025-06,30
"2212 Auditors, Company Secretaries and Corporate Treasurers",80,2025-07,35
"2212 Auditors, Company Secretaries and Corporate Treasurers",80,2025-08,53
"2212 Auditors, Company Secretaries and Corporate Treasurers",80,2025-09,57
"2212 Auditors, Company Secretaries and Corporate Treasurers",80,2025-10,72
"2212 Auditors, Company Secretaries and Corporate Treasurers",80,2025-12,65
"2212 Auditors, Company Secretaries and Corporate Treasurers",80,2026-04,68
"2212 Auditors, Company Secretaries and Corporate Treasurers",80,2025-11,73
"2212 Auditors, Company Secretaries and Corporate Treasurers",80,2026-01,58
"2212 Auditors, Company Secretaries and Corporate Treasurers",80,2026-02,55
"2212 Auditors, Company Secretaries and Corporate Treasurers",80,2026-03,83
"2212 Auditors, Company Secretaries and Corporate Treasurers",95,2026-08,20
"2212 Auditors, Company Secretaries and Corporate Treasurers",95,2026-07,15
"2212 Auditors, Company Secretaries and Corporate Treasurers",95,2026-06,17
"2212 Auditors, Company Secretaries and Corporate Treasurers",95,2026-05,12
"2212 Auditors, Company Secretaries and Corporate Treasurers",95,2025-01,1
"2212 Auditors, Company Secretaries and Corporate Treasurers",95,2025-03,2
"2212 Auditors, Company Secretaries and Corporate Treasurers",95,2025-02,2
"2212 Auditors, Company Secretaries and Corporate Treasurers",95,2025-04,3
"2212 Auditors, Company Secretaries and Corporate Treasurers",95,2025-05,2
"2212 Auditors, Company Secretaries and Corporate Treasurers",95,2025-06,3
"2212 Auditors, Company Secretaries and Corporate Treasurers",95,2025-07,7
"2212 Auditors, Company Secretaries and Corporate Treasurers",95,2025-08,3
"2212 Auditors, Company Secretaries and Corporate Treasurers",95,2025-09,3
"2212 Auditors, Company Secretaries and Corporate Treasurers",95,2025-10,5
"2212 Auditors, Company Secretaries and Corporate Treasurers",95,2025-12,5
"2212 Auditors, Company Secretaries and Corporate Treasurers",95,2026-04,15
"2212 Auditors, Company Secretaries and Corporate Treasurers",95,2025-11,4
"2212 Auditors, Company Secretaries and Corporate Treasurers",95,2026-01,7
"2212 Auditors, Company Secretaries and Corporate Treasurers",95,2026-02,12
"2212 Auditors, Company Secretaries and Corporate Treasurers",95,2026-03,8
"2212 Auditors, Company Secretaries and Corporate Treasurers",90,2026-09,3
"2212 Auditors, Company Secretaries and Corporate Treasurers",90,2026-08,45
"2212 Auditors, Company Secretaries and Corporate Treasurers",90,2026-07,55
"2212 Auditors, Company Secretaries and Corporate Treasurers",90,2026-06,54
"2212 Auditors, Company Secretaries and Corporate Treasurers",90,2024-09,1
"2212 Auditors, Company Secretaries and Corporate Treasurers",90,2026-05,39
"2212 Auditors, Company Secretaries and Corporate Treasurers",90,2024-10,1
"2212 Auditors, Company Secretaries and Corporate Treasurers",90,2024-12,8
"2212 Auditors, Company Secretaries and Corporate Treasurers",90,2024-11,8
"2212 Auditors, Company Secretaries and Corporate Treasurers",90,2025-01,5
"2212 Auditors, Company Secretaries and Corporate Treasurers",90,2025-03,14
"2212 Auditors, Company Secretaries and Corporate Treasurers",90,2025-02,12
"2212 Auditors, Company Secretaries and Corporate Treasurers",90,2025-04,16
"2212 Auditors, Company Secretaries and Corporate Treasurers",90,2025-05,16
"2212 Auditors, Company Secretaries and Corporate Treasurers",90,2025-06,25
"2212 Auditors, Company Secretaries and Corporate Treasurers",90,2025-07,23
"2212 Auditors, Company Secretaries and Corporate Treasurers",90,2025-08,29
"2212 Auditors, Company Secretaries and Corporate Treasurers",90,2025-09,36
"2212 Auditors, Company Secretaries and Corporate Treasurers",90,2025-10,40
"2212 Auditors, Company Secretaries and Corporate Treasurers",90,2025-12,46
"2212 Auditors, Company Secretaries and Corporate Treasurers",90,2026-04,48
"2212 Auditors, Company Secretaries and Corporate Treasurers",90,2025-11,34
"2212 Auditors, Company Secretaries and Corporate Treasurers",90,2026-01,49
"2212 Auditors, Company Secretaries and Corporate Treasurers",90,2026-02,40
"2212 Auditors, Company Secretaries and Corporate Treasurers",90,2026-03,53
"2212 Auditors, Company Secretaries and Corporate Treasurers",85,2026-09,3
"2212 Auditors, Company Secretaries and Corporate Treasurers",85,2026-08,101
"2212 Auditors, Company Secretaries and Corporate Treasurers",85,2026-07,86
"2212 Auditors, Company Secretaries and Corporate Treasurers",85,2026-06,63
"2212 Auditors, Company Secretaries and Corporate Treasurers",85,2024-09,5
"2212 Auditors, Company Secretaries and Corporate Treasurers",85,2026-05,60
"2212 Auditors, Company Secretaries and Corporate Treasurers",85,2024-10,12
"2212 Auditors, Company Secretaries and Corporate Treasurers",85,2024-12,16
"2212 Auditors, Company Secretaries and Corporate Treasurers",85,2024-11,23
"2212 Auditors, Company Secretaries and Corporate Treasurers",85,2025-01,22
"2212 Auditors, Company Secretaries and Corporate Treasurers",85,2025-03,33
"2212 Auditors, Company Secretaries and Corporate Treasurers",85,2025-02,38
"2212 Auditors, Company Secretaries and Corporate Treasurers",85,2025-04,39
"2212 Auditors, Company Secretaries and Corporate Treasurers",85,2025-05,34
"2212 Auditors, Company Secretaries and Corporate Treasurers",85,2025-06,30
"2212 Auditors, Company Secretaries and Corporate Treasurers",85,2025-07,38
"2212 Auditors, Company Secretaries and Corporate Treasurers",85,2025-08,54
"2212 Auditors, Company Secretaries and Corporate Treasurers",85,2025-09,50
"2212 Auditors, Company Secretaries and Corporate Treasurers",85,2025-10,62
"2212 Auditors, Company Secretaries and Corporate Treasurers",85,2025-12,69
"2212 Auditors, Company Secretaries and Corporate Treasurers",85,2026-04,55
"2212 Auditors, Company Secretaries and Corporate Treasurers",85,2025-11,63
"2212 Auditors, Company Secretaries and Corporate Treasurers",85,2026-01,73
"2212 Auditors, Company Secretaries and Corporate Treasurers",85,2026-02,81
"2212 Auditors, Company Secretaries and Corporate Treasurers",85,2026-03,65
"2212 Auditors, Company Secretaries and Corporate Treasurers",55,2026-08,10
"2212 Auditors, Company Secretaries and Corporate Treasurers",55,2026-07,8
"2212 Auditors, Company Secretaries and Corporate Treasurers",55,2026-06,8
"2212 Auditors, Company Secretaries and Corporate Treasurers",55,2024-09,1
"2212 Auditors, Company Secretaries and Corporate Treasurers",55,2026-05,4
"2212 Auditors, Company Secretaries and Corporate Treasurers",55,2024-12,1
"2212 Auditors, Company Secretaries and Corporate Treasurers",55,2025-04,3
"2212 Auditors, Company Secretaries and Corporate Treasurers",55,2025-05,2
"2212 Auditors, Company Secretaries and Corporate Treasurers",55,2025-07,3
"2212 Auditors, Company Secretaries and Corporate Treasurers",55,2025-08,1
"2212 Auditors, Company Secretaries and Corporate Treasurers",55,2025-09,5
"2212 Auditors, Company Secretaries and Corporate Treasurers",55,2025-10,6
"2212 Auditors, Company Secretaries and Corporate Treasurers",55,2025-12,4
"2212 Auditors, Company Secretaries and Corporate Treasurers",55,2026-04,7
"2212 Auditors, Company Secretaries and Corporate Treasurers",55,2025-11,5
"2212 Auditors, Company Secretaries and Corporate Treasurers",55,2026-01,8
"2212 Auditors, Company Secretaries and Corporate Treasurers",55,2026-02,3
"2212 Auditors, Company Secretaries and Corporate Treasurers",55,2026-03,3
"2212 Auditors, Company Secretaries and Corporate Treasurers",60,2026-09,2
"2212 Auditors, Company Secretaries and Corporate Treasurers",60,2026-08,24
"2212 Auditors, Company Secretaries and Corporate Treasurers",60,2026-07,13
"2212 Auditors, Company Secretaries and Corporate Treasurers",60,2026-06,18
"2212 Auditors, Company Secretaries and Corporate Treasurers",60,2024-09,3
"2212 Auditors, Company Secretaries and Corporate Treasurers",60,2026-05,18
"2212 Auditors, Company Secretaries and Corporate Treasurers",60,2024-10,4
"2212 Auditors, Company Secretaries and Corporate Treasurers",60,2024-12,6
"2212 Auditors, Company Secretaries and Corporate Treasurers",60,2024-11,5
"2212 Auditors, Company Secretaries and Corporate Treasurers",60,2025-01,5
"2212 Auditors, Company Secretaries and Corporate Treasurers",60,2025-03,4
"2212 Auditors, Company Secretaries and Corporate Treasurers",60,2025-02,4
"2212 Auditors, Company Secretaries and Corporate Treasurers",60,2025-04,9
"2212 Auditors, Company Secretaries and Corporate Treasurers",60,2025-05,8
"2212 Auditors, Company Secretaries and Corporate Treasurers",60,2025-06,5
"2212 Auditors, Company Secretaries and Corporate Treasurers",60,2025-07,4
"2212 Auditors, Company Secretaries and Corporate Treasurers",60,2025-08,8
"2212 Auditors, Company Secretaries and Corporate Treasurers",60,2025-09,11
"2212 Auditors, Company Secretaries and Corporate Treasurers",60,2025-10,16
"2212 Auditors, Company Secretaries and Corporate Treasurers",60,2025-12,17
"2212 Auditors, Company Secretaries and Corporate Treasurers",60,2026-04,10
"2212 Auditors, Company Secretaries and Corporate Treasurers",60,2025-11,17
"2212 Auditors, Company Secretaries and Corporate Treasurers",60,2026-01,11
"2212 Auditors, Company Secretaries and Corporate Treasurers",60,2026-02,9
"2212 Auditors, Company Secretaries and Corporate Treasurers",60,2026-03,15
"2212 Auditors, Company Secretaries and Corporate Treasurers",50,2026-07,2
"2212 Auditors, Company Secretaries and Corporate Treasurers",50,2026-06,1
"2212 Auditors, Company Secretaries and Corporate Treasurers",50,2026-05,1
"2212 Auditors, Company Secretaries and Corporate Treasurers",50,2025-03,3
"2212 Auditors, Company Secretaries and Corporate Treasurers",50,2025-02,1
"2212 Auditors, Company Secretaries and Corporate Treasurers",50,2025-04,2
"2212 Auditors, Company Secretaries and Corporate Treasurers",50,2025-07,2
"2212 Auditors, Company Secretaries and Corporate Treasurers",50,2025-09,3
"2212 Auditors, Company Secretaries and Corporate Treasurers",50,2025-10,1
"2212 Auditors, Company Secretaries and Corporate Treasurers",50,2025-12,2
"2212 Auditors, Company Secretaries and Corporate Treasurers",50,2026-04,1
"2212 Auditors, Company Secretaries and Corporate Treasurers",50,2025-11,2
"2212 Auditors, Company Secretaries and Corporate Treasurers",50,2026-01,9
"2212 Auditors, Company Secretaries and Corporate Treasurers",50,2026-02,1
"2212 Auditors, Company Secretaries and Corporate Treasurers",50,2026-03,6
"2212 Auditors, Company Secretaries and Corporate Treasurers",100,2026-09,1
"2212 Auditors, Company Secretaries and Corporate Treasurers",100,2026-08,4
"2212 Auditors, Company Secretaries and Corporate Treasurers",100,2026-07,1
"2212 Auditors, Company Secretaries and Corporate Treasurers",100,2026-06,4
"2212 Auditors, Company Secretaries and Corporate Treasurers",100,2026-05,2
"2212 Auditors, Company Secretaries and Corporate Treasurers",100,2025-12,2
"2212 Auditors, Company Secretaries and Corporate Treasurers",100,2026-04,3
"2212 Auditors, Company Secretaries and Corporate Treasurers",100,2025-11,1
"2212 Auditors, Company Secretaries and Corporate Treasurers",100,2026-01,2
"2212 Auditors, Company Secretaries and Corporate Treasurers",100,2026-02,2
"2212 Auditors, Company Secretaries and Corporate Treasurers",100,2026-03,1
"2212 Auditors, Company Secretaries and Corporate Treasurers",105,2026-08,1
"2212 Auditors, Company Secretaries and Corporate Treasurers",105,2026-07,1
"2212 Auditors, Company Secretaries and Corporate Treasurers",40,2026-07,1
"2212 Auditors, Company Secretaries and Corporate Treasurers",45,2026-08,2
"2212 Auditors, Company Secretaries and Corporate Treasurers",45,2024-10,1
"2212 Auditors, Company Secretaries and Corporate Treasurers",45,2025-09,2
"2212 Auditors, Company Secretaries and Corporate Treasurers",45,2025-10,1
"2212 Auditors, Company Secretaries and Corporate Treasurers",45,2026-01,1
"2212 Auditors, Company Secretaries and Corporate Treasurers",45,2026-02,1
2345 Life Scientists,65,2026-09,3
2345 Life Scientists,65,2026-08,30
2345 Life Scientists,65,2026-07,19
2345 Life Scientists,65,2026-06,23
2345 Life Scientists,65,2026-05,20
2345 Life Scientists,65,2024-10,2
2345 Life Scientists,65,2024-12,5
2345 Life Scientists,65,2024-11,5
2345 Life Scientists,65,2025-01,5
2345 Life Scientists,65,2025-03,8
2345 Life Scientists,65,2025-02,13
2345 Life Scientists,65,2025-04,9
2345 Life Scientists,65,2025-05,10
2345 Life Scientists,65,2025-06,8
2345 Life Scientists,65,2025-07,2
2345 Life Scientists,65,2025-08,13
2345 Life Scientists,65,2025-09,22
2345 Life Scientists,65,2025-10,23
2345 Life Scientists,65,2025-12,16
2345 Life Scientists,65,2026-04,28
2345 Life Scientists,65,2025-11,15
2345 Life Scientists,65,2026-01,18
2345 Life Scientists,65,2026-02,17
2345 Life Scientists,65,2026-03,25
2345 Life Scientists,75,2026-09,1
2345 Life Scientists,75,2026-08,35
2345 Life Scientists,75,2026-07,39
2345 Life Scientists,75,2026-06,38
2345 Life Scientists,75,2024-09,1
2345 Life Scientists,75,2026-05,24
2345 Life Scientists,75,2024-10,2
2345 Life Scientists,75,2024-12,3
2345 Life Scientists,75,2024-11,6
2345 Life Scientists,75,2025-01,7
2345 Life Scientists,75,2025-03,7
2345 Life Scientists,75,2025-02,3
2345 Life Scientists,75,2025-04,10
2345 Life Scientists,75,2025-05,4
2345 Life Scientists,75,2025-06,9
2345 Life Scientists,75,2025-07,21
2345 Life Scientists,75,2025-08,21
2345 Life Scientists,75,2025-09,21
2345 Life Scientists,75,2025-10,14
2345 Life Scientists,75,2025-12,30
2345 Life Scientists,75,2026-04,29
2345 Life Scientists,75,2025-11,22
2345 Life Scientists,75,2026-01,13
2345 Life Scientists,75,2026-02,23
2345 Life Scientists,75,2026-03,18
2345 Life Scientists,70,2026-09,2
2345 Life Scientists,70,2026-08,48
2345 Life Scientists,70,2026-07,25
2345 Life Scientists,70,2026-06,23
2345 Life Scientists,70,2024-09,6
2345 Life Scientists,70,2026-05,27
2345 Life Scientists,70,2024-10,7
2345 Life Scientists,70,2024-12,4
2345 Life Scientists,70,2024-11,5
2345 Life Scientists,70,2025-01,9
2345 Life Scientists,70,2025-03,9
2345 Life Scientists,70,2025-02,8
2345 Life Scientists,70,2025-04,1
2345 Life Scientists,70,2025-05,3
2345 Life Scientists,70,2025-06,11
2345 Life Scientists,70,2025-07,9
2345 Life Scientists,70,2025-08,19
2345 Life Scientists,70,2025-09,13
2345 Life Scientists,70,2025-10,17
2345 Life Scientists,70,2025-12,13
2345 Life Scientists,70,2026-04,15
2345 Life Scientists,70,2025-11,21
2345 Life Scientists,70,2026-01,19
2345 Life Scientists,70,2026-02,22
2345 Life Scientists,70,2026-03,17
2345 Life Scientists,80,2026-09,2
2345 Life Scientists,80,2026-08,26
2345 Life Scientists,80,2026-07,37
2345 Life Scientists,80,2026-06,27
2345 Life Scientists,80,2026-05,21
2345 Life Scientists,80,2024-10,2
2345 Life Scientists,80,2024-12,2
2345 Life Scientists,80,2025-01,1
2345 Life Scientists,80,2025-03,2
2345 Life Scientists,80,2025-02,5
2345 Life Scientists,80,2025-04,4
2345 Life Scientists,80,2025-05,5
2345 Life Scientists,80,2025-06,5
2345 Life Scientists,80,2025-07,5
2345 Life Scientists,80,2025-08,12
2345 Life Scientists,80,2025-09,7
2345 Life Scientists,80,2025-10,13
2345 Life Scientists,80,2025-12,16
2345 Life Scientists,80,2026-04,11
2345 Life Scientists,80,2025-11,19
2345 Life Scientists,80,2026-01,18
2345 Life Scientists,80,2026-02,22
2345 Life Scientists,80,2026-03,18
2345 Life Scientists,95,2026-08,20
2345 Life Scientists,95,2026-07,11
2345 Life Scientists,95,2026-06,13
2345 Life Scientists,95,2026-05,6
2345 Life Scientists,95,2025-12,2
2345 Life Scientists,95,2026-04,8
2345 Life Scientists,90,2026-09,2
2345 Life Scientists,90,2026-08,34
2345 Life Scientists,90,2026-07,24
2345 Life Scientists,90,2026-06,35
2345 Life Scientists,90,2026-05,16
2345 Life Scientists,90,2025-05,1
2345 Life Scientists,90,2025-06,1
2345 Life Scientists,90,2025-07,2
2345 Life Scientists,90,2025-08,5
2345 Life Scientists,90,2025-09,3
2345 Life Scientists,90,2025-10,6
2345 Life Scientists,90,2025-12,6
2345 Life Scientists,90,2026-04,21
2345 Life Scientists,90,2025-11,8
2345 Life Scientists,90,2026-01,10
2345 Life Scientists,90,2026-02,16
2345 Life Scientists,90,2026-03,15
2345 Life Scientists,85,2026-09,1
2345 Life Scientists,85,2026-08,29
2345 Life Scientists,85,2026-07,44
2345 Life Scientists,85,2026-06,26
2345 Life Scientists,85,2026-05,49
2345 Life Scientists,85,2024-10,1
2345 Life Scientists,85,2024-12,1
2345 Life Scientists,85,2025-01,1
2345 Life Scientists,85,2025-03,3
2345 Life Scientists,85,2025-02,1
2345 Life Scientists,85,2025-04,2
2345 Life Scientists,85,2025-05,1
2345 Life Scientists,85,2025-06,1
2345 Life Scientists,85,2025-07,2
2345 Life Scientists,85,2025-08,5
2345 Life Scientists,85,2025-09,6
2345 Life Scientists,85,2025-10,15
2345 Life Scientists,85,2025-12,8
2345 Life Scientists,85,2026-04,18
2345 Life Scientists,85,2025-11,23
2345 Life Scientists,85,2026-01,11
2345 Life Scientists,85,2026-02,11
2345 Life Scientists,85,2026-03,22
2345 Life Scientists,55,2026-08,8
2345 Life Scientists,55,2026-07,4
2345 Life Scientists,55,2026-06,3
2345 Life Scientists,55,2026-05,4
2345 Life Scientists,55,2024-10,2
2345 Life Scientists,55,2024-12,2
2345 Life Scientists,55,2024-11,8
2345 Life Scientists,55,2025-01,4
2345 Life Scientists,55,2025-02,2
2345 Life Scientists,55,2025-04,2
2345 Life Scientists,55,2025-05,1
2345 Life Scientists,55,2025-06,3
2345 Life Scientists,55,2025-07,4
2345 Life Scientists,55,2025-08,1
2345 Life Scientists,55,2025-09,11
2345 Life Scientists,55,2025-10,1
2345 Life Scientists,55,2025-12,2
2345 Life Scientists,55,2026-04,3
2345 Life Scientists,55,2025-11,7
2345 Life Scientists,55,2026-01,8
2345 Life Scientists,55,2026-02,3
2345 Life Scientists,55,2026-03,5
2345 Life Scientists,60,2026-09,1
2345 Life Scientists,60,2026-08,16
2345 Life Scientists,60,2026-07,6
2345 Life Scientists,60,2026-06,11
2345 Life Scientists,60,2024-09,1
2345 Life Scientists,60,2026-05,8
2345 Life Scientists,60,2024-12,1
2345 Life Scientists,60,2024-11,1
2345 Life Scientists,60,2025-01,3
2345 Life Scientists,60,2025-04,4
2345 Life Scientists,60,2025-05,3
2345 Life Scientists,60,2025-06,2
2345 Life Scientists,60,2025-07,3
2345 Life Scientists,60,2025-08,10
2345 Life Scientists,60,2025-09,5
2345 Life Scientists,60,2025-10,3
2345 Life Scientists,60,2025-12,6
2345 Life Scientists,60,2026-04,8
2345 Life Scientists,60,2025-11,21
2345 Life Scientists,60,2026-01,4
2345 Life Scientists,60,2026-02,5
2345 Life Scientists,60,2026-03,5
2345 Life Scientists,50,2026-09,1
2345 Life Scientists,50,2026-07,2
2345 Life Scientists,50,2026-05,1
2345 Life Scientists,50,2025-04,1
2345 Life Scientists,50,2025-05,1
2345 Life Scientists,50,2025-06,1
2345 Life Scientists,50,2025-07,1
2345 Life Scientists,50,2025-10,1
2345 Life Scientists,50,2025-12,2
2345 Life Scientists,50,2026-04,1
2345 Life Scientists,50,2025-11,1
2345 Life Scientists,50,2026-03,2
2345 Life Scientists,110,2026-08,1
2345 Life Scientists,110,2026-06,1
2345 Life Scientists,100,2026-08,8
2345 Life Scientists,100,2026-07,5
2345 Life Scientists,100,2026-02,2
2345 Life Scientists,100,2026-03,2
2345 Life Scientists,105,2026-08,2
2345 Life Scientists,105,2026-07,4
2345 Life Scientists,45,2026-08,5
2345 Life Scientists,45,2026-07,1
2345 Life Scientists,45,2026-06,1
2345 Life Scientists,45,2026-05,1
2345 Life Scientists,45,2025-08,5
2345 Life Scientists,45,2025-10,2
2345 Life Scientists,45,2026-03,1
"2335 Industrial, Mechanical and Production Engineers",65,2026-09,4
"2335 Industrial, Mechanical and Production Engineers",65,2026-08,211
"2335 Industrial, Mechanical and Production Engineers",65,2026-07,166
"2335 Industrial, Mechanical and Production Engineers",65,2026-06,200
"2335 Industrial, Mechanical and Production Engineers",65,2024-09,37
"2335 Industrial, Mechanical and Production Engineers",65,2026-05,161
"2335 Industrial, Mechanical and Production Engineers",65,2024-10,46
"2335 Industrial, Mechanical and Production Engineers",65,2024-12,51
"2335 Industrial, Mechanical and Production Engineers",65,2024-11,57
"2335 Industrial, Mechanical and Production Engineers",65,2025-01,61
"2335 Industrial, Mechanical and Production Engineers",65,2025-03,63
"2335 Industrial, Mechanical and Production Engineers",65,2025-02,59
"2335 Industrial, Mechanical and Production Engineers",65,2025-04,62
"2335 Industrial, Mechanical and Production Engineers",65,2025-05,73
"2335 Industrial, Mechanical and Production Engineers",65,2025-06,56
"2335 Industrial, Mechanical and Production Engineers",65,2025-07,90
"2335 Industrial, Mechanical and Production Engineers",65,2025-08,102
"2335 Industrial, Mechanical and Production Engineers",65,2025-09,96
"2335 Industrial, Mechanical and Production Engineers",65,2025-10,113
"2335 Industrial, Mechanical and Production Engineers",65,2025-12,124
"2335 Industrial, Mechanical and Production Engineers",65,2026-04,146
"2335 Industrial, Mechanical and Production Engineers",65,2025-11,134
"2335 Industrial, Mechanical and Production Engineers",65,2026-01,145
"2335 Industrial, Mechanical and Production Engineers",65,2026-02,135
"2335 Industrial, Mechanical and Production Engineers",65,2026-03,133
"2335 Industrial, Mechanical and Production Engineers",75,2026-09,10
"2335 Industrial, Mechanical and Production Engineers",75,2026-08,261
"2335 Industrial, Mechanical and Production Engineers",75,2026-07,196
"2335 Industrial, Mechanical and Production Engineers",75,2026-06,234
"2335 Industrial, Mechanical and Production Engineers",75,2024-09,37
"2335 Industrial, Mechanical and Production Engineers",75,2026-05,201
"2335 Industrial, Mechanical and Production Engineers",75,2024-10,33
"2335 Industrial, Mechanical and Production Engineers",75,2024-12,41
"2335 Industrial, Mechanical and Production Engineers",75,2024-11,46
"2335 Industrial, Mechanical and Production Engineers",75,2025-01,60
"2335 Industrial, Mechanical and Production Engineers",75,2025-03,60
"2335 Industrial, Mechanical and Production Engineers",75,2025-02,57
"2335 Industrial, Mechanical and Production Engineers",75,2025-04,84
"2335 Industrial, Mechanical and Production Engineers",75,2025-05,82
"2335 Industrial, Mechanical and Production Engineers",75,2025-06,88
"2335 Industrial, Mechanical and Production Engineers",75,2025-07,88
"2335 Industrial, Mechanical and Production Engineers",75,2025-08,109
"2335 Industrial, Mechanical and Production Engineers",75,2025-09,157
"2335 Industrial, Mechanical and Production Engineers",75,2025-10,114
"2335 Industrial, Mechanical and Production Engineers",75,2025-12,116
"2335 Industrial, Mechanical and Production Engineers",75,2026-04,166
"2335 Industrial, Mechanical and Production Engineers",75,2025-11,187
"2335 Industrial, Mechanical and Production Engineers",75,2026-01,139
"2335 Industrial, Mechanical and Production Engineers",75,2026-02,165
"2335 Industrial, Mechanical and Production Engineers",75,2026-03,136
"2335 Industrial, Mechanical and Production Engineers",70,2026-09,4
"2335 Industrial, Mechanical and Production Engineers",70,2026-08,214
"2335 Industrial, Mechanical and Production Engineers",70,2026-07,208
"2335 Industrial, Mechanical and Production Engineers",70,2026-06,172
"2335 Industrial, Mechanical and Production Engineers",70,2024-09,40
"2335 Industrial, Mechanical and Production Engineers",70,2026-05,167
"2335 Industrial, Mechanical and Production Engineers",70,2024-10,27
"2335 Industrial, Mechanical and Production Engineers",70,2024-12,35
"2335 Industrial, Mechanical and Production Engineers",70,2024-11,65
"2335 Industrial, Mechanical and Production Engineers",70,2025-01,44
"2335 Industrial, Mechanical and Production Engineers",70,2025-03,66
"2335 Industrial, Mechanical and Production Engineers",70,2025-02,53
"2335 Industrial, Mechanical and Production Engineers",70,2025-04,51
"2335 Industrial, Mechanical and Production Engineers",70,2025-05,63
"2335 Industrial, Mechanical and Production Engineers",70,2025-06,45
"2335 Industrial, Mechanical and Production Engineers",70,2025-07,86
"2335 Industrial, Mechanical and Production Engineers",70,2025-08,99
"2335 Industrial, Mechanical and Production Engineers",70,2025-09,121
"2335 Industrial, Mechanical and Production Engineers",70,2025-10,136
"2335 Industrial, Mechanical and Production Engineers",70,2025-12,127
"2335 Industrial, Mechanical and Production Engineers",70,2026-04,149
"2335 Industrial, Mechanical and Production Engineers",70,2025-11,139
"2335 Industrial, Mechanical and Production Engineers",70,2026-01,140
"2335 Industrial, Mechanical and Production Engineers",70,2026-02,140
"2335 Industrial, Mechanical and Production Engineers",70,2026-03,138
"2335 Industrial, Mechanical and Production Engineers",80,2026-09,10
"2335 Industrial, Mechanical and Production Engineers",80,2026-08,200
"2335 Industrial, Mechanical and Production Engineers",80,2026-07,180
"2335 Industrial, Mechanical and Production Engineers",80,2026-06,176
"2335 Industrial, Mechanical and Production Engineers",80,2024-08,1
"2335 Industrial, Mechanical and Production Engineers",80,2024-09,13
"2335 Industrial, Mechanical and Production Engineers",80,2026-05,150
"2335 Industrial, Mechanical and Production Engineers",80,2024-10,9
"2335 Industrial, Mechanical and Production Engineers",80,2024-12,21
"2335 Industrial, Mechanical and Production Engineers",80,2024-11,26
"2335 Industrial, Mechanical and Production Engineers",80,2025-01,29
"2335 Industrial, Mechanical and Production Engineers",80,2025-03,41
"2335 Industrial, Mechanical and Production Engineers",80,2025-02,29
"2335 Industrial, Mechanical and Production Engineers",80,2025-04,58
"2335 Industrial, Mechanical and Production Engineers",80,2025-05,55
"2335 Industrial, Mechanical and Production Engineers",80,2025-06,59
"2335 Industrial, Mechanical and Production Engineers",80,2025-07,63
"2335 Industrial, Mechanical and Production Engineers",80,2025-08,89
"2335 Industrial, Mechanical and Production Engineers",80,2025-09,73
"2335 Industrial, Mechanical and Production Engineers",80,2025-10,88
"2335 Industrial, Mechanical and Production Engineers",80,2025-12,118
"2335 Industrial, Mechanical and Production Engineers",80,2026-04,159
"2335 Industrial, Mechanical and Production Engineers",80,2025-11,103
"2335 Industrial, Mechanical and Production Engineers",80,2026-01,113
"2335 Industrial, Mechanical and Production Engineers",80,2026-02,87
"2335 Industrial, Mechanical and Production Engineers",80,2026-03,120
"2335 Industrial, Mechanical and Production Engineers",95,2026-09,3
"2335 Industrial, Mechanical and Production Engineers",95,2026-08,48
"2335 Industrial, Mechanical and Production Engineers",95,2026-07,30
"2335 Industrial, Mechanical and Production Engineers",95,2026-06,41
"2335 Industrial, Mechanical and Production Engineers",95,2026-05,40
"2335 Industrial, Mechanical and Production Engineers",95,2024-12,1
"2335 Industrial, Mechanical and Production Engineers",95,2024-11,1
"2335 Industrial, Mechanical and Production Engineers",95,2025-03,2
"2335 Industrial, Mechanical and Production Engineers",95,2025-02,1
"2335 Industrial, Mechanical and Production Engineers",95,2025-04,3
"2335 Industrial, Mechanical and Production Engineers",95,2025-05,6
"2335 Industrial, Mechanical and Production Engineers",95,2025-06,4
"2335 Industrial, Mechanical and Production Engineers",95,2025-07,7
"2335 Industrial, Mechanical and Production Engineers",95,2025-08,10
"2335 Industrial, Mechanical and Production Engineers",95,2025-09,15
"2335 Industrial, Mechanical and Production Engineers",95,2025-10,18
"2335 Industrial, Mechanical and Production Engineers",95,2025-12,14
"2335 Industrial, Mechanical and Production Engineers",95,2026-04,18
"2335 Industrial, Mechanical and Production Engineers",95,2025-11,20
"2335 Industrial, Mechanical and Production Engineers",95,2026-01,25
"2335 Industrial, Mechanical and Production Engineers",95,2026-02,28
"2335 Industrial, Mechanical and Production Engineers",95,2026-03,23
"2335 Industrial, Mechanical and Production Engineers",90,2026-09,13
"2335 Industrial, Mechanical and Production Engineers",90,2026-08,115
"2335 Industrial, Mechanical and Production Engineers",90,2026-07,92
"2335 Industrial, Mechanical and Production Engineers",90,2026-06,124
"2335 Industrial, Mechanical and Production Engineers",90,2024-09,2
"2335 Industrial, Mechanical and Production Engineers",90,2026-05,83
"2335 Industrial, Mechanical and Production Engineers",90,2024-10,3
"2335 Industrial, Mechanical and Production Engineers",90,2024-12,6
"2335 Industrial, Mechanical and Production Engineers",90,2024-11,3
"2335 Industrial, Mechanical and Production Engineers",90,2025-01,14
"2335 Industrial, Mechanical and Production Engineers",90,2025-03,22
"2335 Industrial, Mechanical and Production Engineers",90,2025-02,17
"2335 Industrial, Mechanical and Production Engineers",90,2025-04,22
"2335 Industrial, Mechanical and Production Engineers",90,2025-05,25
"2335 Industrial, Mechanical and Production Engineers",90,2025-06,33
"2335 Industrial, Mechanical and Production Engineers",90,2025-07,43
"2335 Industrial, Mechanical and Production Engineers",90,2025-08,33
"2335 Industrial, Mechanical and Production Engineers",90,2025-09,50
"2335 Industrial, Mechanical and Production Engineers",90,2025-10,49
"2335 Industrial, Mechanical and Production Engineers",90,2025-12,51
"2335 Industrial, Mechanical and Production Engineers",90,2026-04,77
"2335 Industrial, Mechanical and Production Engineers",90,2025-11,54
"2335 Industrial, Mechanical and Production Engineers",90,2026-01,57
"2335 Industrial, Mechanical and Production Engineers",90,2026-02,64
"2335 Industrial, Mechanical and Production Engineers",90,2026-03,77
"2335 Industrial, Mechanical and Production Engineers",85,2026-09,6
"2335 Industrial, Mechanical and Production Engineers",85,2026-08,181
"2335 Industrial, Mechanical and Production Engineers",85,2026-07,146
"2335 Industrial, Mechanical and Production Engineers",85,2026-06,154
"2335 Industrial, Mechanical and Production Engineers",85,2024-09,13
"2335 Industrial, Mechanical and Production Engineers",85,2026-05,163
"2335 Industrial, Mechanical and Production Engineers",85,2024-10,19
"2335 Industrial, Mechanical and Production Engineers",85,2024-12,21
"2335 Industrial, Mechanical and Production Engineers",85,2024-11,25
"2335 Industrial, Mechanical and Production Engineers",85,2025-01,40
"2335 Industrial, Mechanical and Production Engineers",85,2025-03,49
"2335 Industrial, Mechanical and Production Engineers",85,2025-02,40
"2335 Industrial, Mechanical and Production Engineers",85,2025-04,33
"2335 Industrial, Mechanical and Production Engineers",85,2025-05,47
"2335 Industrial, Mechanical and Production Engineers",85,2025-06,56
"2335 Industrial, Mechanical and Production Engineers",85,2025-07,80
"2335 Industrial, Mechanical and Production Engineers",85,2025-08,70
"2335 Industrial, Mechanical and Production Engineers",85,2025-09,74
"2335 Industrial, Mechanical and Production Engineers",85,2025-10,91
"2335 Industrial, Mechanical and Production Engineers",85,2025-12,80
"2335 Industrial, Mechanical and Production Engineers",85,2026-04,126
"2335 Industrial, Mechanical and Production Engineers",85,2025-11,90
"2335 Industrial, Mechanical and Production Engineers",85,2026-01,128
"2335 Industrial, Mechanical and Production Engineers",85,2026-02,119
"2335 Industrial, Mechanical and Production Engineers",85,2026-03,125
"2335 Industrial, Mechanical and Production Engineers",55,2026-09,1
"2335 Industrial, Mechanical and Production Engineers",55,2026-08,56
"2335 Industrial, Mechanical and Production Engineers",55,2026-07,39
"2335 Industrial, Mechanical and Production Engineers",55,2026-06,37
"2335 Industrial, Mechanical and Production Engineers",55,2024-09,9
"2335 Industrial, Mechanical and Production Engineers",55,2026-05,37
"2335 Industrial, Mechanical and Production Engineers",55,2024-10,6
"2335 Industrial, Mechanical and Production Engineers",55,2024-12,7
"2335 Industrial, Mechanical and Production Engineers",55,2024-11,2
"2335 Industrial, Mechanical and Production Engineers",55,2025-01,12
"2335 Industrial, Mechanical and Production Engineers",55,2025-03,11
"2335 Industrial, Mechanical and Production Engineers",55,2025-02,10
"2335 Industrial, Mechanical and Production Engineers",55,2025-04,9
"2335 Industrial, Mechanical and Production Engineers",55,2025-05,20
"2335 Industrial, Mechanical and Production Engineers",55,2025-06,4
"2335 Industrial, Mechanical and Production Engineers",55,2025-07,30
"2335 Industrial, Mechanical and Production Engineers",55,2025-08,22
"2335 Industrial, Mechanical and Production Engineers",55,2025-09,26
"2335 Industrial, Mechanical and Production Engineers",55,2025-10,26
"2335 Industrial, Mechanical and Production Engineers",55,2025-12,22
"2335 Industrial, Mechanical and Production Engineers",55,2026-04,48
"2335 Industrial, Mechanical and Production Engineers",55,2025-11,23
"2335 Industrial, Mechanical and Production Engineers",55,2026-01,26
"2335 Industrial, Mechanical and Production Engineers",55,2026-02,36
"2335 Industrial, Mechanical and Production Engineers",55,2026-03,30
"2335 Industrial, Mechanical and Production Engineers",60,2026-09,6
"2335 Industrial, Mechanical and Production Engineers",60,2026-08,93
"2335 Industrial, Mechanical and Production Engineers",60,2026-07,70
"2335 Industrial, Mechanical and Production Engineers",60,2026-06,80
"2335 Industrial, Mechanical and Production Engineers",60,2024-09,10
"2335 Industrial, Mechanical and Production Engineers",60,2026-05,100
"2335 Industrial, Mechanical and Production Engineers",60,2024-10,11
"2335 Industrial, Mechanical and Production Engineers",60,2024-12,22
"2335 Industrial, Mechanical and Production Engineers",60,2024-11,10
"2335 Industrial, Mechanical and Production Engineers",60,2025-01,17
"2335 Industrial, Mechanical and Production Engineers",60,2025-03,10
"2335 Industrial, Mechanical and Production Engineers",60,2025-02,15
"2335 Industrial, Mechanical and Production Engineers",60,2025-04,31
"2335 Industrial, Mechanical and Production Engineers",60,2025-05,34
"2335 Industrial, Mechanical and Production Engineers",60,2025-06,22
"2335 Industrial, Mechanical and Production Engineers",60,2025-07,31
"2335 Industrial, Mechanical and Production Engineers",60,2025-08,40
"2335 Industrial, Mechanical and Production Engineers",60,2025-09,48
"2335 Industrial, Mechanical and Production Engineers",60,2025-10,58
"2335 Industrial, Mechanical and Production Engineers",60,2025-12,54
"2335 Industrial, Mechanical and Production Engineers",60,2026-04,62
"2335 Industrial, Mechanical and Production Engineers",60,2025-11,59
"2335 Industrial, Mechanical and Production Engineers",60,2026-01,63
"2335 Industrial, Mechanical and Production Engineers",60,2026-02,50
"2335 Industrial, Mechanical and Production Engineers",60,2026-03,54
"2335 Industrial, Mechanical and Production Engineers",50,2026-09,2
"2335 Industrial, Mechanical and Production Engineers",50,2026-08,12
"2335 Industrial, Mechanical and Production Engineers",50,2026-07,20
"2335 Industrial, Mechanical and Production Engineers",50,2026-06,14
"2335 Industrial, Mechanical and Production Engineers",50,2024-09,1
"2335 Industrial, Mechanical and Production Engineers",50,2026-05,18
"2335 Industrial, Mechanical and Production Engineers",50,2024-10,2
"2335 Industrial, Mechanical and Production Engineers",50,2024-12,6
"2335 Industrial, Mechanical and Production Engineers",50,2024-11,6
"2335 Industrial, Mechanical and Production Engineers",50,2025-01,3
"2335 Industrial, Mechanical and Production Engineers",50,2025-03,4
"2335 Industrial, Mechanical and Production Engineers",50,2025-02,2
"2335 Industrial, Mechanical and Production Engineers",50,2025-04,2
"2335 Industrial, Mechanical and Production Engineers",50,2025-05,5
"2335 Industrial, Mechanical and Production Engineers",50,2025-06,1
"2335 Industrial, Mechanical and Production Engineers",50,2025-07,1
"2335 Industrial, Mechanical and Production Engineers",50,2025-08,4
"2335 Industrial, Mechanical and Production Engineers",50,2025-09,8
"2335 Industrial, Mechanical and Production Engineers",50,2025-10,7
"2335 Industrial, Mechanical and Production Engineers",50,2025-12,11
"2335 Industrial, Mechanical and Production Engineers",50,2026-04,12
"2335 Industrial, Mechanical and Production Engineers",50,2025-11,14
"2335 Industrial, Mechanical and Production Engineers",50,2026-01,11
"2335 Industrial, Mechanical and Production Engineers",50,2026-02,6
"2335 Industrial, Mechanical and Production Engineers",50,2026-03,13
"2335 Industrial, Mechanical and Production Engineers",100,2026-08,11
"2335 Industrial, Mechanical and Production Engineers",100,2026-07,6
"2335 Industrial, Mechanical and Production Engineers",100,2026-06,7
"2335 Industrial, Mechanical and Production Engineers",100,2026-05,5
"2335 Industrial, Mechanical and Production Engineers",100,2024-12,1
"2335 Industrial, Mechanical and Production Engineers",100,2025-03,1
"2335 Industrial, Mechanical and Production Engineers",100,2025-02,1
"2335 Industrial, Mechanical and Production Engineers",100,2025-05,1
"2335 Industrial, Mechanical and Production Engineers",100,2025-06,3
"2335 Industrial, Mechanical and Production Engineers",100,2025-07,1
"2335 Industrial, Mechanical and Production Engineers",100,2025-08,2
"2335 Industrial, Mechanical and Production Engineers",100,2025-09,5
"2335 Industrial, Mechanical and Production Engineers",100,2025-10,3
"2335 Industrial, Mechanical and Production Engineers",100,2026-04,10
"2335 Industrial, Mechanical and Production Engineers",100,2025-11,6
"2335 Industrial, Mechanical and Production Engineers",100,2026-01,7
"2335 Industrial, Mechanical and Production Engineers",100,2026-02,11
"2335 Industrial, Mechanical and Production Engineers",100,2026-03,5
"2335 Industrial, Mechanical and Production Engineers",105,2026-07,1
"2335 Industrial, Mechanical and Production Engineers",105,2026-06,1
"2335 Industrial, Mechanical and Production Engineers",105,2025-01,1
"2335 Industrial, Mechanical and Production Engineers",105,2025-09,2
"2335 Industrial, Mechanical and Production Engineers",40,2026-08,3
"2335 Industrial, Mechanical and Production Engineers",40,2024-09,1
"2335 Industrial, Mechanical and Production Engineers",40,2026-05,3
"2335 Industrial, Mechanical and Production Engineers",40,2024-11,1
"2335 Industrial, Mechanical and Production Engineers",40,2025-01,1
"2335 Industrial, Mechanical and Production Engineers",40,2025-02,2
"2335 Industrial, Mechanical and Production Engineers",40,2025-04,2
"2335 Industrial, Mechanical and Production Engineers",40,2025-05,1
"2335 Industrial, Mechanical and Production Engineers",40,2025-07,1
"2335 Industrial, Mechanical and Production Engineers",40,2025-08,2
"2335 Industrial, Mechanical and Production Engineers",40,2025-10,1
"2335 Industrial, Mechanical and Production Engineers",40,2026-04,2
"2335 Industrial, Mechanical and Production Engineers",40,2026-01,1
"2335 Industrial, Mechanical and Production Engineers",40,2026-02,2
"2335 Industrial, Mechanical and Production Engineers",45,2026-08,7
"2335 Industrial, Mechanical and Production Engineers",45,2026-07,4
"2335 Industrial, Mechanical and Production Engineers",45,2026-06,4
"2335 Industrial, Mechanical and Production Engineers",45,2026-05,2
"2335 Industrial, Mechanical and Production Engineers",45,2024-12,3
"2335 Industrial, Mechanical and Production Engineers",45,2025-01,1
"2335 Industrial, Mechanical and Production Engineers",45,2025-03,1
"2335 Industrial, Mechanical and Production Engineers",45,2025-02,1
"2335 Industrial, Mechanical and Production Engineers",45,2025-04,2
"2335 Industrial, Mechanical and Production Engineers",45,2025-05,3
"2335 Industrial, Mechanical and Production Engineers",45,2025-06,2
"2335 Industrial, Mechanical and Production Engineers",45,2025-07,3
"2335 Industrial, Mechanical and Production Engineers",45,2025-08,4
"2335 Industrial, Mechanical and Production Engineers",45,2025-10,2
"2335 Industrial, Mechanical and Production Engineers",45,2025-12,4
"2335 Industrial, Mechanical and Production Engineers",45,2026-04,9
"2335 Industrial, Mechanical and Production Engineers",45,2025-11,6
"2335 Industrial, Mechanical and Production Engineers",45,2026-01,2
"2335 Industrial, Mechanical and Production Engineers",45,2026-02,2
"2335 Industrial, Mechanical and Production Engineers",45,2026-03,1
"2335 Industrial, Mechanical and Production Engineers",30,2026-07,1
"2335 Industrial, Mechanical and Production Engineers",30,2026-05,1
"2335 Industrial, Mechanical and Production Engineers",25,2026-05,1
"2335 Industrial, Mechanical and Production Engineers",25,2025-12,1
"2335 Industrial, Mechanical and Production Engineers",35,2026-08,1
"2335 Industrial, Mechanical and Production Engineers",35,2026-06,1
"2335 Industrial, Mechanical and Production Engineers",35,2026-05,1
"2335 Industrial, Mechanical and Production Engineers",35,2026-01,2
2339 Other Engineering Professionals,65,2026-09,10
2339 Other Engineering Professionals,65,2026-08,201
2339 Other Engineering Professionals,65,2026-07,147
2339 Other Engineering Professionals,65,2026-06,204
2339 Other Engineering Professionals,65,2024-09,29
2339 Other Engineering Professionals,65,2026-05,157
2339 Other Engineering Professionals,65,2024-10,41
2339 Other Engineering Professionals,65,2024-12,37
2339 Other Engineering Professionals,65,2024-11,40
2339 Other Engineering Professionals,65,2025-01,56
2339 Other Engineering Professionals,65,2025-03,61
2339 Other Engineering Professionals,65,2025-02,34
2339 Other Engineering Professionals,65,2025-04,81
2339 Other Engineering Professionals,65,2025-05,51
2339 Other Engineering Professionals,65,2025-06,80
2339 Other Engineering Professionals,65,2025-07,80
2339 Other Engineering Professionals,65,2025-08,81
2339 Other Engineering Professionals,65,2025-09,111
2339 Other Engineering Professionals,65,2025-10,100
2339 Other Engineering Professionals,65,2025-12,118
2339 Other Engineering Professionals,65,2026-04,155
2339 Other Engineering Professionals,65,2025-11,138
2339 Other Engineering Professionals,65,2026-01,122
2339 Other Engineering Professionals,65,2026-02,122
2339 Other Engineering Professionals,65,2026-03,133
2339 Other Engineering Professionals,75,2026-09,4
2339 Other Engineering Professionals,75,2026-08,232
2339 Other Engineering Professionals,75,2026-07,182
2339 Other Engineering Professionals,75,2026-06,195
2339 Other Engineering Professionals,75,2024-09,28
2339 Other Engineering Professionals,75,2026-05,162
2339 Other Engineering Professionals,75,2024-10,21
2339 Other Engineering Professionals,75,2024-12,27
2339 Other Engineering Professionals,75,2024-11,30
2339 Other Engineering Professionals,75,2025-01,51
2339 Other Engineering Professionals,75,2025-03,48
2339 Other Engineering Professionals,75,2025-02,36
2339 Other Engineering Professionals,75,2025-04,50
2339 Other Engineering Professionals,75,2025-05,56
2339 Other Engineering Professionals,75,2025-06,58
2339 Other Engineering Professionals,75,2025-07,95
2339 Other Engineering Professionals,75,2025-08,93
2339 Other Engineering Professionals,75,2025-09,88
2339 Other Engineering Professionals,75,2025-10,116
2339 Other Engineering Professionals,75,2025-12,119
2339 Other Engineering Professionals,75,2026-04,161
2339 Other Engineering Professionals,75,2025-11,138
2339 Other Engineering Professionals,75,2026-01,144
2339 Other Engineering Professionals,75,2026-02,130
2339 Other Engineering Professionals,75,2026-03,113
2339 Other Engineering Professionals,70,2026-09,14
2339 Other Engineering Professionals,70,2026-08,230
2339 Other Engineering Professionals,70,2026-07,182
2339 Other Engineering Professionals,70,2026-06,170
2339 Other Engineering Professionals,70,2024-09,29
2339 Other Engineering Professionals,70,2026-05,171
2339 Other Engineering Professionals,70,2024-10,34
2339 Other Engineering Professionals,70,2024-12,23
2339 Other Engineering Professionals,70,2024-11,39
2339 Other Engineering Professionals,70,2025-01,40
2339 Other Engineering Professionals,70,2025-03,63
2339 Other Engineering Professionals,70,2025-02,44
2339 Other Engineering Professionals,70,2025-04,56
2339 Other Engineering Professionals,70,2025-05,82
2339 Other Engineering Professionals,70,2025-06,65
2339 Other Engineering Professionals,70,2025-07,88
2339 Other Engineering Professionals,70,2025-08,113
2339 Other Engineering Professionals,70,2025-09,104
2339 Other Engineering Professionals,70,2025-10,143
2339 Other Engineering Professionals,70,2025-12,95
2339 Other Engineering Professionals,70,2026-04,139
2339 Other Engineering Professionals,70,2025-11,125
2339 Other Engineering Professionals,70,2026-01,112
2339 Other Engineering Professionals,70,2026-02,147
2339 Other Engineering Professionals,70,2026-03,158
2339 Other Engineering Professionals,80,2026-09,2
2339 Other Engineering Professionals,80,2026-08,233
2339 Other Engineering Professionals,80,2026-07,148
2339 Other Engineering Professionals,80,2026-06,165
2339 Other Engineering Professionals,80,2024-09,26
2339 Other Engineering Professionals,80,2026-05,145
2339 Other Engineering Professionals,80,2024-10,22
2339 Other Engineering Professionals,80,2024-12,22
2339 Other Engineering Professionals,80,2024-11,27
2339 Other Engineering Professionals,80,2025-01,28
2339 Other Engineering Professionals,80,2025-03,55
2339 Other Engineering Professionals,80,2025-02,37
2339 Other Engineering Professionals,80,2025-04,58
2339 Other Engineering Professionals,80,2025-05,41
2339 Other Engineering Professionals,80,2025-06,50
2339 Other Engineering Professionals,80,2025-07,74
2339 Other Engineering Professionals,80,2025-08,88
2339 Other Engineering Professionals,80,2025-09,105
2339 Other Engineering Professionals,80,2025-10,106
2339 Other Engineering Professionals,80,2025-12,79
2339 Other Engineering Professionals,80,2026-04,113
2339 Other Engineering Professionals,80,2025-11,116
2339 Other Engineering Professionals,80,2026-01,103
2339 Other Engineering Professionals,80,2026-02,116
2339 Other Engineering Professionals,80,2026-03,152
2339 Other Engineering Professionals,95,2026-09,2
2339 Other Engineering Professionals,95,2026-08,41
2339 Other Engineering Professionals,95,2026-07,39
2339 Other Engineering Professionals,95,2026-06,47
2339 Other Engineering Professionals,95,2024-09,1
2339 Other Engineering Professionals,95,2026-05,35
2339 Other Engineering Professionals,95,2024-10,2
2339 Other Engineering Professionals,95,2024-12,4
2339 Other Engineering Professionals,95,2024-11,1
2339 Other Engineering Professionals,95,2025-01,3
2339 Other Engineering Professionals,95,2025-03,1
2339 Other Engineering Professionals,95,2025-04,2
2339 Other Engineering Professionals,95,2025-05,6
2339 Other Engineering Professionals,95,2025-06,6
2339 Other Engineering Professionals,95,2025-07,3
2339 Other Engineering Professionals,95,2025-08,9
2339 Other Engineering Professionals,95,2025-09,11
2339 Other Engineering Professionals,95,2025-10,25
2339 Other Engineering Professionals,95,2025-12,20
2339 Other Engineering Professionals,95,2026-04,30
2339 Other Engineering Professionals,95,2025-11,17
2339 Other Engineering Professionals,95,2026-01,21
2339 Other Engineering Professionals,95,2026-02,35
2339 Other Engineering Professionals,95,2026-03,27
2339 Other Engineering Professionals,90,2026-09,3
2339 Other Engineering Professionals,90,2026-08,101
2339 Other Engineering Professionals,90,2026-07,93
2339 Other Engineering Professionals,90,2026-06,105
2339 Other Engineering Professionals,90,2024-09,2
2339 Other Engineering Professionals,90,2026-05,72
2339 Other Engineering Professionals,90,2024-10,3
2339 Other Engineering Professionals,90,2024-11,5
2339 Other Engineering Professionals,90,2025-01,10
2339 Other Engineering Professionals,90,2025-03,13
2339 Other Engineering Professionals,90,2025-02,13
2339 Other Engineering Professionals,90,2025-04,18
2339 Other Engineering Professionals,90,2025-05,20
2339 Other Engineering Professionals,90,2025-06,20
2339 Other Engineering Professionals,90,2025-07,29
2339 Other Engineering Professionals,90,2025-08,43
2339 Other Engineering Professionals,90,2025-09,51
2339 Other Engineering Professionals,90,2025-10,54
2339 Other Engineering Professionals,90,2025-12,45
2339 Other Engineering Professionals,90,2026-04,61
2339 Other Engineering Professionals,90,2025-11,55
2339 Other Engineering Professionals,90,2026-01,77
2339 Other Engineering Professionals,90,2026-02,53
2339 Other Engineering Professionals,90,2026-03,76
2339 Other Engineering Professionals,85,2026-09,3
2339 Other Engineering Professionals,85,2026-08,171
2339 Other Engineering Professionals,85,2026-07,164
2339 Other Engineering Professionals,85,2026-06,156
2339 Other Engineering Professionals,85,2024-08,1
2339 Other Engineering Professionals,85,2024-09,8
2339 Other Engineering Professionals,85,2026-05,151
2339 Other Engineering Professionals,85,2024-10,14
2339 Other Engineering Professionals,85,2024-12,12
2339 Other Engineering Professionals,85,2024-11,22
2339 Other Engineering Professionals,85,2025-01,26
2339 Other Engineering Professionals,85,2025-03,55
2339 Other Engineering Professionals,85,2025-02,33
2339 Other Engineering Professionals,85,2025-04,55
2339 Other Engineering Professionals,85,2025-05,56
2339 Other Engineering Professionals,85,2025-06,42
2339 Other Engineering Professionals,85,2025-07,73
2339 Other Engineering Professionals,85,2025-08,91
2339 Other Engineering Professionals,85,2025-09,66
2339 Other Engineering Professionals,85,2025-10,108
2339 Other Engineering Professionals,85,2025-12,75
2339 Other Engineering Professionals,85,2026-04,138
2339 Other Engineering Professionals,85,2025-11,114
2339 Other Engineering Professionals,85,2026-01,121
2339 Other Engineering Professionals,85,2026-02,114
2339 Other Engineering Professionals,85,2026-03,111
2339 Other Engineering Professionals,55,2026-09,1
2339 Other Engineering Professionals,55,2026-08,51
2339 Other Engineering Professionals,55,2026-07,44
2339 Other Engineering Professionals,55,2026-06,80
2339 Other Engineering Professionals,55,2024-09,16
2339 Other Engineering Professionals,55,2026-05,46
2339 Other Engineering Professionals,55,2024-10,4
2339 Other Engineering Professionals,55,2024-12,22
2339 Other Engineering Professionals,55,2024-11,16
2339 Other Engineering Professionals,55,2025-01,7
2339 Other Engineering Professionals,55,2025-03,9
2339 Other Engineering Professionals,55,2025-02,8
2339 Other Engineering Professionals,55,2025-04,8
2339 Other Engineering Professionals,55,2025-05,10
2339 Other Engineering Professionals,55,2025-06,23
2339 Other Engineering Professionals,55,2025-07,24
2339 Other Engineering Professionals,55,2025-08,25
2339 Other Engineering Professionals,55,2025-09,36
2339 Other Engineering Professionals,55,2025-10,32
2339 Other Engineering Professionals,55,2025-12,28
2339 Other Engineering Professionals,55,2026-04,32
2339 Other Engineering Professionals,55,2025-11,20
2339 Other Engineering Professionals,55,2026-01,23
2339 Other Engineering Professionals,55,2026-02,16
2339 Other Engineering Professionals,55,2026-03,33
2339 Other Engineering Professionals,60,2026-09,4
2339 Other Engineering Professionals,60,2026-08,86
2339 Other Engineering Professionals,60,2026-07,70
2339 Other Engineering Professionals,60,2026-06,108
2339 Other Engineering Professionals,60,2024-09,11
2339 Other Engineering Professionals,60,2026-05,57
2339 Other Engineering Professionals,60,2024-10,15
2339 Other Engineering Professionals,60,2024-12,15
2339 Other Engineering Professionals,60,2024-11,19
2339 Other Engineering Professionals,60,2025-01,14
2339 Other Engineering Professionals,60,2025-03,20
2339 Other Engineering Professionals,60,2025-02,12
2339 Other Engineering Professionals,60,2025-04,21
2339 Other Engineering Professionals,60,2025-05,25
2339 Other Engineering Professionals,60,2025-06,25
2339 Other Engineering Professionals,60,2025-07,28
2339 Other Engineering Professionals,60,2025-08,34
2339 Other Engineering Professionals,60,2025-09,42
2339 Other Engineering Professionals,60,2025-10,55
2339 Other Engineering Professionals,60,2025-12,36
2339 Other Engineering Professionals,60,2026-04,68
2339 Other Engineering Professionals,60,2025-11,43
2339 Other Engineering Professionals,60,2026-01,44
2339 Other Engineering Professionals,60,2026-02,58
2339 Other Engineering Professionals,60,2026-03,59
2339 Other Engineering Professionals,50,2026-08,19
2339 Other Engineering Professionals,50,2026-07,10
2339 Other Engineering Professionals,50,2026-06,19
2339 Other Engineering Professionals,50,2024-09,5
2339 Other Engineering Professionals,50,2026-05,17
2339 Other Engineering Professionals,50,2024-10,3
2339 Other Engineering Professionals,50,2024-12,3
2339 Other Engineering Professionals,50,2024-11,2
2339 Other Engineering Professionals,50,2025-01,3
2339 Other Engineering Professionals,50,2025-03,4
2339 Other Engineering Professionals,50,2025-02,6
2339 Other Engineering Professionals,50,2025-05,6
2339 Other Engineering Professionals,50,2025-06,7
2339 Other Engineering Professionals,50,2025-07,5
2339 Other Engineering Professionals,50,2025-08,8
2339 Other Engineering Professionals,50,2025-09,8
2339 Other Engineering Professionals,50,2025-10,6
2339 Other Engineering Professionals,50,2025-12,5
2339 Other Engineering Professionals,50,2026-04,12
2339 Other Engineering Professionals,50,2025-11,6
2339 Other Engineering Professionals,50,2026-01,10
2339 Other Engineering Professionals,50,2026-02,10
2339 Other Engineering Professionals,50,2026-03,17
2339 Other Engineering Professionals,100,2026-09,1
2339 Other Engineering Professionals,100,2026-08,13
2339 Other Engineering Professionals,100,2026-07,14
2339 Other Engineering Professionals,100,2026-06,18
2339 Other Engineering Professionals,100,2026-05,13
2339 Other Engineering Professionals,100,2025-04,3
2339 Other Engineering Professionals,100,2025-05,1
2339 Other Engineering Professionals,100,2025-08,3
2339 Other Engineering Professionals,100,2025-09,1
2339 Other Engineering Professionals,100,2025-10,5
2339 Other Engineering Professionals,100,2025-12,6
2339 Other Engineering Professionals,100,2026-04,10
2339 Other Engineering Professionals,100,2025-11,5
2339 Other Engineering Professionals,100,2026-01,8
2339 Other Engineering Professionals,100,2026-02,8
2339 Other Engineering Professionals,100,2026-03,10
2339 Other Engineering Professionals,105,2026-08,6
2339 Other Engineering Professionals,105,2026-07,4
2339 Other Engineering Professionals,105,2026-06,2
2339 Other Engineering Professionals,105,2026-05,1
2339 Other Engineering Professionals,105,2025-05,1
2339 Other Engineering Professionals,105,2025-06,1
2339 Other Engineering Professionals,105,2025-10,1
2339 Other Engineering Professionals,105,2026-04,1
2339 Other Engineering Professionals,105,2025-11,1
2339 Other Engineering Professionals,105,2026-02,1
2339 Other Engineering Professionals,105,2026-03,1
2339 Other Engineering Professionals,40,2026-08,1
2339 Other Engineering Professionals,40,2026-06,1
2339 Other Engineering Professionals,40,2024-09,1
2339 Other Engineering Professionals,40,2025-04,1
2339 Other Engineering Professionals,40,2025-06,1
2339 Other Engineering Professionals,40,2025-08,1
2339 Other Engineering Professionals,40,2025-09,1
2339 Other Engineering Professionals,40,2026-02,4
2339 Other Engineering Professionals,45,2026-08,4
2339 Other Engineering Professionals,45,2026-07,3
2339 Other Engineering Professionals,45,2026-06,4
2339 Other Engineering Professionals,45,2026-05,8
2339 Other Engineering Professionals,45,2024-10,1
2339 Other Engineering Professionals,45,2024-11,1
2339 Other Engineering Professionals,45,2025-01,10
2339 Other Engineering Professionals,45,2025-02,1
2339 Other Engineering Professionals,45,2025-04,11
2339 Other Engineering Professionals,45,2025-05,3
2339 Other Engineering Professionals,45,2025-07,2
2339 Other Engineering Professionals,45,2025-08,1
2339 Other Engineering Professionals,45,2025-10,1
2339 Other Engineering Professionals,45,2025-12,1
2339 Other Engineering Professionals,45,2026-04,14
2339 Other Engineering Professionals,45,2025-11,1
2339 Other Engineering Professionals,45,2026-01,3
2339 Other Engineering Professionals,45,2026-02,5
2339 Other Engineering Professionals,45,2026-03,7
2339 Other Engineering Professionals,30,2026-06,1
2339 Other Engineering Professionals,30,2026-05,1
2339 Other Engineering Professionals,30,2025-01,1
2339 Other Engineering Professionals,30,2025-05,1
2339 Other Engineering Professionals,30,2025-09,1
2339 Other Engineering Professionals,30,2025-12,1
2339 Other Engineering Professionals,30,2026-02,1
2339 Other Engineering Professionals,35,2026-07,1
2339 Other Engineering Professionals,35,2026-06,2
2339 Other Engineering Professionals,35,2025-06,1
2339 Other Engineering Professionals,35,2026-04,1
2339 Other Engineering Professionals,35,2026-03,1
2341 Agricultural and Forestry Scientists,65,2026-09,2
2341 Agricultural and Forestry Scientists,65,2026-08,61
2341 Agricultural and Forestry Scientists,65,2026-07,38
2341 Agricultural and Forestry Scientists,65,2026-06,37
2341 Agricultural and Forestry Scientists,65,2024-09,4
2341 Agricultural and Forestry Scientists,65,2026-05,42
2341 Agricultural and Forestry Scientists,65,2024-10,8
2341 Agricultural and Forestry Scientists,65,2024-12,18
2341 Agricultural and Forestry Scientists,65,2024-11,10
2341 Agricultural and Forestry Scientists,65,2025-01,18
2341 Agricultural and Forestry Scientists,65,2025-03,44
2341 Agricultural and Forestry Scientists,65,2025-02,6
2341 Agricultural and Forestry Scientists,65,2025-04,26
2341 Agricultural and Forestry Scientists,65,2025-05,17
2341 Agricultural and Forestry Scientists,65,2025-06,9
2341 Agricultural and Forestry Scientists,65,2025-07,20
2341 Agricultural and Forestry Scientists,65,2025-08,27
2341 Agricultural and Forestry Scientists,65,2025-09,21
2341 Agricultural and Forestry Scientists,65,2025-10,18
2341 Agricultural and Forestry Scientists,65,2025-12,22
2341 Agricultural and Forestry Scientists,65,2026-04,28
2341 Agricultural and Forestry Scientists,65,2025-11,37
2341 Agricultural and Forestry Scientists,65,2026-01,21
2341 Agricultural and Forestry Scientists,65,2026-02,31
2341 Agricultural and Forestry Scientists,65,2026-03,52
2341 Agricultural and Forestry Scientists,75,2026-08,33
2341 Agricultural and Forestry Scientists,75,2026-07,31
2341 Agricultural and Forestry Scientists,75,2026-06,24
2341 Agricultural and Forestry Scientists,75,2026-05,15
2341 Agricultural and Forestry Scientists,75,2024-10,5
2341 Agricultural and Forestry Scientists,75,2024-12,13
2341 Agricultural and Forestry Scientists,75,2024-11,3
2341 Agricultural and Forestry Scientists,75,2025-01,1
2341 Agricultural and Forestry Scientists,75,2025-03,3
2341 Agricultural and Forestry Scientists,75,2025-02,4
2341 Agricultural and Forestry Scientists,75,2025-04,7
2341 Agricultural and Forestry Scientists,75,2025-05,8
2341 Agricultural and Forestry Scientists,75,2025-06,6
2341 Agricultural and Forestry Scientists,75,2025-07,12
2341 Agricultural and Forestry Scientists,75,2025-08,13
2341 Agricultural and Forestry Scientists,75,2025-09,9
2341 Agricultural and Forestry Scientists,75,2025-10,13
2341 Agricultural and Forestry Scientists,75,2025-12,14
2341 Agricultural and Forestry Scientists,75,2026-04,27
2341 Agricultural and Forestry Scientists,75,2025-11,19
2341 Agricultural and Forestry Scientists,75,2026-01,12
2341 Agricultural and Forestry Scientists,75,2026-02,16
2341 Agricultural and Forestry Scientists,75,2026-03,20
2341 Agricultural and Forestry Scientists,70,2026-08,37
2341 Agricultural and Forestry Scientists,70,2026-07,29
2341 Agricultural and Forestry Scientists,70,2026-06,43
2341 Agricultural and Forestry Scientists,70,2024-09,4
2341 Agricultural and Forestry Scientists,70,2026-05,37
2341 Agricultural and Forestry Scientists,70,2024-10,4
2341 Agricultural and Forestry Scientists,70,2024-12,8
2341 Agricultural and Forestry Scientists,70,2024-11,6
2341 Agricultural and Forestry Scientists,70,2025-01,4
2341 Agricultural and Forestry Scientists,70,2025-03,20
2341 Agricultural and Forestry Scientists,70,2025-02,2
2341 Agricultural and Forestry Scientists,70,2025-04,6
2341 Agricultural and Forestry Scientists,70,2025-05,11
2341 Agricultural and Forestry Scientists,70,2025-06,15
2341 Agricultural and Forestry Scientists,70,2025-07,6
2341 Agricultural and Forestry Scientists,70,2025-08,13
2341 Agricultural and Forestry Scientists,70,2025-09,14
2341 Agricultural and Forestry Scientists,70,2025-10,18
2341 Agricultural and Forestry Scientists,70,2025-12,21
2341 Agricultural and Forestry Scientists,70,2026-04,25
2341 Agricultural and Forestry Scientists,70,2025-11,21
2341 Agricultural and Forestry Scientists,70,2026-01,13
2341 Agricultural and Forestry Scientists,70,2026-02,18
2341 Agricultural and Forestry Scientists,70,2026-03,27
2341 Agricultural and Forestry Scientists,80,2026-09,1
2341 Agricultural and Forestry Scientists,80,2026-08,43
2341 Agricultural and Forestry Scientists,80,2026-07,28
2341 Agricultural and Forestry Scientists,80,2026-06,15
2341 Agricultural and Forestry Scientists,80,2026-05,16
2341 Agricultural and Forestry Scientists,80,2024-12,2
2341 Agricultural and Forestry Scientists,80,2025-01,3
2341 Agricultural and Forestry Scientists,80,2025-03,3
2341 Agricultural and Forestry Scientists,80,2025-04,2
2341 Agricultural and Forestry Scientists,80,2025-05,1
2341 Agricultural and Forestry Scientists,80,2025-06,4
2341 Agricultural and Forestry Scientists,80,2025-07,3
2341 Agricultural and Forestry Scientists,80,2025-08,2
2341 Agricultural and Forestry Scientists,80,2025-09,4
2341 Agricultural and Forestry Scientists,80,2025-10,10
2341 Agricultural and Forestry Scientists,80,2025-12,2
2341 Agricultural and Forestry Scientists,80,2026-04,16
2341 Agricultural and Forestry Scientists,80,2025-11,13
2341 Agricultural and Forestry Scientists,80,2026-01,5
2341 Agricultural and Forestry Scientists,80,2026-02,8
2341 Agricultural and Forestry Scientists,80,2026-03,4
2341 Agricultural and Forestry Scientists,95,2026-09,1
2341 Agricultural and Forestry Scientists,95,2026-08,8
2341 Agricultural and Forestry Scientists,95,2026-07,5
2341 Agricultural and Forestry Scientists,95,2026-06,1
2341 Agricultural and Forestry Scientists,95,2026-05,1
2341 Agricultural and Forestry Scientists,95,2025-12,1
2341 Agricultural and Forestry Scientists,95,2026-04,1
2341 Agricultural and Forestry Scientists,90,2026-08,12
2341 Agricultural and Forestry Scientists,90,2026-07,4
2341 Agricultural and Forestry Scientists,90,2026-06,1
2341 Agricultural and Forestry Scientists,90,2026-05,4
2341 Agricultural and Forestry Scientists,90,2025-10,1
2341 Agricultural and Forestry Scientists,90,2026-04,4
2341 Agricultural and Forestry Scientists,90,2025-11,1
2341 Agricultural and Forestry Scientists,85,2026-08,25
2341 Agricultural and Forestry Scientists,85,2026-07,7
2341 Agricultural and Forestry Scientists,85,2026-06,3
2341 Agricultural and Forestry Scientists,85,2026-05,6
2341 Agricultural and Forestry Scientists,85,2025-08,2
2341 Agricultural and Forestry Scientists,85,2025-10,1
2341 Agricultural and Forestry Scientists,85,2025-12,1
2341 Agricultural and Forestry Scientists,85,2026-04,2
2341 Agricultural and Forestry Scientists,85,2025-11,10
2341 Agricultural and Forestry Scientists,85,2026-01,5
2341 Agricultural and Forestry Scientists,85,2026-02,2
2341 Agricultural and Forestry Scientists,85,2026-03,9
2341 Agricultural and Forestry Scientists,55,2026-08,5
2341 Agricultural and Forestry Scientists,55,2026-07,4
2341 Agricultural and Forestry Scientists,55,2026-06,8
2341 Agricultural and Forestry Scientists,55,2026-05,10
2341 Agricultural and Forestry Scientists,55,2025-01,1
2341 Agricultural and Forestry Scientists,55,2025-02,1
2341 Agricultural and Forestry Scientists,55,2025-04,3
2341 Agricultural and Forestry Scientists,55,2025-05,1
2341 Agricultural and Forestry Scientists,55,2025-06,2
2341 Agricultural and Forestry Scientists,55,2025-07,1
2341 Agricultural and Forestry Scientists,55,2025-08,1
2341 Agricultural and Forestry Scientists,55,2025-09,4
2341 Agricultural and Forestry Scientists,55,2025-12,2
2341 Agricultural and Forestry Scientists,55,2026-04,3
2341 Agricultural and Forestry Scientists,55,2025-11,3
2341 Agricultural and Forestry Scientists,55,2026-01,10
2341 Agricultural and Forestry Scientists,55,2026-02,2
2341 Agricultural and Forestry Scientists,55,2026-03,3
2341 Agricultural and Forestry Scientists,60,2026-08,11
2341 Agricultural and Forestry Scientists,60,2026-07,18
2341 Agricultural and Forestry Scientists,60,2026-06,21
2341 Agricultural and Forestry Scientists,60,2024-09,2
2341 Agricultural and Forestry Scientists,60,2026-05,8
2341 Agricultural and Forestry Scientists,60,2024-10,1
2341 Agricultural and Forestry Scientists,60,2024-12,1
2341 Agricultural and Forestry Scientists,60,2024-11,1
2341 Agricultural and Forestry Scientists,60,2025-01,2
2341 Agricultural and Forestry Scientists,60,2025-03,3
2341 Agricultural and Forestry Scientists,60,2025-02,2
2341 Agricultural and Forestry Scientists,60,2025-04,2
2341 Agricultural and Forestry Scientists,60,2025-05,2
2341 Agricultural and Forestry Scientists,60,2025-06,3
2341 Agricultural and Forestry Scientists,60,2025-07,4
2341 Agricultural and Forestry Scientists,60,2025-08,9
2341 Agricultural and Forestry Scientists,60,2025-09,12
2341 Agricultural and Forestry Scientists,60,2025-10,5
2341 Agricultural and Forestry Scientists,60,2025-12,5
2341 Agricultural and Forestry Scientists,60,2026-04,7
2341 Agricultural and Forestry Scientists,60,2025-11,4
2341 Agricultural and Forestry Scientists,60,2026-01,5
2341 Agricultural and Forestry Scientists,60,2026-02,13
2341 Agricultural and Forestry Scientists,60,2026-03,6
2341 Agricultural and Forestry Scientists,50,2026-08,1
2341 Agricultural and Forestry Scientists,50,2026-07,4
2341 Agricultural and Forestry Scientists,50,2026-06,2
2341 Agricultural and Forestry Scientists,50,2024-09,1
2341 Agricultural and Forestry Scientists,50,2026-05,1
2341 Agricultural and Forestry Scientists,50,2025-04,4
2341 Agricultural and Forestry Scientists,50,2025-05,1
2341 Agricultural and Forestry Scientists,50,2025-06,1
2341 Agricultural and Forestry Scientists,50,2025-07,1
2341 Agricultural and Forestry Scientists,50,2025-08,1
2341 Agricultural and Forestry Scientists,50,2025-09,4
2341 Agricultural and Forestry Scientists,50,2025-10,3
2341 Agricultural and Forestry Scientists,50,2026-04,1
2341 Agricultural and Forestry Scientists,50,2025-11,9
2341 Agricultural and Forestry Scientists,50,2026-01,1
2341 Agricultural and Forestry Scientists,50,2026-02,3
2341 Agricultural and Forestry Scientists,100,2026-08,1
2341 Agricultural and Forestry Scientists,100,2026-07,1
2341 Agricultural and Forestry Scientists,100,2026-06,1
2341 Agricultural and Forestry Scientists,100,2026-05,1
2341 Agricultural and Forestry Scientists,40,2026-08,1
2341 Agricultural and Forestry Scientists,40,2025-01,1
2341 Agricultural and Forestry Scientists,40,2025-08,1
2341 Agricultural and Forestry Scientists,45,2026-07,2
2341 Agricultural and Forestry Scientists,45,2026-06,1
2341 Agricultural and Forestry Scientists,45,2025-01,1
2341 Agricultural and Forestry Scientists,45,2025-05,1
2341 Agricultural and Forestry Scientists,45,2025-08,2
2341 Agricultural and Forestry Scientists,45,2025-09,1
2341 Agricultural and Forestry Scientists,45,2026-04,2
2341 Agricultural and Forestry Scientists,45,2025-11,1
2341 Agricultural and Forestry Scientists,30,2025-10,1
2341 Agricultural and Forestry Scientists,30,2025-11,1
2544 Registered Nurses,65,2026-09,16
2544 Registered Nurses,65,2026-08,550
2544 Registered Nurses,65,2026-07,537
2544 Registered Nurses,65,2026-06,459
2544 Registered Nurses,65,2024-08,1
2544 Registered Nurses,65,2024-09,30
2544 Registered Nurses,65,2026-05,456
2544 Registered Nurses,65,2024-10,32
2544 Registered Nurses,65,2024-12,40
2544 Registered Nurses,65,2024-11,30
2544 Registered Nurses,65,2025-01,56
2544 Registered Nurses,65,2025-03,91
2544 Registered Nurses,65,2025-02,72
2544 Registered Nurses,65,2025-04,95
2544 Registered Nurses,65,2025-05,116
2544 Registered Nurses,65,2025-06,115
2544 Registered Nurses,65,2025-07,142
2544 Registered Nurses,65,2025-08,168
2544 Registered Nurses,65,2025-09,150
2544 Registered Nurses,65,2025-10,215
2544 Registered Nurses,65,2025-12,250
2544 Registered Nurses,65,2026-04,384
2544 Registered Nurses,65,2025-11,225
2544 Registered Nurses,65,2026-01,283
2544 Registered Nurses,65,2026-02,340
2544 Registered Nurses,65,2026-03,355
2544 Registered Nurses,75,2026-09,34
2544 Registered Nurses,75,2026-08,796
2544 Registered Nurses,75,2026-07,627
2544 Registered Nurses,75,2026-06,530
2544 Registered Nurses,75,2024-09,1
2544 Registered Nurses,75,2026-05,507
2544 Registered Nurses,75,2024-12,1
2544 Registered Nurses,75,2025-01,1
2544 Registered Nurses,75,2025-04,24
2544 Registered Nurses,75,2025-05,76
2544 Registered Nurses,75,2025-06,69
2544 Registered Nurses,75,2025-07,57
2544 Registered Nurses,75,2025-08,146
2544 Registered Nurses,75,2025-09,157
2544 Registered Nurses,75,2025-10,161
2544 Registered Nurses,75,2025-12,215
2544 Registered Nurses,75,2026-04,463
2544 Registered Nurses,75,2025-11,233
2544 Registered Nurses,75,2026-01,409
2544 Registered Nurses,75,2026-02,444
2544 Registered Nurses,75,2026-03,435
2544 Registered Nurses,70,2026-09,23
2544 Registered Nurses,70,2026-08,715
2544 Registered Nurses,70,2026-07,544
2544 Registered Nurses,70,2026-06,559
2544 Registered Nurses,70,2024-09,22
2544 Registered Nurses,70,2026-05,508
2544 Registered Nurses,70,2024-10,25
2544 Registered Nurses,70,2024-12,39
2544 Registered Nurses,70,2024-11,27
2544 Registered Nurses,70,2025-01,63
2544 Registered Nurses,70,2025-03,79
2544 Registered Nurses,70,2025-02,72
2544 Registered Nurses,70,2025-04,82
2544 Registered Nurses,70,2025-05,88
2544 Registered Nurses,70,2025-06,109
2544 Registered Nurses,70,2025-07,109
2544 Registered Nurses,70,2025-08,137
2544 Registered Nurses,70,2025-09,150
2544 Registered Nurses,70,2025-10,198
2544 Registered Nurses,70,2025-12,230
2544 Registered Nurses,70,2026-04,442
2544 Registered Nurses,70,2025-11,235
2544 Registered Nurses,70,2026-01,376
2544 Registered Nurses,70,2026-02,454
2544 Registered Nurses,70,2026-03,439
2544 Registered Nurses,80,2026-09,10
2544 Registered Nurses,80,2026-08,488
2544 Registered Nurses,80,2026-07,274
2544 Registered Nurses,80,2026-06,192
2544 Registered Nurses,80,2026-05,75
2544 Registered Nurses,80,2024-10,1
2544 Registered Nurses,80,2025-06,1
2544 Registered Nurses,80,2025-12,51
2544 Registered Nurses,80,2026-04,85
2544 Registered Nurses,80,2025-11,20
2544 Registered Nurses,80,2026-01,80
2544 Registered Nurses,80,2026-02,95
2544 Registered Nurses,80,2026-03,71
2544 Registered Nurses,95,2026-08,2
2544 Registered Nurses,95,2026-07,2
2544 Registered Nurses,95,2026-05,1
2544 Registered Nurses,90,2026-08,24
2544 Registered Nurses,90,2026-07,8
2544 Registered Nurses,90,2026-06,6
2544 Registered Nurses,90,2026-05,2
2544 Registered Nurses,90,2025-12,3
2544 Registered Nurses,90,2026-04,5
2544 Registered Nurses,90,2025-11,2
2544 Registered Nurses,90,2026-01,3
2544 Registered Nurses,90,2026-02,12
2544 Registered Nurses,90,2026-03,2
2544 Registered Nurses,85,2026-09,2
2544 Registered Nurses,85,2026-08,126
2544 Registered Nurses,85,2026-07,51
2544 Registered Nurses,85,2026-06,35
2544 Registered Nurses,85,2026-05,34
2544 Registered Nurses,85,2025-12,12
2544 Registered Nurses,85,2026-04,29
2544 Registered Nurses,85,2025-11,2
2544 Registered Nurses,85,2026-01,20
2544 Registered Nurses,85,2026-02,30
2544 Registered Nurses,85,2026-03,27
2544 Registered Nurses,55,2026-09,1
2544 Registered Nurses,55,2026-08,97
2544 Registered Nurses,55,2026-07,100
2544 Registered Nurses,55,2026-06,77
2544 Registered Nurses,55,2024-09,3
2544 Registered Nurses,55,2026-05,74
2544 Registered Nurses,55,2024-10,3
2544 Registered Nurses,55,2024-12,3
2544 Registered Nurses,55,2024-11,2
2544 Registered Nurses,55,2025-01,5
2544 Registered Nurses,55,2025-03,6
2544 Registered Nurses,55,2025-02,8
2544 Registered Nurses,55,2025-04,11
2544 Registered Nurses,55,2025-05,9
2544 Registered Nurses,55,2025-06,17
2544 Registered Nurses,55,2025-07,18
2544 Registered Nurses,55,2025-08,23
2544 Registered Nurses,55,2025-09,17
2544 Registered Nurses,55,2025-10,23
2544 Registered Nurses,55,2025-12,42
2544 Registered Nurses,55,2026-04,55
2544 Registered Nurses,55,2025-11,25
2544 Registered Nurses,55,2026-01,36
2544 Registered Nurses,55,2026-02,36
2544 Registered Nurses,55,2026-03,50
2544 Registered Nurses,60,2026-09,6
2544 Registered Nurses,60,2026-08,175
2544 Registered Nurses,60,2026-07,144
2544 Registered Nurses,60,2026-06,153
2544 Registered Nurses,60,2024-09,4
2544 Registered Nurses,60,2026-05,147
2544 Registered Nurses,60,2024-10,8
2544 Registered Nurses,60,2024-12,8
2544 Registered Nurses,60,2024-11,10
2544 Registered Nurses,60,2025-01,12
2544 Registered Nurses,60,2025-03,15
2544 Registered Nurses,60,2025-02,5
2544 Registered Nurses,60,2025-04,22
2544 Registered Nurses,60,2025-05,40
2544 Registered Nurses,60,2025-06,30
2544 Registered Nurses,60,2025-07,27
2544 Registered Nurses,60,2025-08,40
2544 Registered Nurses,60,2025-09,39
2544 Registered Nurses,60,2025-10,55
2544 Registered Nurses,60,2025-12,83
2544 Registered Nurses,60,2026-04,120
2544 Registered Nurses,60,2025-11,43
2544 Registered Nurses,60,2026-01,89
2544 Registered Nurses,60,2026-02,94
2544 Registered Nurses,60,2026-03,102
2544 Registered Nurses,50,2026-08,28
2544 Registered Nurses,50,2026-07,24
2544 Registered Nurses,50,2026-06,29
2544 Registered Nurses,50,2026-05,21
2544 Registered Nurses,50,2024-10,1
2544 Registered Nurses,50,2024-12,1
2544 Registered Nurses,50,2024-11,2
2544 Registered Nurses,50,2025-01,2
2544 Registered Nurses,50,2025-03,3
2544 Registered Nurses,50,2025-04,1
2544 Registered Nurses,50,2025-05,5
2544 Registered Nurses,50,2025-06,3
2544 Registered Nurses,50,2025-08,5
2544 Registered Nurses,50,2025-09,3
2544 Registered Nurses,50,2025-10,12
2544 Registered Nurses,50,2025-12,13
2544 Registered Nurses,50,2026-04,22
2544 Registered Nurses,50,2025-11,18
2544 Registered Nurses,50,2026-01,19
2544 Registered Nurses,50,2026-02,16
2544 Registered Nurses,50,2026-03,16
2544 Registered Nurses,110,2026-08,1
2544 Registered Nurses,110,2026-04,1
2544 Registered Nurses,100,2026-06,1
2544 Registered Nurses,100,2025-10,1
2544 Registered Nurses,105,2026-05,1
2544 Registered Nurses,40,2026-08,5
2544 Registered Nurses,40,2026-07,2
2544 Registered Nurses,40,2026-06,5
2544 Registered Nurses,40,2026-05,5
2544 Registered Nurses,40,2024-10,1
2544 Registered Nurses,40,2025-05,1
2544 Registered Nurses,40,2025-08,1
2544 Registered Nurses,40,2025-12,3
2544 Registered Nurses,40,2026-04,4
2544 Registered Nurses,40,2025-11,2
2544 Registered Nurses,40,2026-02,4
2544 Registered Nurses,40,2026-03,1
2544 Registered Nurses,45,2026-08,10
2544 Registered Nurses,45,2026-07,13
2544 Registered Nurses,45,2026-06,4
2544 Registered Nurses,45,2024-09,1
2544 Registered Nurses,45,2026-05,8
2544 Registered Nurses,45,2024-11,3
2544 Registered Nurses,45,2025-01,2
2544 Registered Nurses,45,2025-03,2
2544 Registered Nurses,45,2025-05,1
2544 Registered Nurses,45,2025-06,2
2544 Registered Nurses,45,2025-08,2
2544 Registered Nurses,45,2025-09,3
2544 Registered Nurses,45,2025-10,2
2544 Registered Nurses,45,2025-12,4
2544 Registered Nurses,45,2026-04,5
2544 Registered Nurses,45,2025-11,7
2544 Registered Nurses,45,2026-01,6
2544 Registered Nurses,45,2026-02,6
2544 Registered Nurses,45,2026-03,8
2544 Registered Nurses,30,2025-12,1
2544 Registered Nurses,120,2026-08,1
2544 Registered Nurses,35,2026-08,1
2544 Registered Nurses,35,2026-07,3
2544 Registered Nurses,35,2026-06,1
2544 Registered Nurses,35,2025-04,1
2544 Registered Nurses,35,2025-10,1
2544 Registered Nurses,35,2025-12,2
2544 Registered Nurses,35,2026-04,2
2544 Registered Nurses,35,2026-01,4
3513 Chefs,65,2026-09,7
3513 Chefs,65,2026-08,339
3513 Chefs,65,2026-07,309
3513 Chefs,65,2026-06,315
3513 Chefs,65,2024-08,1
3513 Chefs,65,2024-09,44
3513 Chefs,65,2026-05,258
3513 Chefs,65,2024-10,46
3513 Chefs,65,2024-12,63
3513 Chefs,65,2024-11,76
3513 Chefs,65,2025-01,60
3513 Chefs,65,2025-03,89
3513 Chefs,65,2025-02,87
3513 Chefs,65,2025-04,99
3513 Chefs,65,2025-05,99
3513 Chefs,65,2025-06,107
3513 Chefs,65,2025-07,114
3513 Chefs,65,2025-08,141
3513 Chefs,65,2025-09,181
3513 Chefs,65,2025-10,189
3513 Chefs,65,2025-12,209
3513 Chefs,65,2026-04,254
3513 Chefs,65,2025-11,274
3513 Chefs,65,2026-01,203
3513 Chefs,65,2026-02,228
3513 Chefs,65,2026-03,259
3513 Chefs,75,2026-09,8
3513 Chefs,75,2026-08,389
3513 Chefs,75,2026-07,243
3513 Chefs,75,2026-06,231
3513 Chefs,75,2024-08,1
3513 Chefs,75,2024-09,28
3513 Chefs,75,2026-05,237
3513 Chefs,75,2024-10,19
3513 Chefs,75,2024-12,38
3513 Chefs,75,2024-11,30
3513 Chefs,75,2025-01,40
3513 Chefs,75,2025-03,58
3513 Chefs,75,2025-02,44
3513 Chefs,75,2025-04,120
3513 Chefs,75,2025-05,90
3513 Chefs,75,2025-06,77
3513 Chefs,75,2025-07,93
3513 Chefs,75,2025-08,229
3513 Chefs,75,2025-09,136
3513 Chefs,75,2025-10,164
3513 Chefs,75,2025-12,187
3513 Chefs,75,2026-04,193
3513 Chefs,75,2025-11,204
3513 Chefs,75,2026-01,189
3513 Chefs,75,2026-02,172
3513 Chefs,75,2026-03,203
3513 Chefs,70,2026-09,16
3513 Chefs,70,2026-08,401
3513 Chefs,70,2026-07,305
3513 Chefs,70,2026-06,300
3513 Chefs,70,2024-09,18
3513 Chefs,70,2026-05,256
3513 Chefs,70,2024-10,35
3513 Chefs,70,2024-12,39
3513 Chefs,70,2024-11,35
3513 Chefs,70,2025-01,64
3513 Chefs,70,2025-03,102
3513 Chefs,70,2025-02,60
3513 Chefs,70,2025-04,94
3513 Chefs,70,2025-05,89
3513 Chefs,70,2025-06,98
3513 Chefs,70,2025-07,135
3513 Chefs,70,2025-08,177
3513 Chefs,70,2025-09,163
3513 Chefs,70,2025-10,210
3513 Chefs,70,2025-12,234
3513 Chefs,70,2026-04,253
3513 Chefs,70,2025-11,250
3513 Chefs,70,2026-01,204
3513 Chefs,70,2026-02,231
3513 Chefs,70,2026-03,269
3513 Chefs,80,2026-09,12
3513 Chefs,80,2026-08,170
3513 Chefs,80,2026-07,162
3513 Chefs,80,2026-06,173
3513 Chefs,80,2024-09,15
3513 Chefs,80,2026-05,129
3513 Chefs,80,2024-10,9
3513 Chefs,80,2024-12,19
3513 Chefs,80,2024-11,22
3513 Chefs,80,2025-01,21
3513 Chefs,80,2025-03,36
3513 Chefs,80,2025-02,22
3513 Chefs,80,2025-04,39
3513 Chefs,80,2025-05,51
3513 Chefs,80,2025-06,36
3513 Chefs,80,2025-07,41
3513 Chefs,80,2025-08,51
3513 Chefs,80,2025-09,68
3513 Chefs,80,2025-10,76
3513 Chefs,80,2025-12,80
3513 Chefs,80,2026-04,127
3513 Chefs,80,2025-11,111
3513 Chefs,80,2026-01,118
3513 Chefs,80,2026-02,105
3513 Chefs,80,2026-03,127
3513 Chefs,95,2026-08,15
3513 Chefs,95,2026-07,6
3513 Chefs,95,2026-06,13
3513 Chefs,95,2026-05,7
3513 Chefs,95,2025-02,1
3513 Chefs,95,2025-04,2
3513 Chefs,95,2025-05,1
3513 Chefs,95,2025-06,2
3513 Chefs,95,2025-07,2
3513 Chefs,95,2025-08,4
3513 Chefs,95,2025-09,4
3513 Chefs,95,2025-10,5
3513 Chefs,95,2025-12,4
3513 Chefs,95,2026-04,15
3513 Chefs,95,2025-11,6
3513 Chefs,95,2026-01,5
3513 Chefs,95,2026-02,4
3513 Chefs,95,2026-03,11
3513 Chefs,90,2026-09,2
3513 Chefs,90,2026-08,37
3513 Chefs,90,2026-07,41
3513 Chefs,90,2026-06,37
3513 Chefs,90,2024-09,3
3513 Chefs,90,2026-05,21
3513 Chefs,90,2024-10,2
3513 Chefs,90,2024-12,2
3513 Chefs,90,2024-11,4
3513 Chefs,90,2025-01,6
3513 Chefs,90,2025-03,7
3513 Chefs,90,2025-02,13
3513 Chefs,90,2025-04,8
3513 Chefs,90,2025-05,8
3513 Chefs,90,2025-06,14
3513 Chefs,90,2025-07,12
3513 Chefs,90,2025-08,18
3513 Chefs,90,2025-09,16
3513 Chefs,90,2025-10,15
3513 Chefs,90,2025-12,18
3513 Chefs,90,2026-04,30
3513 Chefs,90,2025-11,30
3513 Chefs,90,2026-01,34
3513 Chefs,90,2026-02,41
3513 Chefs,90,2026-03,21
3513 Chefs,85,2026-09,1
3513 Chefs,85,2026-08,80
3513 Chefs,85,2026-07,80
3513 Chefs,85,2026-06,69
3513 Chefs,85,2024-09,7
3513 Chefs,85,2026-05,54
3513 Chefs,85,2024-10,7
3513 Chefs,85,2024-12,5
3513 Chefs,85,2024-11,6
3513 Chefs,85,2025-01,12
3513 Chefs,85,2025-03,17
3513 Chefs,85,2025-02,17
3513 Chefs,85,2025-04,20
3513 Chefs,85,2025-05,14
3513 Chefs,85,2025-06,20
3513 Chefs,85,2025-07,22
3513 Chefs,85,2025-08,26
3513 Chefs,85,2025-09,35
3513 Chefs,85,2025-10,55
3513 Chefs,85,2025-12,61
3513 Chefs,85,2026-04,81
3513 Chefs,85,2025-11,62
3513 Chefs,85,2026-01,37
3513 Chefs,85,2026-02,45
3513 Chefs,85,2026-03,59
3513 Chefs,55,2026-09,2
3513 Chefs,55,2026-08,70
3513 Chefs,55,2026-07,83
3513 Chefs,55,2026-06,57
3513 Chefs,55,2024-09,15
3513 Chefs,55,2026-05,74
3513 Chefs,55,2024-10,5
3513 Chefs,55,2024-12,10
3513 Chefs,55,2024-11,4
3513 Chefs,55,2025-01,8
3513 Chefs,55,2025-03,19
3513 Chefs,55,2025-02,12
3513 Chefs,55,2025-04,25
3513 Chefs,55,2025-05,18
3513 Chefs,55,2025-06,18
3513 Chefs,55,2025-07,31
3513 Chefs,55,2025-08,31
3513 Chefs,55,2025-09,37
3513 Chefs,55,2025-10,48
3513 Chefs,55,2025-12,47
3513 Chefs,55,2026-04,52
3513 Chefs,55,2025-11,46
3513 Chefs,55,2026-01,60
3513 Chefs,55,2026-02,50
3513 Chefs,55,2026-03,61
3513 Chefs,60,2026-09,8
3513 Chefs,60,2026-08,207
3513 Chefs,60,2026-07,180
3513 Chefs,60,2026-06,165
3513 Chefs,60,2024-09,17
3513 Chefs,60,2026-05,152
3513 Chefs,60,2024-10,18
3513 Chefs,60,2024-12,9
3513 Chefs,60,2024-11,21
3513 Chefs,60,2025-01,21
3513 Chefs,60,2025-03,40
3513 Chefs,60,2025-02,29
3513 Chefs,60,2025-04,37
3513 Chefs,60,2025-05,42
3513 Chefs,60,2025-06,40
3513 Chefs,60,2025-07,53
3513 Chefs,60,2025-08,63
3513 Chefs,60,2025-09,73
3513 Chefs,60,2025-10,99
3513 Chefs,60,2025-12,87
3513 Chefs,60,2026-04,122
3513 Chefs,60,2025-11,121
3513 Chefs,60,2026-01,113
3513 Chefs,60,2026-02,88
3513 Chefs,60,2026-03,135
3513 Chefs,50,2026-09,2
3513 Chefs,50,2026-08,29
3513 Chefs,50,2026-07,35
3513 Chefs,50,2026-06,20
3513 Chefs,50,2024-09,5
3513 Chefs,50,2026-05,24
3513 Chefs,50,2024-10,4
3513 Chefs,50,2024-12,2
3513 Chefs,50,2024-11,8
3513 Chefs,50,2025-01,8
3513 Chefs,50,2025-03,9
3513 Chefs,50,2025-02,5
3513 Chefs,50,2025-04,6
3513 Chefs,50,2025-05,11
3513 Chefs,50,2025-06,5
3513 Chefs,50,2025-07,14
3513 Chefs,50,2025-08,12
3513 Chefs,50,2025-09,16
3513 Chefs,50,2025-10,12
3513 Chefs,50,2025-12,11
3513 Chefs,50,2026-04,29
3513 Chefs,50,2025-11,20
3513 Chefs,50,2026-01,18
3513 Chefs,50,2026-02,19
3513 Chefs,50,2026-03,21
3513 Chefs,100,2026-08,1
3513 Chefs,100,2026-06,3
3513 Chefs,100,2026-05,2
3513 Chefs,100,2024-10,1
3513 Chefs,100,2024-11,1
3513 Chefs,100,2025-02,1
3513 Chefs,100,2025-06,1
3513 Chefs,100,2025-07,2
3513 Chefs,100,2026-04,1
3513 Chefs,100,2025-11,1
3513 Chefs,100,2026-01,1
3513 Chefs,100,2026-02,1
3513 Chefs,105,2026-06,3
3513 Chefs,105,2025-02,2
3513 Chefs,105,2025-06,3
3513 Chefs,40,2026-07,2
3513 Chefs,40,2026-05,2
3513 Chefs,40,2025-05,2
3513 Chefs,40,2025-08,1
3513 Chefs,40,2025-09,1
3513 Chefs,40,2026-04,1
3513 Chefs,40,2025-11,1
3513 Chefs,40,2026-02,3
3513 Chefs,45,2026-08,6
3513 Chefs,45,2026-07,6
3513 Chefs,45,2026-06,9
3513 Chefs,45,2026-05,10
3513 Chefs,45,2024-10,1
3513 Chefs,45,2025-01,1
3513 Chefs,45,2025-03,2
3513 Chefs,45,2025-02,1
3513 Chefs,45,2025-04,3
3513 Chefs,45,2025-05,2
3513 Chefs,45,2025-06,2
3513 Chefs,45,2025-07,1
3513 Chefs,45,2025-08,1
3513 Chefs,45,2025-09,2
3513 Chefs,45,2025-10,2
3513 Chefs,45,2025-12,2
3513 Chefs,45,2026-04,6
3513 Chefs,45,2025-11,2
3513 Chefs,45,2026-01,4
3513 Chefs,45,2026-02,4
3513 Chefs,45,2026-03,4
3513 Chefs,30,2026-07,1
3513 Chefs,30,2024-11,1
3513 Chefs,30,2025-07,1
3513 Chefs,35,2026-07,1
3513 Chefs,35,2026-05,1
3513 Chefs,35,2025-10,1
3513 Chefs,35,2025-12,1
3513 Chefs,35,2026-03,1
2334 Electronics Engineers,65,2026-09,4
2334 Electronics Engineers,65,2026-08,82
2334 Electronics Engineers,65,2026-07,62
2334 Electronics Engineers,65,2026-06,62
2334 Electronics Engineers,65,2024-09,18
2334 Electronics Engineers,65,2026-05,55
2334 Electronics Engineers,65,2024-10,14
2334 Electronics Engineers,65,2024-12,17
2334 Electronics Engineers,65,2024-11,18
2334 Electronics Engineers,65,2025-01,16
2334 Electronics Engineers,65,2025-03,16
2334 Electronics Engineers,65,2025-02,22
2334 Electronics Engineers,65,2025-04,29
2334 Electronics Engineers,65,2025-05,25
2334 Electronics Engineers,65,2025-06,18
2334 Electronics Engineers,65,2025-07,29
2334 Electronics Engineers,65,2025-08,41
2334 Electronics Engineers,65,2025-09,26
2334 Electronics Engineers,65,2025-10,40
2334 Electronics Engineers,65,2025-12,27
2334 Electronics Engineers,65,2026-04,44
2334 Electronics Engineers,65,2025-11,45
2334 Electronics Engineers,65,2026-01,49
2334 Electronics Engineers,65,2026-02,46
2334 Electronics Engineers,65,2026-03,33
2334 Electronics Engineers,75,2026-09,1
2334 Electronics Engineers,75,2026-08,59
2334 Electronics Engineers,75,2026-07,53
2334 Electronics Engineers,75,2026-06,67
2334 Electronics Engineers,75,2024-09,10
2334 Electronics Engineers,75,2026-05,56
2334 Electronics Engineers,75,2024-10,11
2334 Electronics Engineers,75,2024-12,12
2334 Electronics Engineers,75,2024-11,13
2334 Electronics Engineers,75,2025-01,18
2334 Electronics Engineers,75,2025-03,13
2334 Electronics Engineers,75,2025-02,12
2334 Electronics Engineers,75,2025-04,20
2334 Electronics Engineers,75,2025-05,19
2334 Electronics Engineers,75,2025-06,30
2334 Electronics Engineers,75,2025-07,14
2334 Electronics Engineers,75,2025-08,28
2334 Electronics Engineers,75,2025-09,27
2334 Electronics Engineers,75,2025-10,41
2334 Electronics Engineers,75,2025-12,42
2334 Electronics Engineers,75,2026-04,43
2334 Electronics Engineers,75,2025-11,45
2334 Electronics Engineers,75,2026-01,43
2334 Electronics Engineers,75,2026-02,33
2334 Electronics Engineers,75,2026-03,33
2334 Electronics Engineers,70,2026-08,44
2334 Electronics Engineers,70,2026-07,70
2334 Electronics Engineers,70,2026-06,62
2334 Electronics Engineers,70,2024-09,5
2334 Electronics Engineers,70,2026-05,36
2334 Electronics Engineers,70,2024-10,9
2334 Electronics Engineers,70,2024-12,21
2334 Electronics Engineers,70,2024-11,10
2334 Electronics Engineers,70,2025-01,18
2334 Electronics Engineers,70,2025-03,13
2334 Electronics Engineers,70,2025-02,8
2334 Electronics Engineers,70,2025-04,22
2334 Electronics Engineers,70,2025-05,21
2334 Electronics Engineers,70,2025-06,19
2334 Electronics Engineers,70,2025-07,41
2334 Electronics Engineers,70,2025-08,29
2334 Electronics Engineers,70,2025-09,28
2334 Electronics Engineers,70,2025-10,37
2334 Electronics Engineers,70,2025-12,25
2334 Electronics Engineers,70,2026-04,61
2334 Electronics Engineers,70,2025-11,30
2334 Electronics Engineers,70,2026-01,46
2334 Electronics Engineers,70,2026-02,35
2334 Electronics Engineers,70,2026-03,54
2334 Electronics Engineers,80,2026-08,45
2334 Electronics Engineers,80,2026-07,41
2334 Electronics Engineers,80,2026-06,53
2334 Electronics Engineers,80,2024-09,10
2334 Electronics Engineers,80,2026-05,42
2334 Electronics Engineers,80,2024-10,6
2334 Electronics Engineers,80,2024-12,6
2334 Electronics Engineers,80,2024-11,11
2334 Electronics Engineers,80,2025-01,9
2334 Electronics Engineers,80,2025-03,12
2334 Electronics Engineers,80,2025-02,16
2334 Electronics Engineers,80,2025-04,5
2334 Electronics Engineers,80,2025-05,22
2334 Electronics Engineers,80,2025-06,20
2334 Electronics Engineers,80,2025-07,23
2334 Electronics Engineers,80,2025-08,21
2334 Electronics Engineers,80,2025-09,27
2334 Electronics Engineers,80,2025-10,31
2334 Electronics Engineers,80,2025-12,28
2334 Electronics Engineers,80,2026-04,35
2334 Electronics Engineers,80,2025-11,23
2334 Electronics Engineers,80,2026-01,20
2334 Electronics Engineers,80,2026-02,30
2334 Electronics Engineers,80,2026-03,36
2334 Electronics Engineers,95,2026-09,1
2334 Electronics Engineers,95,2026-08,24
2334 Electronics Engineers,95,2026-07,14
2334 Electronics Engineers,95,2026-06,13
2334 Electronics Engineers,95,2026-05,15
2334 Electronics Engineers,95,2025-05,2
2334 Electronics Engineers,95,2025-08,5
2334 Electronics Engineers,95,2025-09,30
2334 Electronics Engineers,95,2025-10,34
2334 Electronics Engineers,95,2025-12,29
2334 Electronics Engineers,95,2026-04,23
2334 Electronics Engineers,95,2025-11,95
2334 Electronics Engineers,95,2026-01,38
2334 Electronics Engineers,95,2026-02,25
2334 Electronics Engineers,95,2026-03,40
2334 Electronics Engineers,90,2026-08,34
2334 Electronics Engineers,90,2026-07,22
2334 Electronics Engineers,90,2026-06,31
2334 Electronics Engineers,90,2024-09,2
2334 Electronics Engineers,90,2026-05,14
2334 Electronics Engineers,90,2024-12,2
2334 Electronics Engineers,90,2024-11,2
2334 Electronics Engineers,90,2025-01,4
2334 Electronics Engineers,90,2025-03,3
2334 Electronics Engineers,90,2025-02,2
2334 Electronics Engineers,90,2025-04,4
2334 Electronics Engineers,90,2025-05,6
2334 Electronics Engineers,90,2025-06,3
2334 Electronics Engineers,90,2025-07,7
2334 Electronics Engineers,90,2025-08,11
2334 Electronics Engineers,90,2025-09,8
2334 Electronics Engineers,90,2025-10,15
2334 Electronics Engineers,90,2025-12,16
2334 Electronics Engineers,90,2026-04,13
2334 Electronics Engineers,90,2025-11,13
2334 Electronics Engineers,90,2026-01,19
2334 Electronics Engineers,90,2026-02,7
2334 Electronics Engineers,90,2026-03,16
2334 Electronics Engineers,85,2026-09,1
2334 Electronics Engineers,85,2026-08,37
2334 Electronics Engineers,85,2026-07,51
2334 Electronics Engineers,85,2026-06,37
2334 Electronics Engineers,85,2024-09,1
2334 Electronics Engineers,85,2026-05,32
2334 Electronics Engineers,85,2024-10,2
2334 Electronics Engineers,85,2024-12,10
2334 Electronics Engineers,85,2024-11,10
2334 Electronics Engineers,85,2025-01,10
2334 Electronics Engineers,85,2025-03,17
2334 Electronics Engineers,85,2025-02,10
2334 Electronics Engineers,85,2025-04,11
2334 Electronics Engineers,85,2025-05,10
2334 Electronics Engineers,85,2025-06,14
2334 Electronics Engineers,85,2025-07,17
2334 Electronics Engineers,85,2025-08,21
2334 Electronics Engineers,85,2025-09,21
2334 Electronics Engineers,85,2025-10,16
2334 Electronics Engineers,85,2025-12,28
2334 Electronics Engineers,85,2026-04,26
2334 Electronics Engineers,85,2025-11,34
2334 Electronics Engineers,85,2026-01,31
2334 Electronics Engineers,85,2026-02,33
2334 Electronics Engineers,85,2026-03,28
2334 Electronics Engineers,55,2026-08,18
2334 Electronics Engineers,55,2026-07,6
2334 Electronics Engineers,55,2026-06,15
2334 Electronics Engineers,55,2024-09,3
2334 Electronics Engineers,55,2026-05,7
2334 Electronics Engineers,55,2024-10,3
2334 Electronics Engineers,55,2024-12,7
2334 Electronics Engineers,55,2024-11,3
2334 Electronics Engineers,55,2025-01,4
2334 Electronics Engineers,55,2025-03,7
2334 Electronics Engineers,55,2025-02,6
2334 Electronics Engineers,55,2025-04,3
2334 Electronics Engineers,55,2025-05,2
2334 Electronics Engineers,55,2025-06,2
2334 Electronics Engineers,55,2025-07,6
2334 Electronics Engineers,55,2025-08,16
2334 Electronics Engineers,55,2025-09,20
2334 Electronics Engineers,55,2025-10,15
2334 Electronics Engineers,55,2025-12,6
2334 Electronics Engineers,55,2026-04,18
2334 Electronics Engineers,55,2025-11,6
2334 Electronics Engineers,55,2026-01,10
2334 Electronics Engineers,55,2026-02,9
2334 Electronics Engineers,55,2026-03,22
2334 Electronics Engineers,60,2026-08,34
2334 Electronics Engineers,60,2026-07,27
2334 Electronics Engineers,60,2026-06,23
2334 Electronics Engineers,60,2024-09,5
2334 Electronics Engineers,60,2026-05,28
2334 Electronics Engineers,60,2024-10,5
2334 Electronics Engineers,60,2024-12,7
2334 Electronics Engineers,60,2024-11,4
2334 Electronics Engineers,60,2025-01,7
2334 Electronics Engineers,60,2025-03,9
2334 Electronics Engineers,60,2025-02,3
2334 Electronics Engineers,60,2025-04,6
2334 Electronics Engineers,60,2025-05,8
2334 Electronics Engineers,60,2025-06,7
2334 Electronics Engineers,60,2025-07,18
2334 Electronics Engineers,60,2025-08,13
2334 Electronics Engineers,60,2025-09,13
2334 Electronics Engineers,60,2025-10,18
2334 Electronics Engineers,60,2025-12,21
2334 Electronics Engineers,60,2026-04,17
2334 Electronics Engineers,60,2025-11,19
2334 Electronics Engineers,60,2026-01,17
2334 Electronics Engineers,60,2026-02,15
2334 Electronics Engineers,60,2026-03,17
2334 Electronics Engineers,50,2026-08,5
2334 Electronics Engineers,50,2026-07,6
2334 Electronics Engineers,50,2026-06,5
2334 Electronics Engineers,50,2024-09,1
2334 Electronics Engineers,50,2026-05,1
2334 Electronics Engineers,50,2024-12,2
2334 Electronics Engineers,50,2025-01,3
2334 Electronics Engineers,50,2025-03,1
2334 Electronics Engineers,50,2025-02,1
2334 Electronics Engineers,50,2025-04,2
2334 Electronics Engineers,50,2025-05,7
2334 Electronics Engineers,50,2025-06,2
2334 Electronics Engineers,50,2025-07,7
2334 Electronics Engineers,50,2025-08,2
2334 Electronics Engineers,50,2025-09,5
2334 Electronics Engineers,50,2025-10,5
2334 Electronics Engineers,50,2025-12,3
2334 Electronics Engineers,50,2026-04,2
2334 Electronics Engineers,50,2025-11,2
2334 Electronics Engineers,50,2026-01,3
2334 Electronics Engineers,50,2026-02,3
2334 Electronics Engineers,50,2026-03,8
2334 Electronics Engineers,100,2026-08,4
2334 Electronics Engineers,100,2026-05,2
2334 Electronics Engineers,100,2026-02,1
2334 Electronics Engineers,100,2026-03,1
2334 Electronics Engineers,40,2026-08,3
2334 Electronics Engineers,40,2026-07,1
2334 Electronics Engineers,40,2024-10,1
2334 Electronics Engineers,40,2025-10,1
2334 Electronics Engineers,40,2026-01,1
2334 Electronics Engineers,40,2026-02,1
2334 Electronics Engineers,45,2026-08,2
2334 Electronics Engineers,45,2026-05,2
2334 Electronics Engineers,45,2024-10,1
2334 Electronics Engineers,45,2025-01,3
2334 Electronics Engineers,45,2025-07,1
2334 Electronics Engineers,45,2025-08,2
2334 Electronics Engineers,45,2025-09,1
2334 Electronics Engineers,45,2025-10,1
2334 Electronics Engineers,45,2026-04,1
2334 Electronics Engineers,45,2025-11,1
2334 Electronics Engineers,45,2026-01,3
2334 Electronics Engineers,25,2026-08,1
2334 Electronics Engineers,25,2025-11,1
2334 Electronics Engineers,35,2026-05,1
2334 Electronics Engineers,35,2025-06,1
3232 Metal Fitters and Machinists,65,2026-08,13
3232 Metal Fitters and Machinists,65,2026-07,13
3232 Metal Fitters and Machinists,65,2026-06,14
3232 Metal Fitters and Machinists,65,2024-09,3
3232 Metal Fitters and Machinists,65,2026-05,8
3232 Metal Fitters and Machinists,65,2024-10,1
3232 Metal Fitters and Machinists,65,2024-12,2
3232 Metal Fitters and Machinists,65,2024-11,2
3232 Metal Fitters and Machinists,65,2025-01,3
3232 Metal Fitters and Machinists,65,2025-03,2
3232 Metal Fitters and Machinists,65,2025-02,1
3232 Metal Fitters and Machinists,65,2025-04,2
3232 Metal Fitters and Machinists,65,2025-05,3
3232 Metal Fitters and Machinists,65,2025-06,3
3232 Metal Fitters and Machinists,65,2025-07,7
3232 Metal Fitters and Machinists,65,2025-08,1
3232 Metal Fitters and Machinists,65,2025-09,6
3232 Metal Fitters and Machinists,65,2025-10,4
3232 Metal Fitters and Machinists,65,2025-12,5
3232 Metal Fitters and Machinists,65,2026-04,7
3232 Metal Fitters and Machinists,65,2025-11,3
3232 Metal Fitters and Machinists,65,2026-01,10
3232 Metal Fitters and Machinists,65,2026-02,4
3232 Metal Fitters and Machinists,65,2026-03,4
3232 Metal Fitters and Machinists,75,2026-08,9
3232 Metal Fitters and Machinists,75,2026-07,5
3232 Metal Fitters and Machinists,75,2026-06,9
3232 Metal Fitters and Machinists,75,2026-05,5
3232 Metal Fitters and Machinists,75,2024-10,2
3232 Metal Fitters and Machinists,75,2024-12,1
3232 Metal Fitters and Machinists,75,2024-11,1
3232 Metal Fitters and Machinists,75,2025-03,2
3232 Metal Fitters and Machinists,75,2025-02,1
3232 Metal Fitters and Machinists,75,2025-05,2
3232 Metal Fitters and Machinists,75,2025-06,2
3232 Metal Fitters and Machinists,75,2025-07,1
3232 Metal Fitters and Machinists,75,2025-08,1
3232 Metal Fitters and Machinists,75,2025-09,4
3232 Metal Fitters and Machinists,75,2025-10,4
3232 Metal Fitters and Machinists,75,2025-12,3
3232 Metal Fitters and Machinists,75,2026-04,2
3232 Metal Fitters and Machinists,75,2025-11,5
3232 Metal Fitters and Machinists,75,2026-01,1
3232 Metal Fitters and Machinists,75,2026-02,5
3232 Metal Fitters and Machinists,75,2026-03,6
3232 Metal Fitters and Machinists,70,2026-09,2
3232 Metal Fitters and Machinists,70,2026-08,12
3232 Metal Fitters and Machinists,70,2026-07,11
3232 Metal Fitters and Machinists,70,2026-06,12
3232 Metal Fitters and Machinists,70,2026-05,5
3232 Metal Fitters and Machinists,70,2024-10,1
3232 Metal Fitters and Machinists,70,2024-11,1
3232 Metal Fitters and Machinists,70,2025-01,2
3232 Metal Fitters and Machinists,70,2025-03,3
3232 Metal Fitters and Machinists,70,2025-02,4
3232 Metal Fitters and Machinists,70,2025-04,1
3232 Metal Fitters and Machinists,70,2025-05,4
3232 Metal Fitters and Machinists,70,2025-06,1
3232 Metal Fitters and Machinists,70,2025-07,5
3232 Metal Fitters and Machinists,70,2025-08,4
3232 Metal Fitters and Machinists,70,2025-09,10
3232 Metal Fitters and Machinists,70,2025-10,6
3232 Metal Fitters and Machinists,70,2025-12,4
3232 Metal Fitters and Machinists,70,2026-04,5
3232 Metal Fitters and Machinists,70,2025-11,4
3232 Metal Fitters and Machinists,70,2026-01,4
3232 Metal Fitters and Machinists,70,2026-02,8
3232 Metal Fitters and Machinists,70,2026-03,5
3232 Metal Fitters and Machinists,80,2026-08,3
3232 Metal Fitters and Machinists,80,2026-06,1
3232 Metal Fitters and Machinists,80,2026-05,2
3232 Metal Fitters and Machinists,80,2024-12,1
3232 Metal Fitters and Machinists,80,2025-04,1
3232 Metal Fitters and Machinists,80,2025-05,1
3232 Metal Fitters and Machinists,80,2025-06,1
3232 Metal Fitters and Machinists,80,2025-12,3
3232 Metal Fitters and Machinists,80,2026-04,3
3232 Metal Fitters and Machinists,80,2025-11,2
3232 Metal Fitters and Machinists,80,2026-01,1
3232 Metal Fitters and Machinists,80,2026-02,1
3232 Metal Fitters and Machinists,80,2026-03,1
3232 Metal Fitters and Machinists,85,2026-08,2
3232 Metal Fitters and Machinists,85,2025-09,1
3232 Metal Fitters and Machinists,85,2025-11,1
3232 Metal Fitters and Machinists,85,2026-03,1
3232 Metal Fitters and Machinists,55,2026-08,7
3232 Metal Fitters and Machinists,55,2026-07,4
3232 Metal Fitters and Machinists,55,2026-06,7
3232 Metal Fitters and Machinists,55,2024-09,1
3232 Metal Fitters and Machinists,55,2026-05,1
3232 Metal Fitters and Machinists,55,2024-10,1
3232 Metal Fitters and Machinists,55,2025-03,1
3232 Metal Fitters and Machinists,55,2025-02,1
3232 Metal Fitters and Machinists,55,2025-04,6
3232 Metal Fitters and Machinists,55,2025-05,1
3232 Metal Fitters and Machinists,55,2025-06,1
3232 Metal Fitters and Machinists,55,2025-09,2
3232 Metal Fitters and Machinists,55,2025-10,2
3232 Metal Fitters and Machinists,55,2025-12,2
3232 Metal Fitters and Machinists,55,2026-04,5
3232 Metal Fitters and Machinists,55,2025-11,4
3232 Metal Fitters and Machinists,55,2026-01,2
3232 Metal Fitters and Machinists,55,2026-02,3
3232 Metal Fitters and Machinists,55,2026-03,3
3232 Metal Fitters and Machinists,60,2026-08,21
3232 Metal Fitters and Machinists,60,2026-07,12
3232 Metal Fitters and Machinists,60,2026-06,19
3232 Metal Fitters and Machinists,60,2026-05,11
3232 Metal Fitters and Machinists,60,2024-10,1
3232 Metal Fitters and Machinists,60,2024-12,4
3232 Metal Fitters and Machinists,60,2025-02,1
3232 Metal Fitters and Machinists,60,2025-04,8
3232 Metal Fitters and Machinists,60,2025-06,7
3232 Metal Fitters and Machinists,60,2025-07,8
3232 Metal Fitters and Machinists,60,2025-08,5
3232 Metal Fitters and Machinists,60,2025-09,5
3232 Metal Fitters and Machinists,60,2025-10,3
3232 Metal Fitters and Machinists,60,2025-12,3
3232 Metal Fitters and Machinists,60,2026-04,4
3232 Metal Fitters and Machinists,60,2025-11,5
3232 Metal Fitters and Machinists,60,2026-01,4
3232 Metal Fitters and Machinists,60,2026-02,4
3232 Metal Fitters and Machinists,60,2026-03,6
3232 Metal Fitters and Machinists,50,2026-08,12
3232 Metal Fitters and Machinists,50,2026-06,4
3232 Metal Fitters and Machinists,50,2026-05,6
3232 Metal Fitters and Machinists,50,2024-10,1
3232 Metal Fitters and Machinists,50,2024-12,6
3232 Metal Fitters and Machinists,50,2024-11,4
3232 Metal Fitters and Machinists,50,2025-01,4
3232 Metal Fitters and Machinists,50,2025-03,1
3232 Metal Fitters and Machinists,50,2025-05,6
3232 Metal Fitters and Machinists,50,2025-06,1
3232 Metal Fitters and Machinists,50,2025-07,2
3232 Metal Fitters and Machinists,50,2025-08,3
3232 Metal Fitters and Machinists,50,2025-09,2
3232 Metal Fitters and Machinists,50,2025-10,6
3232 Metal Fitters and Machinists,50,2025-12,4
3232 Metal Fitters and Machinists,50,2026-04,2
3232 Metal Fitters and Machinists,50,2025-11,17
3232 Metal Fitters and Machinists,50,2026-01,4
3232 Metal Fitters and Machinists,50,2026-02,3
3232 Metal Fitters and Machinists,50,2026-03,4
3232 Metal Fitters and Machinists,40,2026-07,1
3232 Metal Fitters and Machinists,40,2026-06,1
3232 Metal Fitters and Machinists,40,2025-01,1
3232 Metal Fitters and Machinists,40,2025-07,1
3232 Metal Fitters and Machinists,40,2025-08,1
3232 Metal Fitters and Machinists,40,2025-10,1
3232 Metal Fitters and Machinists,40,2025-12,2
3232 Metal Fitters and Machinists,40,2026-01,1
3232 Metal Fitters and Machinists,40,2026-02,1
3232 Metal Fitters and Machinists,40,2026-03,1
3232 Metal Fitters and Machinists,45,2026-08,1
3232 Metal Fitters and Machinists,45,2026-07,6
3232 Metal Fitters and Machinists,45,2026-06,1
3232 Metal Fitters and Machinists,45,2024-12,1
3232 Metal Fitters and Machinists,45,2025-01,1
3232 Metal Fitters and Machinists,45,2025-03,3
3232 Metal Fitters and Machinists,45,2025-04,1
3232 Metal Fitters and Machinists,45,2025-07,5
3232 Metal Fitters and Machinists,45,2025-08,1
3232 Metal Fitters and Machinists,45,2026-02,1
3232 Metal Fitters and Machinists,45,2026-03,2
3232 Metal Fitters and Machinists,30,2025-12,1
3232 Metal Fitters and Machinists,35,2026-08,1
3232 Metal Fitters and Machinists,35,2026-06,1
3232 Metal Fitters and Machinists,35,2026-01,1
2631 Computer Network Professionals,65,2026-09,1
2631 Computer Network Professionals,65,2026-08,71
2631 Computer Network Professionals,65,2026-07,47
2631 Computer Network Professionals,65,2026-06,53
2631 Computer Network Professionals,65,2024-09,12
2631 Computer Network Professionals,65,2026-05,53
2631 Computer Network Professionals,65,2024-10,10
2631 Computer Network Professionals,65,2024-12,18
2631 Computer Network Professionals,65,2024-11,21
2631 Computer Network Professionals,65,2025-01,15
2631 Computer Network Professionals,65,2025-03,30
2631 Computer Network Professionals,65,2025-02,7
2631 Computer Network Professionals,65,2025-04,25
2631 Computer Network Professionals,65,2025-05,26
2631 Computer Network Professionals,65,2025-06,19
2631 Computer Network Professionals,65,2025-07,28
2631 Computer Network Professionals,65,2025-08,43
2631 Computer Network Professionals,65,2025-09,25
2631 Computer Network Professionals,65,2025-10,37
2631 Computer Network Professionals,65,2025-12,36
2631 Computer Network Professionals,65,2026-04,36
2631 Computer Network Professionals,65,2025-11,40
2631 Computer Network Professionals,65,2026-01,36
2631 Computer Network Professionals,65,2026-02,32
2631 Computer Network Professionals,65,2026-03,33
2631 Computer Network Professionals,75,2026-09,1
2631 Computer Network Professionals,75,2026-08,97
2631 Computer Network Professionals,75,2026-07,64
2631 Computer Network Professionals,75,2026-06,60
2631 Computer Network Professionals,75,2024-09,25
2631 Computer Network Professionals,75,2026-05,55
2631 Computer Network Professionals,75,2024-10,21
2631 Computer Network Professionals,75,2024-12,26
2631 Computer Network Professionals,75,2024-11,36
2631 Computer Network Professionals,75,2025-01,33
2631 Computer Network Professionals,75,2025-03,38
2631 Computer Network Professionals,75,2025-02,32
2631 Computer Network Professionals,75,2025-04,33
2631 Computer Network Professionals,75,2025-05,35
2631 Computer Network Professionals,75,2025-06,24
2631 Computer Network Professionals,75,2025-07,43
2631 Computer Network Professionals,75,2025-08,56
2631 Computer Network Professionals,75,2025-09,119
2631 Computer Network Professionals,75,2025-10,58
2631 Computer Network Professionals,75,2025-12,43
2631 Computer Network Professionals,75,2026-04,60
2631 Computer Network Professionals,75,2025-11,61
2631 Computer Network Professionals,75,2026-01,56
2631 Computer Network Professionals,75,2026-02,56
2631 Computer Network Professionals,75,2026-03,56
2631 Computer Network Professionals,70,2026-09,12
2631 Computer Network Professionals,70,2026-08,67
2631 Computer Network Professionals,70,2026-07,60
2631 Computer Network Professionals,70,2026-06,53
2631 Computer Network Professionals,70,2024-08,1
2631 Computer Network Professionals,70,2024-09,7
2631 Computer Network Professionals,70,2026-05,59
2631 Computer Network Professionals,70,2024-10,4
2631 Computer Network Professionals,70,2024-12,10
2631 Computer Network Professionals,70,2024-11,11
2631 Computer Network Professionals,70,2025-01,17
2631 Computer Network Professionals,70,2025-03,23
2631 Computer Network Professionals,70,2025-02,14
2631 Computer Network Professionals,70,2025-04,23
2631 Computer Network Professionals,70,2025-05,27
2631 Computer Network Professionals,70,2025-06,33
2631 Computer Network Professionals,70,2025-07,43
2631 Computer Network Professionals,70,2025-08,31
2631 Computer Network Professionals,70,2025-09,32
2631 Computer Network Professionals,70,2025-10,51
2631 Computer Network Professionals,70,2025-12,38
2631 Computer Network Professionals,70,2026-04,55
2631 Computer Network Professionals,70,2025-11,60
2631 Computer Network Professionals,70,2026-01,52
2631 Computer Network Professionals,70,2026-02,26
2631 Computer Network Professionals,70,2026-03,48
2631 Computer Network Professionals,80,2026-09,1
2631 Computer Network Professionals,80,2026-08,103
2631 Computer Network Professionals,80,2026-07,65
2631 Computer Network Professionals,80,2026-06,75
2631 Computer Network Professionals,80,2024-09,6
2631 Computer Network Professionals,80,2026-05,57
2631 Computer Network Professionals,80,2024-10,8
2631 Computer Network Professionals,80,2024-12,9
2631 Computer Network Professionals,80,2024-11,11
2631 Computer Network Professionals,80,2025-01,17
2631 Computer Network Professionals,80,2025-03,21
2631 Computer Network Professionals,80,2025-02,14
2631 Computer Network Professionals,80,2025-04,26
2631 Computer Network Professionals,80,2025-05,23
2631 Computer Network Professionals,80,2025-06,22
2631 Computer Network Professionals,80,2025-07,41
2631 Computer Network Professionals,80,2025-08,47
2631 Computer Network Professionals,80,2025-09,43
2631 Computer Network Professionals,80,2025-10,37
2631 Computer Network Professionals,80,2025-12,35
2631 Computer Network Professionals,80,2026-04,77
2631 Computer Network Professionals,80,2025-11,62
2631 Computer Network Professionals,80,2026-01,38
2631 Computer Network Professionals,80,2026-02,36
2631 Computer Network Professionals,80,2026-03,54
2631 Computer Network Professionals,95,2026-08,37
2631 Computer Network Professionals,95,2026-07,34
2631 Computer Network Professionals,95,2026-06,37
2631 Computer Network Professionals,95,2026-05,30
2631 Computer Network Professionals,95,2024-10,1
2631 Computer Network Professionals,95,2024-12,3
2631 Computer Network Professionals,95,2024-11,2
2631 Computer Network Professionals,95,2025-01,6
2631 Computer Network Professionals,95,2025-03,4
2631 Computer Network Professionals,95,2025-02,2
2631 Computer Network Professionals,95,2025-04,13
2631 Computer Network Professionals,95,2025-05,11
2631 Computer Network Professionals,95,2025-06,5
2631 Computer Network Professionals,95,2025-07,12
2631 Computer Network Professionals,95,2025-08,18
2631 Computer Network Professionals,95,2025-09,17
2631 Computer Network Professionals,95,2025-10,11
2631 Computer Network Professionals,95,2025-12,30
2631 Computer Network Professionals,95,2026-04,20
2631 Computer Network Professionals,95,2025-11,27
2631 Computer Network Professionals,95,2026-01,23
2631 Computer Network Professionals,95,2026-02,21
2631 Computer Network Professionals,95,2026-03,27
2631 Computer Network Professionals,90,2026-09,1
2631 Computer Network Professionals,90,2026-08,85
2631 Computer Network Professionals,90,2026-07,71
2631 Computer Network Professionals,90,2026-06,60
2631 Computer Network Professionals,90,2024-09,3
2631 Computer Network Professionals,90,2026-05,36
2631 Computer Network Professionals,90,2024-10,8
2631 Computer Network Professionals,90,2024-12,7
2631 Computer Network Professionals,90,2024-11,9
2631 Computer Network Professionals,90,2025-01,10
2631 Computer Network Professionals,90,2025-03,17
2631 Computer Network Professionals,90,2025-02,13
2631 Computer Network Professionals,90,2025-04,22
2631 Computer Network Professionals,90,2025-05,26
2631 Computer Network Professionals,90,2025-06,25
2631 Computer Network Professionals,90,2025-07,29
2631 Computer Network Professionals,90,2025-08,25
2631 Computer Network Professionals,90,2025-09,34
2631 Computer Network Professionals,90,2025-10,48
2631 Computer Network Professionals,90,2025-12,46
2631 Computer Network Professionals,90,2026-04,60
2631 Computer Network Professionals,90,2025-11,56
2631 Computer Network Professionals,90,2026-01,33
2631 Computer Network Professionals,90,2026-02,45
2631 Computer Network Professionals,90,2026-03,40
2631 Computer Network Professionals,85,2026-08,70
2631 Computer Network Professionals,85,2026-07,60
2631 Computer Network Professionals,85,2026-06,70
2631 Computer Network Professionals,85,2024-09,5
2631 Computer Network Professionals,85,2026-05,71
2631 Computer Network Professionals,85,2024-10,5
2631 Computer Network Professionals,85,2024-12,16
2631 Computer Network Professionals,85,2024-11,13
2631 Computer Network Professionals,85,2025-01,10
2631 Computer Network Professionals,85,2025-03,14
2631 Computer Network Professionals,85,2025-02,11
2631 Computer Network Professionals,85,2025-04,17
2631 Computer Network Professionals,85,2025-05,23
2631 Computer Network Professionals,85,2025-06,22
2631 Computer Network Professionals,85,2025-07,32
2631 Computer Network Professionals,85,2025-08,33
2631 Computer Network Professionals,85,2025-09,56
2631 Computer Network Professionals,85,2025-10,49
2631 Computer Network Professionals,85,2025-12,33
2631 Computer Network Professionals,85,2026-04,43
2631 Computer Network Professionals,85,2025-11,66
2631 Computer Network Professionals,85,2026-01,45
2631 Computer Network Professionals,85,2026-02,43
2631 Computer Network Professionals,85,2026-03,49
2631 Computer Network Professionals,55,2026-08,7
2631 Computer Network Professionals,55,2026-07,14
2631 Computer Network Professionals,55,2026-06,6
2631 Computer Network Professionals,55,2024-09,4
2631 Computer Network Professionals,55,2026-05,3
2631 Computer Network Professionals,55,2024-10,1
2631 Computer Network Professionals,55,2024-11,3
2631 Computer Network Professionals,55,2025-01,1
2631 Computer Network Professionals,55,2025-03,1
2631 Computer Network Professionals,55,2025-02,5
2631 Computer Network Professionals,55,2025-04,2
2631 Computer Network Professionals,55,2025-05,1
2631 Computer Network Professionals,55,2025-06,3
2631 Computer Network Professionals,55,2025-07,16
2631 Computer Network Professionals,55,2025-08,1
2631 Computer Network Professionals,55,2025-09,4
2631 Computer Network Professionals,55,2025-10,12
2631 Computer Network Professionals,55,2025-12,13
2631 Computer Network Professionals,55,2026-04,5
2631 Computer Network Professionals,55,2025-11,7
2631 Computer Network Professionals,55,2026-01,7
2631 Computer Network Professionals,55,2026-02,9
2631 Computer Network Professionals,55,2026-03,15
2631 Computer Network Professionals,60,2026-08,17
2631 Computer Network Professionals,60,2026-07,24
2631 Computer Network Professionals,60,2026-06,19
2631 Computer Network Professionals,60,2024-09,3
2631 Computer Network Professionals,60,2026-05,16
2631 Computer Network Professionals,60,2024-10,1
2631 Computer Network Professionals,60,2024-12,6
2631 Computer Network Professionals,60,2024-11,3
2631 Computer Network Professionals,60,2025-01,6
2631 Computer Network Professionals,60,2025-03,7
2631 Computer Network Professionals,60,2025-02,2
2631 Computer Network Professionals,60,2025-04,15
2631 Computer Network Professionals,60,2025-05,6
2631 Computer Network Professionals,60,2025-06,6
2631 Computer Network Professionals,60,2025-07,10
2631 Computer Network Professionals,60,2025-08,8
2631 Computer Network Professionals,60,2025-09,5
2631 Computer Network Professionals,60,2025-10,6
2631 Computer Network Professionals,60,2025-12,9
2631 Computer Network Professionals,60,2026-04,23
2631 Computer Network Professionals,60,2025-11,12
2631 Computer Network Professionals,60,2026-01,13
2631 Computer Network Professionals,60,2026-02,10
2631 Computer Network Professionals,60,2026-03,9
2631 Computer Network Professionals,50,2026-08,6
2631 Computer Network Professionals,50,2026-07,4
2631 Computer Network Professionals,50,2026-06,1
2631 Computer Network Professionals,50,2026-05,3
2631 Computer Network Professionals,50,2024-12,1
2631 Computer Network Professionals,50,2024-11,1
2631 Computer Network Professionals,50,2025-05,1
2631 Computer Network Professionals,50,2025-06,1
2631 Computer Network Professionals,50,2025-09,1
2631 Computer Network Professionals,50,2025-10,1
2631 Computer Network Professionals,50,2025-12,2
2631 Computer Network Professionals,50,2026-04,3
2631 Computer Network Professionals,50,2026-01,5
2631 Computer Network Professionals,50,2026-02,3
2631 Computer Network Professionals,50,2026-03,3
2631 Computer Network Professionals,100,2026-08,21
2631 Computer Network Professionals,100,2026-07,16
2631 Computer Network Professionals,100,2026-06,16
2631 Computer Network Professionals,100,2026-05,17
2631 Computer Network Professionals,100,2025-03,4
2631 Computer Network Professionals,100,2025-02,4
2631 Computer Network Professionals,100,2025-04,1
2631 Computer Network Professionals,100,2025-05,5
2631 Computer Network Professionals,100,2025-06,3
2631 Computer Network Professionals,100,2025-07,3
2631 Computer Network Professionals,100,2025-08,8
2631 Computer Network Professionals,100,2025-09,13
2631 Computer Network Professionals,100,2025-10,11
2631 Computer Network Professionals,100,2025-12,10
2631 Computer Network Professionals,100,2026-04,29
2631 Computer Network Professionals,100,2025-11,13
2631 Computer Network Professionals,100,2026-01,9
2631 Computer Network Professionals,100,2026-02,16
2631 Computer Network Professionals,100,2026-03,10
2631 Computer Network Professionals,105,2026-08,3
2631 Computer Network Professionals,105,2025-03,1
2631 Computer Network Professionals,105,2026-04,1
2631 Computer Network Professionals,105,2026-03,2
2631 Computer Network Professionals,40,2026-06,1
2631 Computer Network Professionals,40,2024-09,1
2631 Computer Network Professionals,40,2025-06,1
2631 Computer Network Professionals,40,2025-07,1
2631 Computer Network Professionals,40,2025-11,1
2631 Computer Network Professionals,40,2026-01,1
2631 Computer Network Professionals,40,2026-02,1
2631 Computer Network Professionals,45,2026-07,8
2631 Computer Network Professionals,45,2026-05,1
2631 Computer Network Professionals,45,2025-04,1
2631 Computer Network Professionals,45,2025-05,1
2631 Computer Network Professionals,45,2025-10,1
2631 Computer Network Professionals,45,2026-04,2
2631 Computer Network Professionals,45,2025-11,1
2631 Computer Network Professionals,30,2025-10,1
2631 Computer Network Professionals,30,2025-11,1
2631 Computer Network Professionals,30,2026-03,1
2631 Computer Network Professionals,35,2026-07,2
"2342 Chemists, and Food and Wine Scientists",65,2026-09,2
"2342 Chemists, and Food and Wine Scientists",65,2026-08,66
"2342 Chemists, and Food and Wine Scientists",65,2026-07,30
"2342 Chemists, and Food and Wine Scientists",65,2026-06,35
"2342 Chemists, and Food and Wine Scientists",65,2024-09,8
"2342 Chemists, and Food and Wine Scientists",65,2026-05,41
"2342 Chemists, and Food and Wine Scientists",65,2024-10,7
"2342 Chemists, and Food and Wine Scientists",65,2024-12,4
"2342 Chemists, and Food and Wine Scientists",65,2024-11,3
"2342 Chemists, and Food and Wine Scientists",65,2025-01,5
"2342 Chemists, and Food and Wine Scientists",65,2025-03,7
"2342 Chemists, and Food and Wine Scientists",65,2025-02,6
"2342 Chemists, and Food and Wine Scientists",65,2025-04,14
"2342 Chemists, and Food and Wine Scientists",65,2025-05,13
"2342 Chemists, and Food and Wine Scientists",65,2025-06,5
"2342 Chemists, and Food and Wine Scientists",65,2025-07,5
"2342 Chemists, and Food and Wine Scientists",65,2025-08,18
"2342 Chemists, and Food and Wine Scientists",65,2025-09,17
"2342 Chemists, and Food and Wine Scientists",65,2025-10,17
"2342 Chemists, and Food and Wine Scientists",65,2025-12,23
"2342 Chemists, and Food and Wine Scientists",65,2026-04,34
"2342 Chemists, and Food and Wine Scientists",65,2025-11,32
"2342 Chemists, and Food and Wine Scientists",65,2026-01,23
"2342 Chemists, and Food and Wine Scientists",65,2026-02,21
"2342 Chemists, and Food and Wine Scientists",65,2026-03,21
"2342 Chemists, and Food and Wine Scientists",75,2026-09,1
"2342 Chemists, and Food and Wine Scientists",75,2026-08,44
"2342 Chemists, and Food and Wine Scientists",75,2026-07,40
"2342 Chemists, and Food and Wine Scientists",75,2026-06,37
"2342 Chemists, and Food and Wine Scientists",75,2024-09,1
"2342 Chemists, and Food and Wine Scientists",75,2026-05,38
"2342 Chemists, and Food and Wine Scientists",75,2024-10,3
"2342 Chemists, and Food and Wine Scientists",75,2024-12,5
"2342 Chemists, and Food and Wine Scientists",75,2024-11,4
"2342 Chemists, and Food and Wine Scientists",75,2025-01,3
"2342 Chemists, and Food and Wine Scientists",75,2025-03,3
"2342 Chemists, and Food and Wine Scientists",75,2025-02,3
"2342 Chemists, and Food and Wine Scientists",75,2025-04,10
"2342 Chemists, and Food and Wine Scientists",75,2025-05,10
"2342 Chemists, and Food and Wine Scientists",75,2025-06,6
"2342 Chemists, and Food and Wine Scientists",75,2025-07,5
"2342 Chemists, and Food and Wine Scientists",75,2025-08,14
"2342 Chemists, and Food and Wine Scientists",75,2025-09,10
"2342 Chemists, and Food and Wine Scientists",75,2025-10,15
"2342 Chemists, and Food and Wine Scientists",75,2025-12,25
"2342 Chemists, and Food and Wine Scientists",75,2026-04,28
"2342 Chemists, and Food and Wine Scientists",75,2025-11,27
"2342 Chemists, and Food and Wine Scientists",75,2026-01,20
"2342 Chemists, and Food and Wine Scientists",75,2026-02,32
"2342 Chemists, and Food and Wine Scientists",75,2026-03,31
"2342 Chemists, and Food and Wine Scientists",70,2026-08,31
"2342 Chemists, and Food and Wine Scientists",70,2026-07,33
"2342 Chemists, and Food and Wine Scientists",70,2026-06,23
"2342 Chemists, and Food and Wine Scientists",70,2024-09,4
"2342 Chemists, and Food and Wine Scientists",70,2026-05,31
"2342 Chemists, and Food and Wine Scientists",70,2024-12,5
"2342 Chemists, and Food and Wine Scientists",70,2024-11,4
"2342 Chemists, and Food and Wine Scientists",70,2025-01,2
"2342 Chemists, and Food and Wine Scientists",70,2025-03,1
"2342 Chemists, and Food and Wine Scientists",70,2025-02,8
"2342 Chemists, and Food and Wine Scientists",70,2025-04,13
"2342 Chemists, and Food and Wine Scientists",70,2025-05,13
"2342 Chemists, and Food and Wine Scientists",70,2025-06,7
"2342 Chemists, and Food and Wine Scientists",70,2025-07,9
"2342 Chemists, and Food and Wine Scientists",70,2025-08,7
"2342 Chemists, and Food and Wine Scientists",70,2025-09,32
"2342 Chemists, and Food and Wine Scientists",70,2025-10,29
"2342 Chemists, and Food and Wine Scientists",70,2025-12,15
"2342 Chemists, and Food and Wine Scientists",70,2026-04,16
"2342 Chemists, and Food and Wine Scientists",70,2025-11,19
"2342 Chemists, and Food and Wine Scientists",70,2026-01,25
"2342 Chemists, and Food and Wine Scientists",70,2026-02,23
"2342 Chemists, and Food and Wine Scientists",70,2026-03,22
"2342 Chemists, and Food and Wine Scientists",80,2026-09,1
"2342 Chemists, and Food and Wine Scientists",80,2026-08,33
"2342 Chemists, and Food and Wine Scientists",80,2026-07,53
"2342 Chemists, and Food and Wine Scientists",80,2026-06,31
"2342 Chemists, and Food and Wine Scientists",80,2024-09,2
"2342 Chemists, and Food and Wine Scientists",80,2026-05,31
"2342 Chemists, and Food and Wine Scientists",80,2024-10,4
"2342 Chemists, and Food and Wine Scientists",80,2024-12,3
"2342 Chemists, and Food and Wine Scientists",80,2024-11,4
"2342 Chemists, and Food and Wine Scientists",80,2025-01,3
"2342 Chemists, and Food and Wine Scientists",80,2025-03,3
"2342 Chemists, and Food and Wine Scientists",80,2025-02,2
"2342 Chemists, and Food and Wine Scientists",80,2025-04,5
"2342 Chemists, and Food and Wine Scientists",80,2025-05,2
"2342 Chemists, and Food and Wine Scientists",80,2025-06,6
"2342 Chemists, and Food and Wine Scientists",80,2025-07,8
"2342 Chemists, and Food and Wine Scientists",80,2025-08,9
"2342 Chemists, and Food and Wine Scientists",80,2025-09,12
"2342 Chemists, and Food and Wine Scientists",80,2025-10,13
"2342 Chemists, and Food and Wine Scientists",80,2025-12,19
"2342 Chemists, and Food and Wine Scientists",80,2026-04,17
"2342 Chemists, and Food and Wine Scientists",80,2025-11,20
"2342 Chemists, and Food and Wine Scientists",80,2026-01,9
"2342 Chemists, and Food and Wine Scientists",80,2026-02,23
"2342 Chemists, and Food and Wine Scientists",80,2026-03,17
"2342 Chemists, and Food and Wine Scientists",95,2026-08,5
"2342 Chemists, and Food and Wine Scientists",95,2026-07,6
"2342 Chemists, and Food and Wine Scientists",95,2026-06,3
"2342 Chemists, and Food and Wine Scientists",95,2026-01,1
"2342 Chemists, and Food and Wine Scientists",95,2026-02,1
"2342 Chemists, and Food and Wine Scientists",95,2026-03,1
"2342 Chemists, and Food and Wine Scientists",90,2026-09,1
"2342 Chemists, and Food and Wine Scientists",90,2026-08,15
"2342 Chemists, and Food and Wine Scientists",90,2026-07,14
"2342 Chemists, and Food and Wine Scientists",90,2026-06,9
"2342 Chemists, and Food and Wine Scientists",90,2026-05,3
"2342 Chemists, and Food and Wine Scientists",90,2025-12,2
"2342 Chemists, and Food and Wine Scientists",90,2026-04,6
"2342 Chemists, and Food and Wine Scientists",90,2025-11,1
"2342 Chemists, and Food and Wine Scientists",90,2026-01,1
"2342 Chemists, and Food and Wine Scientists",90,2026-02,4
"2342 Chemists, and Food and Wine Scientists",90,2026-03,5
"2342 Chemists, and Food and Wine Scientists",85,2026-08,42
"2342 Chemists, and Food and Wine Scientists",85,2026-07,39
"2342 Chemists, and Food and Wine Scientists",85,2026-06,30
"2342 Chemists, and Food and Wine Scientists",85,2026-05,23
"2342 Chemists, and Food and Wine Scientists",85,2025-08,1
"2342 Chemists, and Food and Wine Scientists",85,2025-09,1
"2342 Chemists, and Food and Wine Scientists",85,2025-10,3
"2342 Chemists, and Food and Wine Scientists",85,2025-12,7
"2342 Chemists, and Food and Wine Scientists",85,2026-04,9
"2342 Chemists, and Food and Wine Scientists",85,2025-11,8
"2342 Chemists, and Food and Wine Scientists",85,2026-01,11
"2342 Chemists, and Food and Wine Scientists",85,2026-02,11
"2342 Chemists, and Food and Wine Scientists",85,2026-03,11
"2342 Chemists, and Food and Wine Scientists",55,2026-08,10
"2342 Chemists, and Food and Wine Scientists",55,2026-07,5
"2342 Chemists, and Food and Wine Scientists",55,2026-06,8
"2342 Chemists, and Food and Wine Scientists",55,2024-09,1
"2342 Chemists, and Food and Wine Scientists",55,2026-05,10
"2342 Chemists, and Food and Wine Scientists",55,2024-11,2
"2342 Chemists, and Food and Wine Scientists",55,2025-02,1
"2342 Chemists, and Food and Wine Scientists",55,2025-04,1
"2342 Chemists, and Food and Wine Scientists",55,2025-05,2
"2342 Chemists, and Food and Wine Scientists",55,2025-06,2
"2342 Chemists, and Food and Wine Scientists",55,2025-07,2
"2342 Chemists, and Food and Wine Scientists",55,2025-08,3
"2342 Chemists, and Food and Wine Scientists",55,2025-09,6
"2342 Chemists, and Food and Wine Scientists",55,2025-10,3
"2342 Chemists, and Food and Wine Scientists",55,2025-12,4
"2342 Chemists, and Food and Wine Scientists",55,2026-04,2
"2342 Chemists, and Food and Wine Scientists",55,2025-11,2
"2342 Chemists, and Food and Wine Scientists",55,2026-01,3
"2342 Chemists, and Food and Wine Scientists",55,2026-02,5
"2342 Chemists, and Food and Wine Scientists",55,2026-03,4
"2342 Chemists, and Food and Wine Scientists",60,2026-08,17
"2342 Chemists, and Food and Wine Scientists",60,2026-07,10
"2342 Chemists, and Food and Wine Scientists",60,2026-06,24
"2342 Chemists, and Food and Wine Scientists",60,2026-05,10
"2342 Chemists, and Food and Wine Scientists",60,2024-10,1
"2342 Chemists, and Food and Wine Scientists",60,2025-01,1
"2342 Chemists, and Food and Wine Scientists",60,2025-03,1
"2342 Chemists, and Food and Wine Scientists",60,2025-05,2
"2342 Chemists, and Food and Wine Scientists",60,2025-06,3
"2342 Chemists, and Food and Wine Scientists",60,2025-08,3
"2342 Chemists, and Food and Wine Scientists",60,2025-09,6
"2342 Chemists, and Food and Wine Scientists",60,2025-10,6
"2342 Chemists, and Food and Wine Scientists",60,2025-12,4
"2342 Chemists, and Food and Wine Scientists",60,2026-04,6
"2342 Chemists, and Food and Wine Scientists",60,2025-11,8
"2342 Chemists, and Food and Wine Scientists",60,2026-01,4
"2342 Chemists, and Food and Wine Scientists",60,2026-02,6
"2342 Chemists, and Food and Wine Scientists",60,2026-03,4
"2342 Chemists, and Food and Wine Scientists",50,2026-08,1
"2342 Chemists, and Food and Wine Scientists",50,2026-07,3
"2342 Chemists, and Food and Wine Scientists",50,2026-06,1
"2342 Chemists, and Food and Wine Scientists",50,2026-05,3
"2342 Chemists, and Food and Wine Scientists",50,2025-02,1
"2342 Chemists, and Food and Wine Scientists",50,2025-06,2
"2342 Chemists, and Food and Wine Scientists",50,2025-07,3
"2342 Chemists, and Food and Wine Scientists",50,2025-09,6
"2342 Chemists, and Food and Wine Scientists",50,2025-10,2
"2342 Chemists, and Food and Wine Scientists",50,2026-01,2
"2342 Chemists, and Food and Wine Scientists",50,2026-02,1
"2342 Chemists, and Food and Wine Scientists",50,2026-03,2
"2342 Chemists, and Food and Wine Scientists",100,2026-08,1
"2342 Chemists, and Food and Wine Scientists",100,2026-03,1
"2342 Chemists, and Food and Wine Scientists",40,2026-06,1
"2342 Chemists, and Food and Wine Scientists",40,2026-05,1
"2342 Chemists, and Food and Wine Scientists",40,2026-01,1
"2342 Chemists, and Food and Wine Scientists",40,2026-02,1
"2342 Chemists, and Food and Wine Scientists",45,2026-07,1
"2342 Chemists, and Food and Wine Scientists",45,2026-05,2
"2342 Chemists, and Food and Wine Scientists",45,2025-06,1
"2342 Chemists, and Food and Wine Scientists",45,2025-08,1
"2342 Chemists, and Food and Wine Scientists",45,2025-12,1
"2342 Chemists, and Food and Wine Scientists",45,2026-04,1
"2342 Chemists, and Food and Wine Scientists",25,2026-06,1
2713 Solicitors,65,2026-08,25
2713 Solicitors,65,2026-07,13
2713 Solicitors,65,2026-06,25
2713 Solicitors,65,2024-09,3
2713 Solicitors,65,2026-05,15
2713 Solicitors,65,2024-10,1
2713 Solicitors,65,2024-12,3
2713 Solicitors,65,2024-11,2
2713 Solicitors,65,2025-01,1
2713 Solicitors,65,2025-03,2
2713 Solicitors,65,2025-02,2
2713 Solicitors,65,2025-04,3
2713 Solicitors,65,2025-05,3
2713 Solicitors,65,2025-06,2
2713 Solicitors,65,2025-07,3
2713 Solicitors,65,2025-08,5
2713 Solicitors,65,2025-09,5
2713 Solicitors,65,2025-10,4
2713 Solicitors,65,2025-12,8
2713 Solicitors,65,2026-04,15
2713 Solicitors,65,2025-11,6
2713 Solicitors,65,2026-01,6
2713 Solicitors,65,2026-02,12
2713 Solicitors,65,2026-03,9
2713 Solicitors,75,2026-09,1
2713 Solicitors,75,2026-08,49
2713 Solicitors,75,2026-07,25
2713 Solicitors,75,2026-06,18
2713 Solicitors,75,2024-09,1
2713 Solicitors,75,2026-05,20
2713 Solicitors,75,2024-10,1
2713 Solicitors,75,2024-11,3
2713 Solicitors,75,2025-01,5
2713 Solicitors,75,2025-03,4
2713 Solicitors,75,2025-02,3
2713 Solicitors,75,2025-04,4
2713 Solicitors,75,2025-05,5
2713 Solicitors,75,2025-06,8
2713 Solicitors,75,2025-07,8
2713 Solicitors,75,2025-08,7
2713 Solicitors,75,2025-09,7
2713 Solicitors,75,2025-10,10
2713 Solicitors,75,2025-12,7
2713 Solicitors,75,2026-04,21
2713 Solicitors,75,2025-11,15
2713 Solicitors,75,2026-01,12
2713 Solicitors,75,2026-02,14
2713 Solicitors,75,2026-03,13
2713 Solicitors,70,2026-08,24
2713 Solicitors,70,2026-07,11
2713 Solicitors,70,2026-06,16
2713 Solicitors,70,2026-05,20
2713 Solicitors,70,2024-12,4
2713 Solicitors,70,2025-01,4
2713 Solicitors,70,2025-03,1
2713 Solicitors,70,2025-02,6
2713 Solicitors,70,2025-04,5
2713 Solicitors,70,2025-05,5
2713 Solicitors,70,2025-06,9
2713 Solicitors,70,2025-07,2
2713 Solicitors,70,2025-08,6
2713 Solicitors,70,2025-09,5
2713 Solicitors,70,2025-10,6
2713 Solicitors,70,2025-12,3
2713 Solicitors,70,2026-04,15
2713 Solicitors,70,2025-11,12
2713 Solicitors,70,2026-01,6
2713 Solicitors,70,2026-02,9
2713 Solicitors,70,2026-03,9
2713 Solicitors,80,2026-08,34
2713 Solicitors,80,2026-07,26
2713 Solicitors,80,2026-06,23
2713 Solicitors,80,2024-09,2
2713 Solicitors,80,2026-05,12
2713 Solicitors,80,2024-10,2
2713 Solicitors,80,2024-12,1
2713 Solicitors,80,2024-11,1
2713 Solicitors,80,2025-01,2
2713 Solicitors,80,2025-03,5
2713 Solicitors,80,2025-02,1
2713 Solicitors,80,2025-04,2
2713 Solicitors,80,2025-05,2
2713 Solicitors,80,2025-06,3
2713 Solicitors,80,2025-07,2
2713 Solicitors,80,2025-08,5
2713 Solicitors,80,2025-09,1
2713 Solicitors,80,2025-10,3
2713 Solicitors,80,2025-12,3
2713 Solicitors,80,2026-04,13
2713 Solicitors,80,2025-11,3
2713 Solicitors,80,2026-01,5
2713 Solicitors,80,2026-02,6
2713 Solicitors,80,2026-03,9
2713 Solicitors,95,2026-08,1
2713 Solicitors,95,2025-12,2
2713 Solicitors,90,2026-08,7
2713 Solicitors,90,2026-06,5
2713 Solicitors,90,2026-05,3
2713 Solicitors,90,2025-12,3
2713 Solicitors,90,2026-04,8
2713 Solicitors,90,2025-11,1
2713 Solicitors,90,2026-01,1
2713 Solicitors,90,2026-02,2
2713 Solicitors,90,2026-03,3
2713 Solicitors,85,2026-08,44
2713 Solicitors,85,2026-07,11
2713 Solicitors,85,2026-06,10
2713 Solicitors,85,2026-05,9
2713 Solicitors,85,2025-08,1
2713 Solicitors,85,2025-09,2
2713 Solicitors,85,2025-10,5
2713 Solicitors,85,2025-12,3
2713 Solicitors,85,2026-04,3
2713 Solicitors,85,2025-11,1
2713 Solicitors,85,2026-01,2
2713 Solicitors,85,2026-02,3
2713 Solicitors,85,2026-03,4
2713 Solicitors,55,2026-08,2
2713 Solicitors,55,2026-07,3
2713 Solicitors,55,2026-06,3
2713 Solicitors,55,2025-07,1
2713 Solicitors,55,2025-10,1
2713 Solicitors,55,2025-12,1
2713 Solicitors,55,2026-04,1
2713 Solicitors,55,2025-11,1
2713 Solicitors,55,2026-01,1
2713 Solicitors,55,2026-02,1
2713 Solicitors,55,2026-03,2
2713 Solicitors,60,2026-08,6
2713 Solicitors,60,2026-07,3
2713 Solicitors,60,2026-06,4
2713 Solicitors,60,2026-05,4
2713 Solicitors,60,2024-10,1
2713 Solicitors,60,2024-12,1
2713 Solicitors,60,2025-01,1
2713 Solicitors,60,2025-03,1
2713 Solicitors,60,2025-02,1
2713 Solicitors,60,2025-05,1
2713 Solicitors,60,2025-09,4
2713 Solicitors,60,2025-10,2
2713 Solicitors,60,2025-12,3
2713 Solicitors,60,2026-04,5
2713 Solicitors,60,2025-11,3
2713 Solicitors,60,2026-01,1
2713 Solicitors,60,2026-02,2
2713 Solicitors,60,2026-03,2
2713 Solicitors,50,2026-07,2
2713 Solicitors,50,2024-12,1
2713 Solicitors,50,2025-07,2
2713 Solicitors,100,2026-08,1
2713 Solicitors,45,2026-07,1
2713 Solicitors,45,2025-06,1
2713 Solicitors,45,2025-07,1
2713 Solicitors,45,2025-12,1
2331 Chemical and Materials Engineers,65,2026-09,3
2331 Chemical and Materials Engineers,65,2026-08,62
2331 Chemical and Materials Engineers,65,2026-07,36
2331 Chemical and Materials Engineers,65,2026-06,22
2331 Chemical and Materials Engineers,65,2024-09,9
2331 Chemical and Materials Engineers,65,2026-05,27
2331 Chemical and Materials Engineers,65,2024-10,4
2331 Chemical and Materials Engineers,65,2024-12,7
2331 Chemical and Materials Engineers,65,2024-11,6
2331 Chemical and Materials Engineers,65,2025-01,12
2331 Chemical and Materials Engineers,65,2025-03,9
2331 Chemical and Materials Engineers,65,2025-02,8
2331 Chemical and Materials Engineers,65,2025-04,15
2331 Chemical and Materials Engineers,65,2025-05,10
2331 Chemical and Materials Engineers,65,2025-06,11
2331 Chemical and Materials Engineers,65,2025-07,15
2331 Chemical and Materials Engineers,65,2025-08,27
2331 Chemical and Materials Engineers,65,2025-09,24
2331 Chemical and Materials Engineers,65,2025-10,17
2331 Chemical and Materials Engineers,65,2025-12,27
2331 Chemical and Materials Engineers,65,2026-04,25
2331 Chemical and Materials Engineers,65,2025-11,21
2331 Chemical and Materials Engineers,65,2026-01,22
2331 Chemical and Materials Engineers,65,2026-02,25
2331 Chemical and Materials Engineers,65,2026-03,28
2331 Chemical and Materials Engineers,75,2026-09,6
2331 Chemical and Materials Engineers,75,2026-08,43
2331 Chemical and Materials Engineers,75,2026-07,45
2331 Chemical and Materials Engineers,75,2026-06,39
2331 Chemical and Materials Engineers,75,2026-05,49
2331 Chemical and Materials Engineers,75,2024-10,8
2331 Chemical and Materials Engineers,75,2024-12,2
2331 Chemical and Materials Engineers,75,2024-11,5
2331 Chemical and Materials Engineers,75,2025-01,10
2331 Chemical and Materials Engineers,75,2025-03,17
2331 Chemical and Materials Engineers,75,2025-02,6
2331 Chemical and Materials Engineers,75,2025-04,11
2331 Chemical and Materials Engineers,75,2025-05,11
2331 Chemical and Materials Engineers,75,2025-06,11
2331 Chemical and Materials Engineers,75,2025-07,17
2331 Chemical and Materials Engineers,75,2025-08,16
2331 Chemical and Materials Engineers,75,2025-09,29
2331 Chemical and Materials Engineers,75,2025-10,28
2331 Chemical and Materials Engineers,75,2025-12,17
2331 Chemical and Materials Engineers,75,2026-04,47
2331 Chemical and Materials Engineers,75,2025-11,27
2331 Chemical and Materials Engineers,75,2026-01,31
2331 Chemical and Materials Engineers,75,2026-02,37
2331 Chemical and Materials Engineers,75,2026-03,42
2331 Chemical and Materials Engineers,70,2026-09,2
2331 Chemical and Materials Engineers,70,2026-08,53
2331 Chemical and Materials Engineers,70,2026-07,47
2331 Chemical and Materials Engineers,70,2026-06,31
2331 Chemical and Materials Engineers,70,2024-09,8
2331 Chemical and Materials Engineers,70,2026-05,38
2331 Chemical and Materials Engineers,70,2024-10,6
2331 Chemical and Materials Engineers,70,2024-12,7
2331 Chemical and Materials Engineers,70,2024-11,6
2331 Chemical and Materials Engineers,70,2025-01,15
2331 Chemical and Materials Engineers,70,2025-03,10
2331 Chemical and Materials Engineers,70,2025-02,10
2331 Chemical and Materials Engineers,70,2025-04,12
2331 Chemical and Materials Engineers,70,2025-05,8
2331 Chemical and Materials Engineers,70,2025-06,18
2331 Chemical and Materials Engineers,70,2025-07,21
2331 Chemical and Materials Engineers,70,2025-08,21
2331 Chemical and Materials Engineers,70,2025-09,20
2331 Chemical and Materials Engineers,70,2025-10,35
2331 Chemical and Materials Engineers,70,2025-12,11
2331 Chemical and Materials Engineers,70,2026-04,30
2331 Chemical and Materials Engineers,70,2025-11,34
2331 Chemical and Materials Engineers,70,2026-01,32
2331 Chemical and Materials Engineers,70,2026-02,26
2331 Chemical and Materials Engineers,70,2026-03,32
2331 Chemical and Materials Engineers,80,2026-09,1
2331 Chemical and Materials Engineers,80,2026-08,49
2331 Chemical and Materials Engineers,80,2026-07,34
2331 Chemical and Materials Engineers,80,2026-06,54
2331 Chemical and Materials Engineers,80,2024-09,4
2331 Chemical and Materials Engineers,80,2026-05,25
2331 Chemical and Materials Engineers,80,2024-10,4
2331 Chemical and Materials Engineers,80,2024-12,8
2331 Chemical and Materials Engineers,80,2024-11,6
2331 Chemical and Materials Engineers,80,2025-01,9
2331 Chemical and Materials Engineers,80,2025-03,16
2331 Chemical and Materials Engineers,80,2025-02,12
2331 Chemical and Materials Engineers,80,2025-04,15
2331 Chemical and Materials Engineers,80,2025-05,13
2331 Chemical and Materials Engineers,80,2025-06,16
2331 Chemical and Materials Engineers,80,2025-07,20
2331 Chemical and Materials Engineers,80,2025-08,19
2331 Chemical and Materials Engineers,80,2025-09,25
2331 Chemical and Materials Engineers,80,2025-10,20
2331 Chemical and Materials Engineers,80,2025-12,21
2331 Chemical and Materials Engineers,80,2026-04,38
2331 Chemical and Materials Engineers,80,2025-11,29
2331 Chemical and Materials Engineers,80,2026-01,57
2331 Chemical and Materials Engineers,80,2026-02,26
2331 Chemical and Materials Engineers,80,2026-03,34
2331 Chemical and Materials Engineers,95,2026-09,1
2331 Chemical and Materials Engineers,95,2026-08,8
2331 Chemical and Materials Engineers,95,2026-07,7
2331 Chemical and Materials Engineers,95,2026-06,5
2331 Chemical and Materials Engineers,95,2026-05,10
2331 Chemical and Materials Engineers,95,2025-08,1
2331 Chemical and Materials Engineers,95,2025-10,1
2331 Chemical and Materials Engineers,95,2025-12,1
2331 Chemical and Materials Engineers,95,2026-04,3
2331 Chemical and Materials Engineers,95,2025-11,2
2331 Chemical and Materials Engineers,95,2026-01,6
2331 Chemical and Materials Engineers,95,2026-02,2
2331 Chemical and Materials Engineers,95,2026-03,4
2331 Chemical and Materials Engineers,90,2026-09,1
2331 Chemical and Materials Engineers,90,2026-08,26
2331 Chemical and Materials Engineers,90,2026-07,15
2331 Chemical and Materials Engineers,90,2026-06,16
2331 Chemical and Materials Engineers,90,2026-05,33
2331 Chemical and Materials Engineers,90,2025-05,1
2331 Chemical and Materials Engineers,90,2025-06,2
2331 Chemical and Materials Engineers,90,2025-07,18
2331 Chemical and Materials Engineers,90,2025-08,5
2331 Chemical and Materials Engineers,90,2025-09,1
2331 Chemical and Materials Engineers,90,2025-10,3
2331 Chemical and Materials Engineers,90,2025-12,4
2331 Chemical and Materials Engineers,90,2026-04,7
2331 Chemical and Materials Engineers,90,2025-11,6
2331 Chemical and Materials Engineers,90,2026-01,16
2331 Chemical and Materials Engineers,90,2026-02,11
2331 Chemical and Materials Engineers,90,2026-03,14
2331 Chemical and Materials Engineers,85,2026-09,3
2331 Chemical and Materials Engineers,85,2026-08,33
2331 Chemical and Materials Engineers,85,2026-07,29
2331 Chemical and Materials Engineers,85,2026-06,23
2331 Chemical and Materials Engineers,85,2026-05,26
2331 Chemical and Materials Engineers,85,2024-10,1
2331 Chemical and Materials Engineers,85,2024-12,2
2331 Chemical and Materials Engineers,85,2024-11,2
2331 Chemical and Materials Engineers,85,2025-01,1
2331 Chemical and Materials Engineers,85,2025-03,3
2331 Chemical and Materials Engineers,85,2025-02,2
2331 Chemical and Materials Engineers,85,2025-04,2
2331 Chemical and Materials Engineers,85,2025-05,5
2331 Chemical and Materials Engineers,85,2025-06,6
2331 Chemical and Materials Engineers,85,2025-07,3
2331 Chemical and Materials Engineers,85,2025-08,4
2331 Chemical and Materials Engineers,85,2025-09,10
2331 Chemical and Materials Engineers,85,2025-10,15
2331 Chemical and Materials Engineers,85,2025-12,20
2331 Chemical and Materials Engineers,85,2026-04,28
2331 Chemical and Materials Engineers,85,2025-11,14
2331 Chemical and Materials Engineers,85,2026-01,20
2331 Chemical and Materials Engineers,85,2026-02,24
2331 Chemical and Materials Engineers,85,2026-03,32
2331 Chemical and Materials Engineers,55,2026-08,7
2331 Chemical and Materials Engineers,55,2026-07,10
2331 Chemical and Materials Engineers,55,2026-06,5
2331 Chemical and Materials Engineers,55,2024-09,1
2331 Chemical and Materials Engineers,55,2026-05,9
2331 Chemical and Materials Engineers,55,2024-10,1
2331 Chemical and Materials Engineers,55,2024-12,2
2331 Chemical and Materials Engineers,55,2025-01,2
2331 Chemical and Materials Engineers,55,2025-03,4
2331 Chemical and Materials Engineers,55,2025-02,1
2331 Chemical and Materials Engineers,55,2025-04,4
2331 Chemical and Materials Engineers,55,2025-05,3
2331 Chemical and Materials Engineers,55,2025-07,2
2331 Chemical and Materials Engineers,55,2025-08,8
2331 Chemical and Materials Engineers,55,2025-09,2
2331 Chemical and Materials Engineers,55,2025-10,4
2331 Chemical and Materials Engineers,55,2025-12,3
2331 Chemical and Materials Engineers,55,2026-04,4
2331 Chemical and Materials Engineers,55,2025-11,6
2331 Chemical and Materials Engineers,55,2026-01,1
2331 Chemical and Materials Engineers,55,2026-02,4
2331 Chemical and Materials Engineers,55,2026-03,10
2331 Chemical and Materials Engineers,60,2026-08,19
2331 Chemical and Materials Engineers,60,2026-07,8
2331 Chemical and Materials Engineers,60,2026-06,9
2331 Chemical and Materials Engineers,60,2026-05,10
2331 Chemical and Materials Engineers,60,2024-10,2
2331 Chemical and Materials Engineers,60,2024-11,2
2331 Chemical and Materials Engineers,60,2025-01,1
2331 Chemical and Materials Engineers,60,2025-03,4
2331 Chemical and Materials Engineers,60,2025-04,4
2331 Chemical and Materials Engineers,60,2025-05,3
2331 Chemical and Materials Engineers,60,2025-07,7
2331 Chemical and Materials Engineers,60,2025-08,2
2331 Chemical and Materials Engineers,60,2025-09,2
2331 Chemical and Materials Engineers,60,2025-10,6
2331 Chemical and Materials Engineers,60,2025-12,9
2331 Chemical and Materials Engineers,60,2026-04,18
2331 Chemical and Materials Engineers,60,2025-11,10
2331 Chemical and Materials Engineers,60,2026-01,7
2331 Chemical and Materials Engineers,60,2026-02,6
2331 Chemical and Materials Engineers,60,2026-03,9
2331 Chemical and Materials Engineers,50,2026-08,6
2331 Chemical and Materials Engineers,50,2026-07,3
2331 Chemical and Materials Engineers,50,2026-06,3
2331 Chemical and Materials Engineers,50,2026-05,2
2331 Chemical and Materials Engineers,50,2025-04,1
2331 Chemical and Materials Engineers,50,2025-06,1
2331 Chemical and Materials Engineers,50,2025-07,2
2331 Chemical and Materials Engineers,50,2025-08,1
2331 Chemical and Materials Engineers,50,2025-09,1
2331 Chemical and Materials Engineers,50,2025-12,2
2331 Chemical and Materials Engineers,50,2026-04,1
2331 Chemical and Materials Engineers,50,2025-11,1
2331 Chemical and Materials Engineers,50,2026-01,3
2331 Chemical and Materials Engineers,50,2026-02,4
2331 Chemical and Materials Engineers,100,2026-08,4
2331 Chemical and Materials Engineers,100,2026-06,2
2331 Chemical and Materials Engineers,100,2025-12,1
2331 Chemical and Materials Engineers,100,2026-04,1
2331 Chemical and Materials Engineers,100,2026-01,1
2331 Chemical and Materials Engineers,100,2026-03,1
2331 Chemical and Materials Engineers,105,2026-05,1
2331 Chemical and Materials Engineers,40,2026-07,1
2331 Chemical and Materials Engineers,40,2025-08,1
2331 Chemical and Materials Engineers,45,2026-08,1
2331 Chemical and Materials Engineers,45,2026-07,2
2331 Chemical and Materials Engineers,45,2026-06,2
2331 Chemical and Materials Engineers,45,2026-05,3
2331 Chemical and Materials Engineers,45,2026-04,1
2331 Chemical and Materials Engineers,45,2025-11,1
2331 Chemical and Materials Engineers,45,2026-02,2
2331 Chemical and Materials Engineers,30,2026-05,1
2331 Chemical and Materials Engineers,30,2025-11,1
3123 Electrical Engineering Draftspersons and Technicians,65,2026-09,1
3123 Electrical Engineering Draftspersons and Technicians,65,2026-08,13
3123 Electrical Engineering Draftspersons and Technicians,65,2026-07,7
3123 Electrical Engineering Draftspersons and Technicians,65,2026-06,10
3123 Electrical Engineering Draftspersons and Technicians,65,2024-09,1
3123 Electrical Engineering Draftspersons and Technicians,65,2026-05,14
3123 Electrical Engineering Draftspersons and Technicians,65,2024-10,3
3123 Electrical Engineering Draftspersons and Technicians,65,2024-12,2
3123 Electrical Engineering Draftspersons and Technicians,65,2025-01,1
3123 Electrical Engineering Draftspersons and Technicians,65,2025-03,3
3123 Electrical Engineering Draftspersons and Technicians,65,2025-02,4
3123 Electrical Engineering Draftspersons and Technicians,65,2025-04,7
3123 Electrical Engineering Draftspersons and Technicians,65,2025-05,7
3123 Electrical Engineering Draftspersons and Technicians,65,2025-06,3
3123 Electrical Engineering Draftspersons and Technicians,65,2025-07,4
3123 Electrical Engineering Draftspersons and Technicians,65,2025-08,5
3123 Electrical Engineering Draftspersons and Technicians,65,2025-09,11
3123 Electrical Engineering Draftspersons and Technicians,65,2025-10,7
3123 Electrical Engineering Draftspersons and Technicians,65,2025-12,8
3123 Electrical Engineering Draftspersons and Technicians,65,2026-04,6
3123 Electrical Engineering Draftspersons and Technicians,65,2025-11,6
3123 Electrical Engineering Draftspersons and Technicians,65,2026-01,12
3123 Electrical Engineering Draftspersons and Technicians,65,2026-02,15
3123 Electrical Engineering Draftspersons and Technicians,65,2026-03,9
3123 Electrical Engineering Draftspersons and Technicians,75,2026-09,2
3123 Electrical Engineering Draftspersons and Technicians,75,2026-08,12
3123 Electrical Engineering Draftspersons and Technicians,75,2026-07,10
3123 Electrical Engineering Draftspersons and Technicians,75,2026-06,7
3123 Electrical Engineering Draftspersons and Technicians,75,2024-09,1
3123 Electrical Engineering Draftspersons and Technicians,75,2026-05,11
3123 Electrical Engineering Draftspersons and Technicians,75,2024-10,1
3123 Electrical Engineering Draftspersons and Technicians,75,2024-12,3
3123 Electrical Engineering Draftspersons and Technicians,75,2024-11,2
3123 Electrical Engineering Draftspersons and Technicians,75,2025-01,1
3123 Electrical Engineering Draftspersons and Technicians,75,2025-03,2
3123 Electrical Engineering Draftspersons and Technicians,75,2025-02,1
3123 Electrical Engineering Draftspersons and Technicians,75,2025-04,2
3123 Electrical Engineering Draftspersons and Technicians,75,2025-05,3
3123 Electrical Engineering Draftspersons and Technicians,75,2025-06,4
3123 Electrical Engineering Draftspersons and Technicians,75,2025-07,2
3123 Electrical Engineering Draftspersons and Technicians,75,2025-08,1
3123 Electrical Engineering Draftspersons and Technicians,75,2025-09,4
3123 Electrical Engineering Draftspersons and Technicians,75,2025-10,2
3123 Electrical Engineering Draftspersons and Technicians,75,2025-12,7
3123 Electrical Engineering Draftspersons and Technicians,75,2026-04,7
3123 Electrical Engineering Draftspersons and Technicians,75,2025-11,5
3123 Electrical Engineering Draftspersons and Technicians,75,2026-01,4
3123 Electrical Engineering Draftspersons and Technicians,75,2026-02,4
3123 Electrical Engineering Draftspersons and Technicians,75,2026-03,8
3123 Electrical Engineering Draftspersons and Technicians,70,2026-09,1
3123 Electrical Engineering Draftspersons and Technicians,70,2026-08,13
3123 Electrical Engineering Draftspersons and Technicians,70,2026-07,13
3123 Electrical Engineering Draftspersons and Technicians,70,2026-06,21
3123 Electrical Engineering Draftspersons and Technicians,70,2024-09,2
3123 Electrical Engineering Draftspersons and Technicians,70,2026-05,10
3123 Electrical Engineering Draftspersons and Technicians,70,2024-10,1
3123 Electrical Engineering Draftspersons and Technicians,70,2024-12,2
3123 Electrical Engineering Draftspersons and Technicians,70,2024-11,4
3123 Electrical Engineering Draftspersons and Technicians,70,2025-01,2
3123 Electrical Engineering Draftspersons and Technicians,70,2025-02,7
3123 Electrical Engineering Draftspersons and Technicians,70,2025-04,3
3123 Electrical Engineering Draftspersons and Technicians,70,2025-05,7
3123 Electrical Engineering Draftspersons and Technicians,70,2025-06,4
3123 Electrical Engineering Draftspersons and Technicians,70,2025-07,8
3123 Electrical Engineering Draftspersons and Technicians,70,2025-08,6
3123 Electrical Engineering Draftspersons and Technicians,70,2025-09,3
3123 Electrical Engineering Draftspersons and Technicians,70,2025-10,15
3123 Electrical Engineering Draftspersons and Technicians,70,2025-12,11
3123 Electrical Engineering Draftspersons and Technicians,70,2026-04,9
3123 Electrical Engineering Draftspersons and Technicians,70,2025-11,2
3123 Electrical Engineering Draftspersons and Technicians,70,2026-01,4
3123 Electrical Engineering Draftspersons and Technicians,70,2026-02,20
3123 Electrical Engineering Draftspersons and Technicians,70,2026-03,4
3123 Electrical Engineering Draftspersons and Technicians,80,2026-08,6
3123 Electrical Engineering Draftspersons and Technicians,80,2026-07,4
3123 Electrical Engineering Draftspersons and Technicians,80,2026-06,3
3123 Electrical Engineering Draftspersons and Technicians,80,2024-09,2
3123 Electrical Engineering Draftspersons and Technicians,80,2026-05,7
3123 Electrical Engineering Draftspersons and Technicians,80,2024-12,1
3123 Electrical Engineering Draftspersons and Technicians,80,2025-01,1
3123 Electrical Engineering Draftspersons and Technicians,80,2025-03,2
3123 Electrical Engineering Draftspersons and Technicians,80,2025-04,3
3123 Electrical Engineering Draftspersons and Technicians,80,2025-05,3
3123 Electrical Engineering Draftspersons and Technicians,80,2025-06,1
3123 Electrical Engineering Draftspersons and Technicians,80,2025-08,1
3123 Electrical Engineering Draftspersons and Technicians,80,2025-09,2
3123 Electrical Engineering Draftspersons and Technicians,80,2025-10,1
3123 Electrical Engineering Draftspersons and Technicians,80,2025-12,2
3123 Electrical Engineering Draftspersons and Technicians,80,2026-04,3
3123 Electrical Engineering Draftspersons and Technicians,80,2025-11,1
3123 Electrical Engineering Draftspersons and Technicians,80,2026-03,3
3123 Electrical Engineering Draftspersons and Technicians,90,2026-08,1
3123 Electrical Engineering Draftspersons and Technicians,90,2026-06,1
3123 Electrical Engineering Draftspersons and Technicians,90,2025-12,11
3123 Electrical Engineering Draftspersons and Technicians,90,2026-01,5
3123 Electrical Engineering Draftspersons and Technicians,90,2026-02,7
3123 Electrical Engineering Draftspersons and Technicians,85,2026-08,8
3123 Electrical Engineering Draftspersons and Technicians,85,2026-07,1
3123 Electrical Engineering Draftspersons and Technicians,85,2026-06,1
3123 Electrical Engineering Draftspersons and Technicians,85,2026-05,2
3123 Electrical Engineering Draftspersons and Technicians,85,2025-09,3
3123 Electrical Engineering Draftspersons and Technicians,85,2025-10,3
3123 Electrical Engineering Draftspersons and Technicians,85,2025-12,16
3123 Electrical Engineering Draftspersons and Technicians,85,2025-11,2
3123 Electrical Engineering Draftspersons and Technicians,85,2026-01,2
3123 Electrical Engineering Draftspersons and Technicians,85,2026-03,9
3123 Electrical Engineering Draftspersons and Technicians,55,2026-08,10
3123 Electrical Engineering Draftspersons and Technicians,55,2026-07,2
3123 Electrical Engineering Draftspersons and Technicians,55,2026-06,3
3123 Electrical Engineering Draftspersons and Technicians,55,2026-05,4
3123 Electrical Engineering Draftspersons and Technicians,55,2024-12,1
3123 Electrical Engineering Draftspersons and Technicians,55,2025-01,1
3123 Electrical Engineering Draftspersons and Technicians,55,2025-04,3
3123 Electrical Engineering Draftspersons and Technicians,55,2025-05,3
3123 Electrical Engineering Draftspersons and Technicians,55,2025-06,2
3123 Electrical Engineering Draftspersons and Technicians,55,2025-07,1
3123 Electrical Engineering Draftspersons and Technicians,55,2025-09,2
3123 Electrical Engineering Draftspersons and Technicians,55,2025-10,1
3123 Electrical Engineering Draftspersons and Technicians,55,2026-01,1
3123 Electrical Engineering Draftspersons and Technicians,55,2026-02,4
3123 Electrical Engineering Draftspersons and Technicians,55,2026-03,1
3123 Electrical Engineering Draftspersons and Technicians,60,2026-08,2
3123 Electrical Engineering Draftspersons and Technicians,60,2026-07,2
3123 Electrical Engineering Draftspersons and Technicians,60,2026-06,3
3123 Electrical Engineering Draftspersons and Technicians,60,2024-09,2
3123 Electrical Engineering Draftspersons and Technicians,60,2026-05,10
3123 Electrical Engineering Draftspersons and Technicians,60,2024-10,1
3123 Electrical Engineering Draftspersons and Technicians,60,2025-01,1
3123 Electrical Engineering Draftspersons and Technicians,60,2025-03,2
3123 Electrical Engineering Draftspersons and Technicians,60,2025-02,2
3123 Electrical Engineering Draftspersons and Technicians,60,2025-05,4
3123 Electrical Engineering Draftspersons and Technicians,60,2025-06,1
3123 Electrical Engineering Draftspersons and Technicians,60,2025-08,2
3123 Electrical Engineering Draftspersons and Technicians,60,2025-09,5
3123 Electrical Engineering Draftspersons and Technicians,60,2025-10,3
3123 Electrical Engineering Draftspersons and Technicians,60,2025-12,3
3123 Electrical Engineering Draftspersons and Technicians,60,2026-04,3
3123 Electrical Engineering Draftspersons and Technicians,60,2025-11,3
3123 Electrical Engineering Draftspersons and Technicians,60,2026-01,1
3123 Electrical Engineering Draftspersons and Technicians,60,2026-02,7
3123 Electrical Engineering Draftspersons and Technicians,60,2026-03,4
3123 Electrical Engineering Draftspersons and Technicians,50,2026-08,2
3123 Electrical Engineering Draftspersons and Technicians,50,2026-07,1
3123 Electrical Engineering Draftspersons and Technicians,50,2026-05,5
3123 Electrical Engineering Draftspersons and Technicians,50,2025-09,1
3123 Electrical Engineering Draftspersons and Technicians,50,2025-10,5
3123 Electrical Engineering Draftspersons and Technicians,50,2025-11,1
3123 Electrical Engineering Draftspersons and Technicians,50,2026-01,1
3123 Electrical Engineering Draftspersons and Technicians,50,2026-03,1
3123 Electrical Engineering Draftspersons and Technicians,40,2025-11,1
3123 Electrical Engineering Draftspersons and Technicians,45,2026-08,1
2333 Electrical Engineers,65,2026-09,1
2333 Electrical Engineers,65,2026-08,112
2333 Electrical Engineers,65,2026-07,82
2333 Electrical Engineers,65,2026-06,112
2333 Electrical Engineers,65,2024-08,1
2333 Electrical Engineers,65,2024-09,16
2333 Electrical Engineers,65,2026-05,77
2333 Electrical Engineers,65,2024-10,22
2333 Electrical Engineers,65,2024-12,33
2333 Electrical Engineers,65,2024-11,19
2333 Electrical Engineers,65,2025-01,28
2333 Electrical Engineers,65,2025-03,34
2333 Electrical Engineers,65,2025-02,28
2333 Electrical Engineers,65,2025-04,31
2333 Electrical Engineers,65,2025-05,37
2333 Electrical Engineers,65,2025-06,48
2333 Electrical Engineers,65,2025-07,49
2333 Electrical Engineers,65,2025-08,55
2333 Electrical Engineers,65,2025-09,48
2333 Electrical Engineers,65,2025-10,56
2333 Electrical Engineers,65,2025-12,59
2333 Electrical Engineers,65,2026-04,85
2333 Electrical Engineers,65,2025-11,67
2333 Electrical Engineers,65,2026-01,63
2333 Electrical Engineers,65,2026-02,55
2333 Electrical Engineers,65,2026-03,84
2333 Electrical Engineers,75,2026-09,6
2333 Electrical Engineers,75,2026-08,92
2333 Electrical Engineers,75,2026-07,94
2333 Electrical Engineers,75,2026-06,83
2333 Electrical Engineers,75,2024-08,1
2333 Electrical Engineers,75,2024-09,11
2333 Electrical Engineers,75,2026-05,81
2333 Electrical Engineers,75,2024-10,7
2333 Electrical Engineers,75,2024-12,6
2333 Electrical Engineers,75,2024-11,14
2333 Electrical Engineers,75,2025-01,12
2333 Electrical Engineers,75,2025-03,26
2333 Electrical Engineers,75,2025-02,22
2333 Electrical Engineers,75,2025-04,35
2333 Electrical Engineers,75,2025-05,28
2333 Electrical Engineers,75,2025-06,20
2333 Electrical Engineers,75,2025-07,37
2333 Electrical Engineers,75,2025-08,46
2333 Electrical Engineers,75,2025-09,64
2333 Electrical Engineers,75,2025-10,66
2333 Electrical Engineers,75,2025-12,63
2333 Electrical Engineers,75,2026-04,79
2333 Electrical Engineers,75,2025-11,92
2333 Electrical Engineers,75,2026-01,94
2333 Electrical Engineers,75,2026-02,82
2333 Electrical Engineers,75,2026-03,87
2333 Electrical Engineers,70,2026-09,5
2333 Electrical Engineers,70,2026-08,120
2333 Electrical Engineers,70,2026-07,84
2333 Electrical Engineers,70,2026-06,119
2333 Electrical Engineers,70,2024-09,8
2333 Electrical Engineers,70,2026-05,97
2333 Electrical Engineers,70,2024-10,17
2333 Electrical Engineers,70,2024-12,12
2333 Electrical Engineers,70,2024-11,11
2333 Electrical Engineers,70,2025-01,17
2333 Electrical Engineers,70,2025-03,23
2333 Electrical Engineers,70,2025-02,19
2333 Electrical Engineers,70,2025-04,28
2333 Electrical Engineers,70,2025-05,27
2333 Electrical Engineers,70,2025-06,24
2333 Electrical Engineers,70,2025-07,37
2333 Electrical Engineers,70,2025-08,51
2333 Electrical Engineers,70,2025-09,52
2333 Electrical Engineers,70,2025-10,74
2333 Electrical Engineers,70,2025-12,63
2333 Electrical Engineers,70,2026-04,75
2333 Electrical Engineers,70,2025-11,69
2333 Electrical Engineers,70,2026-01,68
2333 Electrical Engineers,70,2026-02,72
2333 Electrical Engineers,70,2026-03,61
2333 Electrical Engineers,80,2026-09,3
2333 Electrical Engineers,80,2026-08,105
2333 Electrical Engineers,80,2026-07,86
2333 Electrical Engineers,80,2026-06,97
2333 Electrical Engineers,80,2024-09,8
2333 Electrical Engineers,80,2026-05,81
2333 Electrical Engineers,80,2024-10,5
2333 Electrical Engineers,80,2024-12,8
2333 Electrical Engineers,80,2024-11,4
2333 Electrical Engineers,80,2025-01,11
2333 Electrical Engineers,80,2025-03,15
2333 Electrical Engineers,80,2025-02,20
2333 Electrical Engineers,80,2025-04,21
2333 Electrical Engineers,80,2025-05,18
2333 Electrical Engineers,80,2025-06,30
2333 Electrical Engineers,80,2025-07,39
2333 Electrical Engineers,80,2025-08,43
2333 Electrical Engineers,80,2025-09,43
2333 Electrical Engineers,80,2025-10,47
2333 Electrical Engineers,80,2025-12,51
2333 Electrical Engineers,80,2026-04,87
2333 Electrical Engineers,80,2025-11,46
2333 Electrical Engineers,80,2026-01,48
2333 Electrical Engineers,80,2026-02,60
2333 Electrical Engineers,80,2026-03,63
2333 Electrical Engineers,95,2026-08,19
2333 Electrical Engineers,95,2026-07,16
2333 Electrical Engineers,95,2026-06,14
2333 Electrical Engineers,95,2026-05,12
2333 Electrical Engineers,95,2024-12,1
2333 Electrical Engineers,95,2024-11,1
2333 Electrical Engineers,95,2025-01,1
2333 Electrical Engineers,95,2025-02,1
2333 Electrical Engineers,95,2025-04,1
2333 Electrical Engineers,95,2025-05,4
2333 Electrical Engineers,95,2025-06,3
2333 Electrical Engineers,95,2025-07,1
2333 Electrical Engineers,95,2025-08,3
2333 Electrical Engineers,95,2025-09,7
2333 Electrical Engineers,95,2025-10,17
2333 Electrical Engineers,95,2025-12,4
2333 Electrical Engineers,95,2026-04,9
2333 Electrical Engineers,95,2025-11,10
2333 Electrical Engineers,95,2026-01,12
2333 Electrical Engineers,95,2026-02,11
2333 Electrical Engineers,95,2026-03,9
2333 Electrical Engineers,90,2026-09,1
2333 Electrical Engineers,90,2026-08,50
2333 Electrical Engineers,90,2026-07,50
2333 Electrical Engineers,90,2026-06,31
2333 Electrical Engineers,90,2026-05,35
2333 Electrical Engineers,90,2024-10,3
2333 Electrical Engineers,90,2024-12,2
2333 Electrical Engineers,90,2024-11,2
2333 Electrical Engineers,90,2025-01,5
2333 Electrical Engineers,90,2025-03,5
2333 Electrical Engineers,90,2025-02,3
2333 Electrical Engineers,90,2025-04,4
2333 Electrical Engineers,90,2025-05,8
2333 Electrical Engineers,90,2025-06,12
2333 Electrical Engineers,90,2025-07,11
2333 Electrical Engineers,90,2025-08,20
2333 Electrical Engineers,90,2025-09,22
2333 Electrical Engineers,90,2025-10,32
2333 Electrical Engineers,90,2025-12,37
2333 Electrical Engineers,90,2026-04,24
2333 Electrical Engineers,90,2025-11,27
2333 Electrical Engineers,90,2026-01,33
2333 Electrical Engineers,90,2026-02,31
2333 Electrical Engineers,90,2026-03,38
2333 Electrical Engineers,85,2026-09,5
2333 Electrical Engineers,85,2026-08,71
2333 Electrical Engineers,85,2026-07,75
2333 Electrical Engineers,85,2026-06,66
2333 Electrical Engineers,85,2024-09,4
2333 Electrical Engineers,85,2026-05,63
2333 Electrical Engineers,85,2024-10,2
2333 Electrical Engineers,85,2024-12,3
2333 Electrical Engineers,85,2024-11,4
2333 Electrical Engineers,85,2025-01,14
2333 Electrical Engineers,85,2025-03,6
2333 Electrical Engineers,85,2025-02,15
2333 Electrical Engineers,85,2025-04,14
2333 Electrical Engineers,85,2025-05,13
2333 Electrical Engineers,85,2025-06,15
2333 Electrical Engineers,85,2025-07,32
2333 Electrical Engineers,85,2025-08,27
2333 Electrical Engineers,85,2025-09,41
2333 Electrical Engineers,85,2025-10,46
2333 Electrical Engineers,85,2025-12,39
2333 Electrical Engineers,85,2026-04,26
2333 Electrical Engineers,85,2025-11,43
2333 Electrical Engineers,85,2026-01,50
2333 Electrical Engineers,85,2026-02,43
2333 Electrical Engineers,85,2026-03,49
2333 Electrical Engineers,55,2026-09,1
2333 Electrical Engineers,55,2026-08,38
2333 Electrical Engineers,55,2026-07,30
2333 Electrical Engineers,55,2026-06,24
2333 Electrical Engineers,55,2024-09,7
2333 Electrical Engineers,55,2026-05,18
2333 Electrical Engineers,55,2024-10,3
2333 Electrical Engineers,55,2024-12,4
2333 Electrical Engineers,55,2024-11,4
2333 Electrical Engineers,55,2025-01,2
2333 Electrical Engineers,55,2025-03,6
2333 Electrical Engineers,55,2025-02,11
2333 Electrical Engineers,55,2025-04,9
2333 Electrical Engineers,55,2025-05,9
2333 Electrical Engineers,55,2025-06,4
2333 Electrical Engineers,55,2025-07,18
2333 Electrical Engineers,55,2025-08,16
2333 Electrical Engineers,55,2025-09,7
2333 Electrical Engineers,55,2025-10,16
2333 Electrical Engineers,55,2025-12,11
2333 Electrical Engineers,55,2026-04,30
2333 Electrical Engineers,55,2025-11,19
2333 Electrical Engineers,55,2026-01,19
2333 Electrical Engineers,55,2026-02,14
2333 Electrical Engineers,55,2026-03,21
2333 Electrical Engineers,60,2026-09,2
2333 Electrical Engineers,60,2026-08,47
2333 Electrical Engineers,60,2026-07,35
2333 Electrical Engineers,60,2026-06,34
2333 Electrical Engineers,60,2024-09,13
2333 Electrical Engineers,60,2026-05,35
2333 Electrical Engineers,60,2024-10,5
2333 Electrical Engineers,60,2024-12,6
2333 Electrical Engineers,60,2024-11,6
2333 Electrical Engineers,60,2025-01,5
2333 Electrical Engineers,60,2025-03,30
2333 Electrical Engineers,60,2025-02,7
2333 Electrical Engineers,60,2025-04,11
2333 Electrical Engineers,60,2025-05,8
2333 Electrical Engineers,60,2025-06,18
2333 Electrical Engineers,60,2025-07,17
2333 Electrical Engineers,60,2025-08,21
2333 Electrical Engineers,60,2025-09,18
2333 Electrical Engineers,60,2025-10,28
2333 Electrical Engineers,60,2025-12,20
2333 Electrical Engineers,60,2026-04,31
2333 Electrical Engineers,60,2025-11,27
2333 Electrical Engineers,60,2026-01,26
2333 Electrical Engineers,60,2026-02,28
2333 Electrical Engineers,60,2026-03,41
2333 Electrical Engineers,50,2026-08,7
2333 Electrical Engineers,50,2026-07,8
2333 Electrical Engineers,50,2026-06,13
2333 Electrical Engineers,50,2026-05,14
2333 Electrical Engineers,50,2024-10,3
2333 Electrical Engineers,50,2024-11,3
2333 Electrical Engineers,50,2025-03,1
2333 Electrical Engineers,50,2025-02,2
2333 Electrical Engineers,50,2025-04,3
2333 Electrical Engineers,50,2025-05,4
2333 Electrical Engineers,50,2025-06,2
2333 Electrical Engineers,50,2025-09,7
2333 Electrical Engineers,50,2025-10,7
2333 Electrical Engineers,50,2025-12,1
2333 Electrical Engineers,50,2026-04,5
2333 Electrical Engineers,50,2025-11,5
2333 Electrical Engineers,50,2026-01,10
2333 Electrical Engineers,50,2026-02,9
2333 Electrical Engineers,50,2026-03,9
2333 Electrical Engineers,100,2026-08,5
2333 Electrical Engineers,100,2026-07,4
2333 Electrical Engineers,100,2026-06,5
2333 Electrical Engineers,100,2026-05,1
2333 Electrical Engineers,100,2025-04,2
2333 Electrical Engineers,100,2025-05,2
2333 Electrical Engineers,100,2025-08,2
2333 Electrical Engineers,100,2025-09,1
2333 Electrical Engineers,100,2025-10,1
2333 Electrical Engineers,100,2025-12,6
2333 Electrical Engineers,100,2026-04,5
2333 Electrical Engineers,100,2025-11,1
2333 Electrical Engineers,100,2026-01,2
2333 Electrical Engineers,100,2026-02,1
2333 Electrical Engineers,105,2026-08,1
2333 Electrical Engineers,105,2026-05,1
2333 Electrical Engineers,105,2025-12,1
2333 Electrical Engineers,40,2026-07,2
2333 Electrical Engineers,40,2024-09,1
2333 Electrical Engineers,40,2025-04,1
2333 Electrical Engineers,40,2025-05,1
2333 Electrical Engineers,40,2025-08,1
2333 Electrical Engineers,40,2025-09,1
2333 Electrical Engineers,40,2025-12,1
2333 Electrical Engineers,40,2026-04,1
2333 Electrical Engineers,40,2026-02,1
2333 Electrical Engineers,40,2026-03,1
2333 Electrical Engineers,45,2026-08,2
2333 Electrical Engineers,45,2026-07,2
2333 Electrical Engineers,45,2026-05,3
2333 Electrical Engineers,45,2024-12,1
2333 Electrical Engineers,45,2025-03,1
2333 Electrical Engineers,45,2025-02,2
2333 Electrical Engineers,45,2025-04,1
2333 Electrical Engineers,45,2025-05,2
2333 Electrical Engineers,45,2025-07,1
2333 Electrical Engineers,45,2025-10,1
2333 Electrical Engineers,45,2025-12,5
2333 Electrical Engineers,45,2026-04,1
2333 Electrical Engineers,45,2025-11,4
2333 Electrical Engineers,45,2026-01,1
2333 Electrical Engineers,45,2026-02,2
2333 Electrical Engineers,120,2026-06,1
2333 Electrical Engineers,120,2025-06,1
2333 Electrical Engineers,35,2026-07,1
2333 Electrical Engineers,35,2026-01,1
2321 Architects and Landscape Architects,65,2026-09,1
2321 Architects and Landscape Architects,65,2026-08,32
2321 Architects and Landscape Architects,65,2026-07,17
2321 Architects and Landscape Architects,65,2026-06,28
2321 Architects and Landscape Architects,65,2024-09,5
2321 Architects and Landscape Architects,65,2026-05,24
2321 Architects and Landscape Architects,65,2024-10,4
2321 Architects and Landscape Architects,65,2024-12,7
2321 Architects and Landscape Architects,65,2024-11,6
2321 Architects and Landscape Architects,65,2025-01,7
2321 Architects and Landscape Architects,65,2025-03,8
2321 Architects and Landscape Architects,65,2025-02,7
2321 Architects and Landscape Architects,65,2025-04,9
2321 Architects and Landscape Architects,65,2025-05,11
2321 Architects and Landscape Architects,65,2025-06,9
2321 Architects and Landscape Architects,65,2025-07,7
2321 Architects and Landscape Architects,65,2025-08,20
2321 Architects and Landscape Architects,65,2025-09,15
2321 Architects and Landscape Architects,65,2025-10,17
2321 Architects and Landscape Architects,65,2025-12,16
2321 Architects and Landscape Architects,65,2026-04,23
2321 Architects and Landscape Architects,65,2025-11,20
2321 Architects and Landscape Architects,65,2026-01,16
2321 Architects and Landscape Architects,65,2026-02,16
2321 Architects and Landscape Architects,65,2026-03,16
2321 Architects and Landscape Architects,75,2026-09,4
2321 Architects and Landscape Architects,75,2026-08,66
2321 Architects and Landscape Architects,75,2026-07,38
2321 Architects and Landscape Architects,75,2026-06,36
2321 Architects and Landscape Architects,75,2024-09,1
2321 Architects and Landscape Architects,75,2026-05,38
2321 Architects and Landscape Architects,75,2024-10,1
2321 Architects and Landscape Architects,75,2024-12,5
2321 Architects and Landscape Architects,75,2024-11,9
2321 Architects and Landscape Architects,75,2025-01,10
2321 Architects and Landscape Architects,75,2025-03,10
2321 Architects and Landscape Architects,75,2025-02,11
2321 Architects and Landscape Architects,75,2025-04,4
2321 Architects and Landscape Architects,75,2025-05,12
2321 Architects and Landscape Architects,75,2025-06,13
2321 Architects and Landscape Architects,75,2025-07,10
2321 Architects and Landscape Architects,75,2025-08,22
2321 Architects and Landscape Architects,75,2025-09,25
2321 Architects and Landscape Architects,75,2025-10,30
2321 Architects and Landscape Architects,75,2025-12,19
2321 Architects and Landscape Architects,75,2026-04,32
2321 Architects and Landscape Architects,75,2025-11,24
2321 Architects and Landscape Architects,75,2026-01,29
2321 Architects and Landscape Architects,75,2026-02,30
2321 Architects and Landscape Architects,75,2026-03,33
2321 Architects and Landscape Architects,70,2026-09,1
2321 Architects and Landscape Architects,70,2026-08,40
2321 Architects and Landscape Architects,70,2026-07,32
2321 Architects and Landscape Architects,70,2026-06,40
2321 Architects and Landscape Architects,70,2024-09,6
2321 Architects and Landscape Architects,70,2026-05,30
2321 Architects and Landscape Architects,70,2024-10,3
2321 Architects and Landscape Architects,70,2024-12,8
2321 Architects and Landscape Architects,70,2024-11,8
2321 Architects and Landscape Architects,70,2025-01,14
2321 Architects and Landscape Architects,70,2025-03,10
2321 Architects and Landscape Architects,70,2025-02,10
2321 Architects and Landscape Architects,70,2025-04,6
2321 Architects and Landscape Architects,70,2025-05,21
2321 Architects and Landscape Architects,70,2025-06,11
2321 Architects and Landscape Architects,70,2025-07,9
2321 Architects and Landscape Architects,70,2025-08,18
2321 Architects and Landscape Architects,70,2025-09,22
2321 Architects and Landscape Architects,70,2025-10,19
2321 Architects and Landscape Architects,70,2025-12,19
2321 Architects and Landscape Architects,70,2026-04,30
2321 Architects and Landscape Architects,70,2025-11,17
2321 Architects and Landscape Architects,70,2026-01,30
2321 Architects and Landscape Architects,70,2026-02,38
2321 Architects and Landscape Architects,70,2026-03,29
2321 Architects and Landscape Architects,80,2026-09,2
2321 Architects and Landscape Architects,80,2026-08,41
2321 Architects and Landscape Architects,80,2026-07,33
2321 Architects and Landscape Architects,80,2026-06,35
2321 Architects and Landscape Architects,80,2026-05,30
2321 Architects and Landscape Architects,80,2024-10,1
2321 Architects and Landscape Architects,80,2024-12,2
2321 Architects and Landscape Architects,80,2024-11,4
2321 Architects and Landscape Architects,80,2025-01,5
2321 Architects and Landscape Architects,80,2025-03,6
2321 Architects and Landscape Architects,80,2025-02,6
2321 Architects and Landscape Architects,80,2025-04,11
2321 Architects and Landscape Architects,80,2025-05,5
2321 Architects and Landscape Architects,80,2025-06,6
2321 Architects and Landscape Architects,80,2025-07,10
2321 Architects and Landscape Architects,80,2025-08,12
2321 Architects and Landscape Architects,80,2025-09,17
2321 Architects and Landscape Architects,80,2025-10,22
2321 Architects and Landscape Architects,80,2025-12,24
2321 Architects and Landscape Architects,80,2026-04,31
2321 Architects and Landscape Architects,80,2025-11,27
2321 Architects and Landscape Architects,80,2026-01,16
2321 Architects and Landscape Architects,80,2026-02,21
2321 Architects and Landscape Architects,80,2026-03,24
2321 Architects and Landscape Architects,95,2026-08,1
2321 Architects and Landscape Architects,95,2026-06,2
2321 Architects and Landscape Architects,95,2026-02,1
2321 Architects and Landscape Architects,90,2026-08,10
2321 Architects and Landscape Architects,90,2026-07,11
2321 Architects and Landscape Architects,90,2026-06,6
2321 Architects and Landscape Architects,90,2026-05,3
2321 Architects and Landscape Architects,90,2025-12,3
2321 Architects and Landscape Architects,90,2026-04,1
2321 Architects and Landscape Architects,90,2026-01,1
2321 Architects and Landscape Architects,90,2026-02,2
2321 Architects and Landscape Architects,85,2026-08,43
2321 Architects and Landscape Architects,85,2026-07,21
2321 Architects and Landscape Architects,85,2026-06,27
2321 Architects and Landscape Architects,85,2026-05,22
2321 Architects and Landscape Architects,85,2025-09,4
2321 Architects and Landscape Architects,85,2025-10,3
2321 Architects and Landscape Architects,85,2025-12,18
2321 Architects and Landscape Architects,85,2026-04,27
2321 Architects and Landscape Architects,85,2025-11,6
2321 Architects and Landscape Architects,85,2026-01,19
2321 Architects and Landscape Architects,85,2026-02,12
2321 Architects and Landscape Architects,85,2026-03,19
2321 Architects and Landscape Architects,55,2026-08,8
2321 Architects and Landscape Architects,55,2026-06,1
2321 Architects and Landscape Architects,55,2026-05,2
2321 Architects and Landscape Architects,55,2025-03,1
2321 Architects and Landscape Architects,55,2025-02,1
2321 Architects and Landscape Architects,55,2025-07,1
2321 Architects and Landscape Architects,55,2025-08,2
2321 Architects and Landscape Architects,55,2025-10,2
2321 Architects and Landscape Architects,55,2025-12,1
2321 Architects and Landscape Architects,55,2026-04,3
2321 Architects and Landscape Architects,55,2026-01,1
2321 Architects and Landscape Architects,55,2026-02,7
2321 Architects and Landscape Architects,55,2026-03,8
2321 Architects and Landscape Architects,60,2026-08,15
2321 Architects and Landscape Architects,60,2026-07,9
2321 Architects and Landscape Architects,60,2026-06,8
2321 Architects and Landscape Architects,60,2024-09,3
2321 Architects and Landscape Architects,60,2026-05,13
2321 Architects and Landscape Architects,60,2024-10,2
2321 Architects and Landscape Architects,60,2024-12,4
2321 Architects and Landscape Architects,60,2025-03,6
2321 Architects and Landscape Architects,60,2025-02,1
2321 Architects and Landscape Architects,60,2025-04,1
2321 Architects and Landscape Architects,60,2025-05,2
2321 Architects and Landscape Architects,60,2025-06,3
2321 Architects and Landscape Architects,60,2025-07,2
2321 Architects and Landscape Architects,60,2025-08,5
2321 Architects and Landscape Architects,60,2025-09,2
2321 Architects and Landscape Architects,60,2025-10,5
2321 Architects and Landscape Architects,60,2025-12,11
2321 Architects and Landscape Architects,60,2026-04,7
2321 Architects and Landscape Architects,60,2025-11,4
2321 Architects and Landscape Architects,60,2026-01,2
2321 Architects and Landscape Architects,60,2026-02,7
2321 Architects and Landscape Architects,60,2026-03,16
2321 Architects and Landscape Architects,50,2026-08,1
2321 Architects and Landscape Architects,50,2024-12,1
2321 Architects and Landscape Architects,50,2025-04,1
2321 Architects and Landscape Architects,50,2026-04,2
2321 Architects and Landscape Architects,50,2026-03,1
2321 Architects and Landscape Architects,45,2026-06,1
2321 Architects and Landscape Architects,45,2025-08,1
2321 Architects and Landscape Architects,45,2025-09,1
2321 Architects and Landscape Architects,45,2025-12,1
2321 Architects and Landscape Architects,45,2026-03,1
2531 General Practitioners and Resident Medical officers,65,2026-08,16
2531 General Practitioners and Resident Medical officers,65,2026-07,18
2531 General Practitioners and Resident Medical officers,65,2026-06,17
2531 General Practitioners and Resident Medical officers,65,2026-05,15
2531 General Practitioners and Resident Medical officers,65,2024-10,2
2531 General Practitioners and Resident Medical officers,65,2024-11,1
2531 General Practitioners and Resident Medical officers,65,2025-03,2
2531 General Practitioners and Resident Medical officers,65,2025-04,2
2531 General Practitioners and Resident Medical officers,65,2025-05,1
2531 General Practitioners and Resident Medical officers,65,2025-06,3
2531 General Practitioners and Resident Medical officers,65,2025-07,3
2531 General Practitioners and Resident Medical officers,65,2025-09,4
2531 General Practitioners and Resident Medical officers,65,2025-10,5
2531 General Practitioners and Resident Medical officers,65,2025-12,3
2531 General Practitioners and Resident Medical officers,65,2026-04,10
2531 General Practitioners and Resident Medical officers,65,2025-11,4
2531 General Practitioners and Resident Medical officers,65,2026-01,9
2531 General Practitioners and Resident Medical officers,65,2026-02,4
2531 General Practitioners and Resident Medical officers,65,2026-03,12
2531 General Practitioners and Resident Medical officers,75,2026-08,40
2531 General Practitioners and Resident Medical officers,75,2026-07,31
2531 General Practitioners and Resident Medical officers,75,2026-06,28
2531 General Practitioners and Resident Medical officers,75,2026-05,29
2531 General Practitioners and Resident Medical officers,75,2025-04,4
2531 General Practitioners and Resident Medical officers,75,2025-05,8
2531 General Practitioners and Resident Medical officers,75,2025-06,4
2531 General Practitioners and Resident Medical officers,75,2025-07,2
2531 General Practitioners and Resident Medical officers,75,2025-08,8
2531 General Practitioners and Resident Medical officers,75,2025-09,8
2531 General Practitioners and Resident Medical officers,75,2025-10,10
2531 General Practitioners and Resident Medical officers,75,2025-12,11
2531 General Practitioners and Resident Medical officers,75,2026-04,29
2531 General Practitioners and Resident Medical officers,75,2025-11,11
2531 General Practitioners and Resident Medical officers,75,2026-01,28
2531 General Practitioners and Resident Medical officers,75,2026-02,32
2531 General Practitioners and Resident Medical officers,75,2026-03,28
2531 General Practitioners and Resident Medical officers,70,2026-09,2
2531 General Practitioners and Resident Medical officers,70,2026-08,29
2531 General Practitioners and Resident Medical officers,70,2026-07,23
2531 General Practitioners and Resident Medical officers,70,2026-06,25
2531 General Practitioners and Resident Medical officers,70,2026-05,31
2531 General Practitioners and Resident Medical officers,70,2024-10,2
2531 General Practitioners and Resident Medical officers,70,2024-12,2
2531 General Practitioners and Resident Medical officers,70,2024-11,3
2531 General Practitioners and Resident Medical officers,70,2025-01,4
2531 General Practitioners and Resident Medical officers,70,2025-03,5
2531 General Practitioners and Resident Medical officers,70,2025-02,5
2531 General Practitioners and Resident Medical officers,70,2025-04,5
2531 General Practitioners and Resident Medical officers,70,2025-05,4
2531 General Practitioners and Resident Medical officers,70,2025-06,5
2531 General Practitioners and Resident Medical officers,70,2025-07,6
2531 General Practitioners and Resident Medical officers,70,2025-08,8
2531 General Practitioners and Resident Medical officers,70,2025-09,12
2531 General Practitioners and Resident Medical officers,70,2025-10,10
2531 General Practitioners and Resident Medical officers,70,2025-12,10
2531 General Practitioners and Resident Medical officers,70,2026-04,15
2531 General Practitioners and Resident Medical officers,70,2025-11,12
2531 General Practitioners and Resident Medical officers,70,2026-01,14
2531 General Practitioners and Resident Medical officers,70,2026-02,20
2531 General Practitioners and Resident Medical officers,70,2026-03,20
2531 General Practitioners and Resident Medical officers,80,2026-09,1
2531 General Practitioners and Resident Medical officers,80,2026-08,51
2531 General Practitioners and Resident Medical officers,80,2026-07,23
2531 General Practitioners and Resident Medical officers,80,2026-06,24
2531 General Practitioners and Resident Medical officers,80,2026-05,7
2531 General Practitioners and Resident Medical officers,80,2025-12,6
2531 General Practitioners and Resident Medical officers,80,2026-04,12
2531 General Practitioners and Resident Medical officers,80,2025-11,2
2531 General Practitioners and Resident Medical officers,80,2026-01,3
2531 General Practitioners and Resident Medical officers,80,2026-02,13
2531 General Practitioners and Resident Medical officers,80,2026-03,11
2531 General Practitioners and Resident Medical officers,95,2026-04,1
2531 General Practitioners and Resident Medical officers,95,2026-03,1
2531 General Practitioners and Resident Medical officers,90,2026-08,3
2531 General Practitioners and Resident Medical officers,90,2026-07,2
2531 General Practitioners and Resident Medical officers,90,2026-06,3
2531 General Practitioners and Resident Medical officers,90,2026-05,3
2531 General Practitioners and Resident Medical officers,90,2025-12,2
2531 General Practitioners and Resident Medical officers,90,2025-11,1
2531 General Practitioners and Resident Medical officers,90,2026-01,3
2531 General Practitioners and Resident Medical officers,90,2026-02,2
2531 General Practitioners and Resident Medical officers,90,2026-03,4
2531 General Practitioners and Resident Medical officers,85,2026-08,22
2531 General Practitioners and Resident Medical officers,85,2026-07,9
2531 General Practitioners and Resident Medical officers,85,2026-06,8
2531 General Practitioners and Resident Medical officers,85,2026-05,4
2531 General Practitioners and Resident Medical officers,85,2025-12,2
2531 General Practitioners and Resident Medical officers,85,2026-04,5
2531 General Practitioners and Resident Medical officers,85,2025-11,1
2531 General Practitioners and Resident Medical officers,85,2026-01,4
2531 General Practitioners and Resident Medical officers,85,2026-02,8
2531 General Practitioners and Resident Medical officers,85,2026-03,4
2531 General Practitioners and Resident Medical officers,55,2026-08,5
2531 General Practitioners and Resident Medical officers,55,2026-06,3
2531 General Practitioners and Resident Medical officers,55,2026-05,3
2531 General Practitioners and Resident Medical officers,55,2025-08,1
2531 General Practitioners and Resident Medical officers,55,2026-04,2
2531 General Practitioners and Resident Medical officers,55,2026-01,3
2531 General Practitioners and Resident Medical officers,55,2026-02,1
2531 General Practitioners and Resident Medical officers,60,2026-08,9
2531 General Practitioners and Resident Medical officers,60,2026-07,6
2531 General Practitioners and Resident Medical officers,60,2026-06,12
2531 General Practitioners and Resident Medical officers,60,2026-05,4
2531 General Practitioners and Resident Medical officers,60,2024-10,2
2531 General Practitioners and Resident Medical officers,60,2025-01,2
2531 General Practitioners and Resident Medical officers,60,2025-02,3
2531 General Practitioners and Resident Medical officers,60,2025-04,1
2531 General Practitioners and Resident Medical officers,60,2025-05,1
2531 General Practitioners and Resident Medical officers,60,2025-06,2
2531 General Practitioners and Resident Medical officers,60,2025-09,1
2531 General Practitioners and Resident Medical officers,60,2025-10,2
2531 General Practitioners and Resident Medical officers,60,2025-12,1
2531 General Practitioners and Resident Medical officers,60,2026-04,4
2531 General Practitioners and Resident Medical officers,60,2025-11,3
2531 General Practitioners and Resident Medical officers,60,2026-01,6
2531 General Practitioners and Resident Medical officers,60,2026-02,5
2531 General Practitioners and Resident Medical officers,60,2026-03,4
2531 General Practitioners and Resident Medical officers,50,2026-09,1
2531 General Practitioners and Resident Medical officers,50,2024-12,1
2531 General Practitioners and Resident Medical officers,50,2025-10,1
2531 General Practitioners and Resident Medical officers,50,2026-04,2
2531 General Practitioners and Resident Medical officers,50,2025-11,1
2531 General Practitioners and Resident Medical officers,50,2026-03,1
2531 General Practitioners and Resident Medical officers,40,2026-01,1
2531 General Practitioners and Resident Medical officers,45,2026-05,1
2531 General Practitioners and Resident Medical officers,125,2026-06,1
2247 Management and Organisation Analysts,65,2026-08,30
2247 Management and Organisation Analysts,65,2026-07,18
2247 Management and Organisation Analysts,65,2026-06,6
2247 Management and Organisation Analysts,65,2024-09,1
2247 Management and Organisation Analysts,65,2026-05,6
2247 Management and Organisation Analysts,65,2024-10,2
2247 Management and Organisation Analysts,65,2024-12,1
2247 Management and Organisation Analysts,65,2024-11,3
2247 Management and Organisation Analysts,65,2025-03,2
2247 Management and Organisation Analysts,65,2025-02,1
2247 Management and Organisation Analysts,65,2025-04,4
2247 Management and Organisation Analysts,65,2025-05,6
2247 Management and Organisation Analysts,65,2025-06,3
2247 Management and Organisation Analysts,65,2025-07,2
2247 Management and Organisation Analysts,65,2025-08,3
2247 Management and Organisation Analysts,65,2025-09,4
2247 Management and Organisation Analysts,65,2025-10,6
2247 Management and Organisation Analysts,65,2025-12,3
2247 Management and Organisation Analysts,65,2026-04,5
2247 Management and Organisation Analysts,65,2025-11,12
2247 Management and Organisation Analysts,65,2026-01,2
2247 Management and Organisation Analysts,65,2026-02,1
2247 Management and Organisation Analysts,65,2026-03,8
2247 Management and Organisation Analysts,75,2026-09,1
2247 Management and Organisation Analysts,75,2026-08,27
2247 Management and Organisation Analysts,75,2026-07,25
2247 Management and Organisation Analysts,75,2026-06,11
2247 Management and Organisation Analysts,75,2024-09,4
2247 Management and Organisation Analysts,75,2026-05,12
2247 Management and Organisation Analysts,75,2024-10,1
2247 Management and Organisation Analysts,75,2024-11,2
2247 Management and Organisation Analysts,75,2025-01,6
2247 Management and Organisation Analysts,75,2025-03,6
2247 Management and Organisation Analysts,75,2025-02,2
2247 Management and Organisation Analysts,75,2025-04,5
2247 Management and Organisation Analysts,75,2025-05,2
2247 Management and Organisation Analysts,75,2025-06,3
2247 Management and Organisation Analysts,75,2025-07,6
2247 Management and Organisation Analysts,75,2025-08,8
2247 Management and Organisation Analysts,75,2025-09,7
2247 Management and Organisation Analysts,75,2025-10,13
2247 Management and Organisation Analysts,75,2025-12,11
2247 Management and Organisation Analysts,75,2026-04,11
2247 Management and Organisation Analysts,75,2025-11,8
2247 Management and Organisation Analysts,75,2026-01,12
2247 Management and Organisation Analysts,75,2026-02,15
2247 Management and Organisation Analysts,75,2026-03,15
2247 Management and Organisation Analysts,70,2026-08,18
2247 Management and Organisation Analysts,70,2026-07,11
2247 Management and Organisation Analysts,70,2026-06,11
2247 Management and Organisation Analysts,70,2024-09,1
2247 Management and Organisation Analysts,70,2026-05,9
2247 Management and Organisation Analysts,70,2024-12,2
2247 Management and Organisation Analysts,70,2024-11,3
2247 Management and Organisation Analysts,70,2025-01,7
2247 Management and Organisation Analysts,70,2025-03,1
2247 Management and Organisation Analysts,70,2025-02,1
2247 Management and Organisation Analysts,70,2025-04,6
2247 Management and Organisation Analysts,70,2025-05,2
2247 Management and Organisation Analysts,70,2025-06,1
2247 Management and Organisation Analysts,70,2025-07,6
2247 Management and Organisation Analysts,70,2025-08,9
2247 Management and Organisation Analysts,70,2025-09,6
2247 Management and Organisation Analysts,70,2025-10,7
2247 Management and Organisation Analysts,70,2025-12,3
2247 Management and Organisation Analysts,70,2026-04,16
2247 Management and Organisation Analysts,70,2025-11,7
2247 Management and Organisation Analysts,70,2026-01,6
2247 Management and Organisation Analysts,70,2026-02,6
2247 Management and Organisation Analysts,70,2026-03,8
2247 Management and Organisation Analysts,80,2026-09,1
2247 Management and Organisation Analysts,80,2026-08,33
2247 Management and Organisation Analysts,80,2026-07,16
2247 Management and Organisation Analysts,80,2026-06,16
2247 Management and Organisation Analysts,80,2024-09,1
2247 Management and Organisation Analysts,80,2026-05,12
2247 Management and Organisation Analysts,80,2024-12,3
2247 Management and Organisation Analysts,80,2025-03,2
2247 Management and Organisation Analysts,80,2025-02,1
2247 Management and Organisation Analysts,80,2025-04,2
2247 Management and Organisation Analysts,80,2025-05,2
2247 Management and Organisation Analysts,80,2025-06,1
2247 Management and Organisation Analysts,80,2025-07,1
2247 Management and Organisation Analysts,80,2025-08,1
2247 Management and Organisation Analysts,80,2025-09,2
2247 Management and Organisation Analysts,80,2025-10,7
2247 Management and Organisation Analysts,80,2025-12,4
2247 Management and Organisation Analysts,80,2026-04,16
2247 Management and Organisation Analysts,80,2025-11,4
2247 Management and Organisation Analysts,80,2026-01,1
2247 Management and Organisation Analysts,80,2026-02,2
2247 Management and Organisation Analysts,80,2026-03,10
2247 Management and Organisation Analysts,95,2026-08,5
2247 Management and Organisation Analysts,95,2026-07,3
2247 Management and Organisation Analysts,95,2026-06,2
2247 Management and Organisation Analysts,95,2026-04,1
2247 Management and Organisation Analysts,90,2026-08,17
2247 Management and Organisation Analysts,90,2026-07,6
2247 Management and Organisation Analysts,90,2026-06,7
2247 Management and Organisation Analysts,90,2026-05,1
2247 Management and Organisation Analysts,90,2025-12,3
2247 Management and Organisation Analysts,90,2026-04,2
2247 Management and Organisation Analysts,90,2026-02,3
2247 Management and Organisation Analysts,90,2026-03,2
2247 Management and Organisation Analysts,85,2026-08,34
2247 Management and Organisation Analysts,85,2026-07,11
2247 Management and Organisation Analysts,85,2026-06,10
2247 Management and Organisation Analysts,85,2026-05,3
2247 Management and Organisation Analysts,85,2025-10,3
2247 Management and Organisation Analysts,85,2025-12,2
2247 Management and Organisation Analysts,85,2026-04,2
2247 Management and Organisation Analysts,85,2025-11,7
2247 Management and Organisation Analysts,85,2026-01,1
2247 Management and Organisation Analysts,85,2026-02,3
2247 Management and Organisation Analysts,85,2026-03,4
2247 Management and Organisation Analysts,55,2026-08,4
2247 Management and Organisation Analysts,55,2026-07,2
2247 Management and Organisation Analysts,55,2026-06,3
2247 Management and Organisation Analysts,55,2024-11,1
2247 Management and Organisation Analysts,55,2025-05,2
2247 Management and Organisation Analysts,55,2025-10,1
2247 Management and Organisation Analysts,55,2025-11,3
2247 Management and Organisation Analysts,55,2026-01,1
2247 Management and Organisation Analysts,55,2026-02,1
2247 Management and Organisation Analysts,60,2026-08,2
2247 Management and Organisation Analysts,60,2026-07,3
2247 Management and Organisation Analysts,60,2026-06,3
2247 Management and Organisation Analysts,60,2026-05,1
2247 Management and Organisation Analysts,60,2025-04,1
2247 Management and Organisation Analysts,60,2025-05,1
2247 Management and Organisation Analysts,60,2025-06,2
2247 Management and Organisation Analysts,60,2025-08,1
2247 Management and Organisation Analysts,60,2025-09,1
2247 Management and Organisation Analysts,60,2025-10,1
2247 Management and Organisation Analysts,60,2025-12,4
2247 Management and Organisation Analysts,60,2026-04,2
2247 Management and Organisation Analysts,60,2025-11,5
2247 Management and Organisation Analysts,60,2026-01,1
2247 Management and Organisation Analysts,60,2026-02,4
2247 Management and Organisation Analysts,60,2026-03,1
2247 Management and Organisation Analysts,50,2026-07,1
2247 Management and Organisation Analysts,50,2026-06,1
2247 Management and Organisation Analysts,50,2025-07,1
2247 Management and Organisation Analysts,50,2025-11,1
2247 Management and Organisation Analysts,50,2026-02,1
2247 Management and Organisation Analysts,50,2026-03,1
2247 Management and Organisation Analysts,105,2026-02,1
2247 Management and Organisation Analysts,45,2026-07,2
2247 Management and Organisation Analysts,45,2025-01,1
2247 Management and Organisation Analysts,45,2026-01,1
2247 Management and Organisation Analysts,45,2026-02,1
2347 Veterinarians,65,2026-08,1
2347 Veterinarians,65,2026-07,1
2347 Veterinarians,65,2026-06,5
2347 Veterinarians,65,2026-05,3
2347 Veterinarians,65,2024-12,1
2347 Veterinarians,65,2025-02,3
2347 Veterinarians,65,2025-04,3
2347 Veterinarians,65,2025-06,1
2347 Veterinarians,65,2025-08,1
2347 Veterinarians,65,2025-10,2
2347 Veterinarians,65,2025-12,3
2347 Veterinarians,65,2026-04,3
2347 Veterinarians,65,2025-11,1
2347 Veterinarians,65,2026-01,2
2347 Veterinarians,65,2026-02,4
2347 Veterinarians,65,2026-03,2
2347 Veterinarians,75,2026-09,1
2347 Veterinarians,75,2026-08,10
2347 Veterinarians,75,2026-07,7
2347 Veterinarians,75,2026-06,6
2347 Veterinarians,75,2026-05,9
2347 Veterinarians,75,2024-11,3
2347 Veterinarians,75,2025-03,3
2347 Veterinarians,75,2025-04,5
2347 Veterinarians,75,2025-06,2
2347 Veterinarians,75,2025-07,4
2347 Veterinarians,75,2025-08,4
2347 Veterinarians,75,2025-09,2
2347 Veterinarians,75,2025-10,3
2347 Veterinarians,75,2025-12,2
2347 Veterinarians,75,2026-04,13
2347 Veterinarians,75,2025-11,7
2347 Veterinarians,75,2026-01,2
2347 Veterinarians,75,2026-02,5
2347 Veterinarians,75,2026-03,5
2347 Veterinarians,70,2026-08,4
2347 Veterinarians,70,2026-07,6
2347 Veterinarians,70,2026-06,1
2347 Veterinarians,70,2026-05,5
2347 Veterinarians,70,2025-04,1
2347 Veterinarians,70,2025-07,2
2347 Veterinarians,70,2025-09,1
2347 Veterinarians,70,2025-10,2
2347 Veterinarians,70,2025-12,1
2347 Veterinarians,70,2026-04,6
2347 Veterinarians,70,2025-11,3
2347 Veterinarians,70,2026-01,2
2347 Veterinarians,70,2026-02,5
2347 Veterinarians,70,2026-03,4
2347 Veterinarians,80,2026-08,9
2347 Veterinarians,80,2026-07,9
2347 Veterinarians,80,2026-06,4
2347 Veterinarians,80,2026-05,6
2347 Veterinarians,80,2025-06,1
2347 Veterinarians,80,2026-04,4
2347 Veterinarians,80,2026-02,5
2347 Veterinarians,80,2026-03,1
2347 Veterinarians,95,2026-07,1
2347 Veterinarians,90,2026-08,8
2347 Veterinarians,90,2026-06,2
2347 Veterinarians,90,2026-05,2
2347 Veterinarians,90,2025-12,2
2347 Veterinarians,90,2026-01,3
2347 Veterinarians,90,2026-03,1
2347 Veterinarians,85,2026-08,13
2347 Veterinarians,85,2026-07,5
2347 Veterinarians,85,2026-06,7
2347 Veterinarians,85,2026-05,2
2347 Veterinarians,85,2025-04,2
2347 Veterinarians,85,2025-06,2
2347 Veterinarians,85,2025-10,1
2347 Veterinarians,85,2025-12,1
2347 Veterinarians,85,2026-04,2
2347 Veterinarians,85,2025-11,2
2347 Veterinarians,85,2026-01,4
2347 Veterinarians,85,2026-02,3
2347 Veterinarians,85,2026-03,1
2347 Veterinarians,55,2026-08,2
2347 Veterinarians,55,2026-06,1
2347 Veterinarians,55,2026-05,1
2347 Veterinarians,55,2025-09,1
2347 Veterinarians,55,2026-01,2
2347 Veterinarians,55,2026-03,3
2347 Veterinarians,60,2026-08,2
2347 Veterinarians,60,2026-07,2
2347 Veterinarians,60,2026-06,1
2347 Veterinarians,60,2025-12,1
2347 Veterinarians,60,2026-04,2
2347 Veterinarians,60,2026-01,1
2347 Veterinarians,60,2026-02,1
2414 Secondary School Teachers,65,2026-09,2
2414 Secondary School Teachers,65,2026-08,164
2414 Secondary School Teachers,65,2026-07,101
2414 Secondary School Teachers,65,2026-06,97
2414 Secondary School Teachers,65,2024-09,5
2414 Secondary School Teachers,65,2026-05,77
2414 Secondary School Teachers,65,2024-10,6
2414 Secondary School Teachers,65,2024-12,1
2414 Secondary School Teachers,65,2024-11,4
2414 Secondary School Teachers,65,2025-01,6
2414 Secondary School Teachers,65,2025-03,11
2414 Secondary School Teachers,65,2025-02,8
2414 Secondary School Teachers,65,2025-04,10
2414 Secondary School Teachers,65,2025-05,21
2414 Secondary School Teachers,65,2025-06,15
2414 Secondary School Teachers,65,2025-07,38
2414 Secondary School Teachers,65,2025-08,11
2414 Secondary School Teachers,65,2025-09,25
2414 Secondary School Teachers,65,2025-10,29
2414 Secondary School Teachers,65,2025-12,42
2414 Secondary School Teachers,65,2026-04,65
2414 Secondary School Teachers,65,2025-11,24
2414 Secondary School Teachers,65,2026-01,51
2414 Secondary School Teachers,65,2026-02,40
2414 Secondary School Teachers,65,2026-03,48
2414 Secondary School Teachers,75,2026-09,2
2414 Secondary School Teachers,75,2026-08,168
2414 Secondary School Teachers,75,2026-07,107
2414 Secondary School Teachers,75,2026-06,88
2414 Secondary School Teachers,75,2026-05,80
2414 Secondary School Teachers,75,2025-04,9
2414 Secondary School Teachers,75,2025-05,8
2414 Secondary School Teachers,75,2025-06,7
2414 Secondary School Teachers,75,2025-07,19
2414 Secondary School Teachers,75,2025-08,21
2414 Secondary School Teachers,75,2025-09,19
2414 Secondary School Teachers,75,2025-10,37
2414 Secondary School Teachers,75,2025-12,41
2414 Secondary School Teachers,75,2026-04,88
2414 Secondary School Teachers,75,2025-11,29
2414 Secondary School Teachers,75,2026-01,70
2414 Secondary School Teachers,75,2026-02,54
2414 Secondary School Teachers,75,2026-03,73
2414 Secondary School Teachers,70,2026-09,2
2414 Secondary School Teachers,70,2026-08,159
2414 Secondary School Teachers,70,2026-07,106
2414 Secondary School Teachers,70,2026-06,96
2414 Secondary School Teachers,70,2024-09,2
2414 Secondary School Teachers,70,2026-05,72
2414 Secondary School Teachers,70,2024-10,6
2414 Secondary School Teachers,70,2024-12,6
2414 Secondary School Teachers,70,2024-11,3
2414 Secondary School Teachers,70,2025-01,3
2414 Secondary School Teachers,70,2025-03,12
2414 Secondary School Teachers,70,2025-02,6
2414 Secondary School Teachers,70,2025-04,10
2414 Secondary School Teachers,70,2025-05,11
2414 Secondary School Teachers,70,2025-06,28
2414 Secondary School Teachers,70,2025-07,18
2414 Secondary School Teachers,70,2025-08,29
2414 Secondary School Teachers,70,2025-09,29
2414 Secondary School Teachers,70,2025-10,22
2414 Secondary School Teachers,70,2025-12,37
2414 Secondary School Teachers,70,2026-04,98
2414 Secondary School Teachers,70,2025-11,30
2414 Secondary School Teachers,70,2026-01,78
2414 Secondary School Teachers,70,2026-02,45
2414 Secondary School Teachers,70,2026-03,63
2414 Secondary School Teachers,80,2026-09,4
2414 Secondary School Teachers,80,2026-08,104
2414 Secondary School Teachers,80,2026-07,90
2414 Secondary School Teachers,80,2026-06,35
2414 Secondary School Teachers,80,2026-05,16
2414 Secondary School Teachers,80,2025-01,1
2414 Secondary School Teachers,80,2025-06,1
2414 Secondary School Teachers,80,2025-12,9
2414 Secondary School Teachers,80,2026-04,9
2414 Secondary School Teachers,80,2025-11,2
2414 Secondary School Teachers,80,2026-01,10
2414 Secondary School Teachers,80,2026-02,20
2414 Secondary School Teachers,80,2026-03,9
2414 Secondary School Teachers,95,2026-08,1
2414 Secondary School Teachers,95,2026-07,2
2414 Secondary School Teachers,95,2026-06,1
2414 Secondary School Teachers,90,2026-08,11
2414 Secondary School Teachers,90,2026-07,3
2414 Secondary School Teachers,90,2026-06,4
2414 Secondary School Teachers,90,2026-05,2
2414 Secondary School Teachers,90,2025-11,1
2414 Secondary School Teachers,90,2026-01,1
2414 Secondary School Teachers,90,2026-02,3
2414 Secondary School Teachers,90,2026-03,1
2414 Secondary School Teachers,85,2026-08,31
2414 Secondary School Teachers,85,2026-07,18
2414 Secondary School Teachers,85,2026-06,8
2414 Secondary School Teachers,85,2026-05,5
2414 Secondary School Teachers,85,2025-12,3
2414 Secondary School Teachers,85,2026-04,3
2414 Secondary School Teachers,85,2026-01,5
2414 Secondary School Teachers,85,2026-02,2
2414 Secondary School Teachers,85,2026-03,1
2414 Secondary School Teachers,55,2026-08,26
2414 Secondary School Teachers,55,2026-07,20
2414 Secondary School Teachers,55,2026-06,16
2414 Secondary School Teachers,55,2026-05,12
2414 Secondary School Teachers,55,2025-05,1
2414 Secondary School Teachers,55,2025-06,1
2414 Secondary School Teachers,55,2025-07,6
2414 Secondary School Teachers,55,2025-08,1
2414 Secondary School Teachers,55,2025-09,1
2414 Secondary School Teachers,55,2025-10,2
2414 Secondary School Teachers,55,2025-12,9
2414 Secondary School Teachers,55,2026-04,6
2414 Secondary School Teachers,55,2025-11,2
2414 Secondary School Teachers,55,2026-01,6
2414 Secondary School Teachers,55,2026-02,5
2414 Secondary School Teachers,55,2026-03,8
2414 Secondary School Teachers,60,2026-09,3
2414 Secondary School Teachers,60,2026-08,46
2414 Secondary School Teachers,60,2026-07,34
2414 Secondary School Teachers,60,2026-06,32
2414 Secondary School Teachers,60,2024-09,1
2414 Secondary School Teachers,60,2026-05,29
2414 Secondary School Teachers,60,2024-10,2
2414 Secondary School Teachers,60,2024-12,1
2414 Secondary School Teachers,60,2024-11,2
2414 Secondary School Teachers,60,2025-01,2
2414 Secondary School Teachers,60,2025-03,6
2414 Secondary School Teachers,60,2025-02,2
2414 Secondary School Teachers,60,2025-04,3
2414 Secondary School Teachers,60,2025-05,4
2414 Secondary School Teachers,60,2025-06,6
2414 Secondary School Teachers,60,2025-07,9
2414 Secondary School Teachers,60,2025-08,4
2414 Secondary School Teachers,60,2025-09,9
2414 Secondary School Teachers,60,2025-10,15
2414 Secondary School Teachers,60,2025-12,7
2414 Secondary School Teachers,60,2026-04,36
2414 Secondary School Teachers,60,2025-11,11
2414 Secondary School Teachers,60,2026-01,10
2414 Secondary School Teachers,60,2026-02,19
2414 Secondary School Teachers,60,2026-03,22
2414 Secondary School Teachers,50,2026-08,8
2414 Secondary School Teachers,50,2026-07,5
2414 Secondary School Teachers,50,2026-06,3
2414 Secondary School Teachers,50,2026-05,3
2414 Secondary School Teachers,50,2025-05,2
2414 Secondary School Teachers,50,2025-06,1
2414 Secondary School Teachers,50,2025-07,2
2414 Secondary School Teachers,50,2025-08,2
2414 Secondary School Teachers,50,2025-09,1
2414 Secondary School Teachers,50,2025-10,2
2414 Secondary School Teachers,50,2025-12,3
2414 Secondary School Teachers,50,2026-04,3
2414 Secondary School Teachers,50,2025-11,3
2414 Secondary School Teachers,50,2026-01,6
2414 Secondary School Teachers,50,2026-02,2
2414 Secondary School Teachers,50,2026-03,3
2414 Secondary School Teachers,100,2026-06,1
2414 Secondary School Teachers,40,2026-04,1
2414 Secondary School Teachers,40,2026-03,2
2414 Secondary School Teachers,45,2026-08,3
2414 Secondary School Teachers,45,2026-05,1
2414 Secondary School Teachers,45,2025-05,1
2414 Secondary School Teachers,45,2025-12,1
2414 Secondary School Teachers,45,2026-04,3
2414 Secondary School Teachers,45,2026-02,1
1341 Child Care Centre Managers,65,2026-08,3
1341 Child Care Centre Managers,65,2026-07,5
1341 Child Care Centre Managers,65,2024-09,1
1341 Child Care Centre Managers,65,2024-11,1
1341 Child Care Centre Managers,65,2025-01,1
1341 Child Care Centre Managers,65,2025-07,1
1341 Child Care Centre Managers,65,2025-08,1
1341 Child Care Centre Managers,65,2025-09,1
1341 Child Care Centre Managers,65,2025-10,1
1341 Child Care Centre Managers,65,2026-04,1
1341 Child Care Centre Managers,65,2025-11,3
1341 Child Care Centre Managers,65,2026-02,2
1341 Child Care Centre Managers,65,2026-03,1
1341 Child Care Centre Managers,75,2026-08,1
1341 Child Care Centre Managers,75,2026-07,1
1341 Child Care Centre Managers,75,2026-05,1
1341 Child Care Centre Managers,75,2025-08,2
1341 Child Care Centre Managers,75,2025-10,2
1341 Child Care Centre Managers,75,2026-04,1
1341 Child Care Centre Managers,75,2026-01,1
1341 Child Care Centre Managers,75,2026-02,1
1341 Child Care Centre Managers,70,2026-08,1
1341 Child Care Centre Managers,70,2026-07,1
1341 Child Care Centre Managers,70,2026-05,2
1341 Child Care Centre Managers,70,2024-11,1
1341 Child Care Centre Managers,70,2025-03,1
1341 Child Care Centre Managers,70,2025-02,1
1341 Child Care Centre Managers,70,2025-05,1
1341 Child Care Centre Managers,70,2025-07,1
1341 Child Care Centre Managers,70,2025-09,1
1341 Child Care Centre Managers,70,2025-10,3
1341 Child Care Centre Managers,70,2025-11,1
1341 Child Care Centre Managers,70,2026-02,1
1341 Child Care Centre Managers,70,2026-03,2
1341 Child Care Centre Managers,95,2026-04,1
1341 Child Care Centre Managers,85,2026-08,1
1341 Child Care Centre Managers,55,2026-05,2
1341 Child Care Centre Managers,60,2026-07,2
1341 Child Care Centre Managers,60,2024-09,1
1341 Child Care Centre Managers,60,2024-10,1
1341 Child Care Centre Managers,60,2025-02,1
1341 Child Care Centre Managers,60,2025-09,1
1341 Child Care Centre Managers,60,2025-10,1
1341 Child Care Centre Managers,60,2026-04,2
1341 Child Care Centre Managers,60,2026-01,1
1341 Child Care Centre Managers,60,2026-02,1
1341 Child Care Centre Managers,60,2026-03,1
1341 Child Care Centre Managers,50,2026-08,5
1341 Child Care Centre Managers,50,2026-07,1
1341 Child Care Centre Managers,50,2025-06,1
1341 Child Care Centre Managers,50,2025-12,1
1341 Child Care Centre Managers,50,2026-04,1
"2241 Actuaries, Mathematicians and Statisticians",65,2026-09,1
"2241 Actuaries, Mathematicians and Statisticians",65,2026-08,10
"2241 Actuaries, Mathematicians and Statisticians",65,2026-07,11
"2241 Actuaries, Mathematicians and Statisticians",65,2026-06,17
"2241 Actuaries, Mathematicians and Statisticians",65,2024-09,2
"2241 Actuaries, Mathematicians and Statisticians",65,2026-05,12
"2241 Actuaries, Mathematicians and Statisticians",65,2024-10,2
"2241 Actuaries, Mathematicians and Statisticians",65,2024-12,1
"2241 Actuaries, Mathematicians and Statisticians",65,2024-11,2
"2241 Actuaries, Mathematicians and Statisticians",65,2025-01,2
"2241 Actuaries, Mathematicians and Statisticians",65,2025-03,3
"2241 Actuaries, Mathematicians and Statisticians",65,2025-04,4
"2241 Actuaries, Mathematicians and Statisticians",65,2025-05,1
"2241 Actuaries, Mathematicians and Statisticians",65,2025-06,4
"2241 Actuaries, Mathematicians and Statisticians",65,2025-07,1
"2241 Actuaries, Mathematicians and Statisticians",65,2025-08,3
"2241 Actuaries, Mathematicians and Statisticians",65,2025-09,7
"2241 Actuaries, Mathematicians and Statisticians",65,2025-10,4
"2241 Actuaries, Mathematicians and Statisticians",65,2025-12,7
"2241 Actuaries, Mathematicians and Statisticians",65,2026-04,6
"2241 Actuaries, Mathematicians and Statisticians",65,2025-11,7
"2241 Actuaries, Mathematicians and Statisticians",65,2026-01,10
"2241 Actuaries, Mathematicians and Statisticians",65,2026-02,6
"2241 Actuaries, Mathematicians and Statisticians",65,2026-03,9
"2241 Actuaries, Mathematicians and Statisticians",75,2026-09,2
"2241 Actuaries, Mathematicians and Statisticians",75,2026-08,43
"2241 Actuaries, Mathematicians and Statisticians",75,2026-07,16
"2241 Actuaries, Mathematicians and Statisticians",75,2026-06,21
"2241 Actuaries, Mathematicians and Statisticians",75,2024-09,3
"2241 Actuaries, Mathematicians and Statisticians",75,2026-05,17
"2241 Actuaries, Mathematicians and Statisticians",75,2024-10,1
"2241 Actuaries, Mathematicians and Statisticians",75,2024-12,1
"2241 Actuaries, Mathematicians and Statisticians",75,2024-11,2
"2241 Actuaries, Mathematicians and Statisticians",75,2025-01,1
"2241 Actuaries, Mathematicians and Statisticians",75,2025-03,7
"2241 Actuaries, Mathematicians and Statisticians",75,2025-02,3
"2241 Actuaries, Mathematicians and Statisticians",75,2025-04,6
"2241 Actuaries, Mathematicians and Statisticians",75,2025-05,5
"2241 Actuaries, Mathematicians and Statisticians",75,2025-06,2
"2241 Actuaries, Mathematicians and Statisticians",75,2025-07,5
"2241 Actuaries, Mathematicians and Statisticians",75,2025-08,8
"2241 Actuaries, Mathematicians and Statisticians",75,2025-09,5
"2241 Actuaries, Mathematicians and Statisticians",75,2025-10,10
"2241 Actuaries, Mathematicians and Statisticians",75,2025-12,9
"2241 Actuaries, Mathematicians and Statisticians",75,2026-04,19
"2241 Actuaries, Mathematicians and Statisticians",75,2025-11,16
"2241 Actuaries, Mathematicians and Statisticians",75,2026-01,12
"2241 Actuaries, Mathematicians and Statisticians",75,2026-02,13
"2241 Actuaries, Mathematicians and Statisticians",75,2026-03,21
"2241 Actuaries, Mathematicians and Statisticians",70,2026-08,27
"2241 Actuaries, Mathematicians and Statisticians",70,2026-07,15
"2241 Actuaries, Mathematicians and Statisticians",70,2026-06,17
"2241 Actuaries, Mathematicians and Statisticians",70,2024-09,1
"2241 Actuaries, Mathematicians and Statisticians",70,2026-05,9
"2241 Actuaries, Mathematicians and Statisticians",70,2024-10,1
"2241 Actuaries, Mathematicians and Statisticians",70,2024-11,3
"2241 Actuaries, Mathematicians and Statisticians",70,2025-01,1
"2241 Actuaries, Mathematicians and Statisticians",70,2025-03,10
"2241 Actuaries, Mathematicians and Statisticians",70,2025-02,3
"2241 Actuaries, Mathematicians and Statisticians",70,2025-04,7
"2241 Actuaries, Mathematicians and Statisticians",70,2025-05,3
"2241 Actuaries, Mathematicians and Statisticians",70,2025-06,6
"2241 Actuaries, Mathematicians and Statisticians",70,2025-07,6
"2241 Actuaries, Mathematicians and Statisticians",70,2025-08,6
"2241 Actuaries, Mathematicians and Statisticians",70,2025-09,8
"2241 Actuaries, Mathematicians and Statisticians",70,2025-10,4
"2241 Actuaries, Mathematicians and Statisticians",70,2025-12,5
"2241 Actuaries, Mathematicians and Statisticians",70,2026-04,16
"2241 Actuaries, Mathematicians and Statisticians",70,2025-11,8
"2241 Actuaries, Mathematicians and Statisticians",70,2026-01,4
"2241 Actuaries, Mathematicians and Statisticians",70,2026-02,6
"2241 Actuaries, Mathematicians and Statisticians",70,2026-03,10
"2241 Actuaries, Mathematicians and Statisticians",80,2026-09,1
"2241 Actuaries, Mathematicians and Statisticians",80,2026-08,27
"2241 Actuaries, Mathematicians and Statisticians",80,2026-07,27
"2241 Actuaries, Mathematicians and Statisticians",80,2026-06,18
"2241 Actuaries, Mathematicians and Statisticians",80,2024-09,1
"2241 Actuaries, Mathematicians and Statisticians",80,2026-05,34
"2241 Actuaries, Mathematicians and Statisticians",80,2024-10,2
"2241 Actuaries, Mathematicians and Statisticians",80,2024-11,1
"2241 Actuaries, Mathematicians and Statisticians",80,2025-01,3
"2241 Actuaries, Mathematicians and Statisticians",80,2025-03,3
"2241 Actuaries, Mathematicians and Statisticians",80,2025-02,1
"2241 Actuaries, Mathematicians and Statisticians",80,2025-05,2
"2241 Actuaries, Mathematicians and Statisticians",80,2025-06,4
"2241 Actuaries, Mathematicians and Statisticians",80,2025-07,2
"2241 Actuaries, Mathematicians and Statisticians",80,2025-08,11
"2241 Actuaries, Mathematicians and Statisticians",80,2025-09,6
"2241 Actuaries, Mathematicians and Statisticians",80,2025-10,10
"2241 Actuaries, Mathematicians and Statisticians",80,2025-12,10
"2241 Actuaries, Mathematicians and Statisticians",80,2026-04,19
"2241 Actuaries, Mathematicians and Statisticians",80,2025-11,10
"2241 Actuaries, Mathematicians and Statisticians",80,2026-01,3
"2241 Actuaries, Mathematicians and Statisticians",80,2026-02,21
"2241 Actuaries, Mathematicians and Statisticians",80,2026-03,18
"2241 Actuaries, Mathematicians and Statisticians",95,2026-09,1
"2241 Actuaries, Mathematicians and Statisticians",95,2026-08,14
"2241 Actuaries, Mathematicians and Statisticians",95,2026-07,6
"2241 Actuaries, Mathematicians and Statisticians",95,2026-06,6
"2241 Actuaries, Mathematicians and Statisticians",95,2026-05,3
"2241 Actuaries, Mathematicians and Statisticians",95,2025-12,2
"2241 Actuaries, Mathematicians and Statisticians",95,2026-01,1
"2241 Actuaries, Mathematicians and Statisticians",95,2026-03,3
"2241 Actuaries, Mathematicians and Statisticians",90,2026-09,3
"2241 Actuaries, Mathematicians and Statisticians",90,2026-08,47
"2241 Actuaries, Mathematicians and Statisticians",90,2026-07,23
"2241 Actuaries, Mathematicians and Statisticians",90,2026-06,38
"2241 Actuaries, Mathematicians and Statisticians",90,2026-05,9
"2241 Actuaries, Mathematicians and Statisticians",90,2025-12,3
"2241 Actuaries, Mathematicians and Statisticians",90,2026-04,3
"2241 Actuaries, Mathematicians and Statisticians",90,2025-11,3
"2241 Actuaries, Mathematicians and Statisticians",90,2026-01,2
"2241 Actuaries, Mathematicians and Statisticians",90,2026-02,2
"2241 Actuaries, Mathematicians and Statisticians",90,2026-03,3
"2241 Actuaries, Mathematicians and Statisticians",85,2026-09,3
"2241 Actuaries, Mathematicians and Statisticians",85,2026-08,39
"2241 Actuaries, Mathematicians and Statisticians",85,2026-07,28
"2241 Actuaries, Mathematicians and Statisticians",85,2026-06,25
"2241 Actuaries, Mathematicians and Statisticians",85,2024-09,1
"2241 Actuaries, Mathematicians and Statisticians",85,2026-05,27
"2241 Actuaries, Mathematicians and Statisticians",85,2025-01,2
"2241 Actuaries, Mathematicians and Statisticians",85,2025-04,2
"2241 Actuaries, Mathematicians and Statisticians",85,2025-05,1
"2241 Actuaries, Mathematicians and Statisticians",85,2025-06,2
"2241 Actuaries, Mathematicians and Statisticians",85,2025-07,3
"2241 Actuaries, Mathematicians and Statisticians",85,2025-08,1
"2241 Actuaries, Mathematicians and Statisticians",85,2025-09,5
"2241 Actuaries, Mathematicians and Statisticians",85,2025-10,5
"2241 Actuaries, Mathematicians and Statisticians",85,2025-12,12
"2241 Actuaries, Mathematicians and Statisticians",85,2026-04,15
"2241 Actuaries, Mathematicians and Statisticians",85,2025-11,11
"2241 Actuaries, Mathematicians and Statisticians",85,2026-01,16
"2241 Actuaries, Mathematicians and Statisticians",85,2026-02,21
"2241 Actuaries, Mathematicians and Statisticians",85,2026-03,17
"2241 Actuaries, Mathematicians and Statisticians",55,2026-08,3
"2241 Actuaries, Mathematicians and Statisticians",55,2026-07,3
"2241 Actuaries, Mathematicians and Statisticians",55,2026-06,1
"2241 Actuaries, Mathematicians and Statisticians",55,2025-08,1
"2241 Actuaries, Mathematicians and Statisticians",55,2025-12,1
"2241 Actuaries, Mathematicians and Statisticians",55,2026-04,1
"2241 Actuaries, Mathematicians and Statisticians",55,2025-11,1
"2241 Actuaries, Mathematicians and Statisticians",55,2026-01,1
"2241 Actuaries, Mathematicians and Statisticians",55,2026-02,1
"2241 Actuaries, Mathematicians and Statisticians",55,2026-03,1
"2241 Actuaries, Mathematicians and Statisticians",60,2026-08,10
"2241 Actuaries, Mathematicians and Statisticians",60,2026-07,2
"2241 Actuaries, Mathematicians and Statisticians",60,2026-06,4
"2241 Actuaries, Mathematicians and Statisticians",60,2024-09,2
"2241 Actuaries, Mathematicians and Statisticians",60,2026-05,4
"2241 Actuaries, Mathematicians and Statisticians",60,2024-12,2
"2241 Actuaries, Mathematicians and Statisticians",60,2025-01,2
"2241 Actuaries, Mathematicians and Statisticians",60,2025-02,1
"2241 Actuaries, Mathematicians and Statisticians",60,2025-04,2
"2241 Actuaries, Mathematicians and Statisticians",60,2025-06,2
"2241 Actuaries, Mathematicians and Statisticians",60,2025-07,1
"2241 Actuaries, Mathematicians and Statisticians",60,2025-08,2
"2241 Actuaries, Mathematicians and Statisticians",60,2025-10,2
"2241 Actuaries, Mathematicians and Statisticians",60,2025-12,3
"2241 Actuaries, Mathematicians and Statisticians",60,2026-04,5
"2241 Actuaries, Mathematicians and Statisticians",60,2025-11,1
"2241 Actuaries, Mathematicians and Statisticians",60,2026-01,1
"2241 Actuaries, Mathematicians and Statisticians",60,2026-02,3
"2241 Actuaries, Mathematicians and Statisticians",60,2026-03,4
"2241 Actuaries, Mathematicians and Statisticians",50,2026-07,1
"2241 Actuaries, Mathematicians and Statisticians",50,2026-04,1
"2241 Actuaries, Mathematicians and Statisticians",100,2026-08,2
"2241 Actuaries, Mathematicians and Statisticians",100,2026-07,2
"2241 Actuaries, Mathematicians and Statisticians",100,2026-06,2
"2241 Actuaries, Mathematicians and Statisticians",105,2026-08,1
"2241 Actuaries, Mathematicians and Statisticians",105,2026-07,1
"2241 Actuaries, Mathematicians and Statisticians",105,2025-12,1
"2241 Actuaries, Mathematicians and Statisticians",45,2026-06,1
"2241 Actuaries, Mathematicians and Statisticians",45,2026-05,1
"2241 Actuaries, Mathematicians and Statisticians",45,2026-04,1
"2241 Actuaries, Mathematicians and Statisticians",45,2026-02,2
3331 Glaziers,65,2026-08,2
3331 Glaziers,65,2026-06,1
3331 Glaziers,65,2026-05,1
3331 Glaziers,65,2026-01,1
3331 Glaziers,75,2026-06,1
3331 Glaziers,75,2026-05,5
3331 Glaziers,75,2025-12,1
3331 Glaziers,75,2026-04,2
3331 Glaziers,75,2025-11,1
3331 Glaziers,70,2026-06,1
3331 Glaziers,80,2026-06,1
3331 Glaziers,55,2026-03,1
3331 Glaziers,60,2025-05,1
3331 Glaziers,60,2025-12,1
2421 University Lecturers and Tutors,65,2026-08,69
2421 University Lecturers and Tutors,65,2026-07,47
2421 University Lecturers and Tutors,65,2026-06,62
2421 University Lecturers and Tutors,65,2024-09,16
2421 University Lecturers and Tutors,65,2026-05,45
2421 University Lecturers and Tutors,65,2024-10,12
2421 University Lecturers and Tutors,65,2024-12,14
2421 University Lecturers and Tutors,65,2024-11,17
2421 University Lecturers and Tutors,65,2025-01,13
2421 University Lecturers and Tutors,65,2025-03,9
2421 University Lecturers and Tutors,65,2025-02,8
2421 University Lecturers and Tutors,65,2025-04,19
2421 University Lecturers and Tutors,65,2025-05,17
2421 University Lecturers and Tutors,65,2025-06,13
2421 University Lecturers and Tutors,65,2025-07,24
2421 University Lecturers and Tutors,65,2025-08,32
2421 University Lecturers and Tutors,65,2025-09,34
2421 University Lecturers and Tutors,65,2025-10,39
2421 University Lecturers and Tutors,65,2025-12,28
2421 University Lecturers and Tutors,65,2026-04,43
2421 University Lecturers and Tutors,65,2025-11,38
2421 University Lecturers and Tutors,65,2026-01,49
2421 University Lecturers and Tutors,65,2026-02,32
2421 University Lecturers and Tutors,65,2026-03,35
2421 University Lecturers and Tutors,75,2026-09,1
2421 University Lecturers and Tutors,75,2026-08,73
2421 University Lecturers and Tutors,75,2026-07,46
2421 University Lecturers and Tutors,75,2026-06,50
2421 University Lecturers and Tutors,75,2024-09,3
2421 University Lecturers and Tutors,75,2026-05,45
2421 University Lecturers and Tutors,75,2024-10,3
2421 University Lecturers and Tutors,75,2024-12,7
2421 University Lecturers and Tutors,75,2024-11,6
2421 University Lecturers and Tutors,75,2025-01,8
2421 University Lecturers and Tutors,75,2025-03,15
2421 University Lecturers and Tutors,75,2025-02,10
2421 University Lecturers and Tutors,75,2025-04,11
2421 University Lecturers and Tutors,75,2025-05,8
2421 University Lecturers and Tutors,75,2025-06,18
2421 University Lecturers and Tutors,75,2025-07,15
2421 University Lecturers and Tutors,75,2025-08,25
2421 University Lecturers and Tutors,75,2025-09,16
2421 University Lecturers and Tutors,75,2025-10,28
2421 University Lecturers and Tutors,75,2025-12,42
2421 University Lecturers and Tutors,75,2026-04,36
2421 University Lecturers and Tutors,75,2025-11,28
2421 University Lecturers and Tutors,75,2026-01,33
2421 University Lecturers and Tutors,75,2026-02,41
2421 University Lecturers and Tutors,75,2026-03,53
2421 University Lecturers and Tutors,70,2026-09,13
2421 University Lecturers and Tutors,70,2026-08,59
2421 University Lecturers and Tutors,70,2026-07,45
2421 University Lecturers and Tutors,70,2026-06,48
2421 University Lecturers and Tutors,70,2024-09,8
2421 University Lecturers and Tutors,70,2026-05,44
2421 University Lecturers and Tutors,70,2024-10,9
2421 University Lecturers and Tutors,70,2024-12,15
2421 University Lecturers and Tutors,70,2024-11,16
2421 University Lecturers and Tutors,70,2025-01,9
2421 University Lecturers and Tutors,70,2025-03,17
2421 University Lecturers and Tutors,70,2025-02,9
2421 University Lecturers and Tutors,70,2025-04,11
2421 University Lecturers and Tutors,70,2025-05,6
2421 University Lecturers and Tutors,70,2025-06,10
2421 University Lecturers and Tutors,70,2025-07,13
2421 University Lecturers and Tutors,70,2025-08,26
2421 University Lecturers and Tutors,70,2025-09,40
2421 University Lecturers and Tutors,70,2025-10,42
2421 University Lecturers and Tutors,70,2025-12,36
2421 University Lecturers and Tutors,70,2026-04,49
2421 University Lecturers and Tutors,70,2025-11,47
2421 University Lecturers and Tutors,70,2026-01,32
2421 University Lecturers and Tutors,70,2026-02,47
2421 University Lecturers and Tutors,70,2026-03,50
2421 University Lecturers and Tutors,80,2026-09,1
2421 University Lecturers and Tutors,80,2026-08,42
2421 University Lecturers and Tutors,80,2026-07,48
2421 University Lecturers and Tutors,80,2026-06,42
2421 University Lecturers and Tutors,80,2024-09,6
2421 University Lecturers and Tutors,80,2026-05,31
2421 University Lecturers and Tutors,80,2024-10,6
2421 University Lecturers and Tutors,80,2024-12,2
2421 University Lecturers and Tutors,80,2024-11,3
2421 University Lecturers and Tutors,80,2025-01,7
2421 University Lecturers and Tutors,80,2025-03,11
2421 University Lecturers and Tutors,80,2025-02,4
2421 University Lecturers and Tutors,80,2025-04,6
2421 University Lecturers and Tutors,80,2025-05,5
2421 University Lecturers and Tutors,80,2025-06,10
2421 University Lecturers and Tutors,80,2025-07,14
2421 University Lecturers and Tutors,80,2025-08,11
2421 University Lecturers and Tutors,80,2025-09,20
2421 University Lecturers and Tutors,80,2025-10,14
2421 University Lecturers and Tutors,80,2025-12,23
2421 University Lecturers and Tutors,80,2026-04,26
2421 University Lecturers and Tutors,80,2025-11,23
2421 University Lecturers and Tutors,80,2026-01,23
2421 University Lecturers and Tutors,80,2026-02,24
2421 University Lecturers and Tutors,80,2026-03,34
2421 University Lecturers and Tutors,95,2026-08,22
2421 University Lecturers and Tutors,95,2026-07,15
2421 University Lecturers and Tutors,95,2026-06,26
2421 University Lecturers and Tutors,95,2026-05,11
2421 University Lecturers and Tutors,95,2024-11,2
2421 University Lecturers and Tutors,95,2025-02,2
2421 University Lecturers and Tutors,95,2025-04,1
2421 University Lecturers and Tutors,95,2025-05,1
2421 University Lecturers and Tutors,95,2025-06,1
2421 University Lecturers and Tutors,95,2025-09,2
2421 University Lecturers and Tutors,95,2025-10,5
2421 University Lecturers and Tutors,95,2025-12,5
2421 University Lecturers and Tutors,95,2026-04,6
2421 University Lecturers and Tutors,95,2025-11,7
2421 University Lecturers and Tutors,95,2026-01,10
2421 University Lecturers and Tutors,95,2026-02,11
2421 University Lecturers and Tutors,95,2026-03,10
2421 University Lecturers and Tutors,90,2026-09,3
2421 University Lecturers and Tutors,90,2026-08,32
2421 University Lecturers and Tutors,90,2026-07,32
2421 University Lecturers and Tutors,90,2026-06,38
2421 University Lecturers and Tutors,90,2026-05,26
2421 University Lecturers and Tutors,90,2025-01,1
2421 University Lecturers and Tutors,90,2025-03,2
2421 University Lecturers and Tutors,90,2025-02,1
2421 University Lecturers and Tutors,90,2025-04,3
2421 University Lecturers and Tutors,90,2025-05,1
2421 University Lecturers and Tutors,90,2025-06,1
2421 University Lecturers and Tutors,90,2025-07,3
2421 University Lecturers and Tutors,90,2025-08,6
2421 University Lecturers and Tutors,90,2025-09,5
2421 University Lecturers and Tutors,90,2025-10,9
2421 University Lecturers and Tutors,90,2025-12,15
2421 University Lecturers and Tutors,90,2026-04,19
2421 University Lecturers and Tutors,90,2025-11,23
2421 University Lecturers and Tutors,90,2026-01,23
2421 University Lecturers and Tutors,90,2026-02,24
2421 University Lecturers and Tutors,90,2026-03,25
2421 University Lecturers and Tutors,85,2026-09,1
2421 University Lecturers and Tutors,85,2026-08,50
2421 University Lecturers and Tutors,85,2026-07,58
2421 University Lecturers and Tutors,85,2026-06,34
2421 University Lecturers and Tutors,85,2024-09,1
2421 University Lecturers and Tutors,85,2026-05,27
2421 University Lecturers and Tutors,85,2024-10,2
2421 University Lecturers and Tutors,85,2024-12,1
2421 University Lecturers and Tutors,85,2024-11,1
2421 University Lecturers and Tutors,85,2025-01,2
2421 University Lecturers and Tutors,85,2025-02,2
2421 University Lecturers and Tutors,85,2025-05,1
2421 University Lecturers and Tutors,85,2025-06,2
2421 University Lecturers and Tutors,85,2025-07,11
2421 University Lecturers and Tutors,85,2025-08,15
2421 University Lecturers and Tutors,85,2025-09,17
2421 University Lecturers and Tutors,85,2025-10,19
2421 University Lecturers and Tutors,85,2025-12,20
2421 University Lecturers and Tutors,85,2026-04,31
2421 University Lecturers and Tutors,85,2025-11,20
2421 University Lecturers and Tutors,85,2026-01,16
2421 University Lecturers and Tutors,85,2026-02,23
2421 University Lecturers and Tutors,85,2026-03,22
2421 University Lecturers and Tutors,55,2026-08,6
2421 University Lecturers and Tutors,55,2026-07,8
2421 University Lecturers and Tutors,55,2026-06,10
2421 University Lecturers and Tutors,55,2026-05,15
2421 University Lecturers and Tutors,55,2024-12,1
2421 University Lecturers and Tutors,55,2024-11,1
2421 University Lecturers and Tutors,55,2025-03,2
2421 University Lecturers and Tutors,55,2025-02,3
2421 University Lecturers and Tutors,55,2025-05,2
2421 University Lecturers and Tutors,55,2025-06,2
2421 University Lecturers and Tutors,55,2025-07,2
2421 University Lecturers and Tutors,55,2025-08,3
2421 University Lecturers and Tutors,55,2025-09,3
2421 University Lecturers and Tutors,55,2025-10,15
2421 University Lecturers and Tutors,55,2025-12,6
2421 University Lecturers and Tutors,55,2026-04,6
2421 University Lecturers and Tutors,55,2025-11,5
2421 University Lecturers and Tutors,55,2026-01,2
2421 University Lecturers and Tutors,55,2026-02,9
2421 University Lecturers and Tutors,55,2026-03,4
2421 University Lecturers and Tutors,60,2026-08,18
2421 University Lecturers and Tutors,60,2026-07,27
2421 University Lecturers and Tutors,60,2026-06,41
2421 University Lecturers and Tutors,60,2024-09,11
2421 University Lecturers and Tutors,60,2026-05,19
2421 University Lecturers and Tutors,60,2024-10,2
2421 University Lecturers and Tutors,60,2024-12,2
2421 University Lecturers and Tutors,60,2024-11,9
2421 University Lecturers and Tutors,60,2025-01,2
2421 University Lecturers and Tutors,60,2025-03,6
2421 University Lecturers and Tutors,60,2025-02,3
2421 University Lecturers and Tutors,60,2025-04,5
2421 University Lecturers and Tutors,60,2025-05,5
2421 University Lecturers and Tutors,60,2025-06,20
2421 University Lecturers and Tutors,60,2025-07,6
2421 University Lecturers and Tutors,60,2025-08,5
2421 University Lecturers and Tutors,60,2025-09,10
2421 University Lecturers and Tutors,60,2025-10,3
2421 University Lecturers and Tutors,60,2025-12,9
2421 University Lecturers and Tutors,60,2026-04,19
2421 University Lecturers and Tutors,60,2025-11,4
2421 University Lecturers and Tutors,60,2026-01,13
2421 University Lecturers and Tutors,60,2026-02,9
2421 University Lecturers and Tutors,60,2026-03,21
2421 University Lecturers and Tutors,50,2026-08,3
2421 University Lecturers and Tutors,50,2026-07,3
2421 University Lecturers and Tutors,50,2026-06,5
2421 University Lecturers and Tutors,50,2026-05,11
2421 University Lecturers and Tutors,50,2024-10,1
2421 University Lecturers and Tutors,50,2024-11,2
2421 University Lecturers and Tutors,50,2025-01,1
2421 University Lecturers and Tutors,50,2025-03,1
2421 University Lecturers and Tutors,50,2025-04,2
2421 University Lecturers and Tutors,50,2025-08,2
2421 University Lecturers and Tutors,50,2025-09,4
2421 University Lecturers and Tutors,50,2025-10,2
2421 University Lecturers and Tutors,50,2025-12,3
2421 University Lecturers and Tutors,50,2026-04,3
2421 University Lecturers and Tutors,50,2025-11,3
2421 University Lecturers and Tutors,50,2026-01,4
2421 University Lecturers and Tutors,50,2026-02,4
2421 University Lecturers and Tutors,50,2026-03,4
2421 University Lecturers and Tutors,110,2026-08,1
2421 University Lecturers and Tutors,100,2026-08,12
2421 University Lecturers and Tutors,100,2026-07,8
2421 University Lecturers and Tutors,100,2026-06,14
2421 University Lecturers and Tutors,100,2026-05,8
2421 University Lecturers and Tutors,100,2025-05,1
2421 University Lecturers and Tutors,100,2025-07,1
2421 University Lecturers and Tutors,100,2025-08,1
2421 University Lecturers and Tutors,100,2025-10,2
2421 University Lecturers and Tutors,100,2025-12,3
2421 University Lecturers and Tutors,100,2026-04,5
2421 University Lecturers and Tutors,100,2025-11,2
2421 University Lecturers and Tutors,100,2026-01,5
2421 University Lecturers and Tutors,100,2026-02,2
2421 University Lecturers and Tutors,100,2026-03,3
2421 University Lecturers and Tutors,105,2026-08,2
2421 University Lecturers and Tutors,105,2026-07,1
2421 University Lecturers and Tutors,105,2026-06,2
2421 University Lecturers and Tutors,105,2026-05,1
2421 University Lecturers and Tutors,105,2025-08,1
2421 University Lecturers and Tutors,105,2025-09,1
2421 University Lecturers and Tutors,105,2025-10,1
2421 University Lecturers and Tutors,105,2025-12,1
2421 University Lecturers and Tutors,105,2026-04,1
2421 University Lecturers and Tutors,105,2025-11,2
2421 University Lecturers and Tutors,105,2026-01,2
2421 University Lecturers and Tutors,105,2026-02,2
2421 University Lecturers and Tutors,40,2026-06,1
2421 University Lecturers and Tutors,40,2025-04,1
2421 University Lecturers and Tutors,40,2026-04,1
2421 University Lecturers and Tutors,45,2026-08,1
2421 University Lecturers and Tutors,45,2026-07,1
2421 University Lecturers and Tutors,45,2026-05,1
2421 University Lecturers and Tutors,45,2025-11,1
2421 University Lecturers and Tutors,45,2026-02,1
2421 University Lecturers and Tutors,45,2026-03,1
2633 Telecommunications Engineering Professionals,65,2026-09,1
2633 Telecommunications Engineering Professionals,65,2026-08,32
2633 Telecommunications Engineering Professionals,65,2026-07,24
2633 Telecommunications Engineering Professionals,65,2026-06,33
2633 Telecommunications Engineering Professionals,65,2024-09,8
2633 Telecommunications Engineering Professionals,65,2026-05,15
2633 Telecommunications Engineering Professionals,65,2024-10,7
2633 Telecommunications Engineering Professionals,65,2024-12,6
2633 Telecommunications Engineering Professionals,65,2024-11,5
2633 Telecommunications Engineering Professionals,65,2025-01,6
2633 Telecommunications Engineering Professionals,65,2025-03,11
2633 Telecommunications Engineering Professionals,65,2025-02,9
2633 Telecommunications Engineering Professionals,65,2025-04,6
2633 Telecommunications Engineering Professionals,65,2025-05,11
2633 Telecommunications Engineering Professionals,65,2025-06,14
2633 Telecommunications Engineering Professionals,65,2025-07,17
2633 Telecommunications Engineering Professionals,65,2025-08,13
2633 Telecommunications Engineering Professionals,65,2025-09,23
2633 Telecommunications Engineering Professionals,65,2025-10,17
2633 Telecommunications Engineering Professionals,65,2025-12,22
2633 Telecommunications Engineering Professionals,65,2026-04,24
2633 Telecommunications Engineering Professionals,65,2025-11,28
2633 Telecommunications Engineering Professionals,65,2026-01,19
2633 Telecommunications Engineering Professionals,65,2026-02,22
2633 Telecommunications Engineering Professionals,65,2026-03,17
2633 Telecommunications Engineering Professionals,75,2026-09,1
2633 Telecommunications Engineering Professionals,75,2026-08,45
2633 Telecommunications Engineering Professionals,75,2026-07,28
2633 Telecommunications Engineering Professionals,75,2026-06,27
2633 Telecommunications Engineering Professionals,75,2024-09,20
2633 Telecommunications Engineering Professionals,75,2026-05,22
2633 Telecommunications Engineering Professionals,75,2024-10,7
2633 Telecommunications Engineering Professionals,75,2024-12,17
2633 Telecommunications Engineering Professionals,75,2024-11,10
2633 Telecommunications Engineering Professionals,75,2025-01,22
2633 Telecommunications Engineering Professionals,75,2025-03,8
2633 Telecommunications Engineering Professionals,75,2025-02,10
2633 Telecommunications Engineering Professionals,75,2025-04,22
2633 Telecommunications Engineering Professionals,75,2025-05,11
2633 Telecommunications Engineering Professionals,75,2025-06,12
2633 Telecommunications Engineering Professionals,75,2025-07,23
2633 Telecommunications Engineering Professionals,75,2025-08,31
2633 Telecommunications Engineering Professionals,75,2025-09,81
2633 Telecommunications Engineering Professionals,75,2025-10,28
2633 Telecommunications Engineering Professionals,75,2025-12,25
2633 Telecommunications Engineering Professionals,75,2026-04,19
2633 Telecommunications Engineering Professionals,75,2025-11,19
2633 Telecommunications Engineering Professionals,75,2026-01,16
2633 Telecommunications Engineering Professionals,75,2026-02,16
2633 Telecommunications Engineering Professionals,75,2026-03,19
2633 Telecommunications Engineering Professionals,70,2026-08,34
2633 Telecommunications Engineering Professionals,70,2026-07,23
2633 Telecommunications Engineering Professionals,70,2026-06,23
2633 Telecommunications Engineering Professionals,70,2024-09,8
2633 Telecommunications Engineering Professionals,70,2026-05,34
2633 Telecommunications Engineering Professionals,70,2024-10,5
2633 Telecommunications Engineering Professionals,70,2024-12,4
2633 Telecommunications Engineering Professionals,70,2024-11,6
2633 Telecommunications Engineering Professionals,70,2025-01,11
2633 Telecommunications Engineering Professionals,70,2025-03,7
2633 Telecommunications Engineering Professionals,70,2025-02,7
2633 Telecommunications Engineering Professionals,70,2025-04,16
2633 Telecommunications Engineering Professionals,70,2025-05,10
2633 Telecommunications Engineering Professionals,70,2025-06,11
2633 Telecommunications Engineering Professionals,70,2025-07,10
2633 Telecommunications Engineering Professionals,70,2025-08,22
2633 Telecommunications Engineering Professionals,70,2025-09,13
2633 Telecommunications Engineering Professionals,70,2025-10,13
2633 Telecommunications Engineering Professionals,70,2025-12,16
2633 Telecommunications Engineering Professionals,70,2026-04,21
2633 Telecommunications Engineering Professionals,70,2025-11,26
2633 Telecommunications Engineering Professionals,70,2026-01,14
2633 Telecommunications Engineering Professionals,70,2026-02,18
2633 Telecommunications Engineering Professionals,70,2026-03,18
2633 Telecommunications Engineering Professionals,80,2026-09,3
2633 Telecommunications Engineering Professionals,80,2026-08,28
2633 Telecommunications Engineering Professionals,80,2026-07,26
2633 Telecommunications Engineering Professionals,80,2026-06,30
2633 Telecommunications Engineering Professionals,80,2024-09,4
2633 Telecommunications Engineering Professionals,80,2026-05,23
2633 Telecommunications Engineering Professionals,80,2024-10,3
2633 Telecommunications Engineering Professionals,80,2024-12,5
2633 Telecommunications Engineering Professionals,80,2024-11,3
2633 Telecommunications Engineering Professionals,80,2025-01,4
2633 Telecommunications Engineering Professionals,80,2025-03,9
2633 Telecommunications Engineering Professionals,80,2025-02,4
2633 Telecommunications Engineering Professionals,80,2025-04,12
2633 Telecommunications Engineering Professionals,80,2025-05,5
2633 Telecommunications Engineering Professionals,80,2025-06,9
2633 Telecommunications Engineering Professionals,80,2025-07,14
2633 Telecommunications Engineering Professionals,80,2025-08,15
2633 Telecommunications Engineering Professionals,80,2025-09,15
2633 Telecommunications Engineering Professionals,80,2025-10,16
2633 Telecommunications Engineering Professionals,80,2025-12,13
2633 Telecommunications Engineering Professionals,80,2026-04,28
2633 Telecommunications Engineering Professionals,80,2025-11,24
2633 Telecommunications Engineering Professionals,80,2026-01,28
2633 Telecommunications Engineering Professionals,80,2026-02,20
2633 Telecommunications Engineering Professionals,80,2026-03,18
2633 Telecommunications Engineering Professionals,95,2026-08,16
2633 Telecommunications Engineering Professionals,95,2026-07,6
2633 Telecommunications Engineering Professionals,95,2026-06,1
2633 Telecommunications Engineering Professionals,95,2026-05,1
2633 Telecommunications Engineering Professionals,95,2025-12,4
2633 Telecommunications Engineering Professionals,95,2026-04,6
2633 Telecommunications Engineering Professionals,95,2026-01,2
2633 Telecommunications Engineering Professionals,95,2026-02,2
2633 Telecommunications Engineering Professionals,95,2026-03,2
2633 Telecommunications Engineering Professionals,90,2026-09,3
2633 Telecommunications Engineering Professionals,90,2026-08,18
2633 Telecommunications Engineering Professionals,90,2026-07,12
2633 Telecommunications Engineering Professionals,90,2026-06,19
2633 Telecommunications Engineering Professionals,90,2026-05,7
2633 Telecommunications Engineering Professionals,90,2024-12,1
2633 Telecommunications Engineering Professionals,90,2025-01,1
2633 Telecommunications Engineering Professionals,90,2025-03,8
2633 Telecommunications Engineering Professionals,90,2025-02,3
2633 Telecommunications Engineering Professionals,90,2025-04,3
2633 Telecommunications Engineering Professionals,90,2025-05,3
2633 Telecommunications Engineering Professionals,90,2025-06,9
2633 Telecommunications Engineering Professionals,90,2025-07,5
2633 Telecommunications Engineering Professionals,90,2025-08,6
2633 Telecommunications Engineering Professionals,90,2025-09,4
2633 Telecommunications Engineering Professionals,90,2025-10,12
2633 Telecommunications Engineering Professionals,90,2025-12,5
2633 Telecommunications Engineering Professionals,90,2026-04,13
2633 Telecommunications Engineering Professionals,90,2025-11,7
2633 Telecommunications Engineering Professionals,90,2026-01,11
2633 Telecommunications Engineering Professionals,90,2026-02,12
2633 Telecommunications Engineering Professionals,90,2026-03,21
2633 Telecommunications Engineering Professionals,85,2026-09,1
2633 Telecommunications Engineering Professionals,85,2026-08,23
2633 Telecommunications Engineering Professionals,85,2026-07,29
2633 Telecommunications Engineering Professionals,85,2026-06,24
2633 Telecommunications Engineering Professionals,85,2024-09,1
2633 Telecommunications Engineering Professionals,85,2026-05,23
2633 Telecommunications Engineering Professionals,85,2024-12,5
2633 Telecommunications Engineering Professionals,85,2024-11,2
2633 Telecommunications Engineering Professionals,85,2025-01,6
2633 Telecommunications Engineering Professionals,85,2025-03,6
2633 Telecommunications Engineering Professionals,85,2025-02,17
2633 Telecommunications Engineering Professionals,85,2025-04,5
2633 Telecommunications Engineering Professionals,85,2025-05,10
2633 Telecommunications Engineering Professionals,85,2025-06,6
2633 Telecommunications Engineering Professionals,85,2025-07,11
2633 Telecommunications Engineering Professionals,85,2025-08,15
2633 Telecommunications Engineering Professionals,85,2025-09,18
2633 Telecommunications Engineering Professionals,85,2025-10,15
2633 Telecommunications Engineering Professionals,85,2025-12,18
2633 Telecommunications Engineering Professionals,85,2026-04,13
2633 Telecommunications Engineering Professionals,85,2025-11,25
2633 Telecommunications Engineering Professionals,85,2026-01,20
2633 Telecommunications Engineering Professionals,85,2026-02,16
2633 Telecommunications Engineering Professionals,85,2026-03,14
2633 Telecommunications Engineering Professionals,55,2026-09,1
2633 Telecommunications Engineering Professionals,55,2026-08,14
2633 Telecommunications Engineering Professionals,55,2026-07,11
2633 Telecommunications Engineering Professionals,55,2026-06,8
2633 Telecommunications Engineering Professionals,55,2024-09,3
2633 Telecommunications Engineering Professionals,55,2026-05,7
2633 Telecommunications Engineering Professionals,55,2024-10,1
2633 Telecommunications Engineering Professionals,55,2024-12,3
2633 Telecommunications Engineering Professionals,55,2024-11,1
2633 Telecommunications Engineering Professionals,55,2025-01,2
2633 Telecommunications Engineering Professionals,55,2025-03,2
2633 Telecommunications Engineering Professionals,55,2025-02,3
2633 Telecommunications Engineering Professionals,55,2025-04,2
2633 Telecommunications Engineering Professionals,55,2025-05,3
2633 Telecommunications Engineering Professionals,55,2025-06,2
2633 Telecommunications Engineering Professionals,55,2025-07,2
2633 Telecommunications Engineering Professionals,55,2025-08,1
2633 Telecommunications Engineering Professionals,55,2025-09,4
2633 Telecommunications Engineering Professionals,55,2025-10,7
2633 Telecommunications Engineering Professionals,55,2025-12,4
2633 Telecommunications Engineering Professionals,55,2026-04,7
2633 Telecommunications Engineering Professionals,55,2025-11,6
2633 Telecommunications Engineering Professionals,55,2026-01,4
2633 Telecommunications Engineering Professionals,55,2026-02,5
2633 Telecommunications Engineering Professionals,55,2026-03,3
2633 Telecommunications Engineering Professionals,60,2026-09,2
2633 Telecommunications Engineering Professionals,60,2026-08,11
2633 Telecommunications Engineering Professionals,60,2026-07,20
2633 Telecommunications Engineering Professionals,60,2026-06,17
2633 Telecommunications Engineering Professionals,60,2026-05,14
2633 Telecommunications Engineering Professionals,60,2024-10,1
2633 Telecommunications Engineering Professionals,60,2024-11,1
2633 Telecommunications Engineering Professionals,60,2025-01,3
2633 Telecommunications Engineering Professionals,60,2025-03,3
2633 Telecommunications Engineering Professionals,60,2025-02,2
2633 Telecommunications Engineering Professionals,60,2025-04,5
2633 Telecommunications Engineering Professionals,60,2025-05,5
2633 Telecommunications Engineering Professionals,60,2025-06,6
2633 Telecommunications Engineering Professionals,60,2025-07,10
2633 Telecommunications Engineering Professionals,60,2025-08,2
2633 Telecommunications Engineering Professionals,60,2025-09,9
2633 Telecommunications Engineering Professionals,60,2025-10,9
2633 Telecommunications Engineering Professionals,60,2025-12,9
2633 Telecommunications Engineering Professionals,60,2026-04,8
2633 Telecommunications Engineering Professionals,60,2025-11,9
2633 Telecommunications Engineering Professionals,60,2026-01,6
2633 Telecommunications Engineering Professionals,60,2026-02,16
2633 Telecommunications Engineering Professionals,60,2026-03,6
2633 Telecommunications Engineering Professionals,50,2026-08,3
2633 Telecommunications Engineering Professionals,50,2026-07,5
2633 Telecommunications Engineering Professionals,50,2026-06,3
2633 Telecommunications Engineering Professionals,50,2024-09,1
2633 Telecommunications Engineering Professionals,50,2026-05,9
2633 Telecommunications Engineering Professionals,50,2024-12,1
2633 Telecommunications Engineering Professionals,50,2024-11,1
2633 Telecommunications Engineering Professionals,50,2025-01,1
2633 Telecommunications Engineering Professionals,50,2025-03,1
2633 Telecommunications Engineering Professionals,50,2025-06,2
2633 Telecommunications Engineering Professionals,50,2025-08,2
2633 Telecommunications Engineering Professionals,50,2025-10,1
2633 Telecommunications Engineering Professionals,50,2025-12,1
2633 Telecommunications Engineering Professionals,50,2026-04,1
2633 Telecommunications Engineering Professionals,50,2025-11,1
2633 Telecommunications Engineering Professionals,50,2026-02,1
2633 Telecommunications Engineering Professionals,50,2026-03,4
2633 Telecommunications Engineering Professionals,100,2026-08,1
2633 Telecommunications Engineering Professionals,100,2026-07,3
2633 Telecommunications Engineering Professionals,100,2026-06,2
2633 Telecommunications Engineering Professionals,40,2025-03,2
2633 Telecommunications Engineering Professionals,40,2026-01,2
2633 Telecommunications Engineering Professionals,40,2026-02,4
2633 Telecommunications Engineering Professionals,45,2026-08,2
2633 Telecommunications Engineering Professionals,45,2024-09,1
2633 Telecommunications Engineering Professionals,45,2026-05,1
2633 Telecommunications Engineering Professionals,45,2024-10,2
2633 Telecommunications Engineering Professionals,45,2024-12,1
2633 Telecommunications Engineering Professionals,45,2025-03,1
2633 Telecommunications Engineering Professionals,45,2025-05,1
2633 Telecommunications Engineering Professionals,45,2025-10,2
2633 Telecommunications Engineering Professionals,45,2025-11,1
2633 Telecommunications Engineering Professionals,45,2026-02,2
2633 Telecommunications Engineering Professionals,35,2026-05,1
2633 Telecommunications Engineering Professionals,35,2025-01,1
2633 Telecommunications Engineering Professionals,35,2025-05,1
1332 Engineering Managers,65,2026-08,13
1332 Engineering Managers,65,2026-07,14
1332 Engineering Managers,65,2026-06,10
1332 Engineering Managers,65,2024-09,1
1332 Engineering Managers,65,2026-05,2
1332 Engineering Managers,65,2024-10,4
1332 Engineering Managers,65,2024-12,1
1332 Engineering Managers,65,2024-11,4
1332 Engineering Managers,65,2025-01,1
1332 Engineering Managers,65,2025-03,4
1332 Engineering Managers,65,2025-02,5
1332 Engineering Managers,65,2025-04,1
1332 Engineering Managers,65,2025-05,3
1332 Engineering Managers,65,2025-06,3
1332 Engineering Managers,65,2025-07,8
1332 Engineering Managers,65,2025-08,10
1332 Engineering Managers,65,2025-09,13
1332 Engineering Managers,65,2025-10,5
1332 Engineering Managers,65,2025-12,3
1332 Engineering Managers,65,2026-04,6
1332 Engineering Managers,65,2025-11,5
1332 Engineering Managers,65,2026-01,6
1332 Engineering Managers,65,2026-02,7
1332 Engineering Managers,65,2026-03,5
1332 Engineering Managers,75,2026-08,6
1332 Engineering Managers,75,2026-07,12
1332 Engineering Managers,75,2026-06,3
1332 Engineering Managers,75,2024-09,1
1332 Engineering Managers,75,2026-05,5
1332 Engineering Managers,75,2024-10,3
1332 Engineering Managers,75,2024-12,1
1332 Engineering Managers,75,2024-11,2
1332 Engineering Managers,75,2025-01,8
1332 Engineering Managers,75,2025-03,2
1332 Engineering Managers,75,2025-02,3
1332 Engineering Managers,75,2025-04,2
1332 Engineering Managers,75,2025-05,2
1332 Engineering Managers,75,2025-06,5
1332 Engineering Managers,75,2025-07,7
1332 Engineering Managers,75,2025-08,3
1332 Engineering Managers,75,2025-09,8
1332 Engineering Managers,75,2025-10,5
1332 Engineering Managers,75,2025-12,3
1332 Engineering Managers,75,2026-04,4
1332 Engineering Managers,75,2025-11,10
1332 Engineering Managers,75,2026-01,4
1332 Engineering Managers,75,2026-02,5
1332 Engineering Managers,75,2026-03,3
1332 Engineering Managers,70,2026-09,1
1332 Engineering Managers,70,2026-08,9
1332 Engineering Managers,70,2026-07,8
1332 Engineering Managers,70,2026-06,10
1332 Engineering Managers,70,2026-05,6
1332 Engineering Managers,70,2024-11,1
1332 Engineering Managers,70,2025-01,3
1332 Engineering Managers,70,2025-03,3
1332 Engineering Managers,70,2025-02,3
1332 Engineering Managers,70,2025-04,5
1332 Engineering Managers,70,2025-05,4
1332 Engineering Managers,70,2025-06,3
1332 Engineering Managers,70,2025-07,4
1332 Engineering Managers,70,2025-08,4
1332 Engineering Managers,70,2025-09,7
1332 Engineering Managers,70,2025-10,7
1332 Engineering Managers,70,2025-12,3
1332 Engineering Managers,70,2026-04,3
1332 Engineering Managers,70,2025-11,4
1332 Engineering Managers,70,2026-01,9
1332 Engineering Managers,70,2026-02,6
1332 Engineering Managers,70,2026-03,13
1332 Engineering Managers,80,2026-08,9
1332 Engineering Managers,80,2026-07,1
1332 Engineering Managers,80,2026-06,1
1332 Engineering Managers,80,2024-09,1
1332 Engineering Managers,80,2026-05,7
1332 Engineering Managers,80,2025-01,4
1332 Engineering Managers,80,2025-02,1
1332 Engineering Managers,80,2025-05,5
1332 Engineering Managers,80,2025-06,1
1332 Engineering Managers,80,2025-08,2
1332 Engineering Managers,80,2025-09,1
1332 Engineering Managers,80,2025-12,1
1332 Engineering Managers,80,2026-04,3
1332 Engineering Managers,80,2025-11,1
1332 Engineering Managers,80,2026-01,1
1332 Engineering Managers,80,2026-02,1
1332 Engineering Managers,90,2026-06,1
1332 Engineering Managers,85,2026-08,4
1332 Engineering Managers,85,2026-07,1
1332 Engineering Managers,85,2026-05,1
1332 Engineering Managers,85,2025-10,1
1332 Engineering Managers,85,2025-12,1
1332 Engineering Managers,85,2026-02,1
1332 Engineering Managers,55,2026-08,6
1332 Engineering Managers,55,2026-07,4
1332 Engineering Managers,55,2026-06,7
1332 Engineering Managers,55,2026-05,4
1332 Engineering Managers,55,2025-05,1
1332 Engineering Managers,55,2025-06,1
1332 Engineering Managers,55,2025-07,2
1332 Engineering Managers,55,2025-08,3
1332 Engineering Managers,55,2025-09,4
1332 Engineering Managers,55,2025-10,1
1332 Engineering Managers,55,2025-12,1
1332 Engineering Managers,55,2025-11,1
1332 Engineering Managers,55,2026-02,2
1332 Engineering Managers,55,2026-03,2
1332 Engineering Managers,60,2026-08,3
1332 Engineering Managers,60,2026-06,4
1332 Engineering Managers,60,2026-05,2
1332 Engineering Managers,60,2024-10,1
1332 Engineering Managers,60,2025-03,3
1332 Engineering Managers,60,2025-05,1
1332 Engineering Managers,60,2025-06,3
1332 Engineering Managers,60,2025-07,1
1332 Engineering Managers,60,2025-08,1
1332 Engineering Managers,60,2025-09,3
1332 Engineering Managers,60,2025-10,2
1332 Engineering Managers,60,2025-12,1
1332 Engineering Managers,60,2026-04,4
1332 Engineering Managers,60,2026-01,4
1332 Engineering Managers,60,2026-02,2
1332 Engineering Managers,60,2026-03,2
1332 Engineering Managers,50,2024-09,1
1332 Engineering Managers,50,2024-11,1
1332 Engineering Managers,50,2025-05,1
1332 Engineering Managers,50,2025-12,1
1332 Engineering Managers,50,2025-11,1
1332 Engineering Managers,40,2026-06,1
1332 Engineering Managers,40,2025-02,1
1332 Engineering Managers,40,2026-01,1
1332 Engineering Managers,45,2026-07,2
1332 Engineering Managers,45,2026-05,2
1332 Engineering Managers,45,2025-07,2
3122 Civil Engineering Draftspersons and Technicians,65,2026-09,9
3122 Civil Engineering Draftspersons and Technicians,65,2026-08,237
3122 Civil Engineering Draftspersons and Technicians,65,2026-07,207
3122 Civil Engineering Draftspersons and Technicians,65,2026-06,159
3122 Civil Engineering Draftspersons and Technicians,65,2024-09,76
3122 Civil Engineering Draftspersons and Technicians,65,2026-05,147
3122 Civil Engineering Draftspersons and Technicians,65,2024-10,23
3122 Civil Engineering Draftspersons and Technicians,65,2024-12,51
3122 Civil Engineering Draftspersons and Technicians,65,2024-11,70
3122 Civil Engineering Draftspersons and Technicians,65,2025-01,56
3122 Civil Engineering Draftspersons and Technicians,65,2025-03,87
3122 Civil Engineering Draftspersons and Technicians,65,2025-02,60
3122 Civil Engineering Draftspersons and Technicians,65,2025-04,73
3122 Civil Engineering Draftspersons and Technicians,65,2025-05,87
3122 Civil Engineering Draftspersons and Technicians,65,2025-06,65
3122 Civil Engineering Draftspersons and Technicians,65,2025-07,82
3122 Civil Engineering Draftspersons and Technicians,65,2025-08,144
3122 Civil Engineering Draftspersons and Technicians,65,2025-09,144
3122 Civil Engineering Draftspersons and Technicians,65,2025-10,134
3122 Civil Engineering Draftspersons and Technicians,65,2025-12,110
3122 Civil Engineering Draftspersons and Technicians,65,2026-04,154
3122 Civil Engineering Draftspersons and Technicians,65,2025-11,172
3122 Civil Engineering Draftspersons and Technicians,65,2026-01,124
3122 Civil Engineering Draftspersons and Technicians,65,2026-02,146
3122 Civil Engineering Draftspersons and Technicians,65,2026-03,157
3122 Civil Engineering Draftspersons and Technicians,75,2026-09,14
3122 Civil Engineering Draftspersons and Technicians,75,2026-08,257
3122 Civil Engineering Draftspersons and Technicians,75,2026-07,209
3122 Civil Engineering Draftspersons and Technicians,75,2026-06,169
3122 Civil Engineering Draftspersons and Technicians,75,2024-09,11
3122 Civil Engineering Draftspersons and Technicians,75,2026-05,160
3122 Civil Engineering Draftspersons and Technicians,75,2024-10,9
3122 Civil Engineering Draftspersons and Technicians,75,2024-12,30
3122 Civil Engineering Draftspersons and Technicians,75,2024-11,36
3122 Civil Engineering Draftspersons and Technicians,75,2025-01,41
3122 Civil Engineering Draftspersons and Technicians,75,2025-03,33
3122 Civil Engineering Draftspersons and Technicians,75,2025-02,46
3122 Civil Engineering Draftspersons and Technicians,75,2025-04,74
3122 Civil Engineering Draftspersons and Technicians,75,2025-05,35
3122 Civil Engineering Draftspersons and Technicians,75,2025-06,50
3122 Civil Engineering Draftspersons and Technicians,75,2025-07,93
3122 Civil Engineering Draftspersons and Technicians,75,2025-08,99
3122 Civil Engineering Draftspersons and Technicians,75,2025-09,108
3122 Civil Engineering Draftspersons and Technicians,75,2025-10,114
3122 Civil Engineering Draftspersons and Technicians,75,2025-12,120
3122 Civil Engineering Draftspersons and Technicians,75,2026-04,134
3122 Civil Engineering Draftspersons and Technicians,75,2025-11,104
3122 Civil Engineering Draftspersons and Technicians,75,2026-01,112
3122 Civil Engineering Draftspersons and Technicians,75,2026-02,138
3122 Civil Engineering Draftspersons and Technicians,75,2026-03,119
3122 Civil Engineering Draftspersons and Technicians,70,2026-09,14
3122 Civil Engineering Draftspersons and Technicians,70,2026-08,224
3122 Civil Engineering Draftspersons and Technicians,70,2026-07,195
3122 Civil Engineering Draftspersons and Technicians,70,2026-06,224
3122 Civil Engineering Draftspersons and Technicians,70,2024-09,66
3122 Civil Engineering Draftspersons and Technicians,70,2026-05,192
3122 Civil Engineering Draftspersons and Technicians,70,2024-10,38
3122 Civil Engineering Draftspersons and Technicians,70,2024-12,49
3122 Civil Engineering Draftspersons and Technicians,70,2024-11,70
3122 Civil Engineering Draftspersons and Technicians,70,2025-01,64
3122 Civil Engineering Draftspersons and Technicians,70,2025-03,67
3122 Civil Engineering Draftspersons and Technicians,70,2025-02,54
3122 Civil Engineering Draftspersons and Technicians,70,2025-04,67
3122 Civil Engineering Draftspersons and Technicians,70,2025-05,86
3122 Civil Engineering Draftspersons and Technicians,70,2025-06,80
3122 Civil Engineering Draftspersons and Technicians,70,2025-07,109
3122 Civil Engineering Draftspersons and Technicians,70,2025-08,118
3122 Civil Engineering Draftspersons and Technicians,70,2025-09,148
3122 Civil Engineering Draftspersons and Technicians,70,2025-10,128
3122 Civil Engineering Draftspersons and Technicians,70,2025-12,153
3122 Civil Engineering Draftspersons and Technicians,70,2026-04,173
3122 Civil Engineering Draftspersons and Technicians,70,2025-11,169
3122 Civil Engineering Draftspersons and Technicians,70,2026-01,127
3122 Civil Engineering Draftspersons and Technicians,70,2026-02,183
3122 Civil Engineering Draftspersons and Technicians,70,2026-03,196
3122 Civil Engineering Draftspersons and Technicians,80,2026-09,5
3122 Civil Engineering Draftspersons and Technicians,80,2026-08,158
3122 Civil Engineering Draftspersons and Technicians,80,2026-07,142
3122 Civil Engineering Draftspersons and Technicians,80,2026-06,113
3122 Civil Engineering Draftspersons and Technicians,80,2024-09,6
3122 Civil Engineering Draftspersons and Technicians,80,2026-05,102
3122 Civil Engineering Draftspersons and Technicians,80,2024-10,11
3122 Civil Engineering Draftspersons and Technicians,80,2024-12,10
3122 Civil Engineering Draftspersons and Technicians,80,2024-11,17
3122 Civil Engineering Draftspersons and Technicians,80,2025-01,15
3122 Civil Engineering Draftspersons and Technicians,80,2025-03,26
3122 Civil Engineering Draftspersons and Technicians,80,2025-02,22
3122 Civil Engineering Draftspersons and Technicians,80,2025-04,19
3122 Civil Engineering Draftspersons and Technicians,80,2025-05,36
3122 Civil Engineering Draftspersons and Technicians,80,2025-06,32
3122 Civil Engineering Draftspersons and Technicians,80,2025-07,32
3122 Civil Engineering Draftspersons and Technicians,80,2025-08,51
3122 Civil Engineering Draftspersons and Technicians,80,2025-09,56
3122 Civil Engineering Draftspersons and Technicians,80,2025-10,46
3122 Civil Engineering Draftspersons and Technicians,80,2025-12,64
3122 Civil Engineering Draftspersons and Technicians,80,2026-04,98
3122 Civil Engineering Draftspersons and Technicians,80,2025-11,89
3122 Civil Engineering Draftspersons and Technicians,80,2026-01,84
3122 Civil Engineering Draftspersons and Technicians,80,2026-02,91
3122 Civil Engineering Draftspersons and Technicians,80,2026-03,101
3122 Civil Engineering Draftspersons and Technicians,95,2026-08,4
3122 Civil Engineering Draftspersons and Technicians,95,2026-07,6
3122 Civil Engineering Draftspersons and Technicians,95,2026-06,4
3122 Civil Engineering Draftspersons and Technicians,95,2026-05,6
3122 Civil Engineering Draftspersons and Technicians,95,2025-12,1
3122 Civil Engineering Draftspersons and Technicians,95,2026-04,6
3122 Civil Engineering Draftspersons and Technicians,95,2025-11,1
3122 Civil Engineering Draftspersons and Technicians,95,2026-01,3
3122 Civil Engineering Draftspersons and Technicians,95,2026-02,1
3122 Civil Engineering Draftspersons and Technicians,95,2026-03,4
3122 Civil Engineering Draftspersons and Technicians,90,2026-08,42
3122 Civil Engineering Draftspersons and Technicians,90,2026-07,25
3122 Civil Engineering Draftspersons and Technicians,90,2026-06,24
3122 Civil Engineering Draftspersons and Technicians,90,2026-05,16
3122 Civil Engineering Draftspersons and Technicians,90,2025-05,3
3122 Civil Engineering Draftspersons and Technicians,90,2025-08,2
3122 Civil Engineering Draftspersons and Technicians,90,2025-09,2
3122 Civil Engineering Draftspersons and Technicians,90,2025-10,1
3122 Civil Engineering Draftspersons and Technicians,90,2025-12,3
3122 Civil Engineering Draftspersons and Technicians,90,2026-04,38
3122 Civil Engineering Draftspersons and Technicians,90,2025-11,7
3122 Civil Engineering Draftspersons and Technicians,90,2026-01,17
3122 Civil Engineering Draftspersons and Technicians,90,2026-02,13
3122 Civil Engineering Draftspersons and Technicians,90,2026-03,17
3122 Civil Engineering Draftspersons and Technicians,85,2026-09,5
3122 Civil Engineering Draftspersons and Technicians,85,2026-08,134
3122 Civil Engineering Draftspersons and Technicians,85,2026-07,126
3122 Civil Engineering Draftspersons and Technicians,85,2026-06,87
3122 Civil Engineering Draftspersons and Technicians,85,2024-09,2
3122 Civil Engineering Draftspersons and Technicians,85,2026-05,69
3122 Civil Engineering Draftspersons and Technicians,85,2024-12,5
3122 Civil Engineering Draftspersons and Technicians,85,2024-11,3
3122 Civil Engineering Draftspersons and Technicians,85,2025-01,3
3122 Civil Engineering Draftspersons and Technicians,85,2025-03,1
3122 Civil Engineering Draftspersons and Technicians,85,2025-02,16
3122 Civil Engineering Draftspersons and Technicians,85,2025-04,5
3122 Civil Engineering Draftspersons and Technicians,85,2025-05,7
3122 Civil Engineering Draftspersons and Technicians,85,2025-06,13
3122 Civil Engineering Draftspersons and Technicians,85,2025-07,5
3122 Civil Engineering Draftspersons and Technicians,85,2025-08,15
3122 Civil Engineering Draftspersons and Technicians,85,2025-09,34
3122 Civil Engineering Draftspersons and Technicians,85,2025-10,33
3122 Civil Engineering Draftspersons and Technicians,85,2025-12,39
3122 Civil Engineering Draftspersons and Technicians,85,2026-04,82
3122 Civil Engineering Draftspersons and Technicians,85,2025-11,54
3122 Civil Engineering Draftspersons and Technicians,85,2026-01,82
3122 Civil Engineering Draftspersons and Technicians,85,2026-02,61
3122 Civil Engineering Draftspersons and Technicians,85,2026-03,67
3122 Civil Engineering Draftspersons and Technicians,55,2026-08,69
3122 Civil Engineering Draftspersons and Technicians,55,2026-07,30
3122 Civil Engineering Draftspersons and Technicians,55,2026-06,47
3122 Civil Engineering Draftspersons and Technicians,55,2024-09,22
3122 Civil Engineering Draftspersons and Technicians,55,2026-05,41
3122 Civil Engineering Draftspersons and Technicians,55,2024-10,11
3122 Civil Engineering Draftspersons and Technicians,55,2024-12,12
3122 Civil Engineering Draftspersons and Technicians,55,2024-11,9
3122 Civil Engineering Draftspersons and Technicians,55,2025-01,9
3122 Civil Engineering Draftspersons and Technicians,55,2025-03,16
3122 Civil Engineering Draftspersons and Technicians,55,2025-02,13
3122 Civil Engineering Draftspersons and Technicians,55,2025-04,13
3122 Civil Engineering Draftspersons and Technicians,55,2025-05,17
3122 Civil Engineering Draftspersons and Technicians,55,2025-06,16
3122 Civil Engineering Draftspersons and Technicians,55,2025-07,22
3122 Civil Engineering Draftspersons and Technicians,55,2025-08,33
3122 Civil Engineering Draftspersons and Technicians,55,2025-09,36
3122 Civil Engineering Draftspersons and Technicians,55,2025-10,37
3122 Civil Engineering Draftspersons and Technicians,55,2025-12,29
3122 Civil Engineering Draftspersons and Technicians,55,2026-04,38
3122 Civil Engineering Draftspersons and Technicians,55,2025-11,27
3122 Civil Engineering Draftspersons and Technicians,55,2026-01,23
3122 Civil Engineering Draftspersons and Technicians,55,2026-02,42
3122 Civil Engineering Draftspersons and Technicians,55,2026-03,50
3122 Civil Engineering Draftspersons and Technicians,60,2026-09,1
3122 Civil Engineering Draftspersons and Technicians,60,2026-08,118
3122 Civil Engineering Draftspersons and Technicians,60,2026-07,84
3122 Civil Engineering Draftspersons and Technicians,60,2026-06,97
3122 Civil Engineering Draftspersons and Technicians,60,2024-09,16
3122 Civil Engineering Draftspersons and Technicians,60,2026-05,69
3122 Civil Engineering Draftspersons and Technicians,60,2024-10,9
3122 Civil Engineering Draftspersons and Technicians,60,2024-12,30
3122 Civil Engineering Draftspersons and Technicians,60,2024-11,17
3122 Civil Engineering Draftspersons and Technicians,60,2025-01,28
3122 Civil Engineering Draftspersons and Technicians,60,2025-03,30
3122 Civil Engineering Draftspersons and Technicians,60,2025-02,19
3122 Civil Engineering Draftspersons and Technicians,60,2025-04,21
3122 Civil Engineering Draftspersons and Technicians,60,2025-05,28
3122 Civil Engineering Draftspersons and Technicians,60,2025-06,29
3122 Civil Engineering Draftspersons and Technicians,60,2025-07,27
3122 Civil Engineering Draftspersons and Technicians,60,2025-08,35
3122 Civil Engineering Draftspersons and Technicians,60,2025-09,33
3122 Civil Engineering Draftspersons and Technicians,60,2025-10,63
3122 Civil Engineering Draftspersons and Technicians,60,2025-12,62
3122 Civil Engineering Draftspersons and Technicians,60,2026-04,93
3122 Civil Engineering Draftspersons and Technicians,60,2025-11,47
3122 Civil Engineering Draftspersons and Technicians,60,2026-01,62
3122 Civil Engineering Draftspersons and Technicians,60,2026-02,65
3122 Civil Engineering Draftspersons and Technicians,60,2026-03,63
3122 Civil Engineering Draftspersons and Technicians,50,2026-08,25
3122 Civil Engineering Draftspersons and Technicians,50,2026-07,23
3122 Civil Engineering Draftspersons and Technicians,50,2026-06,38
3122 Civil Engineering Draftspersons and Technicians,50,2024-09,5
3122 Civil Engineering Draftspersons and Technicians,50,2024-07,1
3122 Civil Engineering Draftspersons and Technicians,50,2026-05,13
3122 Civil Engineering Draftspersons and Technicians,50,2024-10,3
3122 Civil Engineering Draftspersons and Technicians,50,2024-12,5
3122 Civil Engineering Draftspersons and Technicians,50,2024-11,2
3122 Civil Engineering Draftspersons and Technicians,50,2025-01,1
3122 Civil Engineering Draftspersons and Technicians,50,2025-03,14
3122 Civil Engineering Draftspersons and Technicians,50,2025-02,4
3122 Civil Engineering Draftspersons and Technicians,50,2025-04,3
3122 Civil Engineering Draftspersons and Technicians,50,2025-05,5
3122 Civil Engineering Draftspersons and Technicians,50,2025-06,17
3122 Civil Engineering Draftspersons and Technicians,50,2025-07,6
3122 Civil Engineering Draftspersons and Technicians,50,2025-08,11
3122 Civil Engineering Draftspersons and Technicians,50,2025-09,10
3122 Civil Engineering Draftspersons and Technicians,50,2025-10,13
3122 Civil Engineering Draftspersons and Technicians,50,2025-12,17
3122 Civil Engineering Draftspersons and Technicians,50,2026-04,16
3122 Civil Engineering Draftspersons and Technicians,50,2025-11,16
3122 Civil Engineering Draftspersons and Technicians,50,2026-01,10
3122 Civil Engineering Draftspersons and Technicians,50,2026-02,15
3122 Civil Engineering Draftspersons and Technicians,50,2026-03,16
3122 Civil Engineering Draftspersons and Technicians,100,2026-08,2
3122 Civil Engineering Draftspersons and Technicians,105,2026-03,1
3122 Civil Engineering Draftspersons and Technicians,40,2026-08,7
3122 Civil Engineering Draftspersons and Technicians,40,2026-07,3
3122 Civil Engineering Draftspersons and Technicians,40,2026-05,2
3122 Civil Engineering Draftspersons and Technicians,40,2024-11,1
3122 Civil Engineering Draftspersons and Technicians,40,2025-03,2
3122 Civil Engineering Draftspersons and Technicians,40,2025-08,1
3122 Civil Engineering Draftspersons and Technicians,40,2025-10,1
3122 Civil Engineering Draftspersons and Technicians,40,2026-04,9
3122 Civil Engineering Draftspersons and Technicians,40,2025-11,1
3122 Civil Engineering Draftspersons and Technicians,40,2026-01,1
3122 Civil Engineering Draftspersons and Technicians,40,2026-02,4
3122 Civil Engineering Draftspersons and Technicians,40,2026-03,5
3122 Civil Engineering Draftspersons and Technicians,45,2026-08,5
3122 Civil Engineering Draftspersons and Technicians,45,2026-07,12
3122 Civil Engineering Draftspersons and Technicians,45,2026-06,6
3122 Civil Engineering Draftspersons and Technicians,45,2024-09,3
3122 Civil Engineering Draftspersons and Technicians,45,2026-05,5
3122 Civil Engineering Draftspersons and Technicians,45,2024-12,1
3122 Civil Engineering Draftspersons and Technicians,45,2024-11,1
3122 Civil Engineering Draftspersons and Technicians,45,2025-01,1
3122 Civil Engineering Draftspersons and Technicians,45,2025-03,1
3122 Civil Engineering Draftspersons and Technicians,45,2025-05,2
3122 Civil Engineering Draftspersons and Technicians,45,2025-07,2
3122 Civil Engineering Draftspersons and Technicians,45,2025-08,4
3122 Civil Engineering Draftspersons and Technicians,45,2025-09,2
3122 Civil Engineering Draftspersons and Technicians,45,2025-10,2
3122 Civil Engineering Draftspersons and Technicians,45,2025-12,1
3122 Civil Engineering Draftspersons and Technicians,45,2026-04,7
3122 Civil Engineering Draftspersons and Technicians,45,2025-11,4
3122 Civil Engineering Draftspersons and Technicians,45,2026-01,3
3122 Civil Engineering Draftspersons and Technicians,45,2026-02,1
3122 Civil Engineering Draftspersons and Technicians,45,2026-03,3
3122 Civil Engineering Draftspersons and Technicians,25,2026-05,1
3122 Civil Engineering Draftspersons and Technicians,35,2026-08,1
3122 Civil Engineering Draftspersons and Technicians,35,2026-07,1
3122 Civil Engineering Draftspersons and Technicians,35,2026-06,1
3122 Civil Engineering Draftspersons and Technicians,35,2025-09,1
3122 Civil Engineering Draftspersons and Technicians,35,2026-02,2
3122 Civil Engineering Draftspersons and Technicians,35,2026-03,1
1399 Other Specialist Managers,65,2026-08,6
1399 Other Specialist Managers,65,2026-07,2
1399 Other Specialist Managers,65,2026-06,4
1399 Other Specialist Managers,65,2024-09,1
1399 Other Specialist Managers,65,2026-05,1
1399 Other Specialist Managers,65,2024-12,1
1399 Other Specialist Managers,65,2024-11,1
1399 Other Specialist Managers,65,2025-01,1
1399 Other Specialist Managers,65,2025-03,3
1399 Other Specialist Managers,65,2025-02,1
1399 Other Specialist Managers,65,2025-04,1
1399 Other Specialist Managers,65,2025-05,1
1399 Other Specialist Managers,65,2025-06,4
1399 Other Specialist Managers,65,2025-08,4
1399 Other Specialist Managers,65,2025-09,2
1399 Other Specialist Managers,65,2025-12,4
1399 Other Specialist Managers,65,2026-04,3
1399 Other Specialist Managers,65,2025-11,4
1399 Other Specialist Managers,65,2026-01,3
1399 Other Specialist Managers,65,2026-02,7
1399 Other Specialist Managers,65,2026-03,3
1399 Other Specialist Managers,75,2026-08,6
1399 Other Specialist Managers,75,2026-07,2
1399 Other Specialist Managers,75,2026-06,4
1399 Other Specialist Managers,75,2024-09,3
1399 Other Specialist Managers,75,2026-05,6
1399 Other Specialist Managers,75,2024-10,1
1399 Other Specialist Managers,75,2024-12,2
1399 Other Specialist Managers,75,2025-03,1
1399 Other Specialist Managers,75,2025-02,1
1399 Other Specialist Managers,75,2025-04,2
1399 Other Specialist Managers,75,2025-05,2
1399 Other Specialist Managers,75,2025-06,1
1399 Other Specialist Managers,75,2025-07,3
1399 Other Specialist Managers,75,2025-08,4
1399 Other Specialist Managers,75,2025-09,5
1399 Other Specialist Managers,75,2025-12,10
1399 Other Specialist Managers,75,2026-04,5
1399 Other Specialist Managers,75,2025-11,3
1399 Other Specialist Managers,75,2026-01,4
1399 Other Specialist Managers,75,2026-02,4
1399 Other Specialist Managers,75,2026-03,3
1399 Other Specialist Managers,70,2026-08,15
1399 Other Specialist Managers,70,2026-07,3
1399 Other Specialist Managers,70,2026-06,2
1399 Other Specialist Managers,70,2026-05,3
1399 Other Specialist Managers,70,2024-12,1
1399 Other Specialist Managers,70,2025-05,2
1399 Other Specialist Managers,70,2025-06,2
1399 Other Specialist Managers,70,2025-07,2
1399 Other Specialist Managers,70,2025-08,2
1399 Other Specialist Managers,70,2025-09,1
1399 Other Specialist Managers,70,2025-10,3
1399 Other Specialist Managers,70,2025-12,5
1399 Other Specialist Managers,70,2026-04,3
1399 Other Specialist Managers,70,2025-11,4
1399 Other Specialist Managers,70,2026-01,7
1399 Other Specialist Managers,70,2026-02,2
1399 Other Specialist Managers,70,2026-03,5
1399 Other Specialist Managers,80,2026-08,8
1399 Other Specialist Managers,80,2026-07,5
1399 Other Specialist Managers,80,2026-06,3
1399 Other Specialist Managers,80,2025-07,2
1399 Other Specialist Managers,80,2025-12,1
1399 Other Specialist Managers,80,2026-04,2
1399 Other Specialist Managers,80,2025-11,1
1399 Other Specialist Managers,90,2026-08,2
1399 Other Specialist Managers,90,2026-07,1
1399 Other Specialist Managers,85,2026-08,5
1399 Other Specialist Managers,85,2026-06,1
1399 Other Specialist Managers,85,2026-05,4
1399 Other Specialist Managers,85,2025-11,1
1399 Other Specialist Managers,85,2026-01,1
1399 Other Specialist Managers,55,2026-08,4
1399 Other Specialist Managers,55,2026-07,1
1399 Other Specialist Managers,55,2026-06,1
1399 Other Specialist Managers,55,2026-05,1
1399 Other Specialist Managers,55,2024-10,8
1399 Other Specialist Managers,55,2024-11,8
1399 Other Specialist Managers,55,2025-05,2
1399 Other Specialist Managers,55,2025-10,1
1399 Other Specialist Managers,55,2025-11,8
1399 Other Specialist Managers,55,2026-01,1
1399 Other Specialist Managers,55,2026-02,2
1399 Other Specialist Managers,55,2026-03,1
1399 Other Specialist Managers,60,2026-09,1
1399 Other Specialist Managers,60,2026-08,2
1399 Other Specialist Managers,60,2026-07,1
1399 Other Specialist Managers,60,2026-06,7
1399 Other Specialist Managers,60,2026-05,8
1399 Other Specialist Managers,60,2024-10,1
1399 Other Specialist Managers,60,2024-12,1
1399 Other Specialist Managers,60,2025-07,1
1399 Other Specialist Managers,60,2025-08,1
1399 Other Specialist Managers,60,2025-10,2
1399 Other Specialist Managers,60,2025-12,9
1399 Other Specialist Managers,60,2025-11,1
1399 Other Specialist Managers,60,2026-02,2
1399 Other Specialist Managers,50,2026-08,1
1399 Other Specialist Managers,50,2026-05,1
1399 Other Specialist Managers,50,2025-01,1
1399 Other Specialist Managers,50,2025-12,1
1399 Other Specialist Managers,50,2026-04,1
1399 Other Specialist Managers,40,2026-08,1
1399 Other Specialist Managers,45,2026-05,1
1399 Other Specialist Managers,45,2026-02,1
2322 Cartographers and Surveyors,65,2026-08,10
2322 Cartographers and Surveyors,65,2026-07,8
2322 Cartographers and Surveyors,65,2026-06,8
2322 Cartographers and Surveyors,65,2024-09,2
2322 Cartographers and Surveyors,65,2026-05,13
2322 Cartographers and Surveyors,65,2024-10,1
2322 Cartographers and Surveyors,65,2024-11,4
2322 Cartographers and Surveyors,65,2025-01,2
2322 Cartographers and Surveyors,65,2025-03,2
2322 Cartographers and Surveyors,65,2025-02,1
2322 Cartographers and Surveyors,65,2025-04,4
2322 Cartographers and Surveyors,65,2025-05,5
2322 Cartographers and Surveyors,65,2025-06,3
2322 Cartographers and Surveyors,65,2025-07,4
2322 Cartographers and Surveyors,65,2025-08,5
2322 Cartographers and Surveyors,65,2025-09,8
2322 Cartographers and Surveyors,65,2025-12,5
2322 Cartographers and Surveyors,65,2026-04,8
2322 Cartographers and Surveyors,65,2025-11,6
2322 Cartographers and Surveyors,65,2026-01,5
2322 Cartographers and Surveyors,65,2026-02,8
2322 Cartographers and Surveyors,65,2026-03,9
2322 Cartographers and Surveyors,75,2026-08,9
2322 Cartographers and Surveyors,75,2026-07,10
2322 Cartographers and Surveyors,75,2026-06,2
2322 Cartographers and Surveyors,75,2026-05,6
2322 Cartographers and Surveyors,75,2024-10,1
2322 Cartographers and Surveyors,75,2024-12,1
2322 Cartographers and Surveyors,75,2024-11,1
2322 Cartographers and Surveyors,75,2025-01,1
2322 Cartographers and Surveyors,75,2025-04,1
2322 Cartographers and Surveyors,75,2025-05,3
2322 Cartographers and Surveyors,75,2025-06,3
2322 Cartographers and Surveyors,75,2025-07,1
2322 Cartographers and Surveyors,75,2025-08,4
2322 Cartographers and Surveyors,75,2025-09,6
2322 Cartographers and Surveyors,75,2025-10,2
2322 Cartographers and Surveyors,75,2025-12,2
2322 Cartographers and Surveyors,75,2026-04,3
2322 Cartographers and Surveyors,75,2025-11,6
2322 Cartographers and Surveyors,75,2026-01,6
2322 Cartographers and Surveyors,75,2026-02,8
2322 Cartographers and Surveyors,75,2026-03,6
2322 Cartographers and Surveyors,70,2026-08,8
2322 Cartographers and Surveyors,70,2026-07,16
2322 Cartographers and Surveyors,70,2026-06,4
2322 Cartographers and Surveyors,70,2024-09,1
2322 Cartographers and Surveyors,70,2026-05,5
2322 Cartographers and Surveyors,70,2024-10,1
2322 Cartographers and Surveyors,70,2024-12,2
2322 Cartographers and Surveyors,70,2024-11,9
2322 Cartographers and Surveyors,70,2025-01,1
2322 Cartographers and Surveyors,70,2025-03,2
2322 Cartographers and Surveyors,70,2025-02,11
2322 Cartographers and Surveyors,70,2025-05,2
2322 Cartographers and Surveyors,70,2025-06,5
2322 Cartographers and Surveyors,70,2025-07,1
2322 Cartographers and Surveyors,70,2025-08,3
2322 Cartographers and Surveyors,70,2025-09,6
2322 Cartographers and Surveyors,70,2025-10,6
2322 Cartographers and Surveyors,70,2025-12,4
2322 Cartographers and Surveyors,70,2026-04,5
2322 Cartographers and Surveyors,70,2025-11,7
2322 Cartographers and Surveyors,70,2026-01,7
2322 Cartographers and Surveyors,70,2026-02,14
2322 Cartographers and Surveyors,70,2026-03,4
2322 Cartographers and Surveyors,80,2026-08,7
2322 Cartographers and Surveyors,80,2026-07,3
2322 Cartographers and Surveyors,80,2026-06,3
2322 Cartographers and Surveyors,80,2024-09,1
2322 Cartographers and Surveyors,80,2026-05,3
2322 Cartographers and Surveyors,80,2025-06,1
2322 Cartographers and Surveyors,80,2025-08,3
2322 Cartographers and Surveyors,80,2025-09,3
2322 Cartographers and Surveyors,80,2025-10,2
2322 Cartographers and Surveyors,80,2025-12,1
2322 Cartographers and Surveyors,80,2026-04,2
2322 Cartographers and Surveyors,80,2025-11,1
2322 Cartographers and Surveyors,80,2026-01,1
2322 Cartographers and Surveyors,80,2026-02,2
2322 Cartographers and Surveyors,90,2026-08,4
2322 Cartographers and Surveyors,90,2026-07,1
2322 Cartographers and Surveyors,90,2026-05,1
2322 Cartographers and Surveyors,90,2026-02,1
2322 Cartographers and Surveyors,85,2026-09,1
2322 Cartographers and Surveyors,85,2026-08,6
2322 Cartographers and Surveyors,85,2026-07,2
2322 Cartographers and Surveyors,85,2026-06,4
2322 Cartographers and Surveyors,85,2025-10,6
2322 Cartographers and Surveyors,85,2025-12,1
2322 Cartographers and Surveyors,85,2026-04,3
2322 Cartographers and Surveyors,85,2025-11,1
2322 Cartographers and Surveyors,85,2026-02,8
2322 Cartographers and Surveyors,85,2026-03,2
2322 Cartographers and Surveyors,55,2026-07,4
2322 Cartographers and Surveyors,55,2026-06,5
2322 Cartographers and Surveyors,55,2026-05,2
2322 Cartographers and Surveyors,55,2025-05,1
2322 Cartographers and Surveyors,55,2025-08,2
2322 Cartographers and Surveyors,55,2025-09,2
2322 Cartographers and Surveyors,55,2026-04,1
2322 Cartographers and Surveyors,55,2025-11,4
2322 Cartographers and Surveyors,55,2026-01,4
2322 Cartographers and Surveyors,55,2026-03,3
2322 Cartographers and Surveyors,60,2026-08,5
2322 Cartographers and Surveyors,60,2026-07,9
2322 Cartographers and Surveyors,60,2026-06,3
2322 Cartographers and Surveyors,60,2024-09,1
2322 Cartographers and Surveyors,60,2026-05,3
2322 Cartographers and Surveyors,60,2024-11,1
2322 Cartographers and Surveyors,60,2025-01,1
2322 Cartographers and Surveyors,60,2025-03,1
2322 Cartographers and Surveyors,60,2025-04,1
2322 Cartographers and Surveyors,60,2025-05,3
2322 Cartographers and Surveyors,60,2025-06,1
2322 Cartographers and Surveyors,60,2025-08,1
2322 Cartographers and Surveyors,60,2025-09,11
2322 Cartographers and Surveyors,60,2025-10,3
2322 Cartographers and Surveyors,60,2026-04,2
2322 Cartographers and Surveyors,60,2025-11,2
2322 Cartographers and Surveyors,60,2026-01,2
2322 Cartographers and Surveyors,60,2026-02,15
2322 Cartographers and Surveyors,60,2026-03,10
2322 Cartographers and Surveyors,50,2026-08,1
2322 Cartographers and Surveyors,50,2026-07,1
2322 Cartographers and Surveyors,50,2026-06,1
2322 Cartographers and Surveyors,50,2025-05,1
2322 Cartographers and Surveyors,50,2026-01,1
2322 Cartographers and Surveyors,40,2026-06,1
3233 Precision Metal Trades Workers,65,2026-08,1
3233 Precision Metal Trades Workers,65,2026-06,1
3233 Precision Metal Trades Workers,65,2025-12,1
3233 Precision Metal Trades Workers,65,2026-03,1
3233 Precision Metal Trades Workers,75,2026-08,1
3233 Precision Metal Trades Workers,75,2025-11,1
3233 Precision Metal Trades Workers,70,2026-06,1
3233 Precision Metal Trades Workers,70,2025-10,1
3233 Precision Metal Trades Workers,70,2026-03,1
3233 Precision Metal Trades Workers,55,2025-04,1
3233 Precision Metal Trades Workers,55,2026-04,1
3233 Precision Metal Trades Workers,55,2026-03,1
3233 Precision Metal Trades Workers,60,2025-04,1
3233 Precision Metal Trades Workers,60,2026-04,1
3233 Precision Metal Trades Workers,45,2026-04,1
2245 Land Economists and Valuers,65,2026-08,1
2245 Land Economists and Valuers,65,2026-07,3
2245 Land Economists and Valuers,65,2026-06,5
2245 Land Economists and Valuers,65,2024-10,1
2245 Land Economists and Valuers,65,2024-12,1
2245 Land Economists and Valuers,65,2025-01,1
2245 Land Economists and Valuers,65,2025-02,1
2245 Land Economists and Valuers,65,2025-05,2
2245 Land Economists and Valuers,65,2025-06,10
2245 Land Economists and Valuers,65,2025-07,1
2245 Land Economists and Valuers,65,2025-09,1
2245 Land Economists and Valuers,65,2025-12,1
2245 Land Economists and Valuers,65,2026-04,2
2245 Land Economists and Valuers,65,2026-01,1
2245 Land Economists and Valuers,65,2026-02,9
2245 Land Economists and Valuers,75,2026-08,4
2245 Land Economists and Valuers,75,2026-07,6
2245 Land Economists and Valuers,75,2026-06,12
2245 Land Economists and Valuers,75,2026-05,2
2245 Land Economists and Valuers,75,2024-12,1
2245 Land Economists and Valuers,75,2025-02,3
2245 Land Economists and Valuers,75,2025-05,1
2245 Land Economists and Valuers,75,2025-06,10
2245 Land Economists and Valuers,75,2025-07,2
2245 Land Economists and Valuers,75,2025-08,4
2245 Land Economists and Valuers,75,2025-10,3
2245 Land Economists and Valuers,75,2025-12,3
2245 Land Economists and Valuers,75,2026-04,2
2245 Land Economists and Valuers,75,2025-11,1
2245 Land Economists and Valuers,75,2026-01,2
2245 Land Economists and Valuers,75,2026-02,4
2245 Land Economists and Valuers,75,2026-03,4
2245 Land Economists and Valuers,70,2026-08,4
2245 Land Economists and Valuers,70,2026-07,1
2245 Land Economists and Valuers,70,2026-06,2
2245 Land Economists and Valuers,70,2026-05,3
2245 Land Economists and Valuers,70,2025-03,1
2245 Land Economists and Valuers,70,2025-02,1
2245 Land Economists and Valuers,70,2025-04,2
2245 Land Economists and Valuers,70,2025-05,1
2245 Land Economists and Valuers,70,2025-08,1
2245 Land Economists and Valuers,70,2025-09,2
2245 Land Economists and Valuers,70,2025-10,1
2245 Land Economists and Valuers,70,2026-04,1
2245 Land Economists and Valuers,70,2026-01,3
2245 Land Economists and Valuers,70,2026-02,2
2245 Land Economists and Valuers,80,2026-08,6
2245 Land Economists and Valuers,80,2026-07,1
2245 Land Economists and Valuers,80,2026-06,1
2245 Land Economists and Valuers,80,2026-05,2
2245 Land Economists and Valuers,80,2024-10,1
2245 Land Economists and Valuers,80,2024-11,1
2245 Land Economists and Valuers,80,2025-03,1
2245 Land Economists and Valuers,80,2025-04,3
2245 Land Economists and Valuers,80,2025-07,2
2245 Land Economists and Valuers,80,2025-08,3
2245 Land Economists and Valuers,80,2025-09,1
2245 Land Economists and Valuers,80,2026-04,5
2245 Land Economists and Valuers,80,2025-11,1
2245 Land Economists and Valuers,80,2026-01,2
2245 Land Economists and Valuers,80,2026-03,1
2245 Land Economists and Valuers,90,2026-08,1
2245 Land Economists and Valuers,85,2026-08,2
2245 Land Economists and Valuers,85,2026-06,1
2245 Land Economists and Valuers,85,2025-10,1
2245 Land Economists and Valuers,85,2026-01,1
2245 Land Economists and Valuers,85,2026-03,1
2245 Land Economists and Valuers,55,2026-07,1
2245 Land Economists and Valuers,55,2026-06,1
2245 Land Economists and Valuers,60,2026-06,2
2245 Land Economists and Valuers,60,2026-05,1
2245 Land Economists and Valuers,60,2024-11,1
2245 Land Economists and Valuers,60,2025-06,1
2245 Land Economists and Valuers,60,2026-04,1
2245 Land Economists and Valuers,50,2026-04,1
2245 Land Economists and Valuers,50,2025-11,1
2245 Land Economists and Valuers,40,2026-01,1
2245 Land Economists and Valuers,45,2025-10,1
2245 Land Economists and Valuers,30,2025-11,1
2336 Mining Engineers,65,2026-09,2
2336 Mining Engineers,65,2026-08,34
2336 Mining Engineers,65,2026-07,31
2336 Mining Engineers,65,2026-06,33
2336 Mining Engineers,65,2024-09,10
2336 Mining Engineers,65,2026-05,22
2336 Mining Engineers,65,2024-10,11
2336 Mining Engineers,65,2024-12,3
2336 Mining Engineers,65,2024-11,8
2336 Mining Engineers,65,2025-01,4
2336 Mining Engineers,65,2025-03,6
2336 Mining Engineers,65,2025-02,18
2336 Mining Engineers,65,2025-04,13
2336 Mining Engineers,65,2025-05,2
2336 Mining Engineers,65,2025-06,13
2336 Mining Engineers,65,2025-07,14
2336 Mining Engineers,65,2025-08,11
2336 Mining Engineers,65,2025-09,13
2336 Mining Engineers,65,2025-10,18
2336 Mining Engineers,65,2025-12,9
2336 Mining Engineers,65,2026-04,18
2336 Mining Engineers,65,2025-11,8
2336 Mining Engineers,65,2026-01,10
2336 Mining Engineers,65,2026-02,19
2336 Mining Engineers,65,2026-03,11
2336 Mining Engineers,75,2026-08,33
2336 Mining Engineers,75,2026-07,19
2336 Mining Engineers,75,2026-06,15
2336 Mining Engineers,75,2024-09,1
2336 Mining Engineers,75,2026-05,12
2336 Mining Engineers,75,2024-10,1
2336 Mining Engineers,75,2024-12,3
2336 Mining Engineers,75,2024-11,1
2336 Mining Engineers,75,2025-01,4
2336 Mining Engineers,75,2025-03,6
2336 Mining Engineers,75,2025-02,4
2336 Mining Engineers,75,2025-04,2
2336 Mining Engineers,75,2025-05,3
2336 Mining Engineers,75,2025-06,6
2336 Mining Engineers,75,2025-07,5
2336 Mining Engineers,75,2025-08,14
2336 Mining Engineers,75,2025-09,8
2336 Mining Engineers,75,2025-10,8
2336 Mining Engineers,75,2025-12,9
2336 Mining Engineers,75,2026-04,15
2336 Mining Engineers,75,2025-11,16
2336 Mining Engineers,75,2026-01,22
2336 Mining Engineers,75,2026-02,15
2336 Mining Engineers,75,2026-03,11
2336 Mining Engineers,70,2026-08,27
2336 Mining Engineers,70,2026-07,27
2336 Mining Engineers,70,2026-06,12
2336 Mining Engineers,70,2024-09,3
2336 Mining Engineers,70,2026-05,25
2336 Mining Engineers,70,2024-10,2
2336 Mining Engineers,70,2024-12,2
2336 Mining Engineers,70,2024-11,2
2336 Mining Engineers,70,2025-01,9
2336 Mining Engineers,70,2025-03,13
2336 Mining Engineers,70,2025-02,5
2336 Mining Engineers,70,2025-04,4
2336 Mining Engineers,70,2025-05,9
2336 Mining Engineers,70,2025-06,2
2336 Mining Engineers,70,2025-07,10
2336 Mining Engineers,70,2025-08,6
2336 Mining Engineers,70,2025-09,9
2336 Mining Engineers,70,2025-10,12
2336 Mining Engineers,70,2025-12,11
2336 Mining Engineers,70,2026-04,9
2336 Mining Engineers,70,2025-11,12
2336 Mining Engineers,70,2026-01,8
2336 Mining Engineers,70,2026-02,24
2336 Mining Engineers,70,2026-03,15
2336 Mining Engineers,80,2026-08,33
2336 Mining Engineers,80,2026-07,20
2336 Mining Engineers,80,2026-06,14
2336 Mining Engineers,80,2024-09,8
2336 Mining Engineers,80,2026-05,7
2336 Mining Engineers,80,2024-10,8
2336 Mining Engineers,80,2025-01,1
2336 Mining Engineers,80,2025-03,2
2336 Mining Engineers,80,2025-02,3
2336 Mining Engineers,80,2025-04,2
2336 Mining Engineers,80,2025-06,1
2336 Mining Engineers,80,2025-07,3
2336 Mining Engineers,80,2025-08,1
2336 Mining Engineers,80,2025-09,2
2336 Mining Engineers,80,2025-10,9
2336 Mining Engineers,80,2025-12,3
2336 Mining Engineers,80,2026-04,5
2336 Mining Engineers,80,2025-11,5
2336 Mining Engineers,80,2026-01,2
2336 Mining Engineers,80,2026-02,1
2336 Mining Engineers,80,2026-03,3
2336 Mining Engineers,95,2026-08,1
2336 Mining Engineers,95,2026-07,1
2336 Mining Engineers,95,2026-05,1
2336 Mining Engineers,95,2026-01,1
2336 Mining Engineers,95,2026-03,1
2336 Mining Engineers,90,2026-09,1
2336 Mining Engineers,90,2026-08,7
2336 Mining Engineers,90,2026-07,2
2336 Mining Engineers,90,2026-06,1
2336 Mining Engineers,90,2026-05,1
2336 Mining Engineers,90,2026-04,1
2336 Mining Engineers,90,2026-01,3
2336 Mining Engineers,90,2026-03,2
2336 Mining Engineers,85,2026-08,13
2336 Mining Engineers,85,2026-07,10
2336 Mining Engineers,85,2026-06,4
2336 Mining Engineers,85,2026-05,4
2336 Mining Engineers,85,2025-09,1
2336 Mining Engineers,85,2025-10,2
2336 Mining Engineers,85,2025-12,1
2336 Mining Engineers,85,2026-04,1
2336 Mining Engineers,85,2025-11,6
2336 Mining Engineers,85,2026-01,2
2336 Mining Engineers,85,2026-02,1
2336 Mining Engineers,85,2026-03,8
2336 Mining Engineers,55,2026-08,4
2336 Mining Engineers,55,2026-07,8
2336 Mining Engineers,55,2026-06,2
2336 Mining Engineers,55,2024-09,1
2336 Mining Engineers,55,2026-05,8
2336 Mining Engineers,55,2024-12,2
2336 Mining Engineers,55,2024-11,3
2336 Mining Engineers,55,2025-03,1
2336 Mining Engineers,55,2025-02,1
2336 Mining Engineers,55,2025-04,2
2336 Mining Engineers,55,2025-05,5
2336 Mining Engineers,55,2025-06,2
2336 Mining Engineers,55,2025-07,3
2336 Mining Engineers,55,2025-09,3
2336 Mining Engineers,55,2025-10,2
2336 Mining Engineers,55,2025-12,7
2336 Mining Engineers,55,2025-11,2
2336 Mining Engineers,55,2026-01,3
2336 Mining Engineers,55,2026-02,1
2336 Mining Engineers,60,2026-08,12
2336 Mining Engineers,60,2026-07,5
2336 Mining Engineers,60,2026-06,9
2336 Mining Engineers,60,2026-05,4
2336 Mining Engineers,60,2024-11,2
2336 Mining Engineers,60,2025-03,3
2336 Mining Engineers,60,2025-05,1
2336 Mining Engineers,60,2025-06,2
2336 Mining Engineers,60,2025-07,2
2336 Mining Engineers,60,2025-08,6
2336 Mining Engineers,60,2025-09,5
2336 Mining Engineers,60,2025-10,10
2336 Mining Engineers,60,2025-12,1
2336 Mining Engineers,60,2026-04,1
2336 Mining Engineers,60,2026-01,5
2336 Mining Engineers,60,2026-02,3
2336 Mining Engineers,60,2026-03,6
2336 Mining Engineers,50,2026-08,4
2336 Mining Engineers,50,2026-06,1
2336 Mining Engineers,50,2024-11,1
2336 Mining Engineers,50,2025-01,1
2336 Mining Engineers,50,2025-03,1
2336 Mining Engineers,50,2025-07,2
2336 Mining Engineers,50,2025-08,1
2336 Mining Engineers,50,2025-09,2
2336 Mining Engineers,50,2026-04,10
2336 Mining Engineers,50,2026-01,2
2336 Mining Engineers,50,2026-02,1
2336 Mining Engineers,50,2026-03,1
2336 Mining Engineers,40,2024-09,1
2336 Mining Engineers,40,2025-04,1
2336 Mining Engineers,40,2026-04,1
2336 Mining Engineers,45,2026-07,1
2336 Mining Engineers,45,2026-06,1
2336 Mining Engineers,45,2026-05,1
2336 Mining Engineers,45,2025-08,1
2336 Mining Engineers,45,2025-09,2
2336 Mining Engineers,45,2025-10,2
2336 Mining Engineers,45,2025-11,1
2336 Mining Engineers,45,2026-02,1
2612 Multimedia Specialists and Web Developers,65,2026-08,9
2612 Multimedia Specialists and Web Developers,65,2026-07,2
2612 Multimedia Specialists and Web Developers,65,2026-06,9
2612 Multimedia Specialists and Web Developers,65,2024-09,1
2612 Multimedia Specialists and Web Developers,65,2026-05,7
2612 Multimedia Specialists and Web Developers,65,2024-10,1
2612 Multimedia Specialists and Web Developers,65,2024-11,2
2612 Multimedia Specialists and Web Developers,65,2025-01,1
2612 Multimedia Specialists and Web Developers,65,2025-02,1
2612 Multimedia Specialists and Web Developers,65,2025-04,3
2612 Multimedia Specialists and Web Developers,65,2025-05,2
2612 Multimedia Specialists and Web Developers,65,2025-06,1
2612 Multimedia Specialists and Web Developers,65,2025-07,2
2612 Multimedia Specialists and Web Developers,65,2025-08,2
2612 Multimedia Specialists and Web Developers,65,2025-09,4
2612 Multimedia Specialists and Web Developers,65,2025-10,5
2612 Multimedia Specialists and Web Developers,65,2025-12,3
2612 Multimedia Specialists and Web Developers,65,2026-04,4
2612 Multimedia Specialists and Web Developers,65,2025-11,8
2612 Multimedia Specialists and Web Developers,65,2026-01,5
2612 Multimedia Specialists and Web Developers,65,2026-02,2
2612 Multimedia Specialists and Web Developers,65,2026-03,2
2612 Multimedia Specialists and Web Developers,75,2026-08,18
2612 Multimedia Specialists and Web Developers,75,2026-07,7
2612 Multimedia Specialists and Web Developers,75,2026-06,2
2612 Multimedia Specialists and Web Developers,75,2024-09,1
2612 Multimedia Specialists and Web Developers,75,2026-05,8
2612 Multimedia Specialists and Web Developers,75,2024-12,1
2612 Multimedia Specialists and Web Developers,75,2024-11,1
2612 Multimedia Specialists and Web Developers,75,2025-03,3
2612 Multimedia Specialists and Web Developers,75,2025-02,2
2612 Multimedia Specialists and Web Developers,75,2025-04,3
2612 Multimedia Specialists and Web Developers,75,2025-05,2
2612 Multimedia Specialists and Web Developers,75,2025-07,5
2612 Multimedia Specialists and Web Developers,75,2025-08,5
2612 Multimedia Specialists and Web Developers,75,2025-09,2
2612 Multimedia Specialists and Web Developers,75,2025-10,4
2612 Multimedia Specialists and Web Developers,75,2025-12,9
2612 Multimedia Specialists and Web Developers,75,2026-04,5
2612 Multimedia Specialists and Web Developers,75,2025-11,5
2612 Multimedia Specialists and Web Developers,75,2026-01,4
2612 Multimedia Specialists and Web Developers,75,2026-02,10
2612 Multimedia Specialists and Web Developers,75,2026-03,2
2612 Multimedia Specialists and Web Developers,70,2026-08,15
2612 Multimedia Specialists and Web Developers,70,2026-07,6
2612 Multimedia Specialists and Web Developers,70,2026-06,5
2612 Multimedia Specialists and Web Developers,70,2024-09,6
2612 Multimedia Specialists and Web Developers,70,2026-05,12
2612 Multimedia Specialists and Web Developers,70,2024-10,2
2612 Multimedia Specialists and Web Developers,70,2024-11,2
2612 Multimedia Specialists and Web Developers,70,2025-01,6
2612 Multimedia Specialists and Web Developers,70,2025-03,2
2612 Multimedia Specialists and Web Developers,70,2025-02,2
2612 Multimedia Specialists and Web Developers,70,2025-04,1
2612 Multimedia Specialists and Web Developers,70,2025-05,1
2612 Multimedia Specialists and Web Developers,70,2025-06,5
2612 Multimedia Specialists and Web Developers,70,2025-07,3
2612 Multimedia Specialists and Web Developers,70,2025-08,7
2612 Multimedia Specialists and Web Developers,70,2025-09,3
2612 Multimedia Specialists and Web Developers,70,2025-10,4
2612 Multimedia Specialists and Web Developers,70,2025-12,3
2612 Multimedia Specialists and Web Developers,70,2026-04,5
2612 Multimedia Specialists and Web Developers,70,2025-11,8
2612 Multimedia Specialists and Web Developers,70,2026-01,8
2612 Multimedia Specialists and Web Developers,70,2026-02,6
2612 Multimedia Specialists and Web Developers,70,2026-03,2
2612 Multimedia Specialists and Web Developers,80,2026-09,2
2612 Multimedia Specialists and Web Developers,80,2026-08,14
2612 Multimedia Specialists and Web Developers,80,2026-07,6
2612 Multimedia Specialists and Web Developers,80,2026-06,9
2612 Multimedia Specialists and Web Developers,80,2026-05,6
2612 Multimedia Specialists and Web Developers,80,2024-12,1
2612 Multimedia Specialists and Web Developers,80,2025-03,2
2612 Multimedia Specialists and Web Developers,80,2025-02,1
2612 Multimedia Specialists and Web Developers,80,2025-05,2
2612 Multimedia Specialists and Web Developers,80,2025-06,2
2612 Multimedia Specialists and Web Developers,80,2025-07,1
2612 Multimedia Specialists and Web Developers,80,2025-08,4
2612 Multimedia Specialists and Web Developers,80,2025-09,3
2612 Multimedia Specialists and Web Developers,80,2025-10,3
2612 Multimedia Specialists and Web Developers,80,2025-12,5
2612 Multimedia Specialists and Web Developers,80,2026-04,3
2612 Multimedia Specialists and Web Developers,80,2025-11,2
2612 Multimedia Specialists and Web Developers,80,2026-01,4
2612 Multimedia Specialists and Web Developers,80,2026-02,5
2612 Multimedia Specialists and Web Developers,80,2026-03,4
2612 Multimedia Specialists and Web Developers,95,2026-08,18
2612 Multimedia Specialists and Web Developers,95,2026-07,7
2612 Multimedia Specialists and Web Developers,95,2026-06,3
2612 Multimedia Specialists and Web Developers,95,2026-05,7
2612 Multimedia Specialists and Web Developers,95,2025-01,1
2612 Multimedia Specialists and Web Developers,95,2025-10,1
2612 Multimedia Specialists and Web Developers,95,2025-12,1
2612 Multimedia Specialists and Web Developers,95,2026-04,3
2612 Multimedia Specialists and Web Developers,95,2026-01,2
2612 Multimedia Specialists and Web Developers,95,2026-02,4
2612 Multimedia Specialists and Web Developers,95,2026-03,6
2612 Multimedia Specialists and Web Developers,90,2026-09,1
2612 Multimedia Specialists and Web Developers,90,2026-08,23
2612 Multimedia Specialists and Web Developers,90,2026-07,18
2612 Multimedia Specialists and Web Developers,90,2026-06,20
2612 Multimedia Specialists and Web Developers,90,2026-05,20
2612 Multimedia Specialists and Web Developers,90,2024-12,1
2612 Multimedia Specialists and Web Developers,90,2025-01,4
2612 Multimedia Specialists and Web Developers,90,2025-03,7
2612 Multimedia Specialists and Web Developers,90,2025-02,6
2612 Multimedia Specialists and Web Developers,90,2025-04,1
2612 Multimedia Specialists and Web Developers,90,2025-05,4
2612 Multimedia Specialists and Web Developers,90,2025-06,6
2612 Multimedia Specialists and Web Developers,90,2025-07,4
2612 Multimedia Specialists and Web Developers,90,2025-08,7
2612 Multimedia Specialists and Web Developers,90,2025-09,7
2612 Multimedia Specialists and Web Developers,90,2025-10,11
2612 Multimedia Specialists and Web Developers,90,2025-12,9
2612 Multimedia Specialists and Web Developers,90,2026-04,9
2612 Multimedia Specialists and Web Developers,90,2025-11,10
2612 Multimedia Specialists and Web Developers,90,2026-01,15
2612 Multimedia Specialists and Web Developers,90,2026-02,10
2612 Multimedia Specialists and Web Developers,90,2026-03,7
2612 Multimedia Specialists and Web Developers,85,2026-08,15
2612 Multimedia Specialists and Web Developers,85,2026-07,14
2612 Multimedia Specialists and Web Developers,85,2026-06,10
2612 Multimedia Specialists and Web Developers,85,2026-05,10
2612 Multimedia Specialists and Web Developers,85,2024-11,1
2612 Multimedia Specialists and Web Developers,85,2025-01,2
2612 Multimedia Specialists and Web Developers,85,2025-03,3
2612 Multimedia Specialists and Web Developers,85,2025-02,1
2612 Multimedia Specialists and Web Developers,85,2025-05,3
2612 Multimedia Specialists and Web Developers,85,2025-06,3
2612 Multimedia Specialists and Web Developers,85,2025-07,2
2612 Multimedia Specialists and Web Developers,85,2025-08,5
2612 Multimedia Specialists and Web Developers,85,2025-09,5
2612 Multimedia Specialists and Web Developers,85,2025-10,3
2612 Multimedia Specialists and Web Developers,85,2025-12,4
2612 Multimedia Specialists and Web Developers,85,2026-04,7
2612 Multimedia Specialists and Web Developers,85,2025-11,10
2612 Multimedia Specialists and Web Developers,85,2026-01,11
2612 Multimedia Specialists and Web Developers,85,2026-02,6
2612 Multimedia Specialists and Web Developers,85,2026-03,8
2612 Multimedia Specialists and Web Developers,55,2026-08,1
2612 Multimedia Specialists and Web Developers,55,2026-05,2
2612 Multimedia Specialists and Web Developers,55,2025-02,1
2612 Multimedia Specialists and Web Developers,55,2025-04,1
2612 Multimedia Specialists and Web Developers,55,2025-06,1
2612 Multimedia Specialists and Web Developers,55,2025-07,1
2612 Multimedia Specialists and Web Developers,55,2025-10,1
2612 Multimedia Specialists and Web Developers,55,2025-12,1
2612 Multimedia Specialists and Web Developers,55,2026-04,1
2612 Multimedia Specialists and Web Developers,55,2026-02,1
2612 Multimedia Specialists and Web Developers,60,2026-07,1
2612 Multimedia Specialists and Web Developers,60,2025-04,1
2612 Multimedia Specialists and Web Developers,60,2025-05,2
2612 Multimedia Specialists and Web Developers,60,2025-07,1
2612 Multimedia Specialists and Web Developers,60,2025-09,1
2612 Multimedia Specialists and Web Developers,60,2025-10,2
2612 Multimedia Specialists and Web Developers,60,2025-12,1
2612 Multimedia Specialists and Web Developers,60,2026-04,1
2612 Multimedia Specialists and Web Developers,60,2026-02,2
2612 Multimedia Specialists and Web Developers,60,2026-03,2
2612 Multimedia Specialists and Web Developers,50,2026-08,8
2612 Multimedia Specialists and Web Developers,50,2026-07,1
2612 Multimedia Specialists and Web Developers,50,2025-02,1
2612 Multimedia Specialists and Web Developers,50,2025-07,1
2612 Multimedia Specialists and Web Developers,50,2025-12,2
2612 Multimedia Specialists and Web Developers,50,2026-03,1
2612 Multimedia Specialists and Web Developers,100,2026-08,2
2612 Multimedia Specialists and Web Developers,100,2026-07,1
2612 Multimedia Specialists and Web Developers,100,2026-06,3
2612 Multimedia Specialists and Web Developers,100,2026-05,1
2612 Multimedia Specialists and Web Developers,100,2026-01,1
2612 Multimedia Specialists and Web Developers,40,2025-01,1
2612 Multimedia Specialists and Web Developers,40,2026-01,1
3223 Structural Steel and Welding Trades Workers,65,2026-09,1
3223 Structural Steel and Welding Trades Workers,65,2026-08,40
3223 Structural Steel and Welding Trades Workers,65,2026-07,28
3223 Structural Steel and Welding Trades Workers,65,2026-06,25
3223 Structural Steel and Welding Trades Workers,65,2024-09,1
3223 Structural Steel and Welding Trades Workers,65,2026-05,21
3223 Structural Steel and Welding Trades Workers,65,2024-10,3
3223 Structural Steel and Welding Trades Workers,65,2024-12,3
3223 Structural Steel and Welding Trades Workers,65,2024-11,6
3223 Structural Steel and Welding Trades Workers,65,2025-01,8
3223 Structural Steel and Welding Trades Workers,65,2025-03,13
3223 Structural Steel and Welding Trades Workers,65,2025-02,6
3223 Structural Steel and Welding Trades Workers,65,2025-04,7
3223 Structural Steel and Welding Trades Workers,65,2025-05,10
3223 Structural Steel and Welding Trades Workers,65,2025-06,6
3223 Structural Steel and Welding Trades Workers,65,2025-07,9
3223 Structural Steel and Welding Trades Workers,65,2025-08,12
3223 Structural Steel and Welding Trades Workers,65,2025-09,11
3223 Structural Steel and Welding Trades Workers,65,2025-10,19
3223 Structural Steel and Welding Trades Workers,65,2025-12,13
3223 Structural Steel and Welding Trades Workers,65,2026-04,29
3223 Structural Steel and Welding Trades Workers,65,2025-11,30
3223 Structural Steel and Welding Trades Workers,65,2026-01,17
3223 Structural Steel and Welding Trades Workers,65,2026-02,20
3223 Structural Steel and Welding Trades Workers,65,2026-03,18
3223 Structural Steel and Welding Trades Workers,75,2026-08,38
3223 Structural Steel and Welding Trades Workers,75,2026-07,18
3223 Structural Steel and Welding Trades Workers,75,2026-06,19
3223 Structural Steel and Welding Trades Workers,75,2026-05,16
3223 Structural Steel and Welding Trades Workers,75,2024-12,2
3223 Structural Steel and Welding Trades Workers,75,2024-11,1
3223 Structural Steel and Welding Trades Workers,75,2025-01,3
3223 Structural Steel and Welding Trades Workers,75,2025-03,2
3223 Structural Steel and Welding Trades Workers,75,2025-02,3
3223 Structural Steel and Welding Trades Workers,75,2025-04,1
3223 Structural Steel and Welding Trades Workers,75,2025-05,3
3223 Structural Steel and Welding Trades Workers,75,2025-06,4
3223 Structural Steel and Welding Trades Workers,75,2025-07,4
3223 Structural Steel and Welding Trades Workers,75,2025-08,10
3223 Structural Steel and Welding Trades Workers,75,2025-09,5
3223 Structural Steel and Welding Trades Workers,75,2025-10,6
3223 Structural Steel and Welding Trades Workers,75,2025-12,5
3223 Structural Steel and Welding Trades Workers,75,2026-04,10
3223 Structural Steel and Welding Trades Workers,75,2025-11,11
3223 Structural Steel and Welding Trades Workers,75,2026-01,7
3223 Structural Steel and Welding Trades Workers,75,2026-02,7
3223 Structural Steel and Welding Trades Workers,75,2026-03,16
3223 Structural Steel and Welding Trades Workers,70,2026-08,24
3223 Structural Steel and Welding Trades Workers,70,2026-07,24
3223 Structural Steel and Welding Trades Workers,70,2026-06,11
3223 Structural Steel and Welding Trades Workers,70,2024-09,1
3223 Structural Steel and Welding Trades Workers,70,2026-05,20
3223 Structural Steel and Welding Trades Workers,70,2024-10,2
3223 Structural Steel and Welding Trades Workers,70,2024-12,1
3223 Structural Steel and Welding Trades Workers,70,2024-11,1
3223 Structural Steel and Welding Trades Workers,70,2025-01,6
3223 Structural Steel and Welding Trades Workers,70,2025-03,6
3223 Structural Steel and Welding Trades Workers,70,2025-02,4
3223 Structural Steel and Welding Trades Workers,70,2025-04,4
3223 Structural Steel and Welding Trades Workers,70,2025-05,5
3223 Structural Steel and Welding Trades Workers,70,2025-06,3
3223 Structural Steel and Welding Trades Workers,70,2025-07,7
3223 Structural Steel and Welding Trades Workers,70,2025-08,6
3223 Structural Steel and Welding Trades Workers,70,2025-09,11
3223 Structural Steel and Welding Trades Workers,70,2025-10,13
3223 Structural Steel and Welding Trades Workers,70,2025-12,10
3223 Structural Steel and Welding Trades Workers,70,2026-04,28
3223 Structural Steel and Welding Trades Workers,70,2025-11,10
3223 Structural Steel and Welding Trades Workers,70,2026-01,14
3223 Structural Steel and Welding Trades Workers,70,2026-02,16
3223 Structural Steel and Welding Trades Workers,70,2026-03,22
3223 Structural Steel and Welding Trades Workers,80,2026-08,24
3223 Structural Steel and Welding Trades Workers,80,2026-07,11
3223 Structural Steel and Welding Trades Workers,80,2026-06,15
3223 Structural Steel and Welding Trades Workers,80,2026-05,8
3223 Structural Steel and Welding Trades Workers,80,2024-10,1
3223 Structural Steel and Welding Trades Workers,80,2025-01,1
3223 Structural Steel and Welding Trades Workers,80,2025-03,1
3223 Structural Steel and Welding Trades Workers,80,2025-02,1
3223 Structural Steel and Welding Trades Workers,80,2025-06,3
3223 Structural Steel and Welding Trades Workers,80,2025-07,2
3223 Structural Steel and Welding Trades Workers,80,2025-08,1
3223 Structural Steel and Welding Trades Workers,80,2025-09,5
3223 Structural Steel and Welding Trades Workers,80,2025-10,5
3223 Structural Steel and Welding Trades Workers,80,2025-12,2
3223 Structural Steel and Welding Trades Workers,80,2026-04,5
3223 Structural Steel and Welding Trades Workers,80,2025-11,4
3223 Structural Steel and Welding Trades Workers,80,2026-01,3
3223 Structural Steel and Welding Trades Workers,80,2026-02,6
3223 Structural Steel and Welding Trades Workers,80,2026-03,1
3223 Structural Steel and Welding Trades Workers,90,2026-08,1
3223 Structural Steel and Welding Trades Workers,90,2025-11,3
3223 Structural Steel and Welding Trades Workers,90,2026-01,2
3223 Structural Steel and Welding Trades Workers,90,2026-02,1
3223 Structural Steel and Welding Trades Workers,85,2026-09,1
3223 Structural Steel and Welding Trades Workers,85,2026-08,4
3223 Structural Steel and Welding Trades Workers,85,2026-07,1
3223 Structural Steel and Welding Trades Workers,85,2026-06,2
3223 Structural Steel and Welding Trades Workers,85,2026-05,1
3223 Structural Steel and Welding Trades Workers,85,2025-11,2
3223 Structural Steel and Welding Trades Workers,55,2026-09,1
3223 Structural Steel and Welding Trades Workers,55,2026-08,9
3223 Structural Steel and Welding Trades Workers,55,2026-07,9
3223 Structural Steel and Welding Trades Workers,55,2026-06,2
3223 Structural Steel and Welding Trades Workers,55,2026-05,9
3223 Structural Steel and Welding Trades Workers,55,2025-03,1
3223 Structural Steel and Welding Trades Workers,55,2025-06,2
3223 Structural Steel and Welding Trades Workers,55,2025-08,1
3223 Structural Steel and Welding Trades Workers,55,2025-09,4
3223 Structural Steel and Welding Trades Workers,55,2025-12,4
3223 Structural Steel and Welding Trades Workers,55,2026-04,4
3223 Structural Steel and Welding Trades Workers,55,2026-01,5
3223 Structural Steel and Welding Trades Workers,55,2026-02,2
3223 Structural Steel and Welding Trades Workers,55,2026-03,5
3223 Structural Steel and Welding Trades Workers,60,2026-08,14
3223 Structural Steel and Welding Trades Workers,60,2026-07,20
3223 Structural Steel and Welding Trades Workers,60,2026-06,11
3223 Structural Steel and Welding Trades Workers,60,2024-08,1
3223 Structural Steel and Welding Trades Workers,60,2024-09,1
3223 Structural Steel and Welding Trades Workers,60,2026-05,8
3223 Structural Steel and Welding Trades Workers,60,2025-01,1
3223 Structural Steel and Welding Trades Workers,60,2025-03,1
3223 Structural Steel and Welding Trades Workers,60,2025-02,2
3223 Structural Steel and Welding Trades Workers,60,2025-04,4
3223 Structural Steel and Welding Trades Workers,60,2025-06,5
3223 Structural Steel and Welding Trades Workers,60,2025-07,2
3223 Structural Steel and Welding Trades Workers,60,2025-08,2
3223 Structural Steel and Welding Trades Workers,60,2025-09,5
3223 Structural Steel and Welding Trades Workers,60,2025-10,8
3223 Structural Steel and Welding Trades Workers,60,2025-12,1
3223 Structural Steel and Welding Trades Workers,60,2026-04,19
3223 Structural Steel and Welding Trades Workers,60,2025-11,5
3223 Structural Steel and Welding Trades Workers,60,2026-01,7
3223 Structural Steel and Welding Trades Workers,60,2026-02,8
3223 Structural Steel and Welding Trades Workers,60,2026-03,4
3223 Structural Steel and Welding Trades Workers,50,2026-08,4
3223 Structural Steel and Welding Trades Workers,50,2026-07,3
3223 Structural Steel and Welding Trades Workers,50,2026-06,5
3223 Structural Steel and Welding Trades Workers,50,2026-05,1
3223 Structural Steel and Welding Trades Workers,50,2025-01,2
3223 Structural Steel and Welding Trades Workers,50,2025-06,2
3223 Structural Steel and Welding Trades Workers,50,2025-07,1
3223 Structural Steel and Welding Trades Workers,50,2025-09,2
3223 Structural Steel and Welding Trades Workers,50,2025-12,1
3223 Structural Steel and Welding Trades Workers,50,2026-04,1
3223 Structural Steel and Welding Trades Workers,50,2026-01,1
3223 Structural Steel and Welding Trades Workers,50,2026-02,4
3223 Structural Steel and Welding Trades Workers,50,2026-03,1
3223 Structural Steel and Welding Trades Workers,40,2026-07,1
3223 Structural Steel and Welding Trades Workers,40,2026-05,1
3223 Structural Steel and Welding Trades Workers,40,2024-11,1
3223 Structural Steel and Welding Trades Workers,40,2025-05,1
3223 Structural Steel and Welding Trades Workers,40,2025-06,1
3223 Structural Steel and Welding Trades Workers,40,2026-03,1
3223 Structural Steel and Welding Trades Workers,45,2026-08,2
3223 Structural Steel and Welding Trades Workers,45,2026-07,3
3223 Structural Steel and Welding Trades Workers,45,2026-06,1
3223 Structural Steel and Welding Trades Workers,45,2026-05,2
3223 Structural Steel and Welding Trades Workers,45,2025-03,2
3223 Structural Steel and Welding Trades Workers,45,2025-07,1
3223 Structural Steel and Welding Trades Workers,45,2025-09,1
3223 Structural Steel and Welding Trades Workers,45,2025-10,1
3223 Structural Steel and Welding Trades Workers,45,2025-12,1
3223 Structural Steel and Welding Trades Workers,45,2025-11,2
3223 Structural Steel and Welding Trades Workers,45,2026-03,1
3223 Structural Steel and Welding Trades Workers,30,2026-07,1
3223 Structural Steel and Welding Trades Workers,30,2025-12,1
2349 Other Natural and Physical Science Professionals,65,2026-08,7
2349 Other Natural and Physical Science Professionals,65,2026-07,8
2349 Other Natural and Physical Science Professionals,65,2026-06,11
2349 Other Natural and Physical Science Professionals,65,2024-09,1
2349 Other Natural and Physical Science Professionals,65,2026-05,12
2349 Other Natural and Physical Science Professionals,65,2024-10,4
2349 Other Natural and Physical Science Professionals,65,2024-12,1
2349 Other Natural and Physical Science Professionals,65,2024-11,2
2349 Other Natural and Physical Science Professionals,65,2025-01,3
2349 Other Natural and Physical Science Professionals,65,2025-03,9
2349 Other Natural and Physical Science Professionals,65,2025-04,1
2349 Other Natural and Physical Science Professionals,65,2025-05,4
2349 Other Natural and Physical Science Professionals,65,2025-06,4
2349 Other Natural and Physical Science Professionals,65,2025-07,3
2349 Other Natural and Physical Science Professionals,65,2025-08,5
2349 Other Natural and Physical Science Professionals,65,2025-09,3
2349 Other Natural and Physical Science Professionals,65,2025-10,13
2349 Other Natural and Physical Science Professionals,65,2025-12,3
2349 Other Natural and Physical Science Professionals,65,2026-04,6
2349 Other Natural and Physical Science Professionals,65,2025-11,3
2349 Other Natural and Physical Science Professionals,65,2026-01,6
2349 Other Natural and Physical Science Professionals,65,2026-02,3
2349 Other Natural and Physical Science Professionals,75,2026-08,4
2349 Other Natural and Physical Science Professionals,75,2026-07,9
2349 Other Natural and Physical Science Professionals,75,2026-06,4
2349 Other Natural and Physical Science Professionals,75,2024-09,1
2349 Other Natural and Physical Science Professionals,75,2026-05,5
2349 Other Natural and Physical Science Professionals,75,2024-12,1
2349 Other Natural and Physical Science Professionals,75,2025-01,1
2349 Other Natural and Physical Science Professionals,75,2025-04,5
2349 Other Natural and Physical Science Professionals,75,2025-05,5
2349 Other Natural and Physical Science Professionals,75,2025-07,3
2349 Other Natural and Physical Science Professionals,75,2025-08,1
2349 Other Natural and Physical Science Professionals,75,2025-09,3
2349 Other Natural and Physical Science Professionals,75,2025-10,12
2349 Other Natural and Physical Science Professionals,75,2025-12,2
2349 Other Natural and Physical Science Professionals,75,2026-04,3
2349 Other Natural and Physical Science Professionals,75,2025-11,8
2349 Other Natural and Physical Science Professionals,75,2026-01,3
2349 Other Natural and Physical Science Professionals,75,2026-02,4
2349 Other Natural and Physical Science Professionals,75,2026-03,8
2349 Other Natural and Physical Science Professionals,70,2026-08,16
2349 Other Natural and Physical Science Professionals,70,2026-07,2
2349 Other Natural and Physical Science Professionals,70,2026-06,4
2349 Other Natural and Physical Science Professionals,70,2024-09,3
2349 Other Natural and Physical Science Professionals,70,2026-05,13
2349 Other Natural and Physical Science Professionals,70,2024-10,1
2349 Other Natural and Physical Science Professionals,70,2024-12,2
2349 Other Natural and Physical Science Professionals,70,2025-03,2
2349 Other Natural and Physical Science Professionals,70,2025-04,1
2349 Other Natural and Physical Science Professionals,70,2025-05,1
2349 Other Natural and Physical Science Professionals,70,2025-06,2
2349 Other Natural and Physical Science Professionals,70,2025-07,1
2349 Other Natural and Physical Science Professionals,70,2025-09,6
2349 Other Natural and Physical Science Professionals,70,2025-10,6
2349 Other Natural and Physical Science Professionals,70,2025-12,3
2349 Other Natural and Physical Science Professionals,70,2025-11,7
2349 Other Natural and Physical Science Professionals,70,2026-01,3
2349 Other Natural and Physical Science Professionals,70,2026-02,3
2349 Other Natural and Physical Science Professionals,70,2026-03,7
2349 Other Natural and Physical Science Professionals,80,2026-09,2
2349 Other Natural and Physical Science Professionals,80,2026-08,10
2349 Other Natural and Physical Science Professionals,80,2026-07,2
2349 Other Natural and Physical Science Professionals,80,2026-05,1
2349 Other Natural and Physical Science Professionals,80,2024-12,1
2349 Other Natural and Physical Science Professionals,80,2024-11,1
2349 Other Natural and Physical Science Professionals,80,2025-04,1
2349 Other Natural and Physical Science Professionals,80,2025-05,1
2349 Other Natural and Physical Science Professionals,80,2025-06,2
2349 Other Natural and Physical Science Professionals,80,2025-09,1
2349 Other Natural and Physical Science Professionals,80,2025-10,4
2349 Other Natural and Physical Science Professionals,80,2026-04,2
2349 Other Natural and Physical Science Professionals,95,2026-06,2
2349 Other Natural and Physical Science Professionals,95,2026-02,1
2349 Other Natural and Physical Science Professionals,90,2026-08,1
2349 Other Natural and Physical Science Professionals,90,2026-07,1
2349 Other Natural and Physical Science Professionals,90,2026-04,1
2349 Other Natural and Physical Science Professionals,85,2026-08,11
2349 Other Natural and Physical Science Professionals,85,2026-07,1
2349 Other Natural and Physical Science Professionals,85,2026-06,4
2349 Other Natural and Physical Science Professionals,85,2026-05,2
2349 Other Natural and Physical Science Professionals,85,2025-10,1
2349 Other Natural and Physical Science Professionals,85,2025-12,2
2349 Other Natural and Physical Science Professionals,85,2026-04,1
2349 Other Natural and Physical Science Professionals,85,2025-11,2
2349 Other Natural and Physical Science Professionals,85,2026-01,1
2349 Other Natural and Physical Science Professionals,85,2026-03,2
2349 Other Natural and Physical Science Professionals,55,2026-07,1
2349 Other Natural and Physical Science Professionals,55,2026-06,1
2349 Other Natural and Physical Science Professionals,55,2026-05,1
2349 Other Natural and Physical Science Professionals,55,2025-07,1
2349 Other Natural and Physical Science Professionals,55,2025-08,1
2349 Other Natural and Physical Science Professionals,55,2025-10,1
2349 Other Natural and Physical Science Professionals,55,2026-04,1
2349 Other Natural and Physical Science Professionals,55,2026-03,1
2349 Other Natural and Physical Science Professionals,60,2026-08,3
2349 Other Natural and Physical Science Professionals,60,2026-05,3
2349 Other Natural and Physical Science Professionals,60,2024-11,1
2349 Other Natural and Physical Science Professionals,60,2025-02,2
2349 Other Natural and Physical Science Professionals,60,2025-08,2
2349 Other Natural and Physical Science Professionals,60,2025-09,2
2349 Other Natural and Physical Science Professionals,60,2026-04,2
2349 Other Natural and Physical Science Professionals,60,2025-11,2
2349 Other Natural and Physical Science Professionals,60,2026-02,2
2349 Other Natural and Physical Science Professionals,60,2026-03,1
2349 Other Natural and Physical Science Professionals,50,2025-03,1
2349 Other Natural and Physical Science Professionals,50,2025-09,1
2349 Other Natural and Physical Science Professionals,50,2025-10,2
2349 Other Natural and Physical Science Professionals,50,2025-11,2
2349 Other Natural and Physical Science Professionals,50,2026-01,1
2349 Other Natural and Physical Science Professionals,50,2026-02,1
2349 Other Natural and Physical Science Professionals,100,2026-07,2
2349 Other Natural and Physical Science Professionals,100,2026-05,1
2349 Other Natural and Physical Science Professionals,105,2026-05,1
2349 Other Natural and Physical Science Professionals,105,2026-04,1
2349 Other Natural and Physical Science Professionals,40,2025-01,1
2349 Other Natural and Physical Science Professionals,40,2025-04,1
2349 Other Natural and Physical Science Professionals,40,2026-04,1
1331 Construction Managers,65,2026-08,75
1331 Construction Managers,65,2026-07,60
1331 Construction Managers,65,2026-06,58
1331 Construction Managers,65,2024-09,10
1331 Construction Managers,65,2026-05,60
1331 Construction Managers,65,2024-10,15
1331 Construction Managers,65,2024-12,7
1331 Construction Managers,65,2024-11,5
1331 Construction Managers,65,2025-01,19
1331 Construction Managers,65,2025-03,27
1331 Construction Managers,65,2025-02,12
1331 Construction Managers,65,2025-04,42
1331 Construction Managers,65,2025-05,32
1331 Construction Managers,65,2025-06,25
1331 Construction Managers,65,2025-07,27
1331 Construction Managers,65,2025-08,33
1331 Construction Managers,65,2025-09,36
1331 Construction Managers,65,2025-10,33
1331 Construction Managers,65,2025-12,46
1331 Construction Managers,65,2026-04,60
1331 Construction Managers,65,2025-11,39
1331 Construction Managers,65,2026-01,25
1331 Construction Managers,65,2026-02,54
1331 Construction Managers,65,2026-03,54
1331 Construction Managers,75,2026-09,10
1331 Construction Managers,75,2026-08,97
1331 Construction Managers,75,2026-07,56
1331 Construction Managers,75,2026-06,67
1331 Construction Managers,75,2024-09,2
1331 Construction Managers,75,2026-05,76
1331 Construction Managers,75,2024-10,1
1331 Construction Managers,75,2024-12,8
1331 Construction Managers,75,2024-11,8
1331 Construction Managers,75,2025-01,5
1331 Construction Managers,75,2025-03,15
1331 Construction Managers,75,2025-02,12
1331 Construction Managers,75,2025-04,25
1331 Construction Managers,75,2025-05,16
1331 Construction Managers,75,2025-06,21
1331 Construction Managers,75,2025-07,16
1331 Construction Managers,75,2025-08,44
1331 Construction Managers,75,2025-09,44
1331 Construction Managers,75,2025-10,21
1331 Construction Managers,75,2025-12,38
1331 Construction Managers,75,2026-04,72
1331 Construction Managers,75,2025-11,36
1331 Construction Managers,75,2026-01,32
1331 Construction Managers,75,2026-02,48
1331 Construction Managers,75,2026-03,66
1331 Construction Managers,70,2026-09,2
1331 Construction Managers,70,2026-08,104
1331 Construction Managers,70,2026-07,77
1331 Construction Managers,70,2026-06,73
1331 Construction Managers,70,2024-09,11
1331 Construction Managers,70,2026-05,42
1331 Construction Managers,70,2024-10,3
1331 Construction Managers,70,2024-12,8
1331 Construction Managers,70,2024-11,13
1331 Construction Managers,70,2025-01,13
1331 Construction Managers,70,2025-03,18
1331 Construction Managers,70,2025-02,12
1331 Construction Managers,70,2025-04,19
1331 Construction Managers,70,2025-05,22
1331 Construction Managers,70,2025-06,25
1331 Construction Managers,70,2025-07,26
1331 Construction Managers,70,2025-08,39
1331 Construction Managers,70,2025-09,51
1331 Construction Managers,70,2025-10,47
1331 Construction Managers,70,2025-12,34
1331 Construction Managers,70,2026-04,61
1331 Construction Managers,70,2025-11,65
1331 Construction Managers,70,2026-01,43
1331 Construction Managers,70,2026-02,53
1331 Construction Managers,70,2026-03,39
1331 Construction Managers,80,2026-09,3
1331 Construction Managers,80,2026-08,86
1331 Construction Managers,80,2026-07,43
1331 Construction Managers,80,2026-06,29
1331 Construction Managers,80,2026-05,34
1331 Construction Managers,80,2024-12,3
1331 Construction Managers,80,2024-11,1
1331 Construction Managers,80,2025-01,7
1331 Construction Managers,80,2025-03,4
1331 Construction Managers,80,2025-02,6
1331 Construction Managers,80,2025-04,20
1331 Construction Managers,80,2025-05,4
1331 Construction Managers,80,2025-06,6
1331 Construction Managers,80,2025-07,7
1331 Construction Managers,80,2025-08,10
1331 Construction Managers,80,2025-09,4
1331 Construction Managers,80,2025-10,13
1331 Construction Managers,80,2025-12,11
1331 Construction Managers,80,2026-04,34
1331 Construction Managers,80,2025-11,26
1331 Construction Managers,80,2026-01,9
1331 Construction Managers,80,2026-02,26
1331 Construction Managers,80,2026-03,18
1331 Construction Managers,95,2026-07,4
1331 Construction Managers,95,2026-06,7
1331 Construction Managers,95,2026-05,1
1331 Construction Managers,95,2025-12,1
1331 Construction Managers,95,2026-04,1
1331 Construction Managers,95,2026-03,1
1331 Construction Managers,90,2026-08,12
1331 Construction Managers,90,2026-07,7
1331 Construction Managers,90,2026-06,3
1331 Construction Managers,90,2026-05,12
1331 Construction Managers,90,2025-12,6
1331 Construction Managers,90,2025-11,2
1331 Construction Managers,90,2026-01,1
1331 Construction Managers,90,2026-02,2
1331 Construction Managers,90,2026-03,2
1331 Construction Managers,85,2026-08,25
1331 Construction Managers,85,2026-07,21
1331 Construction Managers,85,2026-06,4
1331 Construction Managers,85,2026-05,5
1331 Construction Managers,85,2025-09,1
1331 Construction Managers,85,2025-10,5
1331 Construction Managers,85,2025-12,8
1331 Construction Managers,85,2026-04,13
1331 Construction Managers,85,2025-11,8
1331 Construction Managers,85,2026-01,5
1331 Construction Managers,85,2026-02,7
1331 Construction Managers,85,2026-03,10
1331 Construction Managers,55,2026-09,1
1331 Construction Managers,55,2026-08,21
1331 Construction Managers,55,2026-07,14
1331 Construction Managers,55,2026-06,22
1331 Construction Managers,55,2024-09,1
1331 Construction Managers,55,2026-05,9
1331 Construction Managers,55,2024-10,1
1331 Construction Managers,55,2025-03,1
1331 Construction Managers,55,2025-04,2
1331 Construction Managers,55,2025-05,5
1331 Construction Managers,55,2025-06,3
1331 Construction Managers,55,2025-08,9
1331 Construction Managers,55,2025-09,7
1331 Construction Managers,55,2025-10,12
1331 Construction Managers,55,2025-12,4
1331 Construction Managers,55,2026-04,6
1331 Construction Managers,55,2025-11,1
1331 Construction Managers,55,2026-01,6
1331 Construction Managers,55,2026-02,1
1331 Construction Managers,55,2026-03,9
1331 Construction Managers,60,2026-08,35
1331 Construction Managers,60,2026-07,25
1331 Construction Managers,60,2026-06,13
1331 Construction Managers,60,2024-09,1
1331 Construction Managers,60,2026-05,11
1331 Construction Managers,60,2024-10,5
1331 Construction Managers,60,2024-12,2
1331 Construction Managers,60,2024-11,5
1331 Construction Managers,60,2025-03,4
1331 Construction Managers,60,2025-02,1
1331 Construction Managers,60,2025-04,3
1331 Construction Managers,60,2025-05,7
1331 Construction Managers,60,2025-06,1
1331 Construction Managers,60,2025-07,5
1331 Construction Managers,60,2025-08,17
1331 Construction Managers,60,2025-09,9
1331 Construction Managers,60,2025-10,8
1331 Construction Managers,60,2025-12,9
1331 Construction Managers,60,2026-04,27
1331 Construction Managers,60,2025-11,13
1331 Construction Managers,60,2026-01,2
1331 Construction Managers,60,2026-02,14
1331 Construction Managers,60,2026-03,11
1331 Construction Managers,50,2026-08,5
1331 Construction Managers,50,2026-07,3
1331 Construction Managers,50,2026-06,3
1331 Construction Managers,50,2026-05,4
1331 Construction Managers,50,2024-10,1
1331 Construction Managers,50,2024-12,1
1331 Construction Managers,50,2024-11,1
1331 Construction Managers,50,2025-01,2
1331 Construction Managers,50,2025-05,3
1331 Construction Managers,50,2025-06,2
1331 Construction Managers,50,2025-08,2
1331 Construction Managers,50,2025-09,1
1331 Construction Managers,50,2025-10,3
1331 Construction Managers,50,2026-04,2
1331 Construction Managers,50,2025-11,1
1331 Construction Managers,50,2026-01,3
1331 Construction Managers,50,2026-02,2
1331 Construction Managers,50,2026-03,1
1331 Construction Managers,100,2026-06,1
1331 Construction Managers,40,2026-08,2
1331 Construction Managers,40,2026-07,2
1331 Construction Managers,40,2026-06,1
1331 Construction Managers,40,2026-05,3
1331 Construction Managers,40,2025-05,1
1331 Construction Managers,40,2025-10,1
1331 Construction Managers,40,2025-12,1
1331 Construction Managers,40,2026-02,2
1331 Construction Managers,45,2026-07,1
1331 Construction Managers,45,2026-06,1
1331 Construction Managers,45,2026-05,2
1331 Construction Managers,45,2025-11,1
1331 Construction Managers,45,2026-01,2
1331 Construction Managers,45,2026-02,2
1331 Construction Managers,45,2026-03,3
1331 Construction Managers,35,2026-03,2
2343 Environmental Scientists,65,2026-09,1
2343 Environmental Scientists,65,2026-08,22
2343 Environmental Scientists,65,2026-07,14
2343 Environmental Scientists,65,2026-06,9
2343 Environmental Scientists,65,2024-09,3
2343 Environmental Scientists,65,2026-05,11
2343 Environmental Scientists,65,2024-11,3
2343 Environmental Scientists,65,2025-01,3
2343 Environmental Scientists,65,2025-03,9
2343 Environmental Scientists,65,2025-02,2
2343 Environmental Scientists,65,2025-04,3
2343 Environmental Scientists,65,2025-05,5
2343 Environmental Scientists,65,2025-06,6
2343 Environmental Scientists,65,2025-07,4
2343 Environmental Scientists,65,2025-08,5
2343 Environmental Scientists,65,2025-09,15
2343 Environmental Scientists,65,2025-10,3
2343 Environmental Scientists,65,2025-12,7
2343 Environmental Scientists,65,2026-04,8
2343 Environmental Scientists,65,2025-11,14
2343 Environmental Scientists,65,2026-01,11
2343 Environmental Scientists,65,2026-02,9
2343 Environmental Scientists,65,2026-03,10
2343 Environmental Scientists,75,2026-08,26
2343 Environmental Scientists,75,2026-07,21
2343 Environmental Scientists,75,2026-06,13
2343 Environmental Scientists,75,2024-09,1
2343 Environmental Scientists,75,2026-05,14
2343 Environmental Scientists,75,2024-10,2
2343 Environmental Scientists,75,2024-12,1
2343 Environmental Scientists,75,2025-01,11
2343 Environmental Scientists,75,2025-03,1
2343 Environmental Scientists,75,2025-04,2
2343 Environmental Scientists,75,2025-05,1
2343 Environmental Scientists,75,2025-06,3
2343 Environmental Scientists,75,2025-07,4
2343 Environmental Scientists,75,2025-08,4
2343 Environmental Scientists,75,2025-09,6
2343 Environmental Scientists,75,2025-10,12
2343 Environmental Scientists,75,2025-12,6
2343 Environmental Scientists,75,2026-04,19
2343 Environmental Scientists,75,2025-11,6
2343 Environmental Scientists,75,2026-01,6
2343 Environmental Scientists,75,2026-02,8
2343 Environmental Scientists,75,2026-03,8
2343 Environmental Scientists,70,2026-09,2
2343 Environmental Scientists,70,2026-08,35
2343 Environmental Scientists,70,2026-07,15
2343 Environmental Scientists,70,2026-06,22
2343 Environmental Scientists,70,2024-09,5
2343 Environmental Scientists,70,2026-05,12
2343 Environmental Scientists,70,2024-10,4
2343 Environmental Scientists,70,2024-12,1
2343 Environmental Scientists,70,2024-11,1
2343 Environmental Scientists,70,2025-01,2
2343 Environmental Scientists,70,2025-03,6
2343 Environmental Scientists,70,2025-02,2
2343 Environmental Scientists,70,2025-04,1
2343 Environmental Scientists,70,2025-05,1
2343 Environmental Scientists,70,2025-06,6
2343 Environmental Scientists,70,2025-07,4
2343 Environmental Scientists,70,2025-08,7
2343 Environmental Scientists,70,2025-09,11
2343 Environmental Scientists,70,2025-10,7
2343 Environmental Scientists,70,2025-12,15
2343 Environmental Scientists,70,2026-04,8
2343 Environmental Scientists,70,2025-11,16
2343 Environmental Scientists,70,2026-01,3
2343 Environmental Scientists,70,2026-02,9
2343 Environmental Scientists,70,2026-03,13
2343 Environmental Scientists,80,2026-08,26
2343 Environmental Scientists,80,2026-07,14
2343 Environmental Scientists,80,2026-06,17
2343 Environmental Scientists,80,2026-05,6
2343 Environmental Scientists,80,2024-11,1
2343 Environmental Scientists,80,2025-02,3
2343 Environmental Scientists,80,2025-04,1
2343 Environmental Scientists,80,2025-05,1
2343 Environmental Scientists,80,2025-06,2
2343 Environmental Scientists,80,2025-07,3
2343 Environmental Scientists,80,2025-08,3
2343 Environmental Scientists,80,2025-10,2
2343 Environmental Scientists,80,2025-12,3
2343 Environmental Scientists,80,2026-04,7
2343 Environmental Scientists,80,2025-11,3
2343 Environmental Scientists,80,2026-01,4
2343 Environmental Scientists,80,2026-02,1
2343 Environmental Scientists,80,2026-03,2
2343 Environmental Scientists,95,2026-08,2
2343 Environmental Scientists,95,2026-07,1
2343 Environmental Scientists,95,2026-06,1
2343 Environmental Scientists,90,2026-08,10
2343 Environmental Scientists,90,2026-07,9
2343 Environmental Scientists,90,2026-06,4
2343 Environmental Scientists,90,2026-05,3
2343 Environmental Scientists,90,2025-11,1
2343 Environmental Scientists,90,2026-01,1
2343 Environmental Scientists,90,2026-02,1
2343 Environmental Scientists,90,2026-03,2
2343 Environmental Scientists,85,2026-08,24
2343 Environmental Scientists,85,2026-07,21
2343 Environmental Scientists,85,2026-06,11
2343 Environmental Scientists,85,2025-09,2
2343 Environmental Scientists,85,2025-10,1
2343 Environmental Scientists,85,2025-12,4
2343 Environmental Scientists,85,2026-04,8
2343 Environmental Scientists,85,2025-11,2
2343 Environmental Scientists,85,2026-01,2
2343 Environmental Scientists,85,2026-02,1
2343 Environmental Scientists,85,2026-03,1
2343 Environmental Scientists,55,2026-08,1
2343 Environmental Scientists,55,2026-07,2
2343 Environmental Scientists,55,2026-06,4
2343 Environmental Scientists,55,2026-05,1
2343 Environmental Scientists,55,2024-12,1
2343 Environmental Scientists,55,2025-06,1
2343 Environmental Scientists,55,2025-08,3
2343 Environmental Scientists,55,2025-09,1
2343 Environmental Scientists,55,2026-04,1
2343 Environmental Scientists,55,2025-11,2
2343 Environmental Scientists,55,2026-03,1
2343 Environmental Scientists,60,2026-08,4
2343 Environmental Scientists,60,2026-07,5
2343 Environmental Scientists,60,2026-06,9
2343 Environmental Scientists,60,2026-05,3
2343 Environmental Scientists,60,2024-12,2
2343 Environmental Scientists,60,2025-03,1
2343 Environmental Scientists,60,2025-04,2
2343 Environmental Scientists,60,2025-05,1
2343 Environmental Scientists,60,2025-06,2
2343 Environmental Scientists,60,2025-08,2
2343 Environmental Scientists,60,2025-09,3
2343 Environmental Scientists,60,2025-10,3
2343 Environmental Scientists,60,2025-12,1
2343 Environmental Scientists,60,2026-04,10
2343 Environmental Scientists,60,2025-11,5
2343 Environmental Scientists,60,2026-01,2
2343 Environmental Scientists,60,2026-02,2
2343 Environmental Scientists,60,2026-03,3
2343 Environmental Scientists,50,2026-08,1
2343 Environmental Scientists,50,2026-06,1
2343 Environmental Scientists,50,2025-09,1
2343 Environmental Scientists,50,2026-02,1
2343 Environmental Scientists,100,2026-08,1
2343 Environmental Scientists,100,2026-07,1
2343 Environmental Scientists,40,2026-07,1
2343 Environmental Scientists,40,2026-05,1
2343 Environmental Scientists,45,2026-07,1
2343 Environmental Scientists,45,2025-05,1
2343 Environmental Scientists,45,2025-07,1
2343 Environmental Scientists,45,2025-09,1
2711 Barristers,65,2025-04,1
2711 Barristers,65,2026-01,1
2711 Barristers,75,2026-08,1
2711 Barristers,75,2026-01,1
2711 Barristers,70,2026-03,1
2711 Barristers,80,2026-08,1
2711 Barristers,80,2026-07,3
2711 Barristers,80,2026-02,1
2711 Barristers,85,2026-02,1
2711 Barristers,55,2026-08,1
3132 Telecommunications Technical Specialists,65,2026-08,27
3132 Telecommunications Technical Specialists,65,2026-07,22
3132 Telecommunications Technical Specialists,65,2026-06,28
3132 Telecommunications Technical Specialists,65,2024-09,6
3132 Telecommunications Technical Specialists,65,2026-05,13
3132 Telecommunications Technical Specialists,65,2024-10,8
3132 Telecommunications Technical Specialists,65,2024-12,4
3132 Telecommunications Technical Specialists,65,2024-11,4
3132 Telecommunications Technical Specialists,65,2025-01,7
3132 Telecommunications Technical Specialists,65,2025-03,14
3132 Telecommunications Technical Specialists,65,2025-02,6
3132 Telecommunications Technical Specialists,65,2025-04,10
3132 Telecommunications Technical Specialists,65,2025-05,6
3132 Telecommunications Technical Specialists,65,2025-06,12
3132 Telecommunications Technical Specialists,65,2025-07,11
3132 Telecommunications Technical Specialists,65,2025-08,19
3132 Telecommunications Technical Specialists,65,2025-09,10
3132 Telecommunications Technical Specialists,65,2025-10,15
3132 Telecommunications Technical Specialists,65,2025-12,13
3132 Telecommunications Technical Specialists,65,2026-04,25
3132 Telecommunications Technical Specialists,65,2025-11,14
3132 Telecommunications Technical Specialists,65,2026-01,4
3132 Telecommunications Technical Specialists,65,2026-02,18
3132 Telecommunications Technical Specialists,65,2026-03,17
3132 Telecommunications Technical Specialists,75,2026-08,30
3132 Telecommunications Technical Specialists,75,2026-07,11
3132 Telecommunications Technical Specialists,75,2026-06,16
3132 Telecommunications Technical Specialists,75,2026-05,12
3132 Telecommunications Technical Specialists,75,2024-10,2
3132 Telecommunications Technical Specialists,75,2024-12,3
3132 Telecommunications Technical Specialists,75,2024-11,3
3132 Telecommunications Technical Specialists,75,2025-01,4
3132 Telecommunications Technical Specialists,75,2025-03,15
3132 Telecommunications Technical Specialists,75,2025-02,1
3132 Telecommunications Technical Specialists,75,2025-04,6
3132 Telecommunications Technical Specialists,75,2025-05,11
3132 Telecommunications Technical Specialists,75,2025-06,9
3132 Telecommunications Technical Specialists,75,2025-07,5
3132 Telecommunications Technical Specialists,75,2025-08,19
3132 Telecommunications Technical Specialists,75,2025-09,22
3132 Telecommunications Technical Specialists,75,2025-10,5
3132 Telecommunications Technical Specialists,75,2025-12,25
3132 Telecommunications Technical Specialists,75,2026-04,9
3132 Telecommunications Technical Specialists,75,2025-11,17
3132 Telecommunications Technical Specialists,75,2026-01,12
3132 Telecommunications Technical Specialists,75,2026-02,11
3132 Telecommunications Technical Specialists,75,2026-03,9
3132 Telecommunications Technical Specialists,70,2026-08,36
3132 Telecommunications Technical Specialists,70,2026-07,16
3132 Telecommunications Technical Specialists,70,2026-06,21
3132 Telecommunications Technical Specialists,70,2024-09,8
3132 Telecommunications Technical Specialists,70,2026-05,15
3132 Telecommunications Technical Specialists,70,2024-10,5
3132 Telecommunications Technical Specialists,70,2024-12,3
3132 Telecommunications Technical Specialists,70,2024-11,1
3132 Telecommunications Technical Specialists,70,2025-01,1
3132 Telecommunications Technical Specialists,70,2025-03,10
3132 Telecommunications Technical Specialists,70,2025-02,7
3132 Telecommunications Technical Specialists,70,2025-04,3
3132 Telecommunications Technical Specialists,70,2025-05,10
3132 Telecommunications Technical Specialists,70,2025-06,6
3132 Telecommunications Technical Specialists,70,2025-07,10
3132 Telecommunications Technical Specialists,70,2025-08,23
3132 Telecommunications Technical Specialists,70,2025-09,11
3132 Telecommunications Technical Specialists,70,2025-10,17
3132 Telecommunications Technical Specialists,70,2025-12,11
3132 Telecommunications Technical Specialists,70,2026-04,25
3132 Telecommunications Technical Specialists,70,2025-11,14
3132 Telecommunications Technical Specialists,70,2026-01,10
3132 Telecommunications Technical Specialists,70,2026-02,8
3132 Telecommunications Technical Specialists,70,2026-03,11
3132 Telecommunications Technical Specialists,80,2026-09,1
3132 Telecommunications Technical Specialists,80,2026-08,18
3132 Telecommunications Technical Specialists,80,2026-07,10
3132 Telecommunications Technical Specialists,80,2026-06,10
3132 Telecommunications Technical Specialists,80,2024-09,1
3132 Telecommunications Technical Specialists,80,2026-05,4
3132 Telecommunications Technical Specialists,80,2024-10,5
3132 Telecommunications Technical Specialists,80,2024-11,2
3132 Telecommunications Technical Specialists,80,2025-03,2
3132 Telecommunications Technical Specialists,80,2025-02,1
3132 Telecommunications Technical Specialists,80,2025-04,7
3132 Telecommunications Technical Specialists,80,2025-06,9
3132 Telecommunications Technical Specialists,80,2025-07,1
3132 Telecommunications Technical Specialists,80,2025-08,3
3132 Telecommunications Technical Specialists,80,2025-09,6
3132 Telecommunications Technical Specialists,80,2025-10,3
3132 Telecommunications Technical Specialists,80,2025-12,15
3132 Telecommunications Technical Specialists,80,2026-04,4
3132 Telecommunications Technical Specialists,80,2025-11,18
3132 Telecommunications Technical Specialists,80,2026-01,7
3132 Telecommunications Technical Specialists,80,2026-02,4
3132 Telecommunications Technical Specialists,80,2026-03,8
3132 Telecommunications Technical Specialists,90,2026-08,1
3132 Telecommunications Technical Specialists,90,2026-07,4
3132 Telecommunications Technical Specialists,90,2026-06,4
3132 Telecommunications Technical Specialists,90,2026-05,3
3132 Telecommunications Technical Specialists,90,2024-12,1
3132 Telecommunications Technical Specialists,90,2025-04,1
3132 Telecommunications Technical Specialists,90,2025-05,1
3132 Telecommunications Technical Specialists,90,2025-07,1
3132 Telecommunications Technical Specialists,90,2025-08,4
3132 Telecommunications Technical Specialists,90,2025-10,4
3132 Telecommunications Technical Specialists,90,2025-12,1
3132 Telecommunications Technical Specialists,90,2026-04,9
3132 Telecommunications Technical Specialists,90,2025-11,2
3132 Telecommunications Technical Specialists,90,2026-01,8
3132 Telecommunications Technical Specialists,90,2026-02,4
3132 Telecommunications Technical Specialists,85,2026-09,7
3132 Telecommunications Technical Specialists,85,2026-08,1
3132 Telecommunications Technical Specialists,85,2026-07,5
3132 Telecommunications Technical Specialists,85,2026-06,8
3132 Telecommunications Technical Specialists,85,2026-05,7
3132 Telecommunications Technical Specialists,85,2024-12,1
3132 Telecommunications Technical Specialists,85,2025-01,1
3132 Telecommunications Technical Specialists,85,2025-03,1
3132 Telecommunications Technical Specialists,85,2025-04,1
3132 Telecommunications Technical Specialists,85,2025-05,3
3132 Telecommunications Technical Specialists,85,2025-06,3
3132 Telecommunications Technical Specialists,85,2025-07,2
3132 Telecommunications Technical Specialists,85,2025-08,2
3132 Telecommunications Technical Specialists,85,2025-09,12
3132 Telecommunications Technical Specialists,85,2025-10,1
3132 Telecommunications Technical Specialists,85,2025-12,7
3132 Telecommunications Technical Specialists,85,2026-04,2
3132 Telecommunications Technical Specialists,85,2025-11,7
3132 Telecommunications Technical Specialists,85,2026-01,4
3132 Telecommunications Technical Specialists,85,2026-02,2
3132 Telecommunications Technical Specialists,85,2026-03,3
3132 Telecommunications Technical Specialists,55,2026-08,11
3132 Telecommunications Technical Specialists,55,2026-07,8
3132 Telecommunications Technical Specialists,55,2026-06,14
3132 Telecommunications Technical Specialists,55,2024-09,1
3132 Telecommunications Technical Specialists,55,2026-05,5
3132 Telecommunications Technical Specialists,55,2024-12,1
3132 Telecommunications Technical Specialists,55,2025-01,1
3132 Telecommunications Technical Specialists,55,2025-03,1
3132 Telecommunications Technical Specialists,55,2025-04,3
3132 Telecommunications Technical Specialists,55,2025-05,1
3132 Telecommunications Technical Specialists,55,2025-06,2
3132 Telecommunications Technical Specialists,55,2025-08,1
3132 Telecommunications Technical Specialists,55,2025-09,4
3132 Telecommunications Technical Specialists,55,2025-10,3
3132 Telecommunications Technical Specialists,55,2025-12,4
3132 Telecommunications Technical Specialists,55,2026-04,5
3132 Telecommunications Technical Specialists,55,2025-11,3
3132 Telecommunications Technical Specialists,55,2026-01,5
3132 Telecommunications Technical Specialists,55,2026-02,4
3132 Telecommunications Technical Specialists,55,2026-03,2
3132 Telecommunications Technical Specialists,60,2026-09,1
3132 Telecommunications Technical Specialists,60,2026-08,11
3132 Telecommunications Technical Specialists,60,2026-07,10
3132 Telecommunications Technical Specialists,60,2026-06,12
3132 Telecommunications Technical Specialists,60,2024-09,5
3132 Telecommunications Technical Specialists,60,2026-05,8
3132 Telecommunications Technical Specialists,60,2024-12,5
3132 Telecommunications Technical Specialists,60,2024-11,4
3132 Telecommunications Technical Specialists,60,2025-01,4
3132 Telecommunications Technical Specialists,60,2025-03,4
3132 Telecommunications Technical Specialists,60,2025-02,5
3132 Telecommunications Technical Specialists,60,2025-04,3
3132 Telecommunications Technical Specialists,60,2025-05,1
3132 Telecommunications Technical Specialists,60,2025-06,2
3132 Telecommunications Technical Specialists,60,2025-08,6
3132 Telecommunications Technical Specialists,60,2025-09,6
3132 Telecommunications Technical Specialists,60,2025-10,5
3132 Telecommunications Technical Specialists,60,2025-12,6
3132 Telecommunications Technical Specialists,60,2026-04,12
3132 Telecommunications Technical Specialists,60,2025-11,16
3132 Telecommunications Technical Specialists,60,2026-01,16
3132 Telecommunications Technical Specialists,60,2026-02,10
3132 Telecommunications Technical Specialists,60,2026-03,5
3132 Telecommunications Technical Specialists,50,2026-08,5
3132 Telecommunications Technical Specialists,50,2026-07,3
3132 Telecommunications Technical Specialists,50,2026-06,4
3132 Telecommunications Technical Specialists,50,2024-09,1
3132 Telecommunications Technical Specialists,50,2026-05,6
3132 Telecommunications Technical Specialists,50,2024-10,1
3132 Telecommunications Technical Specialists,50,2025-01,1
3132 Telecommunications Technical Specialists,50,2025-02,1
3132 Telecommunications Technical Specialists,50,2025-06,3
3132 Telecommunications Technical Specialists,50,2025-09,1
3132 Telecommunications Technical Specialists,50,2025-10,2
3132 Telecommunications Technical Specialists,50,2025-12,1
3132 Telecommunications Technical Specialists,50,2026-04,2
3132 Telecommunications Technical Specialists,50,2025-11,7
3132 Telecommunications Technical Specialists,50,2026-01,7
3132 Telecommunications Technical Specialists,50,2026-02,2
3132 Telecommunications Technical Specialists,50,2026-03,2
3132 Telecommunications Technical Specialists,40,2026-08,2
3132 Telecommunications Technical Specialists,40,2025-02,1
3132 Telecommunications Technical Specialists,40,2025-08,1
3132 Telecommunications Technical Specialists,40,2025-10,1
3132 Telecommunications Technical Specialists,40,2026-04,1
3132 Telecommunications Technical Specialists,40,2026-01,1
3132 Telecommunications Technical Specialists,45,2026-08,4
3132 Telecommunications Technical Specialists,45,2026-06,2
3132 Telecommunications Technical Specialists,45,2026-05,1
3132 Telecommunications Technical Specialists,45,2025-03,1
3132 Telecommunications Technical Specialists,45,2026-04,1
3132 Telecommunications Technical Specialists,45,2026-03,1
3132 Telecommunications Technical Specialists,35,2026-07,1
3132 Telecommunications Technical Specialists,35,2026-04,1
3312 Carpenters and Joiners,65,2026-09,1
3312 Carpenters and Joiners,65,2026-08,160
3312 Carpenters and Joiners,65,2026-07,91
3312 Carpenters and Joiners,65,2026-06,84
3312 Carpenters and Joiners,65,2026-05,90
3312 Carpenters and Joiners,65,2024-11,1
3312 Carpenters and Joiners,65,2025-06,1
3312 Carpenters and Joiners,65,2025-07,1
3312 Carpenters and Joiners,65,2025-12,11
3312 Carpenters and Joiners,65,2026-04,41
3312 Carpenters and Joiners,65,2025-11,27
3312 Carpenters and Joiners,65,2026-01,24
3312 Carpenters and Joiners,65,2026-02,56
3312 Carpenters and Joiners,65,2026-03,24
3312 Carpenters and Joiners,75,2026-08,34
3312 Carpenters and Joiners,75,2026-07,10
3312 Carpenters and Joiners,75,2026-06,9
3312 Carpenters and Joiners,75,2026-05,8
3312 Carpenters and Joiners,75,2025-12,5
3312 Carpenters and Joiners,75,2026-04,10
3312 Carpenters and Joiners,75,2026-01,5
3312 Carpenters and Joiners,75,2026-02,7
3312 Carpenters and Joiners,75,2026-03,15
3312 Carpenters and Joiners,70,2026-09,1
3312 Carpenters and Joiners,70,2026-08,92
3312 Carpenters and Joiners,70,2026-07,34
3312 Carpenters and Joiners,70,2026-06,33
3312 Carpenters and Joiners,70,2026-05,30
3312 Carpenters and Joiners,70,2025-12,18
3312 Carpenters and Joiners,70,2026-04,10
3312 Carpenters and Joiners,70,2025-11,6
3312 Carpenters and Joiners,70,2026-01,16
3312 Carpenters and Joiners,70,2026-02,21
3312 Carpenters and Joiners,70,2026-03,19
3312 Carpenters and Joiners,80,2026-08,11
3312 Carpenters and Joiners,80,2026-07,5
3312 Carpenters and Joiners,80,2026-06,2
3312 Carpenters and Joiners,80,2026-05,2
3312 Carpenters and Joiners,80,2026-04,4
3312 Carpenters and Joiners,80,2026-01,6
3312 Carpenters and Joiners,80,2026-02,2
3312 Carpenters and Joiners,80,2026-03,2
3312 Carpenters and Joiners,90,2026-08,1
3312 Carpenters and Joiners,90,2026-06,1
3312 Carpenters and Joiners,90,2026-05,1
3312 Carpenters and Joiners,90,2025-12,1
3312 Carpenters and Joiners,90,2026-04,1
3312 Carpenters and Joiners,85,2026-08,3
3312 Carpenters and Joiners,85,2026-05,2
3312 Carpenters and Joiners,85,2025-12,1
3312 Carpenters and Joiners,85,2025-11,1
3312 Carpenters and Joiners,85,2026-03,1
3312 Carpenters and Joiners,55,2026-08,30
3312 Carpenters and Joiners,55,2026-07,20
3312 Carpenters and Joiners,55,2026-06,19
3312 Carpenters and Joiners,55,2026-05,14
3312 Carpenters and Joiners,55,2024-10,1
3312 Carpenters and Joiners,55,2024-12,1
3312 Carpenters and Joiners,55,2024-11,1
3312 Carpenters and Joiners,55,2025-03,2
3312 Carpenters and Joiners,55,2025-02,1
3312 Carpenters and Joiners,55,2025-05,1
3312 Carpenters and Joiners,55,2025-06,4
3312 Carpenters and Joiners,55,2025-07,2
3312 Carpenters and Joiners,55,2025-08,3
3312 Carpenters and Joiners,55,2025-09,4
3312 Carpenters and Joiners,55,2025-10,2
3312 Carpenters and Joiners,55,2025-12,6
3312 Carpenters and Joiners,55,2026-04,12
3312 Carpenters and Joiners,55,2025-11,5
3312 Carpenters and Joiners,55,2026-01,13
3312 Carpenters and Joiners,55,2026-02,6
3312 Carpenters and Joiners,55,2026-03,18
3312 Carpenters and Joiners,60,2026-09,1
3312 Carpenters and Joiners,60,2026-08,53
3312 Carpenters and Joiners,60,2026-07,30
3312 Carpenters and Joiners,60,2026-06,32
3312 Carpenters and Joiners,60,2024-09,1
3312 Carpenters and Joiners,60,2026-05,30
3312 Carpenters and Joiners,60,2024-12,6
3312 Carpenters and Joiners,60,2024-11,7
3312 Carpenters and Joiners,60,2025-01,1
3312 Carpenters and Joiners,60,2025-03,4
3312 Carpenters and Joiners,60,2025-02,4
3312 Carpenters and Joiners,60,2025-04,4
3312 Carpenters and Joiners,60,2025-05,5
3312 Carpenters and Joiners,60,2025-06,6
3312 Carpenters and Joiners,60,2025-07,7
3312 Carpenters and Joiners,60,2025-08,2
3312 Carpenters and Joiners,60,2025-09,17
3312 Carpenters and Joiners,60,2025-10,13
3312 Carpenters and Joiners,60,2025-12,10
3312 Carpenters and Joiners,60,2026-04,40
3312 Carpenters and Joiners,60,2025-11,20
3312 Carpenters and Joiners,60,2026-01,17
3312 Carpenters and Joiners,60,2026-02,29
3312 Carpenters and Joiners,60,2026-03,26
3312 Carpenters and Joiners,50,2026-08,5
3312 Carpenters and Joiners,50,2026-07,4
3312 Carpenters and Joiners,50,2026-06,4
3312 Carpenters and Joiners,50,2026-05,5
3312 Carpenters and Joiners,50,2025-03,1
3312 Carpenters and Joiners,50,2025-02,1
3312 Carpenters and Joiners,50,2025-04,2
3312 Carpenters and Joiners,50,2025-05,1
3312 Carpenters and Joiners,50,2025-06,1
3312 Carpenters and Joiners,50,2025-07,1
3312 Carpenters and Joiners,50,2025-08,1
3312 Carpenters and Joiners,50,2025-09,4
3312 Carpenters and Joiners,50,2025-12,2
3312 Carpenters and Joiners,50,2026-04,6
3312 Carpenters and Joiners,50,2025-11,2
3312 Carpenters and Joiners,50,2026-01,2
3312 Carpenters and Joiners,50,2026-02,3
3312 Carpenters and Joiners,50,2026-03,2
3312 Carpenters and Joiners,100,2026-08,1
3312 Carpenters and Joiners,100,2026-05,1
3312 Carpenters and Joiners,40,2026-08,2
3312 Carpenters and Joiners,40,2025-09,1
3312 Carpenters and Joiners,40,2026-03,1
3312 Carpenters and Joiners,45,2026-07,2
3312 Carpenters and Joiners,45,2026-06,2
3312 Carpenters and Joiners,45,2026-05,1
3312 Carpenters and Joiners,45,2024-12,1
3312 Carpenters and Joiners,45,2025-06,1
3312 Carpenters and Joiners,45,2025-07,2
3312 Carpenters and Joiners,45,2025-09,2
3312 Carpenters and Joiners,45,2026-04,2
3312 Carpenters and Joiners,45,2026-02,2
3312 Carpenters and Joiners,45,2026-03,1
3312 Carpenters and Joiners,30,2026-04,1
2725 Social Workers,65,2026-09,2
2725 Social Workers,65,2026-08,56
2725 Social Workers,65,2026-07,38
2725 Social Workers,65,2026-06,42
2725 Social Workers,65,2024-09,6
2725 Social Workers,65,2026-05,34
2725 Social Workers,65,2024-10,1
2725 Social Workers,65,2024-12,2
2725 Social Workers,65,2024-11,3
2725 Social Workers,65,2025-01,4
2725 Social Workers,65,2025-03,3
2725 Social Workers,65,2025-02,4
2725 Social Workers,65,2025-04,7
2725 Social Workers,65,2025-05,5
2725 Social Workers,65,2025-06,7
2725 Social Workers,65,2025-07,8
2725 Social Workers,65,2025-08,7
2725 Social Workers,65,2025-09,12
2725 Social Workers,65,2025-10,8
2725 Social Workers,65,2025-12,19
2725 Social Workers,65,2026-04,20
2725 Social Workers,65,2025-11,9
2725 Social Workers,65,2026-01,29
2725 Social Workers,65,2026-02,22
2725 Social Workers,65,2026-03,27
2725 Social Workers,75,2026-08,89
2725 Social Workers,75,2026-07,70
2725 Social Workers,75,2026-06,68
2725 Social Workers,75,2026-05,64
2725 Social Workers,75,2025-03,2
2725 Social Workers,75,2025-04,3
2725 Social Workers,75,2025-05,6
2725 Social Workers,75,2025-06,3
2725 Social Workers,75,2025-07,5
2725 Social Workers,75,2025-08,13
2725 Social Workers,75,2025-09,25
2725 Social Workers,75,2025-10,23
2725 Social Workers,75,2025-12,24
2725 Social Workers,75,2026-04,46
2725 Social Workers,75,2025-11,24
2725 Social Workers,75,2026-01,29
2725 Social Workers,75,2026-02,36
2725 Social Workers,75,2026-03,35
2725 Social Workers,70,2026-09,4
2725 Social Workers,70,2026-08,107
2725 Social Workers,70,2026-07,69
2725 Social Workers,70,2026-06,76
2725 Social Workers,70,2024-09,1
2725 Social Workers,70,2026-05,69
2725 Social Workers,70,2024-10,2
2725 Social Workers,70,2024-12,4
2725 Social Workers,70,2024-11,6
2725 Social Workers,70,2025-01,2
2725 Social Workers,70,2025-03,13
2725 Social Workers,70,2025-02,7
2725 Social Workers,70,2025-04,7
2725 Social Workers,70,2025-05,8
2725 Social Workers,70,2025-06,7
2725 Social Workers,70,2025-07,14
2725 Social Workers,70,2025-08,13
2725 Social Workers,70,2025-09,9
2725 Social Workers,70,2025-10,22
2725 Social Workers,70,2025-12,20
2725 Social Workers,70,2026-04,54
2725 Social Workers,70,2025-11,18
2725 Social Workers,70,2026-01,22
2725 Social Workers,70,2026-02,39
2725 Social Workers,70,2026-03,46
2725 Social Workers,80,2026-09,2
2725 Social Workers,80,2026-08,57
2725 Social Workers,80,2026-07,37
2725 Social Workers,80,2026-06,38
2725 Social Workers,80,2026-05,6
2725 Social Workers,80,2025-12,2
2725 Social Workers,80,2026-04,9
2725 Social Workers,80,2025-11,2
2725 Social Workers,80,2026-01,13
2725 Social Workers,80,2026-02,5
2725 Social Workers,80,2026-03,15
2725 Social Workers,90,2026-08,3
2725 Social Workers,90,2026-05,1
2725 Social Workers,90,2026-03,4
2725 Social Workers,85,2026-08,28
2725 Social Workers,85,2026-07,11
2725 Social Workers,85,2026-06,10
2725 Social Workers,85,2026-05,2
2725 Social Workers,85,2026-04,3
2725 Social Workers,85,2025-11,1
2725 Social Workers,85,2026-01,3
2725 Social Workers,85,2026-02,5
2725 Social Workers,85,2026-03,4
2725 Social Workers,55,2026-08,6
2725 Social Workers,55,2026-07,1
2725 Social Workers,55,2026-06,7
2725 Social Workers,55,2026-05,2
2725 Social Workers,55,2024-10,1
2725 Social Workers,55,2025-01,1
2725 Social Workers,55,2025-03,1
2725 Social Workers,55,2025-02,2
2725 Social Workers,55,2025-05,2
2725 Social Workers,55,2025-06,3
2725 Social Workers,55,2025-08,3
2725 Social Workers,55,2025-09,1
2725 Social Workers,55,2025-10,1
2725 Social Workers,55,2025-12,1
2725 Social Workers,55,2026-04,2
2725 Social Workers,55,2025-11,2
2725 Social Workers,55,2026-01,1
2725 Social Workers,55,2026-02,3
2725 Social Workers,55,2026-03,6
2725 Social Workers,60,2026-08,15
2725 Social Workers,60,2026-07,6
2725 Social Workers,60,2026-06,2
2725 Social Workers,60,2026-05,8
2725 Social Workers,60,2025-01,1
2725 Social Workers,60,2025-02,1
2725 Social Workers,60,2025-04,1
2725 Social Workers,60,2025-05,1
2725 Social Workers,60,2025-06,3
2725 Social Workers,60,2025-07,3
2725 Social Workers,60,2025-08,2
2725 Social Workers,60,2025-09,1
2725 Social Workers,60,2025-10,1
2725 Social Workers,60,2026-04,6
2725 Social Workers,60,2025-11,1
2725 Social Workers,60,2026-01,4
2725 Social Workers,60,2026-02,7
2725 Social Workers,60,2026-03,5
2725 Social Workers,50,2026-07,1
2725 Social Workers,50,2026-06,1
2725 Social Workers,50,2025-06,1
2725 Social Workers,50,2025-10,1
2725 Social Workers,50,2026-04,2
2725 Social Workers,50,2026-02,2
2725 Social Workers,50,2026-03,1
2725 Social Workers,40,2025-07,1
2725 Social Workers,40,2025-10,1
2725 Social Workers,45,2026-08,2
2725 Social Workers,45,2025-09,1
2725 Social Workers,45,2026-01,1
3322 Painting Trades Workers,65,2026-08,83
3322 Painting Trades Workers,65,2026-07,43
3322 Painting Trades Workers,65,2026-06,58
3322 Painting Trades Workers,65,2024-09,8
3322 Painting Trades Workers,65,2026-05,58
3322 Painting Trades Workers,65,2024-10,11
3322 Painting Trades Workers,65,2024-12,12
3322 Painting Trades Workers,65,2024-11,14
3322 Painting Trades Workers,65,2025-01,12
3322 Painting Trades Workers,65,2025-03,11
3322 Painting Trades Workers,65,2025-02,6
3322 Painting Trades Workers,65,2025-04,9
3322 Painting Trades Workers,65,2025-05,23
3322 Painting Trades Workers,65,2025-06,15
3322 Painting Trades Workers,65,2025-07,12
3322 Painting Trades Workers,65,2025-08,27
3322 Painting Trades Workers,65,2025-09,24
3322 Painting Trades Workers,65,2025-10,30
3322 Painting Trades Workers,65,2025-12,27
3322 Painting Trades Workers,65,2026-04,45
3322 Painting Trades Workers,65,2025-11,39
3322 Painting Trades Workers,65,2026-01,40
3322 Painting Trades Workers,65,2026-02,42
3322 Painting Trades Workers,65,2026-03,50
3322 Painting Trades Workers,75,2026-09,1
3322 Painting Trades Workers,75,2026-08,28
3322 Painting Trades Workers,75,2026-07,36
3322 Painting Trades Workers,75,2026-06,30
3322 Painting Trades Workers,75,2026-05,17
3322 Painting Trades Workers,75,2025-09,1
3322 Painting Trades Workers,75,2025-10,5
3322 Painting Trades Workers,75,2025-12,9
3322 Painting Trades Workers,75,2026-04,29
3322 Painting Trades Workers,75,2025-11,7
3322 Painting Trades Workers,75,2026-01,21
3322 Painting Trades Workers,75,2026-02,23
3322 Painting Trades Workers,75,2026-03,31
3322 Painting Trades Workers,70,2026-09,3
3322 Painting Trades Workers,70,2026-08,63
3322 Painting Trades Workers,70,2026-07,51
3322 Painting Trades Workers,70,2026-06,57
3322 Painting Trades Workers,70,2026-05,54
3322 Painting Trades Workers,70,2024-11,4
3322 Painting Trades Workers,70,2025-03,1
3322 Painting Trades Workers,70,2025-04,7
3322 Painting Trades Workers,70,2025-05,4
3322 Painting Trades Workers,70,2025-06,1
3322 Painting Trades Workers,70,2025-07,5
3322 Painting Trades Workers,70,2025-08,19
3322 Painting Trades Workers,70,2025-09,18
3322 Painting Trades Workers,70,2025-10,24
3322 Painting Trades Workers,70,2025-12,24
3322 Painting Trades Workers,70,2026-04,34
3322 Painting Trades Workers,70,2025-11,22
3322 Painting Trades Workers,70,2026-01,43
3322 Painting Trades Workers,70,2026-02,40
3322 Painting Trades Workers,70,2026-03,30
3322 Painting Trades Workers,80,2026-08,14
3322 Painting Trades Workers,80,2026-07,18
3322 Painting Trades Workers,80,2026-06,31
3322 Painting Trades Workers,80,2026-05,8
3322 Painting Trades Workers,80,2025-09,1
3322 Painting Trades Workers,80,2025-12,6
3322 Painting Trades Workers,80,2026-04,29
3322 Painting Trades Workers,80,2025-11,7
3322 Painting Trades Workers,80,2026-01,8
3322 Painting Trades Workers,80,2026-02,9
3322 Painting Trades Workers,80,2026-03,11
3322 Painting Trades Workers,90,2026-08,2
3322 Painting Trades Workers,90,2025-10,1
3322 Painting Trades Workers,90,2026-01,1
3322 Painting Trades Workers,90,2026-03,2
3322 Painting Trades Workers,85,2026-09,1
3322 Painting Trades Workers,85,2026-08,5
3322 Painting Trades Workers,85,2026-07,6
3322 Painting Trades Workers,85,2026-06,9
3322 Painting Trades Workers,85,2026-05,1
3322 Painting Trades Workers,85,2025-12,4
3322 Painting Trades Workers,85,2026-04,1
3322 Painting Trades Workers,85,2025-11,1
3322 Painting Trades Workers,85,2026-01,1
3322 Painting Trades Workers,85,2026-02,4
3322 Painting Trades Workers,85,2026-03,1
3322 Painting Trades Workers,55,2026-08,13
3322 Painting Trades Workers,55,2026-07,21
3322 Painting Trades Workers,55,2026-06,10
3322 Painting Trades Workers,55,2026-05,9
3322 Painting Trades Workers,55,2024-11,1
3322 Painting Trades Workers,55,2025-01,2
3322 Painting Trades Workers,55,2025-02,2
3322 Painting Trades Workers,55,2025-04,1
3322 Painting Trades Workers,55,2025-05,1
3322 Painting Trades Workers,55,2025-06,1
3322 Painting Trades Workers,55,2025-08,1
3322 Painting Trades Workers,55,2025-09,1
3322 Painting Trades Workers,55,2025-10,2
3322 Painting Trades Workers,55,2025-12,4
3322 Painting Trades Workers,55,2026-04,12
3322 Painting Trades Workers,55,2025-11,4
3322 Painting Trades Workers,55,2026-01,3
3322 Painting Trades Workers,55,2026-02,5
3322 Painting Trades Workers,55,2026-03,11
3322 Painting Trades Workers,60,2026-08,27
3322 Painting Trades Workers,60,2026-07,26
3322 Painting Trades Workers,60,2026-06,25
3322 Painting Trades Workers,60,2024-09,1
3322 Painting Trades Workers,60,2026-05,31
3322 Painting Trades Workers,60,2024-12,1
3322 Painting Trades Workers,60,2024-11,1
3322 Painting Trades Workers,60,2025-01,3
3322 Painting Trades Workers,60,2025-03,2
3322 Painting Trades Workers,60,2025-02,2
3322 Painting Trades Workers,60,2025-04,7
3322 Painting Trades Workers,60,2025-05,4
3322 Painting Trades Workers,60,2025-06,3
3322 Painting Trades Workers,60,2025-07,10
3322 Painting Trades Workers,60,2025-08,3
3322 Painting Trades Workers,60,2025-09,5
3322 Painting Trades Workers,60,2025-10,9
3322 Painting Trades Workers,60,2025-12,8
3322 Painting Trades Workers,60,2026-04,23
3322 Painting Trades Workers,60,2025-11,7
3322 Painting Trades Workers,60,2026-01,14
3322 Painting Trades Workers,60,2026-02,15
3322 Painting Trades Workers,60,2026-03,13
3322 Painting Trades Workers,50,2026-08,2
3322 Painting Trades Workers,50,2026-07,6
3322 Painting Trades Workers,50,2026-06,3
3322 Painting Trades Workers,50,2024-09,1
3322 Painting Trades Workers,50,2026-05,1
3322 Painting Trades Workers,50,2024-10,1
3322 Painting Trades Workers,50,2025-03,1
3322 Painting Trades Workers,50,2025-02,1
3322 Painting Trades Workers,50,2025-04,1
3322 Painting Trades Workers,50,2025-10,3
3322 Painting Trades Workers,50,2025-12,2
3322 Painting Trades Workers,50,2026-04,2
3322 Painting Trades Workers,50,2026-01,2
3322 Painting Trades Workers,50,2026-02,5
3322 Painting Trades Workers,50,2026-03,4
3322 Painting Trades Workers,40,2026-05,2
3322 Painting Trades Workers,40,2025-10,1
3322 Painting Trades Workers,40,2025-11,1
3322 Painting Trades Workers,40,2026-02,1
3322 Painting Trades Workers,45,2026-08,3
3322 Painting Trades Workers,45,2026-07,4
3322 Painting Trades Workers,45,2026-04,1
3322 Painting Trades Workers,35,2025-11,1
3423 Electronics Trades Workers,65,2026-08,17
3423 Electronics Trades Workers,65,2026-07,10
3423 Electronics Trades Workers,65,2026-06,16
3423 Electronics Trades Workers,65,2026-05,21
3423 Electronics Trades Workers,65,2024-10,1
3423 Electronics Trades Workers,65,2024-12,1
3423 Electronics Trades Workers,65,2024-11,8
3423 Electronics Trades Workers,65,2025-01,2
3423 Electronics Trades Workers,65,2025-03,3
3423 Electronics Trades Workers,65,2025-02,4
3423 Electronics Trades Workers,65,2025-04,3
3423 Electronics Trades Workers,65,2025-05,9
3423 Electronics Trades Workers,65,2025-06,4
3423 Electronics Trades Workers,65,2025-07,8
3423 Electronics Trades Workers,65,2025-08,8
3423 Electronics Trades Workers,65,2025-09,12
3423 Electronics Trades Workers,65,2025-10,7
3423 Electronics Trades Workers,65,2025-12,5
3423 Electronics Trades Workers,65,2026-04,15
3423 Electronics Trades Workers,65,2025-11,9
3423 Electronics Trades Workers,65,2026-01,7
3423 Electronics Trades Workers,65,2026-02,15
3423 Electronics Trades Workers,65,2026-03,4
3423 Electronics Trades Workers,75,2026-08,16
3423 Electronics Trades Workers,75,2026-07,7
3423 Electronics Trades Workers,75,2026-06,5
3423 Electronics Trades Workers,75,2024-09,1
3423 Electronics Trades Workers,75,2026-05,2
3423 Electronics Trades Workers,75,2024-10,3
3423 Electronics Trades Workers,75,2024-11,2
3423 Electronics Trades Workers,75,2025-02,1
3423 Electronics Trades Workers,75,2025-04,1
3423 Electronics Trades Workers,75,2025-05,6
3423 Electronics Trades Workers,75,2025-06,9
3423 Electronics Trades Workers,75,2025-07,3
3423 Electronics Trades Workers,75,2025-08,17
3423 Electronics Trades Workers,75,2025-09,3
3423 Electronics Trades Workers,75,2025-10,4
3423 Electronics Trades Workers,75,2025-12,1
3423 Electronics Trades Workers,75,2026-04,11
3423 Electronics Trades Workers,75,2025-11,5
3423 Electronics Trades Workers,75,2026-01,5
3423 Electronics Trades Workers,75,2026-02,11
3423 Electronics Trades Workers,75,2026-03,1
3423 Electronics Trades Workers,70,2026-09,2
3423 Electronics Trades Workers,70,2026-08,22
3423 Electronics Trades Workers,70,2026-07,9
3423 Electronics Trades Workers,70,2026-06,15
3423 Electronics Trades Workers,70,2024-09,1
3423 Electronics Trades Workers,70,2026-05,6
3423 Electronics Trades Workers,70,2024-10,1
3423 Electronics Trades Workers,70,2024-12,1
3423 Electronics Trades Workers,70,2024-11,1
3423 Electronics Trades Workers,70,2025-01,2
3423 Electronics Trades Workers,70,2025-03,3
3423 Electronics Trades Workers,70,2025-02,2
3423 Electronics Trades Workers,70,2025-04,3
3423 Electronics Trades Workers,70,2025-05,2
3423 Electronics Trades Workers,70,2025-06,4
3423 Electronics Trades Workers,70,2025-07,6
3423 Electronics Trades Workers,70,2025-08,12
3423 Electronics Trades Workers,70,2025-09,6
3423 Electronics Trades Workers,70,2025-10,2
3423 Electronics Trades Workers,70,2025-12,9
3423 Electronics Trades Workers,70,2026-04,6
3423 Electronics Trades Workers,70,2025-11,5
3423 Electronics Trades Workers,70,2026-01,8
3423 Electronics Trades Workers,70,2026-02,5
3423 Electronics Trades Workers,70,2026-03,6
3423 Electronics Trades Workers,80,2026-08,6
3423 Electronics Trades Workers,80,2026-07,4
3423 Electronics Trades Workers,80,2026-06,1
3423 Electronics Trades Workers,80,2026-05,6
3423 Electronics Trades Workers,80,2025-01,1
3423 Electronics Trades Workers,80,2025-03,1
3423 Electronics Trades Workers,80,2025-10,1
3423 Electronics Trades Workers,80,2025-12,1
3423 Electronics Trades Workers,80,2026-04,2
3423 Electronics Trades Workers,80,2025-11,2
3423 Electronics Trades Workers,80,2026-02,2
3423 Electronics Trades Workers,80,2026-03,1
3423 Electronics Trades Workers,90,2026-08,1
3423 Electronics Trades Workers,90,2026-06,1
3423 Electronics Trades Workers,85,2026-08,1
3423 Electronics Trades Workers,85,2026-07,1
3423 Electronics Trades Workers,85,2026-05,1
3423 Electronics Trades Workers,85,2025-09,1
3423 Electronics Trades Workers,85,2026-04,1
3423 Electronics Trades Workers,85,2026-02,1
3423 Electronics Trades Workers,55,2026-08,3
3423 Electronics Trades Workers,55,2026-07,2
3423 Electronics Trades Workers,55,2026-06,3
3423 Electronics Trades Workers,55,2026-05,3
3423 Electronics Trades Workers,55,2024-11,1
3423 Electronics Trades Workers,55,2025-01,1
3423 Electronics Trades Workers,55,2025-03,2
3423 Electronics Trades Workers,55,2025-02,8
3423 Electronics Trades Workers,55,2025-04,7
3423 Electronics Trades Workers,55,2025-05,1
3423 Electronics Trades Workers,55,2025-06,1
3423 Electronics Trades Workers,55,2025-09,3
3423 Electronics Trades Workers,55,2025-12,4
3423 Electronics Trades Workers,55,2026-04,10
3423 Electronics Trades Workers,55,2026-01,14
3423 Electronics Trades Workers,55,2026-02,4
3423 Electronics Trades Workers,55,2026-03,5
3423 Electronics Trades Workers,60,2026-08,8
3423 Electronics Trades Workers,60,2026-07,14
3423 Electronics Trades Workers,60,2026-06,4
3423 Electronics Trades Workers,60,2026-05,2
3423 Electronics Trades Workers,60,2024-12,3
3423 Electronics Trades Workers,60,2025-01,1
3423 Electronics Trades Workers,60,2025-03,2
3423 Electronics Trades Workers,60,2025-02,1
3423 Electronics Trades Workers,60,2025-04,9
3423 Electronics Trades Workers,60,2025-07,11
3423 Electronics Trades Workers,60,2025-08,1
3423 Electronics Trades Workers,60,2025-09,1
3423 Electronics Trades Workers,60,2025-10,5
3423 Electronics Trades Workers,60,2025-12,4
3423 Electronics Trades Workers,60,2026-04,3
3423 Electronics Trades Workers,60,2025-11,2
3423 Electronics Trades Workers,60,2026-02,3
3423 Electronics Trades Workers,60,2026-03,3
3423 Electronics Trades Workers,50,2026-08,2
3423 Electronics Trades Workers,50,2026-07,1
3423 Electronics Trades Workers,50,2024-10,1
3423 Electronics Trades Workers,50,2025-02,1
3423 Electronics Trades Workers,50,2025-08,1
3423 Electronics Trades Workers,50,2025-10,1
3423 Electronics Trades Workers,50,2026-02,2
3423 Electronics Trades Workers,45,2026-08,1
3423 Electronics Trades Workers,45,2026-07,1
3423 Electronics Trades Workers,45,2026-05,1
3423 Electronics Trades Workers,45,2025-03,1
3423 Electronics Trades Workers,45,2025-07,1
3423 Electronics Trades Workers,45,2026-02,1
3423 Electronics Trades Workers,45,2026-03,1
2521 Chiropractors and Osteopaths,65,2026-08,3
2521 Chiropractors and Osteopaths,65,2026-06,1
2521 Chiropractors and Osteopaths,65,2026-05,1
2521 Chiropractors and Osteopaths,65,2025-04,3
2521 Chiropractors and Osteopaths,65,2025-05,1
2521 Chiropractors and Osteopaths,65,2025-09,1
2521 Chiropractors and Osteopaths,65,2025-11,2
2521 Chiropractors and Osteopaths,65,2026-01,2
2521 Chiropractors and Osteopaths,65,2026-02,1
2521 Chiropractors and Osteopaths,65,2026-03,2
2521 Chiropractors and Osteopaths,75,2026-08,7
2521 Chiropractors and Osteopaths,75,2026-07,12
2521 Chiropractors and Osteopaths,75,2026-06,51
2521 Chiropractors and Osteopaths,75,2026-05,2
2521 Chiropractors and Osteopaths,75,2024-12,1
2521 Chiropractors and Osteopaths,75,2025-01,1
2521 Chiropractors and Osteopaths,75,2025-03,2
2521 Chiropractors and Osteopaths,75,2025-08,2
2521 Chiropractors and Osteopaths,75,2025-09,2
2521 Chiropractors and Osteopaths,75,2025-10,1
2521 Chiropractors and Osteopaths,75,2025-11,4
2521 Chiropractors and Osteopaths,75,2026-01,4
2521 Chiropractors and Osteopaths,75,2026-03,1
2521 Chiropractors and Osteopaths,70,2026-08,8
2521 Chiropractors and Osteopaths,70,2026-07,1
2521 Chiropractors and Osteopaths,70,2026-06,2
2521 Chiropractors and Osteopaths,70,2026-05,1
2521 Chiropractors and Osteopaths,70,2024-10,1
2521 Chiropractors and Osteopaths,70,2025-04,1
2521 Chiropractors and Osteopaths,70,2025-07,1
2521 Chiropractors and Osteopaths,70,2025-09,4
2521 Chiropractors and Osteopaths,70,2025-10,2
2521 Chiropractors and Osteopaths,70,2025-12,3
2521 Chiropractors and Osteopaths,70,2026-04,2
2521 Chiropractors and Osteopaths,70,2025-11,1
2521 Chiropractors and Osteopaths,70,2026-01,2
2521 Chiropractors and Osteopaths,70,2026-02,3
2521 Chiropractors and Osteopaths,70,2026-03,1
2521 Chiropractors and Osteopaths,80,2026-08,8
2521 Chiropractors and Osteopaths,80,2026-07,1
2521 Chiropractors and Osteopaths,80,2026-06,2
2521 Chiropractors and Osteopaths,80,2026-05,1
2521 Chiropractors and Osteopaths,80,2025-03,1
2521 Chiropractors and Osteopaths,80,2025-04,1
2521 Chiropractors and Osteopaths,80,2025-06,1
2521 Chiropractors and Osteopaths,80,2025-08,1
2521 Chiropractors and Osteopaths,80,2025-12,1
2521 Chiropractors and Osteopaths,80,2026-04,2
2521 Chiropractors and Osteopaths,85,2026-08,3
2521 Chiropractors and Osteopaths,85,2026-07,1
2521 Chiropractors and Osteopaths,85,2026-05,1
2521 Chiropractors and Osteopaths,55,2026-07,1
2521 Chiropractors and Osteopaths,55,2025-05,1
2521 Chiropractors and Osteopaths,55,2025-07,1
2521 Chiropractors and Osteopaths,60,2026-08,2
2521 Chiropractors and Osteopaths,60,2026-06,2
2521 Chiropractors and Osteopaths,60,2025-01,1
2521 Chiropractors and Osteopaths,60,2025-06,2
2521 Chiropractors and Osteopaths,60,2026-04,1
2521 Chiropractors and Osteopaths,60,2025-11,1
2521 Chiropractors and Osteopaths,50,2026-07,1
2521 Chiropractors and Osteopaths,50,2025-06,1
2521 Chiropractors and Osteopaths,50,2026-02,1
3941 Cabinetmakers,65,2026-08,9
3941 Cabinetmakers,65,2026-07,5
3941 Cabinetmakers,65,2026-06,8
3941 Cabinetmakers,65,2024-09,2
3941 Cabinetmakers,65,2026-05,2
3941 Cabinetmakers,65,2024-12,2
3941 Cabinetmakers,65,2024-11,1
3941 Cabinetmakers,65,2025-03,2
3941 Cabinetmakers,65,2025-02,1
3941 Cabinetmakers,65,2025-04,2
3941 Cabinetmakers,65,2025-07,1
3941 Cabinetmakers,65,2025-08,1
3941 Cabinetmakers,65,2025-09,2
3941 Cabinetmakers,65,2025-10,1
3941 Cabinetmakers,65,2025-12,4
3941 Cabinetmakers,65,2026-04,4
3941 Cabinetmakers,65,2025-11,8
3941 Cabinetmakers,65,2026-01,4
3941 Cabinetmakers,65,2026-02,5
3941 Cabinetmakers,65,2026-03,4
3941 Cabinetmakers,75,2026-08,7
3941 Cabinetmakers,75,2026-07,6
3941 Cabinetmakers,75,2026-05,2
3941 Cabinetmakers,75,2025-03,1
3941 Cabinetmakers,75,2025-07,1
3941 Cabinetmakers,75,2026-04,3
3941 Cabinetmakers,75,2025-11,4
3941 Cabinetmakers,75,2026-01,1
3941 Cabinetmakers,75,2026-02,2
3941 Cabinetmakers,75,2026-03,3
3941 Cabinetmakers,70,2026-09,1
3941 Cabinetmakers,70,2026-08,12
3941 Cabinetmakers,70,2026-07,6
3941 Cabinetmakers,70,2026-06,7
3941 Cabinetmakers,70,2026-05,6
3941 Cabinetmakers,70,2024-11,1
3941 Cabinetmakers,70,2025-01,1
3941 Cabinetmakers,70,2025-03,1
3941 Cabinetmakers,70,2025-02,1
3941 Cabinetmakers,70,2025-04,2
3941 Cabinetmakers,70,2025-05,4
3941 Cabinetmakers,70,2025-06,3
3941 Cabinetmakers,70,2025-07,1
3941 Cabinetmakers,70,2025-08,4
3941 Cabinetmakers,70,2025-09,1
3941 Cabinetmakers,70,2025-10,2
3941 Cabinetmakers,70,2025-12,2
3941 Cabinetmakers,70,2026-04,4
3941 Cabinetmakers,70,2026-01,4
3941 Cabinetmakers,70,2026-02,6
3941 Cabinetmakers,70,2026-03,4
3941 Cabinetmakers,80,2026-08,2
3941 Cabinetmakers,80,2026-07,1
3941 Cabinetmakers,80,2026-06,3
3941 Cabinetmakers,80,2026-05,1
3941 Cabinetmakers,80,2026-04,2
3941 Cabinetmakers,80,2026-02,1
3941 Cabinetmakers,85,2026-08,4
3941 Cabinetmakers,85,2025-12,1
3941 Cabinetmakers,85,2025-11,1
3941 Cabinetmakers,55,2026-08,3
3941 Cabinetmakers,55,2026-07,1
3941 Cabinetmakers,55,2026-05,1
3941 Cabinetmakers,55,2025-05,1
3941 Cabinetmakers,60,2026-08,2
3941 Cabinetmakers,60,2026-06,1
3941 Cabinetmakers,60,2025-03,1
3941 Cabinetmakers,60,2025-04,1
3941 Cabinetmakers,60,2025-09,1
3941 Cabinetmakers,60,2025-10,1
3941 Cabinetmakers,60,2025-12,1
3941 Cabinetmakers,60,2026-04,2
3941 Cabinetmakers,60,2026-01,3
3941 Cabinetmakers,60,2026-02,3
3941 Cabinetmakers,60,2026-03,1
3941 Cabinetmakers,50,2026-09,1
3941 Cabinetmakers,50,2026-08,2
3941 Cabinetmakers,50,2026-05,2
3941 Cabinetmakers,50,2025-01,1
3941 Cabinetmakers,50,2025-06,1
3941 Cabinetmakers,50,2025-07,1
3941 Cabinetmakers,50,2025-09,1
3941 Cabinetmakers,50,2025-10,1
3941 Cabinetmakers,50,2025-11,2
3941 Cabinetmakers,50,2026-01,2
3941 Cabinetmakers,50,2026-02,1
3941 Cabinetmakers,45,2025-03,1
3941 Cabinetmakers,45,2025-12,1
3941 Cabinetmakers,45,2026-03,1
2243 Economists,65,2026-08,6
2243 Economists,65,2026-07,7
2243 Economists,65,2026-06,3
2243 Economists,65,2024-09,1
2243 Economists,65,2026-05,5
2243 Economists,65,2024-10,2
2243 Economists,65,2024-11,1
2243 Economists,65,2025-03,3
2243 Economists,65,2025-02,1
2243 Economists,65,2025-04,6
2243 Economists,65,2025-05,2
2243 Economists,65,2025-06,2
2243 Economists,65,2025-08,2
2243 Economists,65,2025-09,4
2243 Economists,65,2025-10,1
2243 Economists,65,2025-12,2
2243 Economists,65,2026-04,5
2243 Economists,65,2025-11,4
2243 Economists,65,2026-01,7
2243 Economists,65,2026-02,2
2243 Economists,65,2026-03,3
2243 Economists,75,2026-08,7
2243 Economists,75,2026-07,2
2243 Economists,75,2026-06,1
2243 Economists,75,2026-05,2
2243 Economists,75,2024-10,4
2243 Economists,75,2025-01,1
2243 Economists,75,2025-02,2
2243 Economists,75,2025-06,1
2243 Economists,75,2025-07,4
2243 Economists,75,2025-08,5
2243 Economists,75,2025-09,3
2243 Economists,75,2025-10,4
2243 Economists,75,2025-12,2
2243 Economists,75,2026-04,6
2243 Economists,75,2025-11,3
2243 Economists,75,2026-01,3
2243 Economists,75,2026-02,2
2243 Economists,75,2026-03,3
2243 Economists,70,2026-08,7
2243 Economists,70,2026-07,3
2243 Economists,70,2026-06,8
2243 Economists,70,2026-05,1
2243 Economists,70,2025-03,1
2243 Economists,70,2025-04,1
2243 Economists,70,2025-05,1
2243 Economists,70,2025-07,1
2243 Economists,70,2025-08,1
2243 Economists,70,2025-09,1
2243 Economists,70,2025-10,3
2243 Economists,70,2025-12,1
2243 Economists,70,2026-04,7
2243 Economists,70,2025-11,2
2243 Economists,70,2026-01,2
2243 Economists,70,2026-02,3
2243 Economists,70,2026-03,2
2243 Economists,80,2026-08,9
2243 Economists,80,2026-07,10
2243 Economists,80,2026-06,6
2243 Economists,80,2026-05,9
2243 Economists,80,2024-11,1
2243 Economists,80,2025-03,1
2243 Economists,80,2025-05,1
2243 Economists,80,2025-06,1
2243 Economists,80,2025-09,1
2243 Economists,80,2025-10,2
2243 Economists,80,2025-12,4
2243 Economists,80,2026-04,3
2243 Economists,80,2025-11,3
2243 Economists,80,2026-01,3
2243 Economists,80,2026-03,4
2243 Economists,90,2026-08,3
2243 Economists,90,2026-07,3
2243 Economists,90,2026-06,1
2243 Economists,90,2026-05,1
2243 Economists,90,2025-12,1
2243 Economists,90,2025-11,1
2243 Economists,90,2026-02,1
2243 Economists,85,2026-08,6
2243 Economists,85,2026-07,5
2243 Economists,85,2026-06,3
2243 Economists,85,2025-09,3
2243 Economists,85,2025-10,1
2243 Economists,85,2025-12,3
2243 Economists,85,2025-11,2
2243 Economists,85,2026-02,1
2243 Economists,55,2026-08,2
2243 Economists,55,2026-07,1
2243 Economists,55,2025-01,1
2243 Economists,55,2025-07,1
2243 Economists,55,2025-08,1
2243 Economists,55,2025-10,1
2243 Economists,55,2025-12,1
2243 Economists,55,2026-04,1
2243 Economists,55,2025-11,1
2243 Economists,60,2026-08,2
2243 Economists,60,2026-07,1
2243 Economists,60,2026-06,1
2243 Economists,60,2026-05,3
2243 Economists,60,2025-01,2
2243 Economists,60,2025-02,3
2243 Economists,60,2025-06,1
2243 Economists,60,2025-07,1
2243 Economists,60,2025-09,2
2243 Economists,60,2025-10,1
2243 Economists,60,2026-04,1
2243 Economists,60,2025-11,1
2243 Economists,60,2026-01,2
2243 Economists,60,2026-02,1
2243 Economists,60,2026-03,1
2243 Economists,100,2026-07,1
2243 Economists,105,2026-03,1
2243 Economists,45,2026-02,1
3311 Bricklayers and Stonemasons,65,2026-08,30
3311 Bricklayers and Stonemasons,65,2026-07,14
3311 Bricklayers and Stonemasons,65,2026-06,8
3311 Bricklayers and Stonemasons,65,2026-05,11
3311 Bricklayers and Stonemasons,65,2025-12,7
3311 Bricklayers and Stonemasons,65,2026-04,6
3311 Bricklayers and Stonemasons,65,2025-11,4
3311 Bricklayers and Stonemasons,65,2026-01,3
3311 Bricklayers and Stonemasons,65,2026-02,5
3311 Bricklayers and Stonemasons,65,2026-03,6
3311 Bricklayers and Stonemasons,75,2026-08,8
3311 Bricklayers and Stonemasons,75,2026-06,7
3311 Bricklayers and Stonemasons,75,2026-05,1
3311 Bricklayers and Stonemasons,75,2025-01,1
3311 Bricklayers and Stonemasons,75,2025-06,1
3311 Bricklayers and Stonemasons,75,2025-12,1
3311 Bricklayers and Stonemasons,75,2026-04,1
3311 Bricklayers and Stonemasons,75,2026-01,1
3311 Bricklayers and Stonemasons,75,2026-03,1
3311 Bricklayers and Stonemasons,70,2026-08,13
3311 Bricklayers and Stonemasons,70,2026-07,2
3311 Bricklayers and Stonemasons,70,2026-06,11
3311 Bricklayers and Stonemasons,70,2026-05,2
3311 Bricklayers and Stonemasons,70,2025-12,1
3311 Bricklayers and Stonemasons,70,2026-04,1
3311 Bricklayers and Stonemasons,70,2025-11,1
3311 Bricklayers and Stonemasons,70,2026-01,1
3311 Bricklayers and Stonemasons,70,2026-02,1
3311 Bricklayers and Stonemasons,70,2026-03,2
3311 Bricklayers and Stonemasons,80,2026-08,2
3311 Bricklayers and Stonemasons,80,2026-07,1
3311 Bricklayers and Stonemasons,80,2026-05,1
3311 Bricklayers and Stonemasons,85,2026-08,1
3311 Bricklayers and Stonemasons,55,2026-08,9
3311 Bricklayers and Stonemasons,55,2026-06,5
3311 Bricklayers and Stonemasons,55,2024-09,1
3311 Bricklayers and Stonemasons,55,2026-05,2
3311 Bricklayers and Stonemasons,55,2024-12,1
3311 Bricklayers and Stonemasons,55,2025-03,1
3311 Bricklayers and Stonemasons,55,2025-02,1
3311 Bricklayers and Stonemasons,55,2025-04,1
3311 Bricklayers and Stonemasons,55,2025-05,1
3311 Bricklayers and Stonemasons,55,2025-09,1
3311 Bricklayers and Stonemasons,55,2025-12,3
3311 Bricklayers and Stonemasons,55,2026-04,6
3311 Bricklayers and Stonemasons,55,2026-01,2
3311 Bricklayers and Stonemasons,55,2026-02,1
3311 Bricklayers and Stonemasons,55,2026-03,5
3311 Bricklayers and Stonemasons,60,2026-08,5
3311 Bricklayers and Stonemasons,60,2026-07,6
3311 Bricklayers and Stonemasons,60,2026-06,5
3311 Bricklayers and Stonemasons,60,2024-09,2
3311 Bricklayers and Stonemasons,60,2026-05,4
3311 Bricklayers and Stonemasons,60,2024-10,1
3311 Bricklayers and Stonemasons,60,2025-03,1
3311 Bricklayers and Stonemasons,60,2025-02,1
3311 Bricklayers and Stonemasons,60,2025-05,2
3311 Bricklayers and Stonemasons,60,2025-06,1
3311 Bricklayers and Stonemasons,60,2025-07,1
3311 Bricklayers and Stonemasons,60,2025-08,1
3311 Bricklayers and Stonemasons,60,2025-09,5
3311 Bricklayers and Stonemasons,60,2025-10,1
3311 Bricklayers and Stonemasons,60,2025-12,1
3311 Bricklayers and Stonemasons,60,2026-04,6
3311 Bricklayers and Stonemasons,60,2025-11,2
3311 Bricklayers and Stonemasons,60,2026-01,5
3311 Bricklayers and Stonemasons,60,2026-02,2
3311 Bricklayers and Stonemasons,60,2026-03,2
3311 Bricklayers and Stonemasons,50,2026-08,3
3311 Bricklayers and Stonemasons,50,2026-07,3
3311 Bricklayers and Stonemasons,50,2026-06,2
3311 Bricklayers and Stonemasons,50,2025-09,1
3311 Bricklayers and Stonemasons,50,2026-04,1
3311 Bricklayers and Stonemasons,50,2025-11,7
3311 Bricklayers and Stonemasons,50,2026-01,7
3311 Bricklayers and Stonemasons,50,2026-02,1
3311 Bricklayers and Stonemasons,50,2026-03,1
3311 Bricklayers and Stonemasons,40,2026-08,1
3311 Bricklayers and Stonemasons,40,2026-01,1
3311 Bricklayers and Stonemasons,45,2026-08,1
3311 Bricklayers and Stonemasons,45,2026-06,1
3311 Bricklayers and Stonemasons,45,2025-09,1
3311 Bricklayers and Stonemasons,45,2025-12,1
1342 Health and Welfare Services Managers,65,2026-08,3
1342 Health and Welfare Services Managers,65,2026-07,6
1342 Health and Welfare Services Managers,65,2026-06,2
1342 Health and Welfare Services Managers,65,2026-05,7
1342 Health and Welfare Services Managers,65,2024-11,1
1342 Health and Welfare Services Managers,65,2025-04,1
1342 Health and Welfare Services Managers,65,2025-07,1
1342 Health and Welfare Services Managers,65,2025-08,2
1342 Health and Welfare Services Managers,65,2025-09,1
1342 Health and Welfare Services Managers,65,2025-10,1
1342 Health and Welfare Services Managers,65,2025-12,1
1342 Health and Welfare Services Managers,65,2026-04,3
1342 Health and Welfare Services Managers,65,2025-11,2
1342 Health and Welfare Services Managers,65,2026-01,3
1342 Health and Welfare Services Managers,65,2026-03,6
1342 Health and Welfare Services Managers,75,2026-08,1
1342 Health and Welfare Services Managers,75,2026-07,4
1342 Health and Welfare Services Managers,75,2026-05,2
1342 Health and Welfare Services Managers,75,2024-11,1
1342 Health and Welfare Services Managers,75,2025-04,1
1342 Health and Welfare Services Managers,75,2025-05,1
1342 Health and Welfare Services Managers,75,2025-07,1
1342 Health and Welfare Services Managers,75,2025-09,1
1342 Health and Welfare Services Managers,75,2025-12,1
1342 Health and Welfare Services Managers,75,2025-11,2
1342 Health and Welfare Services Managers,75,2026-02,1
1342 Health and Welfare Services Managers,75,2026-03,1
1342 Health and Welfare Services Managers,70,2026-08,4
1342 Health and Welfare Services Managers,70,2026-07,3
1342 Health and Welfare Services Managers,70,2026-06,3
1342 Health and Welfare Services Managers,70,2026-05,2
1342 Health and Welfare Services Managers,70,2024-12,1
1342 Health and Welfare Services Managers,70,2025-03,2
1342 Health and Welfare Services Managers,70,2025-05,3
1342 Health and Welfare Services Managers,70,2025-06,1
1342 Health and Welfare Services Managers,70,2025-07,3
1342 Health and Welfare Services Managers,70,2025-08,3
1342 Health and Welfare Services Managers,70,2025-09,1
1342 Health and Welfare Services Managers,70,2025-10,1
1342 Health and Welfare Services Managers,70,2025-12,2
1342 Health and Welfare Services Managers,70,2026-04,1
1342 Health and Welfare Services Managers,70,2025-11,1
1342 Health and Welfare Services Managers,70,2026-02,2
1342 Health and Welfare Services Managers,70,2026-03,2
1342 Health and Welfare Services Managers,80,2026-08,4
1342 Health and Welfare Services Managers,80,2026-07,2
1342 Health and Welfare Services Managers,80,2026-05,3
1342 Health and Welfare Services Managers,80,2025-04,1
1342 Health and Welfare Services Managers,80,2025-05,1
1342 Health and Welfare Services Managers,80,2025-09,1
1342 Health and Welfare Services Managers,80,2026-04,1
1342 Health and Welfare Services Managers,55,2026-08,1
1342 Health and Welfare Services Managers,55,2025-10,2
1342 Health and Welfare Services Managers,55,2026-04,1
1342 Health and Welfare Services Managers,55,2025-11,1
1342 Health and Welfare Services Managers,55,2026-03,2
1342 Health and Welfare Services Managers,60,2026-08,3
1342 Health and Welfare Services Managers,60,2026-07,2
1342 Health and Welfare Services Managers,60,2026-06,1
1342 Health and Welfare Services Managers,60,2024-09,1
1342 Health and Welfare Services Managers,60,2026-05,2
1342 Health and Welfare Services Managers,60,2024-11,1
1342 Health and Welfare Services Managers,60,2025-06,1
1342 Health and Welfare Services Managers,60,2025-08,1
1342 Health and Welfare Services Managers,60,2025-09,1
1342 Health and Welfare Services Managers,60,2026-04,1
1342 Health and Welfare Services Managers,60,2025-11,1
1342 Health and Welfare Services Managers,60,2026-01,1
1342 Health and Welfare Services Managers,60,2026-02,1
1342 Health and Welfare Services Managers,60,2026-03,1
1342 Health and Welfare Services Managers,50,2026-08,1
1342 Health and Welfare Services Managers,50,2026-07,1
1342 Health and Welfare Services Managers,50,2026-06,2
1342 Health and Welfare Services Managers,50,2026-05,1
1342 Health and Welfare Services Managers,50,2025-11,1
1342 Health and Welfare Services Managers,50,2026-03,2
2539 Other Medical Practitioners,65,2026-09,3
2539 Other Medical Practitioners,65,2026-08,24
2539 Other Medical Practitioners,65,2026-07,22
2539 Other Medical Practitioners,65,2026-06,11
2539 Other Medical Practitioners,65,2026-05,12
2539 Other Medical Practitioners,65,2025-03,1
2539 Other Medical Practitioners,65,2025-02,2
2539 Other Medical Practitioners,65,2025-04,4
2539 Other Medical Practitioners,65,2025-05,2
2539 Other Medical Practitioners,65,2025-06,1
2539 Other Medical Practitioners,65,2025-07,3
2539 Other Medical Practitioners,65,2025-08,2
2539 Other Medical Practitioners,65,2025-09,9
2539 Other Medical Practitioners,65,2025-10,7
2539 Other Medical Practitioners,65,2025-12,7
2539 Other Medical Practitioners,65,2026-04,9
2539 Other Medical Practitioners,65,2025-11,4
2539 Other Medical Practitioners,65,2026-01,14
2539 Other Medical Practitioners,65,2026-02,7
2539 Other Medical Practitioners,65,2026-03,8
2539 Other Medical Practitioners,75,2026-08,32
2539 Other Medical Practitioners,75,2026-07,28
2539 Other Medical Practitioners,75,2026-06,28
2539 Other Medical Practitioners,75,2026-05,24
2539 Other Medical Practitioners,75,2025-04,2
2539 Other Medical Practitioners,75,2025-05,3
2539 Other Medical Practitioners,75,2025-06,6
2539 Other Medical Practitioners,75,2025-07,1
2539 Other Medical Practitioners,75,2025-08,8
2539 Other Medical Practitioners,75,2025-09,6
2539 Other Medical Practitioners,75,2025-10,13
2539 Other Medical Practitioners,75,2025-12,14
2539 Other Medical Practitioners,75,2026-04,23
2539 Other Medical Practitioners,75,2025-11,10
2539 Other Medical Practitioners,75,2026-01,18
2539 Other Medical Practitioners,75,2026-02,22
2539 Other Medical Practitioners,75,2026-03,17
2539 Other Medical Practitioners,70,2026-09,1
2539 Other Medical Practitioners,70,2026-08,35
2539 Other Medical Practitioners,70,2026-07,22
2539 Other Medical Practitioners,70,2026-06,16
2539 Other Medical Practitioners,70,2024-09,1
2539 Other Medical Practitioners,70,2026-05,19
2539 Other Medical Practitioners,70,2024-12,1
2539 Other Medical Practitioners,70,2025-01,2
2539 Other Medical Practitioners,70,2025-03,3
2539 Other Medical Practitioners,70,2025-02,3
2539 Other Medical Practitioners,70,2025-05,5
2539 Other Medical Practitioners,70,2025-07,3
2539 Other Medical Practitioners,70,2025-08,5
2539 Other Medical Practitioners,70,2025-09,5
2539 Other Medical Practitioners,70,2025-10,16
2539 Other Medical Practitioners,70,2025-12,9
2539 Other Medical Practitioners,70,2026-04,12
2539 Other Medical Practitioners,70,2025-11,9
2539 Other Medical Practitioners,70,2026-01,13
2539 Other Medical Practitioners,70,2026-02,12
2539 Other Medical Practitioners,70,2026-03,18
2539 Other Medical Practitioners,80,2026-08,41
2539 Other Medical Practitioners,80,2026-07,25
2539 Other Medical Practitioners,80,2026-06,22
2539 Other Medical Practitioners,80,2026-05,3
2539 Other Medical Practitioners,80,2025-12,3
2539 Other Medical Practitioners,80,2026-04,8
2539 Other Medical Practitioners,80,2025-11,4
2539 Other Medical Practitioners,80,2026-01,6
2539 Other Medical Practitioners,80,2026-02,9
2539 Other Medical Practitioners,80,2026-03,8
2539 Other Medical Practitioners,90,2026-08,11
2539 Other Medical Practitioners,90,2026-07,3
2539 Other Medical Practitioners,90,2026-06,2
2539 Other Medical Practitioners,90,2026-05,2
2539 Other Medical Practitioners,90,2025-12,2
2539 Other Medical Practitioners,90,2026-04,2
2539 Other Medical Practitioners,90,2026-01,2
2539 Other Medical Practitioners,90,2026-03,2
2539 Other Medical Practitioners,85,2026-08,26
2539 Other Medical Practitioners,85,2026-07,11
2539 Other Medical Practitioners,85,2026-06,10
2539 Other Medical Practitioners,85,2026-05,5
2539 Other Medical Practitioners,85,2026-04,4
2539 Other Medical Practitioners,85,2025-11,1
2539 Other Medical Practitioners,85,2026-01,3
2539 Other Medical Practitioners,85,2026-02,4
2539 Other Medical Practitioners,85,2026-03,9
2539 Other Medical Practitioners,55,2026-08,4
2539 Other Medical Practitioners,55,2026-06,1
2539 Other Medical Practitioners,55,2026-05,2
2539 Other Medical Practitioners,55,2024-11,1
2539 Other Medical Practitioners,55,2025-08,1
2539 Other Medical Practitioners,55,2025-10,2
2539 Other Medical Practitioners,55,2025-12,1
2539 Other Medical Practitioners,55,2026-04,1
2539 Other Medical Practitioners,55,2025-11,1
2539 Other Medical Practitioners,55,2026-02,2
2539 Other Medical Practitioners,60,2026-08,8
2539 Other Medical Practitioners,60,2026-07,4
2539 Other Medical Practitioners,60,2026-06,2
2539 Other Medical Practitioners,60,2026-05,1
2539 Other Medical Practitioners,60,2025-03,1
2539 Other Medical Practitioners,60,2025-02,1
2539 Other Medical Practitioners,60,2025-04,2
2539 Other Medical Practitioners,60,2025-09,2
2539 Other Medical Practitioners,60,2025-10,2
2539 Other Medical Practitioners,60,2025-12,1
2539 Other Medical Practitioners,60,2026-04,3
2539 Other Medical Practitioners,60,2025-11,3
2539 Other Medical Practitioners,60,2026-01,2
2539 Other Medical Practitioners,60,2026-02,2
2539 Other Medical Practitioners,60,2026-03,2
2539 Other Medical Practitioners,50,2026-08,2
2539 Other Medical Practitioners,50,2026-07,1
2539 Other Medical Practitioners,50,2026-05,2
2539 Other Medical Practitioners,50,2025-07,1
2539 Other Medical Practitioners,50,2025-09,2
3411 Electricians,65,2026-09,1
3411 Electricians,65,2026-08,33
3411 Electricians,65,2026-07,23
3411 Electricians,65,2026-06,25
3411 Electricians,65,2026-05,20
3411 Electricians,65,2024-10,1
3411 Electricians,65,2025-08,1
3411 Electricians,65,2025-12,2
3411 Electricians,65,2026-04,6
3411 Electricians,65,2025-11,4
3411 Electricians,65,2026-01,6
3411 Electricians,65,2026-02,3
3411 Electricians,65,2026-03,4
3411 Electricians,75,2026-08,6
3411 Electricians,75,2026-07,3
3411 Electricians,75,2026-06,1
3411 Electricians,75,2026-05,2
3411 Electricians,75,2025-12,1
3411 Electricians,75,2026-04,1
3411 Electricians,75,2025-11,1
3411 Electricians,75,2026-02,2
3411 Electricians,75,2026-03,5
3411 Electricians,70,2026-08,17
3411 Electricians,70,2026-07,8
3411 Electricians,70,2026-06,7
3411 Electricians,70,2026-05,1
3411 Electricians,70,2024-12,1
3411 Electricians,70,2025-05,1
3411 Electricians,70,2025-07,1
3411 Electricians,70,2025-12,1
3411 Electricians,70,2025-11,3
3411 Electricians,70,2026-01,4
3411 Electricians,70,2026-02,1
3411 Electricians,70,2026-03,3
3411 Electricians,80,2026-08,1
3411 Electricians,80,2026-07,1
3411 Electricians,80,2026-06,4
3411 Electricians,80,2025-11,1
3411 Electricians,85,2026-08,1
3411 Electricians,55,2026-09,1
3411 Electricians,55,2026-08,7
3411 Electricians,55,2026-07,5
3411 Electricians,55,2026-06,8
3411 Electricians,55,2026-05,2
3411 Electricians,55,2025-01,2
3411 Electricians,55,2025-03,2
3411 Electricians,55,2025-06,1
3411 Electricians,55,2025-08,1
3411 Electricians,55,2025-09,1
3411 Electricians,55,2025-10,1
3411 Electricians,55,2025-12,3
3411 Electricians,55,2026-04,3
3411 Electricians,55,2025-11,4
3411 Electricians,55,2026-01,4
3411 Electricians,55,2026-03,3
3411 Electricians,60,2026-08,14
3411 Electricians,60,2026-07,11
3411 Electricians,60,2026-06,5
3411 Electricians,60,2024-09,1
3411 Electricians,60,2026-05,7
3411 Electricians,60,2025-04,1
3411 Electricians,60,2025-05,3
3411 Electricians,60,2025-06,4
3411 Electricians,60,2025-07,1
3411 Electricians,60,2025-08,1
3411 Electricians,60,2025-10,4
3411 Electricians,60,2025-12,9
3411 Electricians,60,2026-04,6
3411 Electricians,60,2025-11,12
3411 Electricians,60,2026-01,3
3411 Electricians,60,2026-02,2
3411 Electricians,60,2026-03,7
3411 Electricians,50,2026-09,1
3411 Electricians,50,2026-08,8
3411 Electricians,50,2026-07,7
3411 Electricians,50,2026-06,5
3411 Electricians,50,2024-09,1
3411 Electricians,50,2026-05,6
3411 Electricians,50,2024-11,1
3411 Electricians,50,2025-05,2
3411 Electricians,50,2025-06,8
3411 Electricians,50,2025-08,3
3411 Electricians,50,2025-09,1
3411 Electricians,50,2025-10,3
3411 Electricians,50,2025-12,1
3411 Electricians,50,2026-04,8
3411 Electricians,50,2025-11,2
3411 Electricians,50,2026-01,1
3411 Electricians,50,2026-03,3
3411 Electricians,40,2025-10,1
3411 Electricians,45,2026-08,1
3411 Electricians,45,2026-07,2
3411 Electricians,45,2024-12,1
3411 Electricians,45,2025-01,1
3411 Electricians,45,2025-12,1
3411 Electricians,45,2026-04,1
3411 Electricians,45,2025-11,1
3411 Electricians,45,2026-02,1
3411 Electricians,45,2026-03,1
3411 Electricians,35,2026-08,1
3411 Electricians,35,2026-07,1
3411 Electricians,20,2026-08,1
2525 Physiotherapists,65,2026-08,16
2525 Physiotherapists,65,2026-07,18
2525 Physiotherapists,65,2026-06,27
2525 Physiotherapists,65,2024-09,4
2525 Physiotherapists,65,2026-05,18
2525 Physiotherapists,65,2024-10,1
2525 Physiotherapists,65,2024-12,3
2525 Physiotherapists,65,2024-11,7
2525 Physiotherapists,65,2025-01,5
2525 Physiotherapists,65,2025-03,6
2525 Physiotherapists,65,2025-02,5
2525 Physiotherapists,65,2025-04,3
2525 Physiotherapists,65,2025-05,2
2525 Physiotherapists,65,2025-06,2
2525 Physiotherapists,65,2025-07,11
2525 Physiotherapists,65,2025-08,2
2525 Physiotherapists,65,2025-09,5
2525 Physiotherapists,65,2025-10,8
2525 Physiotherapists,65,2025-12,2
2525 Physiotherapists,65,2026-04,14
2525 Physiotherapists,65,2025-11,6
2525 Physiotherapists,65,2026-01,6
2525 Physiotherapists,65,2026-02,7
2525 Physiotherapists,65,2026-03,11
2525 Physiotherapists,75,2026-09,1
2525 Physiotherapists,75,2026-08,35
2525 Physiotherapists,75,2026-07,29
2525 Physiotherapists,75,2026-06,27
2525 Physiotherapists,75,2026-05,32
2525 Physiotherapists,75,2025-04,1
2525 Physiotherapists,75,2025-05,3
2525 Physiotherapists,75,2025-06,6
2525 Physiotherapists,75,2025-07,7
2525 Physiotherapists,75,2025-08,9
2525 Physiotherapists,75,2025-09,8
2525 Physiotherapists,75,2025-10,13
2525 Physiotherapists,75,2025-12,11
2525 Physiotherapists,75,2026-04,19
2525 Physiotherapists,75,2025-11,3
2525 Physiotherapists,75,2026-01,13
2525 Physiotherapists,75,2026-02,17
2525 Physiotherapists,75,2026-03,20
2525 Physiotherapists,70,2026-09,1
2525 Physiotherapists,70,2026-08,24
2525 Physiotherapists,70,2026-07,21
2525 Physiotherapists,70,2026-06,33
2525 Physiotherapists,70,2024-09,1
2525 Physiotherapists,70,2026-05,31
2525 Physiotherapists,70,2024-10,3
2525 Physiotherapists,70,2024-12,4
2525 Physiotherapists,70,2024-11,5
2525 Physiotherapists,70,2025-01,10
2525 Physiotherapists,70,2025-03,7
2525 Physiotherapists,70,2025-02,4
2525 Physiotherapists,70,2025-04,4
2525 Physiotherapists,70,2025-05,10
2525 Physiotherapists,70,2025-06,11
2525 Physiotherapists,70,2025-07,9
2525 Physiotherapists,70,2025-08,16
2525 Physiotherapists,70,2025-09,6
2525 Physiotherapists,70,2025-10,10
2525 Physiotherapists,70,2025-12,5
2525 Physiotherapists,70,2026-04,16
2525 Physiotherapists,70,2025-11,12
2525 Physiotherapists,70,2026-01,11
2525 Physiotherapists,70,2026-02,15
2525 Physiotherapists,70,2026-03,14
2525 Physiotherapists,80,2026-09,1
2525 Physiotherapists,80,2026-08,31
2525 Physiotherapists,80,2026-07,17
2525 Physiotherapists,80,2026-06,11
2525 Physiotherapists,80,2026-05,10
2525 Physiotherapists,80,2025-12,4
2525 Physiotherapists,80,2026-04,5
2525 Physiotherapists,80,2025-11,1
2525 Physiotherapists,80,2026-01,2
2525 Physiotherapists,80,2026-02,6
2525 Physiotherapists,80,2026-03,1
2525 Physiotherapists,95,2026-08,1
2525 Physiotherapists,95,2026-04,1
2525 Physiotherapists,90,2026-08,2
2525 Physiotherapists,90,2026-07,3
2525 Physiotherapists,90,2026-06,1
2525 Physiotherapists,90,2026-05,1
2525 Physiotherapists,90,2026-04,1
2525 Physiotherapists,85,2026-08,13
2525 Physiotherapists,85,2026-07,13
2525 Physiotherapists,85,2026-06,4
2525 Physiotherapists,85,2026-04,2
2525 Physiotherapists,85,2026-02,1
2525 Physiotherapists,85,2026-03,3
2525 Physiotherapists,55,2026-09,1
2525 Physiotherapists,55,2026-08,2
2525 Physiotherapists,55,2026-07,11
2525 Physiotherapists,55,2026-06,1
2525 Physiotherapists,55,2024-09,1
2525 Physiotherapists,55,2026-05,1
2525 Physiotherapists,55,2024-11,1
2525 Physiotherapists,55,2025-01,1
2525 Physiotherapists,55,2025-03,1
2525 Physiotherapists,55,2025-04,2
2525 Physiotherapists,55,2025-05,1
2525 Physiotherapists,55,2025-06,1
2525 Physiotherapists,55,2025-07,1
2525 Physiotherapists,55,2025-09,5
2525 Physiotherapists,55,2026-04,2
2525 Physiotherapists,55,2026-01,1
2525 Physiotherapists,55,2026-02,1
2525 Physiotherapists,55,2026-03,5
2525 Physiotherapists,60,2026-08,3
2525 Physiotherapists,60,2026-07,5
2525 Physiotherapists,60,2026-06,2
2525 Physiotherapists,60,2026-05,6
2525 Physiotherapists,60,2024-10,1
2525 Physiotherapists,60,2024-11,2
2525 Physiotherapists,60,2025-03,2
2525 Physiotherapists,60,2025-05,3
2525 Physiotherapists,60,2025-10,1
2525 Physiotherapists,60,2025-12,2
2525 Physiotherapists,60,2026-04,4
2525 Physiotherapists,60,2026-01,2
2525 Physiotherapists,60,2026-02,1
2525 Physiotherapists,60,2026-03,2
2525 Physiotherapists,50,2026-08,2
2525 Physiotherapists,50,2026-07,1
2525 Physiotherapists,50,2026-05,1
2525 Physiotherapists,50,2025-12,2
2525 Physiotherapists,50,2026-04,1
2525 Physiotherapists,50,2026-01,1
2525 Physiotherapists,50,2026-03,1
2525 Physiotherapists,40,2025-04,1
2525 Physiotherapists,40,2026-04,1
2525 Physiotherapists,40,2026-01,1
2525 Physiotherapists,45,2026-08,1
2525 Physiotherapists,45,2026-07,1
2525 Physiotherapists,45,2026-03,1
2512 Medical Imaging Professionals,65,2026-08,8
2512 Medical Imaging Professionals,65,2026-07,6
2512 Medical Imaging Professionals,65,2026-06,3
2512 Medical Imaging Professionals,65,2026-05,2
2512 Medical Imaging Professionals,65,2024-10,1
2512 Medical Imaging Professionals,65,2024-12,2
2512 Medical Imaging Professionals,65,2024-11,2
2512 Medical Imaging Professionals,65,2025-03,2
2512 Medical Imaging Professionals,65,2025-02,1
2512 Medical Imaging Professionals,65,2025-04,1
2512 Medical Imaging Professionals,65,2025-05,1
2512 Medical Imaging Professionals,65,2025-06,1
2512 Medical Imaging Professionals,65,2025-07,2
2512 Medical Imaging Professionals,65,2025-08,3
2512 Medical Imaging Professionals,65,2025-09,3
2512 Medical Imaging Professionals,65,2025-10,3
2512 Medical Imaging Professionals,65,2026-04,5
2512 Medical Imaging Professionals,65,2025-11,2
2512 Medical Imaging Professionals,65,2026-01,2
2512 Medical Imaging Professionals,65,2026-02,2
2512 Medical Imaging Professionals,65,2026-03,5
2512 Medical Imaging Professionals,75,2026-08,12
2512 Medical Imaging Professionals,75,2026-07,14
2512 Medical Imaging Professionals,75,2026-06,10
2512 Medical Imaging Professionals,75,2026-05,8
2512 Medical Imaging Professionals,75,2025-05,5
2512 Medical Imaging Professionals,75,2025-06,1
2512 Medical Imaging Professionals,75,2025-07,3
2512 Medical Imaging Professionals,75,2025-08,9
2512 Medical Imaging Professionals,75,2025-09,5
2512 Medical Imaging Professionals,75,2025-10,3
2512 Medical Imaging Professionals,75,2025-12,6
2512 Medical Imaging Professionals,75,2026-04,9
2512 Medical Imaging Professionals,75,2025-11,6
2512 Medical Imaging Professionals,75,2026-01,10
2512 Medical Imaging Professionals,75,2026-02,10
2512 Medical Imaging Professionals,75,2026-03,9
2512 Medical Imaging Professionals,70,2026-08,12
2512 Medical Imaging Professionals,70,2026-07,11
2512 Medical Imaging Professionals,70,2026-06,9
2512 Medical Imaging Professionals,70,2026-05,3
2512 Medical Imaging Professionals,70,2025-03,2
2512 Medical Imaging Professionals,70,2025-02,4
2512 Medical Imaging Professionals,70,2025-04,1
2512 Medical Imaging Professionals,70,2025-05,1
2512 Medical Imaging Professionals,70,2025-07,2
2512 Medical Imaging Professionals,70,2025-08,1
2512 Medical Imaging Professionals,70,2025-09,2
2512 Medical Imaging Professionals,70,2025-10,7
2512 Medical Imaging Professionals,70,2025-12,5
2512 Medical Imaging Professionals,70,2026-04,6
2512 Medical Imaging Professionals,70,2025-11,7
2512 Medical Imaging Professionals,70,2026-01,2
2512 Medical Imaging Professionals,70,2026-02,8
2512 Medical Imaging Professionals,70,2026-03,7
2512 Medical Imaging Professionals,80,2026-08,8
2512 Medical Imaging Professionals,80,2026-07,3
2512 Medical Imaging Professionals,80,2026-06,4
2512 Medical Imaging Professionals,80,2025-12,1
2512 Medical Imaging Professionals,80,2026-04,1
2512 Medical Imaging Professionals,80,2026-02,1
2512 Medical Imaging Professionals,80,2026-03,2
2512 Medical Imaging Professionals,90,2026-07,2
2512 Medical Imaging Professionals,90,2026-06,1
2512 Medical Imaging Professionals,85,2026-07,2
2512 Medical Imaging Professionals,85,2026-01,1
2512 Medical Imaging Professionals,85,2026-02,1
2512 Medical Imaging Professionals,85,2026-03,1
2512 Medical Imaging Professionals,55,2026-07,3
2512 Medical Imaging Professionals,55,2026-06,1
2512 Medical Imaging Professionals,55,2025-06,1
2512 Medical Imaging Professionals,55,2026-02,1
2512 Medical Imaging Professionals,55,2026-03,1
2512 Medical Imaging Professionals,60,2026-08,1
2512 Medical Imaging Professionals,60,2026-07,1
2512 Medical Imaging Professionals,60,2026-06,1
2512 Medical Imaging Professionals,60,2026-05,2
2512 Medical Imaging Professionals,60,2025-05,1
2512 Medical Imaging Professionals,60,2026-01,1
"4523 Sports Coaches, Instructors and Officials",65,2026-08,1
"4523 Sports Coaches, Instructors and Officials",65,2025-10,1
"4523 Sports Coaches, Instructors and Officials",65,2025-12,1
"4523 Sports Coaches, Instructors and Officials",65,2026-02,1
"4523 Sports Coaches, Instructors and Officials",75,2026-08,1
"4523 Sports Coaches, Instructors and Officials",75,2026-07,1
"4523 Sports Coaches, Instructors and Officials",75,2026-06,1
"4523 Sports Coaches, Instructors and Officials",75,2026-02,1
"4523 Sports Coaches, Instructors and Officials",75,2026-03,2
"4523 Sports Coaches, Instructors and Officials",70,2026-07,1
"4523 Sports Coaches, Instructors and Officials",70,2025-08,1
"4523 Sports Coaches, Instructors and Officials",70,2026-02,1
"4523 Sports Coaches, Instructors and Officials",70,2026-03,1
"4523 Sports Coaches, Instructors and Officials",80,2026-08,1
"4523 Sports Coaches, Instructors and Officials",80,2026-05,1
"4523 Sports Coaches, Instructors and Officials",80,2026-03,1
"4523 Sports Coaches, Instructors and Officials",85,2026-08,2
"4523 Sports Coaches, Instructors and Officials",55,2026-07,1
"4523 Sports Coaches, Instructors and Officials",60,2025-03,1
"4523 Sports Coaches, Instructors and Officials",60,2025-10,1
"4523 Sports Coaches, Instructors and Officials",60,2026-03,1
3222 Sheetmetal Trades Workers,65,2026-08,1
3222 Sheetmetal Trades Workers,65,2026-06,1
3222 Sheetmetal Trades Workers,65,2026-05,1
3222 Sheetmetal Trades Workers,65,2026-04,1
3222 Sheetmetal Trades Workers,75,2026-08,2
3222 Sheetmetal Trades Workers,75,2025-06,1
3222 Sheetmetal Trades Workers,75,2025-10,1
3222 Sheetmetal Trades Workers,75,2026-04,1
3222 Sheetmetal Trades Workers,70,2026-06,1
3222 Sheetmetal Trades Workers,70,2025-12,1
3222 Sheetmetal Trades Workers,70,2025-11,1
3222 Sheetmetal Trades Workers,70,2026-01,1
3222 Sheetmetal Trades Workers,80,2026-08,2
3222 Sheetmetal Trades Workers,80,2026-07,1
3222 Sheetmetal Trades Workers,85,2026-08,1
3222 Sheetmetal Trades Workers,85,2026-07,1
3222 Sheetmetal Trades Workers,60,2026-04,1
3222 Sheetmetal Trades Workers,60,2026-02,1
2527 Speech Professionals and Audiologists,65,2026-08,8
2527 Speech Professionals and Audiologists,65,2026-07,9
2527 Speech Professionals and Audiologists,65,2026-06,9
2527 Speech Professionals and Audiologists,65,2024-09,2
2527 Speech Professionals and Audiologists,65,2026-05,14
2527 Speech Professionals and Audiologists,65,2024-10,3
2527 Speech Professionals and Audiologists,65,2024-12,2
2527 Speech Professionals and Audiologists,65,2024-11,1
2527 Speech Professionals and Audiologists,65,2025-01,1
2527 Speech Professionals and Audiologists,65,2025-03,1
2527 Speech Professionals and Audiologists,65,2025-02,2
2527 Speech Professionals and Audiologists,65,2025-04,1
2527 Speech Professionals and Audiologists,65,2025-05,3
2527 Speech Professionals and Audiologists,65,2025-06,3
2527 Speech Professionals and Audiologists,65,2025-07,2
2527 Speech Professionals and Audiologists,65,2025-08,2
2527 Speech Professionals and Audiologists,65,2025-09,1
2527 Speech Professionals and Audiologists,65,2025-10,3
2527 Speech Professionals and Audiologists,65,2025-12,3
2527 Speech Professionals and Audiologists,65,2026-04,5
2527 Speech Professionals and Audiologists,65,2025-11,1
2527 Speech Professionals and Audiologists,65,2026-01,8
2527 Speech Professionals and Audiologists,65,2026-02,8
2527 Speech Professionals and Audiologists,65,2026-03,11
2527 Speech Professionals and Audiologists,75,2026-08,17
2527 Speech Professionals and Audiologists,75,2026-07,7
2527 Speech Professionals and Audiologists,75,2026-06,15
2527 Speech Professionals and Audiologists,75,2026-05,11
2527 Speech Professionals and Audiologists,75,2025-04,1
2527 Speech Professionals and Audiologists,75,2025-05,2
2527 Speech Professionals and Audiologists,75,2025-06,2
2527 Speech Professionals and Audiologists,75,2025-07,4
2527 Speech Professionals and Audiologists,75,2025-08,4
2527 Speech Professionals and Audiologists,75,2025-09,1
2527 Speech Professionals and Audiologists,75,2025-10,2
2527 Speech Professionals and Audiologists,75,2025-12,4
2527 Speech Professionals and Audiologists,75,2026-04,7
2527 Speech Professionals and Audiologists,75,2025-11,3
2527 Speech Professionals and Audiologists,75,2026-01,7
2527 Speech Professionals and Audiologists,75,2026-02,5
2527 Speech Professionals and Audiologists,75,2026-03,11
2527 Speech Professionals and Audiologists,70,2026-08,10
2527 Speech Professionals and Audiologists,70,2026-07,9
2527 Speech Professionals and Audiologists,70,2026-06,10
2527 Speech Professionals and Audiologists,70,2024-09,2
2527 Speech Professionals and Audiologists,70,2026-05,11
2527 Speech Professionals and Audiologists,70,2024-12,1
2527 Speech Professionals and Audiologists,70,2024-11,2
2527 Speech Professionals and Audiologists,70,2025-01,1
2527 Speech Professionals and Audiologists,70,2025-03,1
2527 Speech Professionals and Audiologists,70,2025-02,1
2527 Speech Professionals and Audiologists,70,2025-04,1
2527 Speech Professionals and Audiologists,70,2025-05,2
2527 Speech Professionals and Audiologists,70,2025-06,1
2527 Speech Professionals and Audiologists,70,2025-07,5
2527 Speech Professionals and Audiologists,70,2025-08,5
2527 Speech Professionals and Audiologists,70,2025-09,3
2527 Speech Professionals and Audiologists,70,2025-10,5
2527 Speech Professionals and Audiologists,70,2026-04,8
2527 Speech Professionals and Audiologists,70,2025-11,5
2527 Speech Professionals and Audiologists,70,2026-01,6
2527 Speech Professionals and Audiologists,70,2026-02,5
2527 Speech Professionals and Audiologists,70,2026-03,4
2527 Speech Professionals and Audiologists,80,2026-08,11
2527 Speech Professionals and Audiologists,80,2026-07,8
2527 Speech Professionals and Audiologists,80,2026-06,4
2527 Speech Professionals and Audiologists,80,2026-05,1
2527 Speech Professionals and Audiologists,80,2025-12,4
2527 Speech Professionals and Audiologists,80,2026-04,2
2527 Speech Professionals and Audiologists,80,2026-01,2
2527 Speech Professionals and Audiologists,80,2026-02,1
2527 Speech Professionals and Audiologists,80,2026-03,6
2527 Speech Professionals and Audiologists,90,2026-06,1
2527 Speech Professionals and Audiologists,90,2026-05,1
2527 Speech Professionals and Audiologists,90,2026-01,1
2527 Speech Professionals and Audiologists,85,2026-08,5
2527 Speech Professionals and Audiologists,85,2026-07,3
2527 Speech Professionals and Audiologists,85,2026-06,8
2527 Speech Professionals and Audiologists,85,2026-04,2
2527 Speech Professionals and Audiologists,85,2026-01,2
2527 Speech Professionals and Audiologists,85,2026-02,1
2527 Speech Professionals and Audiologists,55,2026-08,1
2527 Speech Professionals and Audiologists,55,2026-07,1
2527 Speech Professionals and Audiologists,55,2026-06,2
2527 Speech Professionals and Audiologists,55,2024-09,1
2527 Speech Professionals and Audiologists,55,2026-05,1
2527 Speech Professionals and Audiologists,55,2025-04,1
2527 Speech Professionals and Audiologists,55,2025-05,1
2527 Speech Professionals and Audiologists,55,2025-06,1
2527 Speech Professionals and Audiologists,55,2025-07,1
2527 Speech Professionals and Audiologists,55,2025-08,1
2527 Speech Professionals and Audiologists,55,2025-09,2
2527 Speech Professionals and Audiologists,55,2026-04,1
2527 Speech Professionals and Audiologists,55,2025-11,1
2527 Speech Professionals and Audiologists,55,2026-01,2
2527 Speech Professionals and Audiologists,55,2026-03,2
2527 Speech Professionals and Audiologists,60,2026-08,6
2527 Speech Professionals and Audiologists,60,2026-07,3
2527 Speech Professionals and Audiologists,60,2026-06,1
2527 Speech Professionals and Audiologists,60,2026-05,2
2527 Speech Professionals and Audiologists,60,2025-04,2
2527 Speech Professionals and Audiologists,60,2025-08,1
2527 Speech Professionals and Audiologists,60,2025-10,1
2527 Speech Professionals and Audiologists,60,2025-12,2
2527 Speech Professionals and Audiologists,60,2026-04,2
2527 Speech Professionals and Audiologists,60,2026-01,2
2527 Speech Professionals and Audiologists,60,2026-02,1
2527 Speech Professionals and Audiologists,60,2026-03,3
2527 Speech Professionals and Audiologists,50,2026-08,1
2527 Speech Professionals and Audiologists,50,2026-07,1
2527 Speech Professionals and Audiologists,50,2026-05,1
2527 Speech Professionals and Audiologists,50,2026-02,1
2527 Speech Professionals and Audiologists,100,2026-06,1
2527 Speech Professionals and Audiologists,45,2026-07,1
2524 Occupational Therapists,65,2026-09,1
2524 Occupational Therapists,65,2026-08,8
2524 Occupational Therapists,65,2026-07,11
2524 Occupational Therapists,65,2026-06,12
2524 Occupational Therapists,65,2024-09,1
2524 Occupational Therapists,65,2026-05,15
2524 Occupational Therapists,65,2024-12,1
2524 Occupational Therapists,65,2025-03,1
2524 Occupational Therapists,65,2025-02,1
2524 Occupational Therapists,65,2025-05,1
2524 Occupational Therapists,65,2025-06,2
2524 Occupational Therapists,65,2025-07,7
2524 Occupational Therapists,65,2025-08,2
2524 Occupational Therapists,65,2025-09,5
2524 Occupational Therapists,65,2025-10,4
2524 Occupational Therapists,65,2025-12,6
2524 Occupational Therapists,65,2026-04,11
2524 Occupational Therapists,65,2025-11,7
2524 Occupational Therapists,65,2026-01,11
2524 Occupational Therapists,65,2026-02,2
2524 Occupational Therapists,65,2026-03,14
2524 Occupational Therapists,75,2026-09,1
2524 Occupational Therapists,75,2026-08,44
2524 Occupational Therapists,75,2026-07,26
2524 Occupational Therapists,75,2026-06,20
2524 Occupational Therapists,75,2026-05,24
2524 Occupational Therapists,75,2025-04,1
2524 Occupational Therapists,75,2025-05,1
2524 Occupational Therapists,75,2025-06,4
2524 Occupational Therapists,75,2025-07,6
2524 Occupational Therapists,75,2025-08,7
2524 Occupational Therapists,75,2025-09,7
2524 Occupational Therapists,75,2025-10,11
2524 Occupational Therapists,75,2025-12,8
2524 Occupational Therapists,75,2026-04,20
2524 Occupational Therapists,75,2025-11,3
2524 Occupational Therapists,75,2026-01,12
2524 Occupational Therapists,75,2026-02,10
2524 Occupational Therapists,75,2026-03,22
2524 Occupational Therapists,70,2026-08,43
2524 Occupational Therapists,70,2026-07,19
2524 Occupational Therapists,70,2026-06,17
2524 Occupational Therapists,70,2024-09,2
2524 Occupational Therapists,70,2026-05,25
2524 Occupational Therapists,70,2024-10,1
2524 Occupational Therapists,70,2024-12,1
2524 Occupational Therapists,70,2024-11,3
2524 Occupational Therapists,70,2025-01,1
2524 Occupational Therapists,70,2025-03,4
2524 Occupational Therapists,70,2025-02,2
2524 Occupational Therapists,70,2025-04,4
2524 Occupational Therapists,70,2025-05,3
2524 Occupational Therapists,70,2025-06,2
2524 Occupational Therapists,70,2025-07,2
2524 Occupational Therapists,70,2025-08,3
2524 Occupational Therapists,70,2025-09,9
2524 Occupational Therapists,70,2025-10,5
2524 Occupational Therapists,70,2025-12,9
2524 Occupational Therapists,70,2026-04,18
2524 Occupational Therapists,70,2025-11,11
2524 Occupational Therapists,70,2026-01,9
2524 Occupational Therapists,70,2026-02,11
2524 Occupational Therapists,70,2026-03,20
2524 Occupational Therapists,80,2026-08,20
2524 Occupational Therapists,80,2026-07,11
2524 Occupational Therapists,80,2026-06,7
2524 Occupational Therapists,80,2026-05,2
2524 Occupational Therapists,80,2025-12,2
2524 Occupational Therapists,80,2026-04,2
2524 Occupational Therapists,80,2026-01,3
2524 Occupational Therapists,80,2026-02,2
2524 Occupational Therapists,80,2026-03,5
2524 Occupational Therapists,95,2026-07,1
2524 Occupational Therapists,90,2026-07,1
2524 Occupational Therapists,90,2026-06,1
2524 Occupational Therapists,85,2026-08,8
2524 Occupational Therapists,85,2026-07,5
2524 Occupational Therapists,85,2026-06,2
2524 Occupational Therapists,85,2025-11,1
2524 Occupational Therapists,85,2026-02,1
2524 Occupational Therapists,55,2026-07,2
2524 Occupational Therapists,55,2026-06,1
2524 Occupational Therapists,55,2026-05,4
2524 Occupational Therapists,55,2025-01,1
2524 Occupational Therapists,55,2025-05,2
2524 Occupational Therapists,55,2025-07,2
2524 Occupational Therapists,55,2025-10,1
2524 Occupational Therapists,55,2025-12,1
2524 Occupational Therapists,55,2026-04,1
2524 Occupational Therapists,55,2025-11,1
2524 Occupational Therapists,55,2026-01,1
2524 Occupational Therapists,55,2026-02,1
2524 Occupational Therapists,55,2026-03,1
2524 Occupational Therapists,60,2026-08,7
2524 Occupational Therapists,60,2026-07,5
2524 Occupational Therapists,60,2026-06,2
2524 Occupational Therapists,60,2024-09,1
2524 Occupational Therapists,60,2026-05,3
2524 Occupational Therapists,60,2024-10,1
2524 Occupational Therapists,60,2025-04,1
2524 Occupational Therapists,60,2025-07,1
2524 Occupational Therapists,60,2025-08,2
2524 Occupational Therapists,60,2025-09,1
2524 Occupational Therapists,60,2025-12,2
2524 Occupational Therapists,60,2026-04,2
2524 Occupational Therapists,60,2026-01,2
2524 Occupational Therapists,60,2026-02,3
2524 Occupational Therapists,60,2026-03,1
2524 Occupational Therapists,50,2026-08,1
2524 Occupational Therapists,50,2026-07,1
2524 Occupational Therapists,50,2026-06,1
2524 Occupational Therapists,50,2026-05,2
2524 Occupational Therapists,50,2026-04,1
2524 Occupational Therapists,50,2025-11,1
2524 Occupational Therapists,40,2026-07,1
2524 Occupational Therapists,40,2026-05,1
2524 Occupational Therapists,45,2026-08,1
2524 Occupational Therapists,45,2025-10,1
2524 Occupational Therapists,45,2026-01,1
2524 Occupational Therapists,115,2026-08,1
2524 Occupational Therapists,115,2026-06,3
2519 Other Health Diagnostic and Promotion Professionals,65,2026-07,1
2519 Other Health Diagnostic and Promotion Professionals,65,2025-04,1
2519 Other Health Diagnostic and Promotion Professionals,65,2025-07,1
2519 Other Health Diagnostic and Promotion Professionals,65,2025-12,1
2519 Other Health Diagnostic and Promotion Professionals,65,2026-03,1
2519 Other Health Diagnostic and Promotion Professionals,75,2026-08,1
2519 Other Health Diagnostic and Promotion Professionals,75,2026-07,1
2519 Other Health Diagnostic and Promotion Professionals,75,2026-06,3
2519 Other Health Diagnostic and Promotion Professionals,75,2026-05,1
2519 Other Health Diagnostic and Promotion Professionals,75,2026-04,1
2519 Other Health Diagnostic and Promotion Professionals,70,2026-08,1
2519 Other Health Diagnostic and Promotion Professionals,70,2026-06,1
2519 Other Health Diagnostic and Promotion Professionals,70,2025-04,1
2519 Other Health Diagnostic and Promotion Professionals,70,2025-08,1
2519 Other Health Diagnostic and Promotion Professionals,70,2025-11,2
2519 Other Health Diagnostic and Promotion Professionals,70,2026-03,1
2519 Other Health Diagnostic and Promotion Professionals,80,2026-04,1
2519 Other Health Diagnostic and Promotion Professionals,55,2026-03,1
3421 Airconditioning and Refrigeration Mechanics,65,2026-08,4
3421 Airconditioning and Refrigeration Mechanics,65,2026-07,3
3421 Airconditioning and Refrigeration Mechanics,65,2026-06,5
3421 Airconditioning and Refrigeration Mechanics,65,2026-05,1
3421 Airconditioning and Refrigeration Mechanics,65,2024-12,1
3421 Airconditioning and Refrigeration Mechanics,65,2025-03,1
3421 Airconditioning and Refrigeration Mechanics,65,2025-02,1
3421 Airconditioning and Refrigeration Mechanics,65,2025-04,1
3421 Airconditioning and Refrigeration Mechanics,65,2025-05,1
3421 Airconditioning and Refrigeration Mechanics,65,2025-06,1
3421 Airconditioning and Refrigeration Mechanics,65,2025-07,1
3421 Airconditioning and Refrigeration Mechanics,65,2025-08,1
3421 Airconditioning and Refrigeration Mechanics,65,2025-09,1
3421 Airconditioning and Refrigeration Mechanics,65,2025-10,1
3421 Airconditioning and Refrigeration Mechanics,65,2025-12,1
3421 Airconditioning and Refrigeration Mechanics,65,2026-04,1
3421 Airconditioning and Refrigeration Mechanics,65,2025-11,4
3421 Airconditioning and Refrigeration Mechanics,65,2026-03,1
3421 Airconditioning and Refrigeration Mechanics,75,2026-07,1
3421 Airconditioning and Refrigeration Mechanics,75,2026-06,2
3421 Airconditioning and Refrigeration Mechanics,75,2026-05,1
3421 Airconditioning and Refrigeration Mechanics,75,2025-11,1
3421 Airconditioning and Refrigeration Mechanics,75,2026-01,1
3421 Airconditioning and Refrigeration Mechanics,75,2026-02,2
3421 Airconditioning and Refrigeration Mechanics,70,2026-08,1
3421 Airconditioning and Refrigeration Mechanics,70,2026-07,1
3421 Airconditioning and Refrigeration Mechanics,70,2026-06,1
3421 Airconditioning and Refrigeration Mechanics,70,2026-05,1
3421 Airconditioning and Refrigeration Mechanics,70,2024-10,1
3421 Airconditioning and Refrigeration Mechanics,70,2024-12,2
3421 Airconditioning and Refrigeration Mechanics,70,2025-01,2
3421 Airconditioning and Refrigeration Mechanics,70,2025-03,1
3421 Airconditioning and Refrigeration Mechanics,70,2025-04,1
3421 Airconditioning and Refrigeration Mechanics,70,2025-06,1
3421 Airconditioning and Refrigeration Mechanics,70,2025-08,2
3421 Airconditioning and Refrigeration Mechanics,70,2025-10,1
3421 Airconditioning and Refrigeration Mechanics,70,2026-04,1
3421 Airconditioning and Refrigeration Mechanics,70,2025-11,3
3421 Airconditioning and Refrigeration Mechanics,70,2026-01,3
3421 Airconditioning and Refrigeration Mechanics,80,2026-08,1
3421 Airconditioning and Refrigeration Mechanics,80,2024-09,1
3421 Airconditioning and Refrigeration Mechanics,80,2025-07,1
3421 Airconditioning and Refrigeration Mechanics,55,2026-08,1
3421 Airconditioning and Refrigeration Mechanics,55,2026-06,4
3421 Airconditioning and Refrigeration Mechanics,55,2026-05,1
3421 Airconditioning and Refrigeration Mechanics,55,2024-11,1
3421 Airconditioning and Refrigeration Mechanics,55,2025-05,1
3421 Airconditioning and Refrigeration Mechanics,55,2025-12,2
3421 Airconditioning and Refrigeration Mechanics,55,2026-01,1
3421 Airconditioning and Refrigeration Mechanics,60,2026-08,1
3421 Airconditioning and Refrigeration Mechanics,60,2026-06,1
3421 Airconditioning and Refrigeration Mechanics,60,2026-05,1
3421 Airconditioning and Refrigeration Mechanics,60,2025-03,2
3421 Airconditioning and Refrigeration Mechanics,60,2025-07,1
3421 Airconditioning and Refrigeration Mechanics,60,2025-10,1
3421 Airconditioning and Refrigeration Mechanics,60,2025-11,1
3421 Airconditioning and Refrigeration Mechanics,60,2026-03,4
3421 Airconditioning and Refrigeration Mechanics,50,2026-08,1
3421 Airconditioning and Refrigeration Mechanics,50,2026-06,2
3421 Airconditioning and Refrigeration Mechanics,50,2025-02,1
3421 Airconditioning and Refrigeration Mechanics,50,2025-06,1
3421 Airconditioning and Refrigeration Mechanics,50,2025-12,1
3421 Airconditioning and Refrigeration Mechanics,45,2025-04,1
3421 Airconditioning and Refrigeration Mechanics,45,2026-04,1
3421 Airconditioning and Refrigeration Mechanics,35,2025-01,1
3421 Airconditioning and Refrigeration Mechanics,35,2025-10,1
2346 Medical Laboratory Scientists,65,2026-08,22
2346 Medical Laboratory Scientists,65,2026-07,7
2346 Medical Laboratory Scientists,65,2026-06,10
2346 Medical Laboratory Scientists,65,2026-05,21
2346 Medical Laboratory Scientists,65,2024-11,5
2346 Medical Laboratory Scientists,65,2025-03,1
2346 Medical Laboratory Scientists,65,2025-04,4
2346 Medical Laboratory Scientists,65,2025-05,5
2346 Medical Laboratory Scientists,65,2025-06,5
2346 Medical Laboratory Scientists,65,2025-07,5
2346 Medical Laboratory Scientists,65,2025-08,5
2346 Medical Laboratory Scientists,65,2025-09,4
2346 Medical Laboratory Scientists,65,2025-10,4
2346 Medical Laboratory Scientists,65,2025-12,4
2346 Medical Laboratory Scientists,65,2026-04,13
2346 Medical Laboratory Scientists,65,2025-11,11
2346 Medical Laboratory Scientists,65,2026-01,5
2346 Medical Laboratory Scientists,65,2026-02,2
2346 Medical Laboratory Scientists,65,2026-03,15
2346 Medical Laboratory Scientists,75,2026-08,33
2346 Medical Laboratory Scientists,75,2026-07,32
2346 Medical Laboratory Scientists,75,2026-06,32
2346 Medical Laboratory Scientists,75,2026-05,42
2346 Medical Laboratory Scientists,75,2024-10,1
2346 Medical Laboratory Scientists,75,2024-12,1
2346 Medical Laboratory Scientists,75,2024-11,7
2346 Medical Laboratory Scientists,75,2025-01,1
2346 Medical Laboratory Scientists,75,2025-03,1
2346 Medical Laboratory Scientists,75,2025-02,2
2346 Medical Laboratory Scientists,75,2025-04,14
2346 Medical Laboratory Scientists,75,2025-05,11
2346 Medical Laboratory Scientists,75,2025-06,8
2346 Medical Laboratory Scientists,75,2025-07,9
2346 Medical Laboratory Scientists,75,2025-08,7
2346 Medical Laboratory Scientists,75,2025-09,6
2346 Medical Laboratory Scientists,75,2025-10,8
2346 Medical Laboratory Scientists,75,2025-12,17
2346 Medical Laboratory Scientists,75,2026-04,21
2346 Medical Laboratory Scientists,75,2025-11,22
2346 Medical Laboratory Scientists,75,2026-01,15
2346 Medical Laboratory Scientists,75,2026-02,11
2346 Medical Laboratory Scientists,75,2026-03,16
2346 Medical Laboratory Scientists,70,2026-08,18
2346 Medical Laboratory Scientists,70,2026-07,22
2346 Medical Laboratory Scientists,70,2026-06,21
2346 Medical Laboratory Scientists,70,2024-09,1
2346 Medical Laboratory Scientists,70,2026-05,36
2346 Medical Laboratory Scientists,70,2024-10,1
2346 Medical Laboratory Scientists,70,2024-12,1
2346 Medical Laboratory Scientists,70,2024-11,6
2346 Medical Laboratory Scientists,70,2025-01,2
2346 Medical Laboratory Scientists,70,2025-02,1
2346 Medical Laboratory Scientists,70,2025-05,6
2346 Medical Laboratory Scientists,70,2025-06,4
2346 Medical Laboratory Scientists,70,2025-07,16
2346 Medical Laboratory Scientists,70,2025-08,3
2346 Medical Laboratory Scientists,70,2025-09,4
2346 Medical Laboratory Scientists,70,2025-10,7
2346 Medical Laboratory Scientists,70,2025-12,10
2346 Medical Laboratory Scientists,70,2026-04,15
2346 Medical Laboratory Scientists,70,2025-11,17
2346 Medical Laboratory Scientists,70,2026-01,10
2346 Medical Laboratory Scientists,70,2026-02,7
2346 Medical Laboratory Scientists,70,2026-03,14
2346 Medical Laboratory Scientists,80,2026-09,1
2346 Medical Laboratory Scientists,80,2026-08,22
2346 Medical Laboratory Scientists,80,2026-07,20
2346 Medical Laboratory Scientists,80,2026-06,13
2346 Medical Laboratory Scientists,80,2026-05,17
2346 Medical Laboratory Scientists,80,2024-11,7
2346 Medical Laboratory Scientists,80,2025-03,7
2346 Medical Laboratory Scientists,80,2025-02,1
2346 Medical Laboratory Scientists,80,2025-06,1
2346 Medical Laboratory Scientists,80,2025-07,4
2346 Medical Laboratory Scientists,80,2025-09,1
2346 Medical Laboratory Scientists,80,2025-10,4
2346 Medical Laboratory Scientists,80,2025-12,2
2346 Medical Laboratory Scientists,80,2026-04,6
2346 Medical Laboratory Scientists,80,2025-11,8
2346 Medical Laboratory Scientists,80,2026-01,4
2346 Medical Laboratory Scientists,80,2026-02,1
2346 Medical Laboratory Scientists,80,2026-03,14
2346 Medical Laboratory Scientists,95,2026-05,1
2346 Medical Laboratory Scientists,90,2026-09,1
2346 Medical Laboratory Scientists,90,2026-08,4
2346 Medical Laboratory Scientists,90,2026-06,1
2346 Medical Laboratory Scientists,90,2026-05,4
2346 Medical Laboratory Scientists,90,2025-12,1
2346 Medical Laboratory Scientists,90,2026-04,1
2346 Medical Laboratory Scientists,90,2025-11,2
2346 Medical Laboratory Scientists,90,2026-01,1
2346 Medical Laboratory Scientists,90,2026-03,1
2346 Medical Laboratory Scientists,85,2026-08,14
2346 Medical Laboratory Scientists,85,2026-07,5
2346 Medical Laboratory Scientists,85,2026-06,5
2346 Medical Laboratory Scientists,85,2025-09,2
2346 Medical Laboratory Scientists,85,2025-10,2
2346 Medical Laboratory Scientists,85,2025-12,1
2346 Medical Laboratory Scientists,85,2026-04,1
2346 Medical Laboratory Scientists,85,2025-11,11
2346 Medical Laboratory Scientists,85,2026-01,1
2346 Medical Laboratory Scientists,85,2026-02,4
2346 Medical Laboratory Scientists,85,2026-03,1
2346 Medical Laboratory Scientists,55,2026-08,1
2346 Medical Laboratory Scientists,55,2026-07,1
2346 Medical Laboratory Scientists,55,2026-06,2
2346 Medical Laboratory Scientists,55,2026-05,1
2346 Medical Laboratory Scientists,55,2025-03,1
2346 Medical Laboratory Scientists,55,2025-06,2
2346 Medical Laboratory Scientists,55,2025-07,1
2346 Medical Laboratory Scientists,55,2026-01,1
2346 Medical Laboratory Scientists,55,2026-03,1
2346 Medical Laboratory Scientists,60,2026-08,2
2346 Medical Laboratory Scientists,60,2026-07,1
2346 Medical Laboratory Scientists,60,2026-06,5
2346 Medical Laboratory Scientists,60,2026-05,2
2346 Medical Laboratory Scientists,60,2025-01,1
2346 Medical Laboratory Scientists,60,2025-02,1
2346 Medical Laboratory Scientists,60,2025-04,1
2346 Medical Laboratory Scientists,60,2025-05,1
2346 Medical Laboratory Scientists,60,2025-08,1
2346 Medical Laboratory Scientists,60,2025-10,2
2346 Medical Laboratory Scientists,60,2025-12,1
2346 Medical Laboratory Scientists,60,2026-04,1
2346 Medical Laboratory Scientists,60,2025-11,1
2346 Medical Laboratory Scientists,60,2026-01,2
2346 Medical Laboratory Scientists,60,2026-02,2
2346 Medical Laboratory Scientists,60,2026-03,2
2346 Medical Laboratory Scientists,50,2026-03,1
2346 Medical Laboratory Scientists,100,2026-08,1
2346 Medical Laboratory Scientists,45,2025-05,1
2346 Medical Laboratory Scientists,45,2025-12,1
2346 Medical Laboratory Scientists,45,2026-04,1
2346 Medical Laboratory Scientists,45,2026-03,1
2415 Special Education Teachers,65,2026-08,8
2415 Special Education Teachers,65,2026-07,3
2415 Special Education Teachers,65,2026-06,2
2415 Special Education Teachers,65,2024-09,1
2415 Special Education Teachers,65,2026-05,11
2415 Special Education Teachers,65,2025-03,1
2415 Special Education Teachers,65,2025-05,1
2415 Special Education Teachers,65,2025-06,1
2415 Special Education Teachers,65,2025-09,1
2415 Special Education Teachers,65,2025-10,1
2415 Special Education Teachers,65,2025-12,1
2415 Special Education Teachers,65,2026-04,1
2415 Special Education Teachers,65,2026-02,3
2415 Special Education Teachers,65,2026-03,2
2415 Special Education Teachers,75,2026-09,1
2415 Special Education Teachers,75,2026-08,6
2415 Special Education Teachers,75,2026-07,1
2415 Special Education Teachers,75,2026-06,3
2415 Special Education Teachers,75,2026-05,2
2415 Special Education Teachers,75,2025-09,1
2415 Special Education Teachers,75,2026-04,3
2415 Special Education Teachers,75,2025-11,2
2415 Special Education Teachers,75,2026-01,2
2415 Special Education Teachers,75,2026-02,7
2415 Special Education Teachers,70,2026-09,1
2415 Special Education Teachers,70,2026-08,6
2415 Special Education Teachers,70,2026-07,6
2415 Special Education Teachers,70,2026-06,2
2415 Special Education Teachers,70,2026-05,1
2415 Special Education Teachers,70,2025-07,1
2415 Special Education Teachers,70,2026-04,3
2415 Special Education Teachers,70,2026-01,1
2415 Special Education Teachers,70,2026-02,2
2415 Special Education Teachers,70,2026-03,3
2415 Special Education Teachers,80,2026-08,3
2415 Special Education Teachers,80,2026-07,3
2415 Special Education Teachers,80,2026-06,2
2415 Special Education Teachers,80,2025-10,1
2415 Special Education Teachers,80,2025-12,1
2415 Special Education Teachers,55,2026-08,2
2415 Special Education Teachers,55,2026-06,1
2415 Special Education Teachers,55,2025-09,1
2415 Special Education Teachers,55,2025-12,1
2415 Special Education Teachers,60,2026-08,6
2415 Special Education Teachers,60,2026-06,1
2415 Special Education Teachers,60,2026-05,1
2415 Special Education Teachers,60,2024-11,1
2415 Special Education Teachers,60,2025-01,1
2415 Special Education Teachers,60,2025-03,1
2415 Special Education Teachers,60,2026-01,4
2415 Special Education Teachers,60,2026-02,1
2415 Special Education Teachers,60,2026-03,1
2415 Special Education Teachers,30,2026-06,1
2415 Special Education Teachers,30,2026-04,1
2723 Psychologists,65,2026-08,10
2723 Psychologists,65,2026-07,7
2723 Psychologists,65,2026-06,6
2723 Psychologists,65,2026-05,2
2723 Psychologists,65,2025-03,1
2723 Psychologists,65,2025-02,2
2723 Psychologists,65,2025-05,1
2723 Psychologists,65,2025-06,2
2723 Psychologists,65,2025-07,2
2723 Psychologists,65,2025-08,2
2723 Psychologists,65,2025-09,1
2723 Psychologists,65,2025-10,3
2723 Psychologists,65,2025-12,1
2723 Psychologists,65,2026-04,3
2723 Psychologists,65,2025-11,2
2723 Psychologists,65,2026-01,4
2723 Psychologists,65,2026-02,10
2723 Psychologists,65,2026-03,1
2723 Psychologists,75,2026-08,12
2723 Psychologists,75,2026-07,13
2723 Psychologists,75,2026-06,6
2723 Psychologists,75,2026-05,8
2723 Psychologists,75,2025-04,1
2723 Psychologists,75,2025-05,1
2723 Psychologists,75,2025-08,4
2723 Psychologists,75,2025-09,2
2723 Psychologists,75,2025-10,4
2723 Psychologists,75,2025-12,2
2723 Psychologists,75,2026-04,4
2723 Psychologists,75,2026-01,1
2723 Psychologists,75,2026-02,5
2723 Psychologists,75,2026-03,1
2723 Psychologists,70,2026-08,13
2723 Psychologists,70,2026-07,8
2723 Psychologists,70,2026-06,8
2723 Psychologists,70,2026-05,3
2723 Psychologists,70,2024-12,1
2723 Psychologists,70,2025-03,1
2723 Psychologists,70,2025-04,2
2723 Psychologists,70,2025-05,2
2723 Psychologists,70,2025-06,2
2723 Psychologists,70,2025-07,1
2723 Psychologists,70,2025-09,1
2723 Psychologists,70,2025-10,2
2723 Psychologists,70,2025-12,2
2723 Psychologists,70,2026-04,6
2723 Psychologists,70,2025-11,3
2723 Psychologists,70,2026-01,4
2723 Psychologists,70,2026-02,6
2723 Psychologists,70,2026-03,6
2723 Psychologists,80,2026-08,4
2723 Psychologists,80,2026-07,8
2723 Psychologists,80,2026-06,5
2723 Psychologists,80,2026-05,2
2723 Psychologists,80,2025-12,1
2723 Psychologists,80,2025-11,1
2723 Psychologists,80,2026-01,1
2723 Psychologists,80,2026-03,3
2723 Psychologists,95,2026-06,1
2723 Psychologists,90,2026-07,1
2723 Psychologists,90,2026-06,1
2723 Psychologists,90,2026-04,1
2723 Psychologists,85,2026-08,3
2723 Psychologists,85,2026-07,5
2723 Psychologists,85,2026-06,1
2723 Psychologists,85,2026-05,2
2723 Psychologists,85,2026-04,1
2723 Psychologists,85,2026-02,1
2723 Psychologists,85,2026-03,1
2723 Psychologists,55,2026-08,1
2723 Psychologists,55,2026-07,1
2723 Psychologists,55,2026-05,2
2723 Psychologists,55,2025-08,1
2723 Psychologists,55,2025-11,1
2723 Psychologists,55,2026-02,2
2723 Psychologists,60,2026-08,5
2723 Psychologists,60,2026-07,2
2723 Psychologists,60,2026-06,3
2723 Psychologists,60,2026-05,1
2723 Psychologists,60,2025-07,1
2723 Psychologists,60,2025-09,1
2723 Psychologists,60,2025-10,1
2723 Psychologists,60,2026-02,1
2723 Psychologists,60,2026-03,2
2723 Psychologists,50,2026-07,1
2723 Psychologists,50,2025-12,1
2723 Psychologists,50,2026-04,5
2723 Psychologists,50,2026-03,2
2723 Psychologists,105,2026-08,1
2541 Midwives,65,2026-08,2
2541 Midwives,65,2026-07,2
2541 Midwives,65,2026-06,4
2541 Midwives,65,2024-09,1
2541 Midwives,65,2026-05,6
2541 Midwives,65,2025-03,1
2541 Midwives,65,2025-04,1
2541 Midwives,65,2025-06,1
2541 Midwives,65,2025-07,2
2541 Midwives,65,2025-10,2
2541 Midwives,65,2025-12,1
2541 Midwives,65,2026-04,4
2541 Midwives,65,2026-01,3
2541 Midwives,65,2026-02,2
2541 Midwives,65,2026-03,3
2541 Midwives,75,2026-09,1
2541 Midwives,75,2026-08,2
2541 Midwives,75,2026-07,4
2541 Midwives,75,2026-06,5
2541 Midwives,75,2026-05,3
2541 Midwives,75,2025-04,1
2541 Midwives,75,2025-05,1
2541 Midwives,75,2025-06,1
2541 Midwives,75,2025-07,2
2541 Midwives,75,2025-09,1
2541 Midwives,75,2025-10,2
2541 Midwives,75,2025-12,3
2541 Midwives,75,2026-04,8
2541 Midwives,75,2025-11,4
2541 Midwives,75,2026-01,5
2541 Midwives,75,2026-02,2
2541 Midwives,75,2026-03,2
2541 Midwives,70,2026-08,7
2541 Midwives,70,2026-07,7
2541 Midwives,70,2026-06,5
2541 Midwives,70,2026-05,5
2541 Midwives,70,2024-12,1
2541 Midwives,70,2025-01,1
2541 Midwives,70,2025-02,1
2541 Midwives,70,2025-05,2
2541 Midwives,70,2025-09,3
2541 Midwives,70,2025-10,2
2541 Midwives,70,2026-04,2
2541 Midwives,70,2025-11,1
2541 Midwives,70,2026-01,4
2541 Midwives,70,2026-02,4
2541 Midwives,80,2026-08,5
2541 Midwives,80,2026-07,5
2541 Midwives,80,2026-06,1
2541 Midwives,80,2026-05,1
2541 Midwives,80,2026-04,1
2541 Midwives,80,2026-02,2
2541 Midwives,90,2026-08,1
2541 Midwives,90,2026-06,1
2541 Midwives,85,2026-08,1
2541 Midwives,85,2026-02,1
2541 Midwives,60,2026-08,2
2541 Midwives,60,2026-07,2
2541 Midwives,60,2026-06,2
2541 Midwives,60,2026-05,1
2541 Midwives,60,2025-07,1
2541 Midwives,60,2026-04,1
2541 Midwives,50,2026-05,1
2541 Midwives,40,2026-06,1
2541 Midwives,40,2026-01,1
2541 Midwives,45,2026-04,1
3341 Plumbers,65,2026-09,1
3341 Plumbers,65,2026-08,9
3341 Plumbers,65,2026-07,9
3341 Plumbers,65,2026-06,5
3341 Plumbers,65,2026-05,4
3341 Plumbers,65,2026-04,4
3341 Plumbers,65,2025-11,2
3341 Plumbers,65,2026-01,1
3341 Plumbers,65,2026-02,2
3341 Plumbers,65,2026-03,1
3341 Plumbers,75,2026-08,4
3341 Plumbers,75,2026-07,2
3341 Plumbers,70,2026-08,3
3341 Plumbers,70,2026-07,3
3341 Plumbers,70,2026-05,3
3341 Plumbers,70,2025-12,1
3341 Plumbers,70,2026-04,1
3341 Plumbers,70,2025-11,1
3341 Plumbers,70,2026-01,1
3341 Plumbers,70,2026-02,2
3341 Plumbers,80,2026-08,2
3341 Plumbers,80,2026-06,4
3341 Plumbers,95,2026-06,1
3341 Plumbers,85,2026-06,1
3341 Plumbers,55,2026-08,3
3341 Plumbers,55,2026-07,1
3341 Plumbers,55,2026-06,2
3341 Plumbers,55,2024-11,1
3341 Plumbers,55,2025-10,1
3341 Plumbers,55,2026-01,2
3341 Plumbers,60,2026-08,6
3341 Plumbers,60,2026-07,1
3341 Plumbers,60,2026-06,1
3341 Plumbers,60,2026-05,3
3341 Plumbers,60,2024-12,1
3341 Plumbers,60,2025-01,2
3341 Plumbers,60,2025-02,1
3341 Plumbers,60,2025-08,1
3341 Plumbers,60,2025-09,1
3341 Plumbers,60,2025-12,1
3341 Plumbers,60,2026-04,1
3341 Plumbers,60,2025-11,1
3341 Plumbers,60,2026-01,3
3341 Plumbers,60,2026-02,1
3341 Plumbers,60,2026-03,1
3341 Plumbers,50,2026-08,1
3341 Plumbers,50,2025-05,1
3341 Plumbers,50,2025-12,1
3341 Plumbers,50,2026-01,1
3341 Plumbers,50,2026-02,1
3341 Plumbers,40,2026-04,1
3341 Plumbers,40,2026-02,1
3341 Plumbers,40,2026-03,1
3341 Plumbers,45,2026-08,1
3341 Plumbers,45,2026-07,1
3341 Plumbers,45,2026-06,1
3341 Plumbers,45,2025-03,1
3341 Plumbers,45,2025-12,2
3341 Plumbers,45,2026-03,3
3241 Panelbeaters,65,2026-06,3
3241 Panelbeaters,65,2026-05,1
3241 Panelbeaters,65,2025-08,1
3241 Panelbeaters,65,2025-09,1
3241 Panelbeaters,65,2025-10,1
3241 Panelbeaters,65,2026-04,4
3241 Panelbeaters,65,2026-02,2
3241 Panelbeaters,70,2026-09,1
3241 Panelbeaters,70,2025-08,1
3241 Panelbeaters,70,2025-09,1
3241 Panelbeaters,70,2026-04,1
3241 Panelbeaters,70,2026-02,1
3241 Panelbeaters,80,2026-08,1
3241 Panelbeaters,80,2026-03,1
3241 Panelbeaters,85,2026-08,1
3241 Panelbeaters,85,2025-12,1
3241 Panelbeaters,55,2026-07,1
3241 Panelbeaters,55,2026-05,1
3241 Panelbeaters,55,2026-04,1
3241 Panelbeaters,60,2026-01,1
3241 Panelbeaters,45,2026-06,1
3241 Panelbeaters,45,2025-09,1
3991 Boat Builders and Shipwrights,65,2026-08,3
3991 Boat Builders and Shipwrights,65,2026-06,1
3991 Boat Builders and Shipwrights,65,2026-05,1
3991 Boat Builders and Shipwrights,65,2025-03,1
3991 Boat Builders and Shipwrights,65,2025-04,1
3991 Boat Builders and Shipwrights,65,2025-08,1
3991 Boat Builders and Shipwrights,65,2025-09,1
3991 Boat Builders and Shipwrights,65,2025-12,1
3991 Boat Builders and Shipwrights,65,2025-11,2
3991 Boat Builders and Shipwrights,75,2026-08,1
3991 Boat Builders and Shipwrights,75,2026-07,1
3991 Boat Builders and Shipwrights,75,2026-05,1
3991 Boat Builders and Shipwrights,75,2025-08,1
3991 Boat Builders and Shipwrights,75,2025-09,1
3991 Boat Builders and Shipwrights,75,2025-11,1
3991 Boat Builders and Shipwrights,75,2026-01,1
3991 Boat Builders and Shipwrights,75,2026-03,2
3991 Boat Builders and Shipwrights,70,2026-06,1
3991 Boat Builders and Shipwrights,70,2024-12,1
3991 Boat Builders and Shipwrights,70,2025-09,1
3991 Boat Builders and Shipwrights,70,2025-10,1
3991 Boat Builders and Shipwrights,70,2025-12,1
3991 Boat Builders and Shipwrights,70,2025-11,1
3991 Boat Builders and Shipwrights,70,2026-03,1
3991 Boat Builders and Shipwrights,80,2025-06,1
3991 Boat Builders and Shipwrights,80,2025-10,1
3991 Boat Builders and Shipwrights,55,2026-07,1
3991 Boat Builders and Shipwrights,60,2026-06,1
3991 Boat Builders and Shipwrights,60,2026-04,1
3991 Boat Builders and Shipwrights,60,2026-02,1
2533 Internal Medicine Specialists,65,2026-08,6
2533 Internal Medicine Specialists,65,2026-06,3
2533 Internal Medicine Specialists,65,2026-05,3
2533 Internal Medicine Specialists,65,2025-03,1
2533 Internal Medicine Specialists,65,2025-04,1
2533 Internal Medicine Specialists,65,2025-08,1
2533 Internal Medicine Specialists,65,2025-09,1
2533 Internal Medicine Specialists,65,2025-10,1
2533 Internal Medicine Specialists,65,2025-12,1
2533 Internal Medicine Specialists,65,2026-04,2
2533 Internal Medicine Specialists,65,2026-01,1
2533 Internal Medicine Specialists,65,2026-02,1
2533 Internal Medicine Specialists,65,2026-03,2
2533 Internal Medicine Specialists,75,2026-08,1
2533 Internal Medicine Specialists,75,2026-07,4
2533 Internal Medicine Specialists,75,2026-06,1
2533 Internal Medicine Specialists,75,2026-05,4
2533 Internal Medicine Specialists,75,2025-07,1
2533 Internal Medicine Specialists,75,2025-12,1
2533 Internal Medicine Specialists,75,2026-04,1
2533 Internal Medicine Specialists,75,2025-11,1
2533 Internal Medicine Specialists,75,2026-01,1
2533 Internal Medicine Specialists,70,2026-08,5
2533 Internal Medicine Specialists,70,2026-07,1
2533 Internal Medicine Specialists,70,2026-06,1
2533 Internal Medicine Specialists,70,2026-05,3
2533 Internal Medicine Specialists,70,2025-06,1
2533 Internal Medicine Specialists,70,2025-08,1
2533 Internal Medicine Specialists,70,2025-11,1
2533 Internal Medicine Specialists,70,2026-01,1
2533 Internal Medicine Specialists,70,2026-02,1
2533 Internal Medicine Specialists,70,2026-03,2
2533 Internal Medicine Specialists,80,2026-08,6
2533 Internal Medicine Specialists,80,2026-07,1
2533 Internal Medicine Specialists,80,2026-06,1
2533 Internal Medicine Specialists,80,2026-03,2
2533 Internal Medicine Specialists,95,2026-08,1
2533 Internal Medicine Specialists,95,2026-07,1
2533 Internal Medicine Specialists,95,2026-05,1
2533 Internal Medicine Specialists,90,2026-06,1
2533 Internal Medicine Specialists,85,2026-08,2
2533 Internal Medicine Specialists,85,2026-07,2
2533 Internal Medicine Specialists,85,2025-12,1
2533 Internal Medicine Specialists,85,2026-04,1
2533 Internal Medicine Specialists,85,2025-11,1
2533 Internal Medicine Specialists,55,2026-08,3
2533 Internal Medicine Specialists,55,2026-06,1
2533 Internal Medicine Specialists,55,2026-05,1
2533 Internal Medicine Specialists,55,2026-03,1
2533 Internal Medicine Specialists,60,2026-08,2
2533 Internal Medicine Specialists,60,2026-07,2
2533 Internal Medicine Specialists,60,2026-06,1
2533 Internal Medicine Specialists,60,2026-05,2
2533 Internal Medicine Specialists,60,2025-06,1
2533 Internal Medicine Specialists,60,2025-07,1
2533 Internal Medicine Specialists,60,2025-09,1
2533 Internal Medicine Specialists,60,2025-10,2
2533 Internal Medicine Specialists,60,2025-12,2
2533 Internal Medicine Specialists,60,2026-04,1
2533 Internal Medicine Specialists,60,2026-02,1
2533 Internal Medicine Specialists,50,2026-08,1
2533 Internal Medicine Specialists,50,2025-12,1
2533 Internal Medicine Specialists,50,2026-02,1
2533 Internal Medicine Specialists,40,2026-05,1
2533 Internal Medicine Specialists,40,2025-05,1
3332 Plasterers,65,2026-08,14
3332 Plasterers,65,2026-07,3
3332 Plasterers,65,2026-06,2
3332 Plasterers,65,2026-05,1
3332 Plasterers,65,2025-12,3
3332 Plasterers,65,2026-04,5
3332 Plasterers,65,2025-11,1
3332 Plasterers,65,2026-01,1
3332 Plasterers,75,2026-08,4
3332 Plasterers,75,2026-06,4
3332 Plasterers,75,2025-12,1
3332 Plasterers,75,2026-04,1
3332 Plasterers,70,2026-08,3
3332 Plasterers,70,2026-06,6
3332 Plasterers,70,2026-05,1
3332 Plasterers,70,2025-12,1
3332 Plasterers,70,2026-02,3
3332 Plasterers,70,2026-03,2
3332 Plasterers,80,2026-06,1
3332 Plasterers,80,2026-02,1
3332 Plasterers,55,2026-08,1
3332 Plasterers,55,2026-07,3
3332 Plasterers,55,2026-06,1
3332 Plasterers,55,2025-09,1
3332 Plasterers,55,2026-04,1
3332 Plasterers,55,2025-11,1
3332 Plasterers,55,2026-03,1
3332 Plasterers,60,2026-08,2
3332 Plasterers,60,2026-07,4
3332 Plasterers,60,2026-06,1
3332 Plasterers,60,2026-05,1
3332 Plasterers,60,2024-10,1
3332 Plasterers,60,2024-12,1
3332 Plasterers,60,2024-11,1
3332 Plasterers,60,2025-03,1
3332 Plasterers,60,2025-04,1
3332 Plasterers,60,2025-05,1
3332 Plasterers,60,2025-07,1
3332 Plasterers,60,2026-04,3
3332 Plasterers,60,2026-03,2
3332 Plasterers,50,2026-06,1
3332 Plasterers,45,2026-05,1
3332 Plasterers,45,2026-04,1
3611 Animal Attendants and Trainers,65,2025-03,1
3611 Animal Attendants and Trainers,65,2025-09,1
3611 Animal Attendants and Trainers,65,2025-12,1
3611 Animal Attendants and Trainers,80,2026-05,1
3334 Wall and Floor Tilers,65,2026-08,17
3334 Wall and Floor Tilers,65,2026-07,17
3334 Wall and Floor Tilers,65,2026-06,16
3334 Wall and Floor Tilers,65,2026-05,13
3334 Wall and Floor Tilers,65,2024-12,1
3334 Wall and Floor Tilers,65,2025-03,1
3334 Wall and Floor Tilers,65,2025-06,1
3334 Wall and Floor Tilers,65,2025-07,1
3334 Wall and Floor Tilers,65,2025-12,8
3334 Wall and Floor Tilers,65,2026-04,4
3334 Wall and Floor Tilers,65,2025-11,3
3334 Wall and Floor Tilers,65,2026-01,4
3334 Wall and Floor Tilers,65,2026-02,3
3334 Wall and Floor Tilers,65,2026-03,3
3334 Wall and Floor Tilers,75,2026-08,5
3334 Wall and Floor Tilers,75,2026-07,2
3334 Wall and Floor Tilers,75,2026-06,3
3334 Wall and Floor Tilers,75,2026-05,1
3334 Wall and Floor Tilers,75,2025-12,2
3334 Wall and Floor Tilers,75,2026-01,1
3334 Wall and Floor Tilers,75,2026-02,3
3334 Wall and Floor Tilers,70,2026-09,1
3334 Wall and Floor Tilers,70,2026-08,11
3334 Wall and Floor Tilers,70,2026-07,5
3334 Wall and Floor Tilers,70,2026-06,6
3334 Wall and Floor Tilers,70,2026-05,7
3334 Wall and Floor Tilers,70,2025-12,1
3334 Wall and Floor Tilers,70,2026-04,2
3334 Wall and Floor Tilers,70,2025-11,1
3334 Wall and Floor Tilers,70,2026-01,2
3334 Wall and Floor Tilers,70,2026-02,8
3334 Wall and Floor Tilers,80,2026-08,1
3334 Wall and Floor Tilers,80,2026-07,1
3334 Wall and Floor Tilers,80,2026-05,1
3334 Wall and Floor Tilers,85,2026-06,1
3334 Wall and Floor Tilers,85,2025-11,1
3334 Wall and Floor Tilers,85,2026-02,1
3334 Wall and Floor Tilers,55,2026-08,3
3334 Wall and Floor Tilers,55,2026-07,2
3334 Wall and Floor Tilers,55,2026-06,4
3334 Wall and Floor Tilers,55,2025-04,1
3334 Wall and Floor Tilers,55,2025-10,1
3334 Wall and Floor Tilers,55,2025-12,1
3334 Wall and Floor Tilers,55,2026-04,1
3334 Wall and Floor Tilers,55,2026-01,1
3334 Wall and Floor Tilers,55,2026-02,1
3334 Wall and Floor Tilers,55,2026-03,3
3334 Wall and Floor Tilers,60,2026-08,12
3334 Wall and Floor Tilers,60,2026-07,7
3334 Wall and Floor Tilers,60,2026-06,5
3334 Wall and Floor Tilers,60,2026-05,5
3334 Wall and Floor Tilers,60,2024-10,1
3334 Wall and Floor Tilers,60,2025-04,1
3334 Wall and Floor Tilers,60,2025-05,1
3334 Wall and Floor Tilers,60,2025-07,1
3334 Wall and Floor Tilers,60,2025-08,2
3334 Wall and Floor Tilers,60,2025-10,1
3334 Wall and Floor Tilers,60,2025-12,3
3334 Wall and Floor Tilers,60,2026-04,3
3334 Wall and Floor Tilers,60,2025-11,4
3334 Wall and Floor Tilers,60,2026-01,1
3334 Wall and Floor Tilers,60,2026-02,2
3334 Wall and Floor Tilers,60,2026-03,5
3334 Wall and Floor Tilers,50,2026-07,1
3334 Wall and Floor Tilers,50,2026-05,1
3334 Wall and Floor Tilers,50,2026-04,1
3334 Wall and Floor Tilers,50,2026-02,1
2112 Music Professionals,65,2026-09,1
2112 Music Professionals,65,2026-08,1
2112 Music Professionals,65,2026-06,1
2112 Music Professionals,65,2024-09,1
2112 Music Professionals,65,2026-05,2
2112 Music Professionals,65,2025-05,1
2112 Music Professionals,65,2026-04,1
2112 Music Professionals,75,2026-08,1
2112 Music Professionals,70,2026-08,1
2112 Music Professionals,70,2026-07,1
2112 Music Professionals,70,2025-07,1
2112 Music Professionals,70,2025-12,1
2112 Music Professionals,85,2026-08,2
2112 Music Professionals,85,2026-06,1
2112 Music Professionals,55,2026-05,1
2112 Music Professionals,60,2026-06,1
2112 Music Professionals,60,2024-10,1
2112 Music Professionals,60,2025-06,1
2112 Music Professionals,50,2025-01,1
2112 Music Professionals,50,2025-12,1
2112 Music Professionals,45,2026-05,1
3211 Automotive Electricians,65,2026-08,4
3211 Automotive Electricians,65,2026-07,1
3211 Automotive Electricians,65,2026-06,3
3211 Automotive Electricians,65,2026-05,3
3211 Automotive Electricians,65,2025-01,1
3211 Automotive Electricians,65,2025-03,1
3211 Automotive Electricians,65,2025-04,1
3211 Automotive Electricians,65,2025-05,1
3211 Automotive Electricians,65,2025-06,1
3211 Automotive Electricians,65,2025-08,4
3211 Automotive Electricians,65,2025-09,1
3211 Automotive Electricians,65,2025-12,5
3211 Automotive Electricians,65,2026-04,3
3211 Automotive Electricians,65,2025-11,7
3211 Automotive Electricians,65,2026-01,2
3211 Automotive Electricians,65,2026-02,2
3211 Automotive Electricians,65,2026-03,2
3211 Automotive Electricians,75,2026-08,2
3211 Automotive Electricians,75,2026-06,3
3211 Automotive Electricians,75,2026-05,1
3211 Automotive Electricians,75,2025-07,1
3211 Automotive Electricians,75,2025-12,1
3211 Automotive Electricians,75,2026-04,1
3211 Automotive Electricians,75,2026-01,1
3211 Automotive Electricians,70,2026-08,2
3211 Automotive Electricians,70,2026-07,4
3211 Automotive Electricians,70,2026-06,2
3211 Automotive Electricians,70,2024-09,1
3211 Automotive Electricians,70,2026-05,3
3211 Automotive Electricians,70,2024-11,1
3211 Automotive Electricians,70,2025-03,1
3211 Automotive Electricians,70,2025-04,1
3211 Automotive Electricians,70,2025-07,1
3211 Automotive Electricians,70,2025-09,2
3211 Automotive Electricians,70,2025-12,2
3211 Automotive Electricians,70,2026-04,2
3211 Automotive Electricians,70,2026-01,2
3211 Automotive Electricians,70,2026-02,1
3211 Automotive Electricians,80,2026-08,1
3211 Automotive Electricians,80,2026-05,2
3211 Automotive Electricians,80,2025-10,2
3211 Automotive Electricians,80,2025-11,1
3211 Automotive Electricians,80,2026-03,1
3211 Automotive Electricians,95,2026-07,1
3211 Automotive Electricians,55,2026-08,2
3211 Automotive Electricians,55,2026-06,1
3211 Automotive Electricians,55,2026-05,1
3211 Automotive Electricians,55,2025-06,1
3211 Automotive Electricians,55,2025-08,1
3211 Automotive Electricians,55,2026-01,1
3211 Automotive Electricians,60,2026-08,2
3211 Automotive Electricians,60,2026-07,1
3211 Automotive Electricians,60,2026-05,4
3211 Automotive Electricians,60,2025-03,1
3211 Automotive Electricians,60,2025-04,1
3211 Automotive Electricians,60,2025-05,2
3211 Automotive Electricians,60,2025-08,1
3211 Automotive Electricians,60,2025-09,2
3211 Automotive Electricians,60,2025-12,1
3211 Automotive Electricians,60,2026-04,2
3211 Automotive Electricians,60,2025-11,1
3211 Automotive Electricians,60,2026-01,2
3211 Automotive Electricians,50,2026-09,1
3211 Automotive Electricians,50,2026-07,2
3211 Automotive Electricians,50,2026-06,1
3211 Automotive Electricians,50,2024-12,2
3211 Automotive Electricians,50,2025-03,4
3211 Automotive Electricians,50,2025-04,4
3211 Automotive Electricians,50,2025-05,2
3211 Automotive Electricians,50,2025-08,1
3211 Automotive Electricians,50,2025-09,12
3211 Automotive Electricians,50,2026-01,1
3211 Automotive Electricians,40,2026-08,1
3211 Automotive Electricians,40,2026-06,2
3211 Automotive Electricians,40,2025-11,1
3211 Automotive Electricians,45,2026-08,1
3211 Automotive Electricians,45,2026-06,2
3211 Automotive Electricians,45,2026-04,1
3211 Automotive Electricians,45,2025-11,1
2534 Psychiatrists,65,2026-07,1
2534 Psychiatrists,65,2025-02,1
2534 Psychiatrists,65,2025-09,1
2534 Psychiatrists,65,2025-10,1
2534 Psychiatrists,65,2025-12,2
2534 Psychiatrists,75,2026-08,2
2534 Psychiatrists,75,2026-06,1
2534 Psychiatrists,75,2025-10,1
2534 Psychiatrists,75,2026-03,1
2534 Psychiatrists,70,2026-08,2
2534 Psychiatrists,70,2026-07,1
2534 Psychiatrists,70,2026-06,1
2534 Psychiatrists,70,2025-07,2
2534 Psychiatrists,70,2025-09,2
2534 Psychiatrists,70,2026-04,1
2534 Psychiatrists,80,2026-08,2
2534 Psychiatrists,85,2026-04,1
2534 Psychiatrists,85,2026-01,1
2534 Psychiatrists,85,2026-02,1
2534 Psychiatrists,55,2025-11,1
2534 Psychiatrists,60,2026-06,1
2534 Psychiatrists,60,2024-09,1
2534 Psychiatrists,60,2024-12,1
2534 Psychiatrists,60,2025-12,1
2534 Psychiatrists,60,2025-11,1
2514 Optometrists and Orthoptists,65,2026-08,1
2514 Optometrists and Orthoptists,65,2026-06,2
2514 Optometrists and Orthoptists,65,2026-04,1
2514 Optometrists and Orthoptists,65,2026-01,1
2514 Optometrists and Orthoptists,75,2026-08,2
2514 Optometrists and Orthoptists,75,2026-07,3
2514 Optometrists and Orthoptists,75,2026-06,2
2514 Optometrists and Orthoptists,75,2026-05,1
2514 Optometrists and Orthoptists,75,2025-08,3
2514 Optometrists and Orthoptists,75,2025-09,1
2514 Optometrists and Orthoptists,75,2025-10,2
2514 Optometrists and Orthoptists,75,2025-12,1
2514 Optometrists and Orthoptists,75,2025-11,1
2514 Optometrists and Orthoptists,75,2026-01,3
2514 Optometrists and Orthoptists,75,2026-02,1
2514 Optometrists and Orthoptists,75,2026-03,1
2514 Optometrists and Orthoptists,70,2026-08,2
2514 Optometrists and Orthoptists,70,2026-07,2
2514 Optometrists and Orthoptists,70,2026-05,1
2514 Optometrists and Orthoptists,70,2025-08,1
2514 Optometrists and Orthoptists,70,2025-10,1
2514 Optometrists and Orthoptists,70,2025-12,1
2514 Optometrists and Orthoptists,70,2026-04,1
2514 Optometrists and Orthoptists,70,2026-02,1
2514 Optometrists and Orthoptists,70,2026-03,1
2514 Optometrists and Orthoptists,80,2026-08,2
2514 Optometrists and Orthoptists,80,2026-07,3
2514 Optometrists and Orthoptists,80,2026-06,1
2514 Optometrists and Orthoptists,80,2026-04,1
2514 Optometrists and Orthoptists,95,2026-06,1
2514 Optometrists and Orthoptists,85,2026-08,1
2514 Optometrists and Orthoptists,85,2026-07,3
2514 Optometrists and Orthoptists,85,2026-06,1
2514 Optometrists and Orthoptists,60,2026-05,1
2514 Optometrists and Orthoptists,60,2026-01,1
2514 Optometrists and Orthoptists,50,2026-03,1
2535 Surgeons,65,2026-07,1
2535 Surgeons,65,2025-05,2
2535 Surgeons,65,2025-09,2
2535 Surgeons,65,2025-12,1
2535 Surgeons,65,2026-04,1
2535 Surgeons,65,2025-11,3
2535 Surgeons,65,2026-01,1
2535 Surgeons,75,2026-08,2
2535 Surgeons,75,2026-07,1
2535 Surgeons,75,2025-10,1
2535 Surgeons,75,2026-03,1
2535 Surgeons,70,2026-08,1
2535 Surgeons,70,2026-07,1
2535 Surgeons,70,2025-11,1
2535 Surgeons,80,2026-08,2
2535 Surgeons,95,2026-08,1
2535 Surgeons,95,2026-01,1
2535 Surgeons,85,2026-08,2
2535 Surgeons,55,2026-05,1
2535 Surgeons,55,2024-10,1
2535 Surgeons,55,2025-03,1
2535 Surgeons,55,2025-05,1
2535 Surgeons,55,2026-03,1
2535 Surgeons,60,2026-07,1
2535 Surgeons,50,2025-09,1
2535 Surgeons,100,2026-06,1
3422 Electrical Distribution Trades Workers,70,2026-08,1
3422 Electrical Distribution Trades Workers,60,2026-08,1
3422 Electrical Distribution Trades Workers,60,2025-08,1
2526 Podiatrists,65,2026-08,4
2526 Podiatrists,65,2025-06,1
2526 Podiatrists,65,2025-07,1
2526 Podiatrists,65,2025-08,1
2526 Podiatrists,65,2025-09,1
2526 Podiatrists,65,2025-12,2
2526 Podiatrists,65,2026-02,1
2526 Podiatrists,75,2026-08,4
2526 Podiatrists,75,2026-07,1
2526 Podiatrists,75,2026-06,3
2526 Podiatrists,75,2026-05,2
2526 Podiatrists,75,2025-07,1
2526 Podiatrists,75,2025-09,2
2526 Podiatrists,75,2025-10,1
2526 Podiatrists,75,2025-12,2
2526 Podiatrists,75,2026-04,2
2526 Podiatrists,75,2025-11,2
2526 Podiatrists,75,2026-01,2
2526 Podiatrists,75,2026-03,3
2526 Podiatrists,70,2026-08,4
2526 Podiatrists,70,2026-06,2
2526 Podiatrists,70,2025-03,1
2526 Podiatrists,70,2025-08,1
2526 Podiatrists,70,2026-01,1
2526 Podiatrists,70,2026-02,1
2526 Podiatrists,70,2026-03,2
2526 Podiatrists,80,2026-08,1
2526 Podiatrists,80,2026-07,3
2526 Podiatrists,80,2026-01,1
2526 Podiatrists,80,2026-02,1
2526 Podiatrists,55,2026-08,1
2526 Podiatrists,55,2025-11,1
2526 Podiatrists,60,2026-08,1
2526 Podiatrists,60,2026-07,1
2526 Podiatrists,60,2026-06,1
2526 Podiatrists,60,2025-09,1
2526 Podiatrists,60,2026-02,1
"2111 Actors, Dancers and Other Entertainers",65,2026-07,1
"2111 Actors, Dancers and Other Entertainers",65,2025-11,1
"2111 Actors, Dancers and Other Entertainers",65,2026-01,1
"2111 Actors, Dancers and Other Entertainers",65,2026-02,1
"2111 Actors, Dancers and Other Entertainers",75,2026-06,1
"2111 Actors, Dancers and Other Entertainers",75,2025-03,1
"2111 Actors, Dancers and Other Entertainers",75,2025-02,2
"2111 Actors, Dancers and Other Entertainers",75,2025-10,1
"2111 Actors, Dancers and Other Entertainers",75,2025-11,1
"2111 Actors, Dancers and Other Entertainers",75,2026-02,2
"2111 Actors, Dancers and Other Entertainers",75,2026-03,1
"2111 Actors, Dancers and Other Entertainers",70,2026-08,1
"2111 Actors, Dancers and Other Entertainers",80,2026-07,1
"2111 Actors, Dancers and Other Entertainers",80,2025-07,1
"2111 Actors, Dancers and Other Entertainers",80,2025-09,1
"2111 Actors, Dancers and Other Entertainers",80,2026-04,2
"2111 Actors, Dancers and Other Entertainers",80,2026-03,1
"2111 Actors, Dancers and Other Entertainers",85,2026-06,1
4524 Sportspersons,70,2026-08,1
4524 Sportspersons,70,2026-05,1
4524 Sportspersons,80,2025-03,1
4524 Sportspersons,80,2025-04,1
4524 Sportspersons,80,2026-04,1
4524 Sportspersons,55,2026-06,1
