StatusMonth,OccGroup,Score,n
2025-01,2613 Software and Applications Programmers,65,1
2025-01,2613 Software and Applications Programmers,75,8
2025-01,2613 Software and Applications Programmers,70,1
2025-01,2613 Software and Applications Programmers,80,6
2025-01,2613 Software and Applications Programmers,95,3
2025-01,2613 Software and Applications Programmers,90,14
2025-01,2613 Software and Applications Programmers,85,21
2025-01,3212 Motor Mechanics,75,1
2025-01,3212 Motor Mechanics,80,2
2025-01,3212 Motor Mechanics,60,3
2025-01,2332 Civil Engineering Professionals,65,4
2025-01,2332 Civil Engineering Professionals,75,7
2025-01,2332 Civil Engineering Professionals,70,8
2025-01,2332 Civil Engineering Professionals,80,13
2025-01,2332 Civil Engineering Professionals,90,1
2025-01,2332 Civil Engineering Professionals,85,5
2025-01,2332 Civil Engineering Professionals,60,2
2025-01,2411 Early Childhood (Pre-primary School) Teachers,65,8
2025-01,2411 Early Childhood (Pre-primary School) Teachers,75,4
2025-01,2411 Early Childhood (Pre-primary School) Teachers,70,9
2025-01,2411 Early Childhood (Pre-primary School) Teachers,80,2
2025-01,2411 Early Childhood (Pre-primary School) Teachers,90,1
2025-01,2411 Early Childhood (Pre-primary School) Teachers,85,1
2025-01,2611 ICT Business and Systems Analysts,65,1
2025-01,2611 ICT Business and Systems Analysts,75,5
2025-01,2611 ICT Business and Systems Analysts,70,2
2025-01,2611 ICT Business and Systems Analysts,80,6
2025-01,2611 ICT Business and Systems Analysts,95,3
2025-01,2611 ICT Business and Systems Analysts,90,12
2025-01,2611 ICT Business and Systems Analysts,85,10
2025-01,2611 ICT Business and Systems Analysts,60,1
2025-01,2611 ICT Business and Systems Analysts,100,2
2025-01,2211 Accountants,65,1
2025-01,2211 Accountants,75,7
2025-01,2211 Accountants,70,6
2025-01,2211 Accountants,80,7
2025-01,2211 Accountants,95,2
2025-01,2211 Accountants,90,3
2025-01,2211 Accountants,85,11
2025-01,2211 Accountants,60,4
2025-01,2344 Geologists Geophysicists and Hydrogeologists,80,1
2025-01,"2621 Database and Systems Administrators, and ICT Security Specialists",65,1
2025-01,"2621 Database and Systems Administrators, and ICT Security Specialists",75,2
2025-01,"2621 Database and Systems Administrators, and ICT Security Specialists",80,1
2025-01,"2621 Database and Systems Administrators, and ICT Security Specialists",90,4
2025-01,"2621 Database and Systems Administrators, and ICT Security Specialists",85,2
2025-01,"2621 Database and Systems Administrators, and ICT Security Specialists",60,1
2025-01,"2212 Auditors, Company Secretaries and Corporate Treasurers",65,1
2025-01,"2212 Auditors, Company Secretaries and Corporate Treasurers",75,2
2025-01,"2212 Auditors, Company Secretaries and Corporate Treasurers",70,2
2025-01,"2212 Auditors, Company Secretaries and Corporate Treasurers",80,2
2025-01,"2212 Auditors, Company Secretaries and Corporate Treasurers",90,1
2025-01,"2212 Auditors, Company Secretaries and Corporate Treasurers",85,3
2025-01,2345 Life Scientists,80,2
2025-01,2345 Life Scientists,85,1
2025-01,"2335 Industrial, Mechanical and Production Engineers",65,2
2025-01,"2335 Industrial, Mechanical and Production Engineers",75,2
2025-01,"2335 Industrial, Mechanical and Production Engineers",70,3
2025-01,"2335 Industrial, Mechanical and Production Engineers",80,5
2025-01,"2335 Industrial, Mechanical and Production Engineers",90,1
2025-01,"2335 Industrial, Mechanical and Production Engineers",85,5
2025-01,2339 Other Engineering Professionals,65,3
2025-01,2339 Other Engineering Professionals,75,4
2025-01,2339 Other Engineering Professionals,70,1
2025-01,2339 Other Engineering Professionals,80,2
2025-01,2339 Other Engineering Professionals,85,6
2025-01,2341 Agricultural and Forestry Scientists,70,1
2025-01,2544 Registered Nurses,65,24
2025-01,2544 Registered Nurses,75,9
2025-01,2544 Registered Nurses,70,33
2025-01,2544 Registered Nurses,80,12
2025-01,2544 Registered Nurses,90,1
2025-01,2544 Registered Nurses,85,6
2025-01,2544 Registered Nurses,60,5
2025-01,2544 Registered Nurses,50,1
2025-01,3513 Chefs,65,7
2025-01,3513 Chefs,75,21
2025-01,3513 Chefs,70,7
2025-01,3513 Chefs,80,14
2025-01,3513 Chefs,55,2
2025-01,3513 Chefs,60,4
2025-01,2334 Electronics Engineers,75,4
2025-01,2334 Electronics Engineers,80,1
2025-01,2334 Electronics Engineers,95,1
2025-01,2334 Electronics Engineers,85,2
2025-01,3232 Metal Fitters and Machinists,70,1
2025-01,2631 Computer Network Professionals,65,1
2025-01,2631 Computer Network Professionals,90,2
2025-01,2631 Computer Network Professionals,85,2
2025-01,"2342 Chemists, and Food and Wine Scientists",85,5
2025-01,2713 Solicitors,75,1
2025-01,2713 Solicitors,80,1
2025-01,2331 Chemical and Materials Engineers,70,1
2025-01,2331 Chemical and Materials Engineers,85,2
2025-01,3123 Electrical Engineering Draftspersons and Technicians,70,3
2025-01,3123 Electrical Engineering Draftspersons and Technicians,80,1
2025-01,2333 Electrical Engineers,75,5
2025-01,2333 Electrical Engineers,70,2
2025-01,2333 Electrical Engineers,80,3
2025-01,2333 Electrical Engineers,85,5
2025-01,2333 Electrical Engineers,60,1
2025-01,2321 Architects and Landscape Architects,65,3
2025-01,2321 Architects and Landscape Architects,70,1
2025-01,2531 General Practitioners and Resident Medical officers,65,3
2025-01,2531 General Practitioners and Resident Medical officers,80,1
2025-01,2531 General Practitioners and Resident Medical officers,90,1
2025-01,2531 General Practitioners and Resident Medical officers,85,1
2025-01,2247 Management and Organisation Analysts,80,1
2025-01,2247 Management and Organisation Analysts,90,1
2025-01,2347 Veterinarians,70,1
2025-01,2347 Veterinarians,85,2
2025-01,2414 Secondary School Teachers,65,1
2025-01,2414 Secondary School Teachers,75,2
2025-01,2414 Secondary School Teachers,70,3
2025-01,2414 Secondary School Teachers,80,2
2025-01,1341 Child Care Centre Managers,70,1
2025-01,"2241 Actuaries, Mathematicians and Statisticians",70,1
2025-01,"2241 Actuaries, Mathematicians and Statisticians",85,2
2025-01,2421 University Lecturers and Tutors,75,1
2025-01,2421 University Lecturers and Tutors,70,1
2025-01,2421 University Lecturers and Tutors,80,1
2025-01,2421 University Lecturers and Tutors,95,1
2025-01,2421 University Lecturers and Tutors,85,2
2025-01,2421 University Lecturers and Tutors,60,1
2025-01,2633 Telecommunications Engineering Professionals,70,1
2025-01,2633 Telecommunications Engineering Professionals,85,4
2025-01,1332 Engineering Managers,80,1
2025-01,3122 Civil Engineering Draftspersons and Technicians,65,2
2025-01,3122 Civil Engineering Draftspersons and Technicians,70,4
2025-01,1399 Other Specialist Managers,85,1
2025-01,2322 Cartographers and Surveyors,80,1
2025-01,2245 Land Economists and Valuers,85,1
2025-01,2336 Mining Engineers,95,1
2025-01,2336 Mining Engineers,85,1
2025-01,2612 Multimedia Specialists and Web Developers,80,1
2025-01,2349 Other Natural and Physical Science Professionals,75,1
2025-01,1331 Construction Managers,80,1
2025-01,1331 Construction Managers,60,1
2025-01,2343 Environmental Scientists,65,1
2025-01,2343 Environmental Scientists,75,1
2025-01,2343 Environmental Scientists,85,2
2025-01,3132 Telecommunications Technical Specialists,90,1
2025-01,3312 Carpenters and Joiners,65,3
2025-01,3312 Carpenters and Joiners,70,1
2025-01,3312 Carpenters and Joiners,85,1
2025-01,3312 Carpenters and Joiners,55,1
2025-01,2725 Social Workers,65,1
2025-01,2725 Social Workers,70,2
2025-01,2725 Social Workers,80,2
2025-01,3423 Electronics Trades Workers,65,1
2025-01,2243 Economists,75,1
2025-01,2243 Economists,90,1
2025-01,2243 Economists,85,2
2025-01,2539 Other Medical Practitioners,65,1
2025-01,2539 Other Medical Practitioners,75,1
2025-01,2539 Other Medical Practitioners,70,1
2025-01,2539 Other Medical Practitioners,80,1
2025-01,2539 Other Medical Practitioners,85,1
2025-01,3411 Electricians,65,2
2025-01,3411 Electricians,70,1
2025-01,2525 Physiotherapists,65,5
2025-01,2525 Physiotherapists,75,1
2025-01,2525 Physiotherapists,70,3
2025-01,2525 Physiotherapists,80,3
2025-01,2525 Physiotherapists,85,1
2025-01,2525 Physiotherapists,50,1
2025-01,2512 Medical Imaging Professionals,75,1
2025-01,2527 Speech Professionals and Audiologists,65,1
2025-01,2524 Occupational Therapists,65,2
2025-01,2524 Occupational Therapists,70,2
2025-01,2346 Medical Laboratory Scientists,75,1
2025-01,2346 Medical Laboratory Scientists,70,1
2025-01,2346 Medical Laboratory Scientists,80,1
2025-01,2346 Medical Laboratory Scientists,60,1
2025-01,2723 Psychologists,75,1
2025-01,2541 Midwives,80,1
2025-01,3341 Plumbers,65,1
2025-01,3341 Plumbers,50,1
2025-01,2533 Internal Medicine Specialists,70,3
2025-01,3334 Wall and Floor Tilers,65,1
2025-01,2534 Psychiatrists,70,1
2024-09,2613 Software and Applications Programmers,75,4
2024-09,2613 Software and Applications Programmers,80,4
2024-09,2613 Software and Applications Programmers,95,88
2024-09,2613 Software and Applications Programmers,90,37
2024-09,2613 Software and Applications Programmers,85,4
2024-09,2613 Software and Applications Programmers,110,4
2024-09,2613 Software and Applications Programmers,100,95
2024-09,2613 Software and Applications Programmers,105,9
2024-09,2613 Software and Applications Programmers,120,7
2024-09,2613 Software and Applications Programmers,115,3
2024-09,2613 Software and Applications Programmers,125,1
2024-09,3212 Motor Mechanics,65,1
2024-09,3212 Motor Mechanics,70,1
2024-09,3212 Motor Mechanics,95,3
2024-09,3212 Motor Mechanics,90,3
2024-09,3212 Motor Mechanics,60,2
2024-09,2332 Civil Engineering Professionals,65,1
2024-09,2332 Civil Engineering Professionals,75,141
2024-09,2332 Civil Engineering Professionals,70,1
2024-09,2332 Civil Engineering Professionals,80,297
2024-09,2332 Civil Engineering Professionals,95,88
2024-09,2332 Civil Engineering Professionals,90,103
2024-09,2332 Civil Engineering Professionals,85,164
2024-09,2332 Civil Engineering Professionals,100,23
2024-09,2332 Civil Engineering Professionals,105,4
2024-09,2332 Civil Engineering Professionals,115,1
2024-09,2411 Early Childhood (Pre-primary School) Teachers,65,6
2024-09,2411 Early Childhood (Pre-primary School) Teachers,75,32
2024-09,2411 Early Childhood (Pre-primary School) Teachers,70,14
2024-09,2411 Early Childhood (Pre-primary School) Teachers,80,331
2024-09,2411 Early Childhood (Pre-primary School) Teachers,90,14
2024-09,2411 Early Childhood (Pre-primary School) Teachers,85,99
2024-09,2411 Early Childhood (Pre-primary School) Teachers,55,1
2024-09,2411 Early Childhood (Pre-primary School) Teachers,60,1
2024-09,2411 Early Childhood (Pre-primary School) Teachers,100,1
2024-09,2611 ICT Business and Systems Analysts,75,2
2024-09,2611 ICT Business and Systems Analysts,70,3
2024-09,2611 ICT Business and Systems Analysts,80,4
2024-09,2611 ICT Business and Systems Analysts,95,3
2024-09,2611 ICT Business and Systems Analysts,90,2
2024-09,2611 ICT Business and Systems Analysts,85,2
2024-09,2611 ICT Business and Systems Analysts,60,1
2024-09,2611 ICT Business and Systems Analysts,110,1
2024-09,2611 ICT Business and Systems Analysts,100,77
2024-09,2611 ICT Business and Systems Analysts,105,7
2024-09,2611 ICT Business and Systems Analysts,115,5
2024-09,2211 Accountants,65,1
2024-09,2211 Accountants,75,1
2024-09,2211 Accountants,70,5
2024-09,2211 Accountants,80,1
2024-09,2211 Accountants,95,40
2024-09,2211 Accountants,90,17
2024-09,2211 Accountants,85,1
2024-09,2211 Accountants,60,1
2024-09,2211 Accountants,110,1
2024-09,2211 Accountants,100,166
2024-09,2211 Accountants,105,28
2024-09,2211 Accountants,120,3
2024-09,2211 Accountants,125,1
2024-09,2344 Geologists Geophysicists and Hydrogeologists,100,1
2024-09,"2621 Database and Systems Administrators, and ICT Security Specialists",80,1
2024-09,"2621 Database and Systems Administrators, and ICT Security Specialists",95,1
2024-09,"2621 Database and Systems Administrators, and ICT Security Specialists",100,10
2024-09,"2212 Auditors, Company Secretaries and Corporate Treasurers",75,1
2024-09,"2212 Auditors, Company Secretaries and Corporate Treasurers",70,1
2024-09,"2212 Auditors, Company Secretaries and Corporate Treasurers",95,56
2024-09,"2212 Auditors, Company Secretaries and Corporate Treasurers",90,69
2024-09,"2212 Auditors, Company Secretaries and Corporate Treasurers",100,10
2024-09,"2212 Auditors, Company Secretaries and Corporate Treasurers",105,2
2024-09,2345 Life Scientists,70,1
2024-09,2345 Life Scientists,95,24
2024-09,2345 Life Scientists,90,7
2024-09,2345 Life Scientists,110,2
2024-09,2345 Life Scientists,100,5
2024-09,2345 Life Scientists,105,1
2024-09,"2335 Industrial, Mechanical and Production Engineers",65,1
2024-09,"2335 Industrial, Mechanical and Production Engineers",75,1
2024-09,"2335 Industrial, Mechanical and Production Engineers",70,1
2024-09,"2335 Industrial, Mechanical and Production Engineers",80,3
2024-09,"2335 Industrial, Mechanical and Production Engineers",95,76
2024-09,"2335 Industrial, Mechanical and Production Engineers",90,86
2024-09,"2335 Industrial, Mechanical and Production Engineers",60,1
2024-09,"2335 Industrial, Mechanical and Production Engineers",100,12
2024-09,"2335 Industrial, Mechanical and Production Engineers",105,1
2024-09,"2335 Industrial, Mechanical and Production Engineers",125,1
2024-09,2339 Other Engineering Professionals,65,1
2024-09,2339 Other Engineering Professionals,70,1
2024-09,2339 Other Engineering Professionals,95,84
2024-09,2339 Other Engineering Professionals,90,51
2024-09,2339 Other Engineering Professionals,85,3
2024-09,2339 Other Engineering Professionals,110,1
2024-09,2339 Other Engineering Professionals,100,20
2024-09,2339 Other Engineering Professionals,105,9
2024-09,2339 Other Engineering Professionals,130,1
2024-09,2341 Agricultural and Forestry Scientists,65,1
2024-09,2341 Agricultural and Forestry Scientists,95,7
2024-09,2341 Agricultural and Forestry Scientists,100,4
2024-09,2341 Agricultural and Forestry Scientists,105,3
2024-09,2544 Registered Nurses,65,11
2024-09,2544 Registered Nurses,75,90
2024-09,2544 Registered Nurses,70,11
2024-09,2544 Registered Nurses,80,468
2024-09,2544 Registered Nurses,95,3
2024-09,2544 Registered Nurses,90,16
2024-09,2544 Registered Nurses,85,118
2024-09,2544 Registered Nurses,55,2
2024-09,2544 Registered Nurses,60,2
2024-09,2544 Registered Nurses,50,1
2024-09,2544 Registered Nurses,100,1
2024-09,2544 Registered Nurses,115,1
2024-09,3513 Chefs,65,16
2024-09,3513 Chefs,75,14
2024-09,3513 Chefs,70,16
2024-09,3513 Chefs,80,8
2024-09,3513 Chefs,95,6
2024-09,3513 Chefs,90,6
2024-09,3513 Chefs,85,6
2024-09,3513 Chefs,60,4
2024-09,3513 Chefs,100,3
2024-09,3513 Chefs,105,3
2024-09,3513 Chefs,120,2
2024-09,2334 Electronics Engineers,80,1
2024-09,2334 Electronics Engineers,95,24
2024-09,2334 Electronics Engineers,90,25
2024-09,2334 Electronics Engineers,100,2
2024-09,2334 Electronics Engineers,105,3
2024-09,3232 Metal Fitters and Machinists,65,1
2024-09,3232 Metal Fitters and Machinists,60,1
2024-09,2631 Computer Network Professionals,65,1
2024-09,2631 Computer Network Professionals,55,1
2024-09,2631 Computer Network Professionals,100,27
2024-09,2631 Computer Network Professionals,105,2
2024-09,"2342 Chemists, and Food and Wine Scientists",80,1
2024-09,"2342 Chemists, and Food and Wine Scientists",95,6
2024-09,"2342 Chemists, and Food and Wine Scientists",90,2
2024-09,"2342 Chemists, and Food and Wine Scientists",100,2
2024-09,"2342 Chemists, and Food and Wine Scientists",105,1
2024-09,2713 Solicitors,95,11
2024-09,2713 Solicitors,90,10
2024-09,2713 Solicitors,85,2
2024-09,2713 Solicitors,100,1
2024-09,2331 Chemical and Materials Engineers,95,20
2024-09,2331 Chemical and Materials Engineers,90,11
2024-09,2331 Chemical and Materials Engineers,100,7
2024-09,2331 Chemical and Materials Engineers,105,5
2024-09,3123 Electrical Engineering Draftspersons and Technicians,65,1
2024-09,2333 Electrical Engineers,75,2
2024-09,2333 Electrical Engineers,70,1
2024-09,2333 Electrical Engineers,95,36
2024-09,2333 Electrical Engineers,90,27
2024-09,2333 Electrical Engineers,85,1
2024-09,2333 Electrical Engineers,110,1
2024-09,2333 Electrical Engineers,100,9
2024-09,2333 Electrical Engineers,120,1
2024-09,2321 Architects and Landscape Architects,65,1
2024-09,2321 Architects and Landscape Architects,75,123
2024-09,2321 Architects and Landscape Architects,70,2
2024-09,2321 Architects and Landscape Architects,80,268
2024-09,2321 Architects and Landscape Architects,95,9
2024-09,2321 Architects and Landscape Architects,90,64
2024-09,2321 Architects and Landscape Architects,85,143
2024-09,2321 Architects and Landscape Architects,100,1
2024-09,2321 Architects and Landscape Architects,105,2
2024-09,2531 General Practitioners and Resident Medical officers,75,11
2024-09,2531 General Practitioners and Resident Medical officers,70,4
2024-09,2531 General Practitioners and Resident Medical officers,80,131
2024-09,2531 General Practitioners and Resident Medical officers,95,1
2024-09,2531 General Practitioners and Resident Medical officers,90,15
2024-09,2531 General Practitioners and Resident Medical officers,85,53
2024-09,2531 General Practitioners and Resident Medical officers,110,1
2024-09,2531 General Practitioners and Resident Medical officers,100,1
2024-09,2247 Management and Organisation Analysts,70,1
2024-09,2247 Management and Organisation Analysts,80,1
2024-09,2247 Management and Organisation Analysts,95,3
2024-09,2247 Management and Organisation Analysts,90,2
2024-09,2347 Veterinarians,75,1
2024-09,2347 Veterinarians,70,1
2024-09,2347 Veterinarians,95,4
2024-09,2347 Veterinarians,115,2
2024-09,2414 Secondary School Teachers,65,25
2024-09,2414 Secondary School Teachers,75,16
2024-09,2414 Secondary School Teachers,70,19
2024-09,2414 Secondary School Teachers,80,123
2024-09,2414 Secondary School Teachers,90,2
2024-09,2414 Secondary School Teachers,85,27
2024-09,2414 Secondary School Teachers,60,1
2024-09,1341 Child Care Centre Managers,80,1
2024-09,1341 Child Care Centre Managers,90,1
2024-09,1341 Child Care Centre Managers,85,1
2024-09,"2241 Actuaries, Mathematicians and Statisticians",70,1
2024-09,"2241 Actuaries, Mathematicians and Statisticians",80,1
2024-09,"2241 Actuaries, Mathematicians and Statisticians",95,11
2024-09,"2241 Actuaries, Mathematicians and Statisticians",90,6
2024-09,"2241 Actuaries, Mathematicians and Statisticians",100,7
2024-09,"2241 Actuaries, Mathematicians and Statisticians",105,5
2024-09,"2241 Actuaries, Mathematicians and Statisticians",120,3
2024-09,3331 Glaziers,65,2
2024-09,3331 Glaziers,70,2
2024-09,3331 Glaziers,80,1
2024-09,3331 Glaziers,90,1
2024-09,2421 University Lecturers and Tutors,75,2
2024-09,2421 University Lecturers and Tutors,80,1
2024-09,2421 University Lecturers and Tutors,95,23
2024-09,2421 University Lecturers and Tutors,90,5
2024-09,2421 University Lecturers and Tutors,85,1
2024-09,2421 University Lecturers and Tutors,100,15
2024-09,2421 University Lecturers and Tutors,105,3
2024-09,2633 Telecommunications Engineering Professionals,95,14
2024-09,2633 Telecommunications Engineering Professionals,90,21
2024-09,2633 Telecommunications Engineering Professionals,100,2
2024-09,1332 Engineering Managers,95,2
2024-09,3122 Civil Engineering Draftspersons and Technicians,75,183
2024-09,3122 Civil Engineering Draftspersons and Technicians,70,1
2024-09,3122 Civil Engineering Draftspersons and Technicians,80,351
2024-09,3122 Civil Engineering Draftspersons and Technicians,95,3
2024-09,3122 Civil Engineering Draftspersons and Technicians,90,28
2024-09,3122 Civil Engineering Draftspersons and Technicians,85,106
2024-09,3122 Civil Engineering Draftspersons and Technicians,60,1
2024-09,3122 Civil Engineering Draftspersons and Technicians,110,1
2024-09,1399 Other Specialist Managers,95,1
2024-09,2322 Cartographers and Surveyors,75,1
2024-09,2322 Cartographers and Surveyors,70,1
2024-09,2322 Cartographers and Surveyors,80,2
2024-09,2322 Cartographers and Surveyors,95,3
2024-09,2322 Cartographers and Surveyors,85,1
2024-09,2322 Cartographers and Surveyors,100,2
2024-09,2245 Land Economists and Valuers,95,1
2024-09,2336 Mining Engineers,95,2
2024-09,2336 Mining Engineers,100,2
2024-09,2336 Mining Engineers,105,1
2024-09,2336 Mining Engineers,115,1
2024-09,2612 Multimedia Specialists and Web Developers,95,8
2024-09,2612 Multimedia Specialists and Web Developers,90,5
2024-09,3223 Structural Steel and Welding Trades Workers,65,3
2024-09,3223 Structural Steel and Welding Trades Workers,75,4
2024-09,3223 Structural Steel and Welding Trades Workers,70,3
2024-09,3223 Structural Steel and Welding Trades Workers,80,27
2024-09,3223 Structural Steel and Welding Trades Workers,95,1
2024-09,3223 Structural Steel and Welding Trades Workers,90,4
2024-09,3223 Structural Steel and Welding Trades Workers,85,10
2024-09,3223 Structural Steel and Welding Trades Workers,55,3
2024-09,3223 Structural Steel and Welding Trades Workers,60,1
2024-09,2349 Other Natural and Physical Science Professionals,95,3
2024-09,2349 Other Natural and Physical Science Professionals,100,2
2024-09,1331 Construction Managers,65,2
2024-09,1331 Construction Managers,75,116
2024-09,1331 Construction Managers,70,2
2024-09,1331 Construction Managers,80,180
2024-09,1331 Construction Managers,95,1
2024-09,1331 Construction Managers,90,25
2024-09,1331 Construction Managers,85,59
2024-09,1331 Construction Managers,100,2
2024-09,2343 Environmental Scientists,95,5
2024-09,2343 Environmental Scientists,90,1
2024-09,2343 Environmental Scientists,100,2
2024-09,2343 Environmental Scientists,105,1
2024-09,3132 Telecommunications Technical Specialists,95,1
2024-09,3312 Carpenters and Joiners,65,264
2024-09,3312 Carpenters and Joiners,75,103
2024-09,3312 Carpenters and Joiners,70,150
2024-09,3312 Carpenters and Joiners,80,51
2024-09,3312 Carpenters and Joiners,90,8
2024-09,3312 Carpenters and Joiners,85,15
2024-09,3312 Carpenters and Joiners,60,1
2024-09,2725 Social Workers,65,1
2024-09,2725 Social Workers,75,9
2024-09,2725 Social Workers,80,90
2024-09,2725 Social Workers,90,9
2024-09,2725 Social Workers,85,51
2024-09,2725 Social Workers,100,1
2024-09,3322 Painting Trades Workers,65,221
2024-09,3322 Painting Trades Workers,75,70
2024-09,3322 Painting Trades Workers,70,154
2024-09,3322 Painting Trades Workers,80,38
2024-09,3322 Painting Trades Workers,90,3
2024-09,3322 Painting Trades Workers,85,6
2024-09,2521 Chiropractors and Osteopaths,65,1
2024-09,2521 Chiropractors and Osteopaths,80,3
2024-09,3941 Cabinetmakers,65,13
2024-09,3941 Cabinetmakers,75,5
2024-09,3941 Cabinetmakers,70,13
2024-09,3941 Cabinetmakers,80,2
2024-09,3941 Cabinetmakers,85,4
2024-09,3941 Cabinetmakers,60,1
2024-09,2243 Economists,95,3
2024-09,2243 Economists,90,1
2024-09,2243 Economists,100,1
2024-09,3311 Bricklayers and Stonemasons,65,36
2024-09,3311 Bricklayers and Stonemasons,75,15
2024-09,3311 Bricklayers and Stonemasons,70,16
2024-09,3311 Bricklayers and Stonemasons,80,2
2024-09,3311 Bricklayers and Stonemasons,90,2
2024-09,3311 Bricklayers and Stonemasons,85,1
2024-09,3311 Bricklayers and Stonemasons,55,1
2024-09,1342 Health and Welfare Services Managers,95,1
2024-09,1342 Health and Welfare Services Managers,100,1
2024-09,1342 Health and Welfare Services Managers,115,1
2024-09,2539 Other Medical Practitioners,75,4
2024-09,2539 Other Medical Practitioners,70,1
2024-09,2539 Other Medical Practitioners,80,131
2024-09,2539 Other Medical Practitioners,95,3
2024-09,2539 Other Medical Practitioners,90,14
2024-09,2539 Other Medical Practitioners,85,50
2024-09,3411 Electricians,65,54
2024-09,3411 Electricians,75,16
2024-09,3411 Electricians,70,32
2024-09,3411 Electricians,80,3
2024-09,3411 Electricians,55,1
2024-09,3411 Electricians,60,2
2024-09,2525 Physiotherapists,75,10
2024-09,2525 Physiotherapists,70,1
2024-09,2525 Physiotherapists,80,82
2024-09,2525 Physiotherapists,90,6
2024-09,2525 Physiotherapists,85,25
2024-09,2512 Medical Imaging Professionals,75,4
2024-09,2512 Medical Imaging Professionals,80,12
2024-09,2512 Medical Imaging Professionals,85,2
2024-09,2512 Medical Imaging Professionals,100,1
2024-09,3222 Sheetmetal Trades Workers,75,1
2024-09,3222 Sheetmetal Trades Workers,80,4
2024-09,3222 Sheetmetal Trades Workers,95,1
2024-09,2527 Speech Professionals and Audiologists,75,2
2024-09,2527 Speech Professionals and Audiologists,80,43
2024-09,2527 Speech Professionals and Audiologists,90,1
2024-09,2527 Speech Professionals and Audiologists,85,10
2024-09,2524 Occupational Therapists,75,8
2024-09,2524 Occupational Therapists,80,68
2024-09,2524 Occupational Therapists,90,4
2024-09,2524 Occupational Therapists,85,13
2024-09,2519 Other Health Diagnostic and Promotion Professionals,80,1
2024-09,3421 Airconditioning and Refrigeration Mechanics,65,1
2024-09,2346 Medical Laboratory Scientists,75,4
2024-09,2346 Medical Laboratory Scientists,80,23
2024-09,2346 Medical Laboratory Scientists,90,3
2024-09,2346 Medical Laboratory Scientists,85,10
2024-09,2415 Special Education Teachers,65,1
2024-09,2415 Special Education Teachers,75,1
2024-09,2415 Special Education Teachers,80,3
2024-09,2723 Psychologists,75,1
2024-09,2723 Psychologists,80,15
2024-09,2723 Psychologists,95,1
2024-09,2723 Psychologists,90,5
2024-09,2723 Psychologists,85,12
2024-09,2541 Midwives,65,2
2024-09,2541 Midwives,75,2
2024-09,2541 Midwives,80,11
2024-09,2541 Midwives,90,1
2024-09,2541 Midwives,85,2
2024-09,2541 Midwives,60,1
2024-09,3341 Plumbers,65,25
2024-09,3341 Plumbers,75,5
2024-09,3341 Plumbers,70,14
2024-09,3341 Plumbers,80,2
2024-09,3991 Boat Builders and Shipwrights,105,1
2024-09,2533 Internal Medicine Specialists,80,9
2024-09,2533 Internal Medicine Specialists,90,1
2024-09,2533 Internal Medicine Specialists,85,4
2024-09,3332 Plasterers,65,15
2024-09,3332 Plasterers,75,1
2024-09,3332 Plasterers,70,2
2024-09,3332 Plasterers,80,1
2024-09,3332 Plasterers,85,1
2024-09,3334 Wall and Floor Tilers,65,36
2024-09,3334 Wall and Floor Tilers,75,10
2024-09,3334 Wall and Floor Tilers,70,35
2024-09,3334 Wall and Floor Tilers,80,7
2024-09,3334 Wall and Floor Tilers,90,1
2024-09,3334 Wall and Floor Tilers,85,1
2024-09,3334 Wall and Floor Tilers,60,1
2024-09,3211 Automotive Electricians,55,1
2024-09,2534 Psychiatrists,80,5
2024-09,2534 Psychiatrists,85,2
2024-09,2514 Optometrists and Orthoptists,80,3
2024-09,2514 Optometrists and Orthoptists,85,2
2024-09,2535 Surgeons,80,2
2024-09,2535 Surgeons,85,2
2024-09,2526 Podiatrists,80,2
2024-09,2526 Podiatrists,90,1
2024-09,2526 Podiatrists,85,1
2026-06,2613 Software and Applications Programmers,80,1
2026-06,2613 Software and Applications Programmers,95,2
2026-06,2613 Software and Applications Programmers,90,1
2026-06,2613 Software and Applications Programmers,85,2
2026-06,2613 Software and Applications Programmers,55,1
2026-06,2613 Software and Applications Programmers,60,1
2026-06,2613 Software and Applications Programmers,100,1
2026-06,3212 Motor Mechanics,65,1
2026-06,3212 Motor Mechanics,75,3
2026-06,3212 Motor Mechanics,70,1
2026-06,3212 Motor Mechanics,60,2
2026-06,2332 Civil Engineering Professionals,65,2
2026-06,2332 Civil Engineering Professionals,75,5
2026-06,2332 Civil Engineering Professionals,70,1
2026-06,2332 Civil Engineering Professionals,80,3
2026-06,2332 Civil Engineering Professionals,95,1
2026-06,2332 Civil Engineering Professionals,90,4
2026-06,2332 Civil Engineering Professionals,85,8
2026-06,2332 Civil Engineering Professionals,55,1
2026-06,2332 Civil Engineering Professionals,60,3
2026-06,2332 Civil Engineering Professionals,100,1
2026-06,2411 Early Childhood (Pre-primary School) Teachers,65,4
2026-06,2411 Early Childhood (Pre-primary School) Teachers,75,11
2026-06,2411 Early Childhood (Pre-primary School) Teachers,70,4
2026-06,2411 Early Childhood (Pre-primary School) Teachers,80,3
2026-06,2411 Early Childhood (Pre-primary School) Teachers,85,8
2026-06,2611 ICT Business and Systems Analysts,70,1
2026-06,2611 ICT Business and Systems Analysts,80,1
2026-06,2611 ICT Business and Systems Analysts,95,2
2026-06,2611 ICT Business and Systems Analysts,60,1
2026-06,2211 Accountants,75,2
2026-06,2211 Accountants,70,4
2026-06,2211 Accountants,80,2
2026-06,2211 Accountants,90,1
2026-06,2211 Accountants,60,1
2026-06,2211 Accountants,50,1
2026-06,2344 Geologists Geophysicists and Hydrogeologists,80,9
2026-06,2344 Geologists Geophysicists and Hydrogeologists,95,3
2026-06,2344 Geologists Geophysicists and Hydrogeologists,90,4
2026-06,2344 Geologists Geophysicists and Hydrogeologists,85,8
2026-06,2344 Geologists Geophysicists and Hydrogeologists,100,1
2026-06,"2212 Auditors, Company Secretaries and Corporate Treasurers",90,1
2026-06,2345 Life Scientists,75,1
2026-06,2345 Life Scientists,80,2
2026-06,2345 Life Scientists,95,24
2026-06,2345 Life Scientists,110,3
2026-06,2345 Life Scientists,100,16
2026-06,2345 Life Scientists,105,3
2026-06,"2335 Industrial, Mechanical and Production Engineers",65,2
2026-06,"2335 Industrial, Mechanical and Production Engineers",80,2
2026-06,"2335 Industrial, Mechanical and Production Engineers",90,1
2026-06,"2335 Industrial, Mechanical and Production Engineers",85,2
2026-06,"2335 Industrial, Mechanical and Production Engineers",60,2
2026-06,2339 Other Engineering Professionals,65,1
2026-06,2339 Other Engineering Professionals,80,3
2026-06,2339 Other Engineering Professionals,90,4
2026-06,2339 Other Engineering Professionals,50,1
2026-06,2341 Agricultural and Forestry Scientists,65,1
2026-06,2341 Agricultural and Forestry Scientists,75,2
2026-06,2341 Agricultural and Forestry Scientists,70,1
2026-06,2341 Agricultural and Forestry Scientists,80,119
2026-06,2341 Agricultural and Forestry Scientists,95,8
2026-06,2341 Agricultural and Forestry Scientists,90,35
2026-06,2341 Agricultural and Forestry Scientists,85,100
2026-06,2341 Agricultural and Forestry Scientists,55,1
2026-06,2341 Agricultural and Forestry Scientists,100,5
2026-06,2544 Registered Nurses,65,4
2026-06,2544 Registered Nurses,75,236
2026-06,2544 Registered Nurses,70,25
2026-06,2544 Registered Nurses,80,1830
2026-06,2544 Registered Nurses,95,3
2026-06,2544 Registered Nurses,90,73
2026-06,2544 Registered Nurses,85,589
2026-06,2544 Registered Nurses,55,1
2026-06,2544 Registered Nurses,60,3
2026-06,2544 Registered Nurses,50,1
2026-06,2544 Registered Nurses,110,1
2026-06,2544 Registered Nurses,100,3
2026-06,2544 Registered Nurses,105,2
2026-06,3513 Chefs,65,4
2026-06,3513 Chefs,75,2
2026-06,3513 Chefs,70,3
2026-06,3513 Chefs,80,1
2026-06,3513 Chefs,85,3
2026-06,3513 Chefs,55,1
2026-06,2334 Electronics Engineers,65,1
2026-06,2334 Electronics Engineers,95,7
2026-06,2334 Electronics Engineers,100,9
2026-06,2334 Electronics Engineers,105,1
2026-06,3232 Metal Fitters and Machinists,65,2
2026-06,3232 Metal Fitters and Machinists,70,1
2026-06,3232 Metal Fitters and Machinists,80,15
2026-06,3232 Metal Fitters and Machinists,90,1
2026-06,3232 Metal Fitters and Machinists,85,11
2026-06,3232 Metal Fitters and Machinists,55,2
2026-06,3232 Metal Fitters and Machinists,60,3
2026-06,2631 Computer Network Professionals,90,1
2026-06,"2342 Chemists, and Food and Wine Scientists",75,1
2026-06,"2342 Chemists, and Food and Wine Scientists",95,19
2026-06,"2342 Chemists, and Food and Wine Scientists",90,71
2026-06,"2342 Chemists, and Food and Wine Scientists",85,38
2026-06,"2342 Chemists, and Food and Wine Scientists",100,5
2026-06,"2342 Chemists, and Food and Wine Scientists",105,2
2026-06,2713 Solicitors,80,164
2026-06,2713 Solicitors,95,4
2026-06,2713 Solicitors,90,83
2026-06,2713 Solicitors,85,168
2026-06,2331 Chemical and Materials Engineers,75,1
2026-06,2331 Chemical and Materials Engineers,80,2
2026-06,2331 Chemical and Materials Engineers,90,1
2026-06,3123 Electrical Engineering Draftspersons and Technicians,80,29
2026-06,3123 Electrical Engineering Draftspersons and Technicians,90,26
2026-06,3123 Electrical Engineering Draftspersons and Technicians,85,41
2026-06,2333 Electrical Engineers,65,3
2026-06,2333 Electrical Engineers,75,3
2026-06,2333 Electrical Engineers,70,1
2026-06,2333 Electrical Engineers,80,1
2026-06,2333 Electrical Engineers,85,1
2026-06,2321 Architects and Landscape Architects,75,2
2026-06,2321 Architects and Landscape Architects,95,7
2026-06,2321 Architects and Landscape Architects,90,49
2026-06,2321 Architects and Landscape Architects,85,67
2026-06,2531 General Practitioners and Resident Medical officers,65,1
2026-06,2531 General Practitioners and Resident Medical officers,75,18
2026-06,2531 General Practitioners and Resident Medical officers,70,1
2026-06,2531 General Practitioners and Resident Medical officers,80,182
2026-06,2531 General Practitioners and Resident Medical officers,95,5
2026-06,2531 General Practitioners and Resident Medical officers,90,40
2026-06,2531 General Practitioners and Resident Medical officers,85,126
2026-06,2531 General Practitioners and Resident Medical officers,100,1
2026-06,2531 General Practitioners and Resident Medical officers,125,1
2026-06,2247 Management and Organisation Analysts,80,104
2026-06,2247 Management and Organisation Analysts,95,9
2026-06,2247 Management and Organisation Analysts,90,58
2026-06,2247 Management and Organisation Analysts,85,121
2026-06,2247 Management and Organisation Analysts,105,1
2026-06,2347 Veterinarians,80,38
2026-06,2347 Veterinarians,95,7
2026-06,2347 Veterinarians,90,34
2026-06,2347 Veterinarians,85,56
2026-06,2347 Veterinarians,100,1
2026-06,2414 Secondary School Teachers,65,2
2026-06,2414 Secondary School Teachers,75,75
2026-06,2414 Secondary School Teachers,70,4
2026-06,2414 Secondary School Teachers,80,341
2026-06,2414 Secondary School Teachers,95,4
2026-06,2414 Secondary School Teachers,90,33
2026-06,2414 Secondary School Teachers,85,130
2026-06,2414 Secondary School Teachers,60,2
2026-06,2414 Secondary School Teachers,100,2
2026-06,1341 Child Care Centre Managers,80,3
2026-06,1341 Child Care Centre Managers,95,1
2026-06,1341 Child Care Centre Managers,85,1
2026-06,"2241 Actuaries, Mathematicians and Statisticians",95,33
2026-06,"2241 Actuaries, Mathematicians and Statisticians",90,106
2026-06,"2241 Actuaries, Mathematicians and Statisticians",85,1
2026-06,"2241 Actuaries, Mathematicians and Statisticians",110,1
2026-06,"2241 Actuaries, Mathematicians and Statisticians",100,4
2026-06,"2241 Actuaries, Mathematicians and Statisticians",105,3
2026-06,3331 Glaziers,65,2
2026-06,3331 Glaziers,75,8
2026-06,3331 Glaziers,70,1
2026-06,2421 University Lecturers and Tutors,95,1
2026-06,2633 Telecommunications Engineering Professionals,95,21
2026-06,2633 Telecommunications Engineering Professionals,100,4
2026-06,1332 Engineering Managers,70,2
2026-06,1332 Engineering Managers,80,23
2026-06,1332 Engineering Managers,95,1
2026-06,1332 Engineering Managers,90,3
2026-06,1332 Engineering Managers,85,18
2026-06,3122 Civil Engineering Draftspersons and Technicians,65,3
2026-06,3122 Civil Engineering Draftspersons and Technicians,75,5
2026-06,3122 Civil Engineering Draftspersons and Technicians,70,5
2026-06,3122 Civil Engineering Draftspersons and Technicians,80,4
2026-06,3122 Civil Engineering Draftspersons and Technicians,90,1
2026-06,3122 Civil Engineering Draftspersons and Technicians,85,3
2026-06,3122 Civil Engineering Draftspersons and Technicians,60,1
2026-06,1399 Other Specialist Managers,80,26
2026-06,1399 Other Specialist Managers,90,7
2026-06,1399 Other Specialist Managers,85,23
2026-06,2322 Cartographers and Surveyors,80,23
2026-06,2322 Cartographers and Surveyors,95,2
2026-06,2322 Cartographers and Surveyors,90,7
2026-06,2322 Cartographers and Surveyors,85,34
2026-06,2322 Cartographers and Surveyors,60,1
2026-06,2322 Cartographers and Surveyors,100,1
2026-06,2245 Land Economists and Valuers,80,27
2026-06,2245 Land Economists and Valuers,90,4
2026-06,2245 Land Economists and Valuers,85,16
2026-06,2336 Mining Engineers,70,1
2026-06,2336 Mining Engineers,80,85
2026-06,2336 Mining Engineers,95,9
2026-06,2336 Mining Engineers,90,18
2026-06,2336 Mining Engineers,85,100
2026-06,2336 Mining Engineers,105,1
2026-06,2612 Multimedia Specialists and Web Developers,80,1
2026-06,2612 Multimedia Specialists and Web Developers,95,15
2026-06,2612 Multimedia Specialists and Web Developers,110,1
2026-06,2612 Multimedia Specialists and Web Developers,100,7
2026-06,2612 Multimedia Specialists and Web Developers,105,1
2026-06,3223 Structural Steel and Welding Trades Workers,75,1
2026-06,3223 Structural Steel and Welding Trades Workers,70,1
2026-06,3223 Structural Steel and Welding Trades Workers,80,60
2026-06,3223 Structural Steel and Welding Trades Workers,90,6
2026-06,3223 Structural Steel and Welding Trades Workers,85,21
2026-06,3223 Structural Steel and Welding Trades Workers,55,1
2026-06,3223 Structural Steel and Welding Trades Workers,60,2
2026-06,2349 Other Natural and Physical Science Professionals,80,34
2026-06,2349 Other Natural and Physical Science Professionals,95,7
2026-06,2349 Other Natural and Physical Science Professionals,90,14
2026-06,2349 Other Natural and Physical Science Professionals,85,25
2026-06,2349 Other Natural and Physical Science Professionals,100,5
2026-06,2349 Other Natural and Physical Science Professionals,105,2
2026-06,1331 Construction Managers,65,1
2026-06,1331 Construction Managers,75,1
2026-06,1331 Construction Managers,70,1
2026-06,1331 Construction Managers,80,220
2026-06,1331 Construction Managers,95,13
2026-06,1331 Construction Managers,90,53
2026-06,1331 Construction Managers,85,143
2026-06,1331 Construction Managers,100,1
2026-06,2343 Environmental Scientists,75,3
2026-06,2343 Environmental Scientists,70,1
2026-06,2343 Environmental Scientists,80,82
2026-06,2343 Environmental Scientists,95,6
2026-06,2343 Environmental Scientists,90,53
2026-06,2343 Environmental Scientists,85,93
2026-06,2343 Environmental Scientists,100,4
2026-06,2343 Environmental Scientists,105,2
2026-06,2711 Barristers,80,1
2026-06,2711 Barristers,85,1
2026-06,3312 Carpenters and Joiners,65,379
2026-06,3312 Carpenters and Joiners,75,121
2026-06,3312 Carpenters and Joiners,70,301
2026-06,3312 Carpenters and Joiners,80,37
2026-06,3312 Carpenters and Joiners,90,4
2026-06,3312 Carpenters and Joiners,85,10
2026-06,3312 Carpenters and Joiners,60,12
2026-06,3312 Carpenters and Joiners,100,1
2026-06,2725 Social Workers,65,1
2026-06,2725 Social Workers,75,67
2026-06,2725 Social Workers,70,1
2026-06,2725 Social Workers,80,266
2026-06,2725 Social Workers,95,2
2026-06,2725 Social Workers,90,25
2026-06,2725 Social Workers,85,123
2026-06,2725 Social Workers,100,1
2026-06,3322 Painting Trades Workers,65,6
2026-06,3322 Painting Trades Workers,75,1
2026-06,3322 Painting Trades Workers,70,1
2026-06,3322 Painting Trades Workers,60,4
2026-06,3423 Electronics Trades Workers,80,20
2026-06,3423 Electronics Trades Workers,90,1
2026-06,3423 Electronics Trades Workers,85,8
2026-06,2521 Chiropractors and Osteopaths,80,15
2026-06,2521 Chiropractors and Osteopaths,90,1
2026-06,2521 Chiropractors and Osteopaths,85,9
2026-06,3941 Cabinetmakers,80,4
2026-06,3941 Cabinetmakers,85,3
2026-06,3941 Cabinetmakers,60,1
2026-06,2243 Economists,80,45
2026-06,2243 Economists,90,15
2026-06,2243 Economists,85,38
2026-06,2243 Economists,105,1
2026-06,3311 Bricklayers and Stonemasons,65,53
2026-06,3311 Bricklayers and Stonemasons,75,12
2026-06,3311 Bricklayers and Stonemasons,70,29
2026-06,3311 Bricklayers and Stonemasons,80,4
2026-06,3311 Bricklayers and Stonemasons,90,1
2026-06,3311 Bricklayers and Stonemasons,85,2
2026-06,3311 Bricklayers and Stonemasons,60,6
2026-06,1342 Health and Welfare Services Managers,80,8
2026-06,1342 Health and Welfare Services Managers,90,1
2026-06,1342 Health and Welfare Services Managers,85,3
2026-06,2539 Other Medical Practitioners,65,1
2026-06,2539 Other Medical Practitioners,75,10
2026-06,2539 Other Medical Practitioners,70,1
2026-06,2539 Other Medical Practitioners,80,162
2026-06,2539 Other Medical Practitioners,95,2
2026-06,2539 Other Medical Practitioners,90,28
2026-06,2539 Other Medical Practitioners,85,112
2026-06,3411 Electricians,65,55
2026-06,3411 Electricians,75,17
2026-06,3411 Electricians,70,41
2026-06,3411 Electricians,80,11
2026-06,3411 Electricians,90,1
2026-06,3411 Electricians,55,1
2026-06,3411 Electricians,60,6
2026-06,3411 Electricians,50,1
2026-06,2525 Physiotherapists,65,2
2026-06,2525 Physiotherapists,75,16
2026-06,2525 Physiotherapists,80,118
2026-06,2525 Physiotherapists,95,1
2026-06,2525 Physiotherapists,90,8
2026-06,2525 Physiotherapists,85,39
2026-06,2525 Physiotherapists,100,1
2026-06,2512 Medical Imaging Professionals,80,38
2026-06,2512 Medical Imaging Professionals,90,2
2026-06,2512 Medical Imaging Professionals,85,9
2026-06,"4523 Sports Coaches, Instructors and Officials",80,4
2026-06,"4523 Sports Coaches, Instructors and Officials",90,1
2026-06,"4523 Sports Coaches, Instructors and Officials",85,2
2026-06,3222 Sheetmetal Trades Workers,80,1
2026-06,2527 Speech Professionals and Audiologists,75,4
2026-06,2527 Speech Professionals and Audiologists,80,65
2026-06,2527 Speech Professionals and Audiologists,90,3
2026-06,2527 Speech Professionals and Audiologists,85,35
2026-06,2527 Speech Professionals and Audiologists,100,1
2026-06,2524 Occupational Therapists,65,1
2026-06,2524 Occupational Therapists,75,9
2026-06,2524 Occupational Therapists,70,3
2026-06,2524 Occupational Therapists,80,76
2026-06,2524 Occupational Therapists,90,4
2026-06,2524 Occupational Therapists,85,27
2026-06,2524 Occupational Therapists,115,3
2026-06,2519 Other Health Diagnostic and Promotion Professionals,80,1
2026-06,3421 Airconditioning and Refrigeration Mechanics,65,1
2026-06,3421 Airconditioning and Refrigeration Mechanics,70,1
2026-06,3421 Airconditioning and Refrigeration Mechanics,80,1
2026-06,2346 Medical Laboratory Scientists,80,80
2026-06,2346 Medical Laboratory Scientists,95,1
2026-06,2346 Medical Laboratory Scientists,90,18
2026-06,2346 Medical Laboratory Scientists,85,51
2026-06,2415 Special Education Teachers,75,1
2026-06,2415 Special Education Teachers,80,4
2026-06,2415 Special Education Teachers,90,1
2026-06,2415 Special Education Teachers,85,3
2026-06,2723 Psychologists,75,8
2026-06,2723 Psychologists,70,1
2026-06,2723 Psychologists,80,44
2026-06,2723 Psychologists,95,4
2026-06,2723 Psychologists,90,8
2026-06,2723 Psychologists,85,31
2026-06,2541 Midwives,75,2
2026-06,2541 Midwives,70,1
2026-06,2541 Midwives,80,20
2026-06,2541 Midwives,90,2
2026-06,2541 Midwives,85,5
2026-06,3341 Plumbers,65,24
2026-06,3341 Plumbers,75,6
2026-06,3341 Plumbers,70,15
2026-06,3341 Plumbers,80,5
2026-06,3341 Plumbers,95,2
2026-06,3341 Plumbers,85,2
2026-06,3341 Plumbers,60,1
2026-06,3241 Panelbeaters,80,3
2026-06,3241 Panelbeaters,85,1
2026-06,3991 Boat Builders and Shipwrights,80,5
2026-06,3991 Boat Builders and Shipwrights,90,1
2026-06,3991 Boat Builders and Shipwrights,85,3
2026-06,2533 Internal Medicine Specialists,75,1
2026-06,2533 Internal Medicine Specialists,80,11
2026-06,2533 Internal Medicine Specialists,95,2
2026-06,2533 Internal Medicine Specialists,90,1
2026-06,2533 Internal Medicine Specialists,85,2
2026-06,2533 Internal Medicine Specialists,100,1
2026-06,3332 Plasterers,65,15
2026-06,3332 Plasterers,75,4
2026-06,3332 Plasterers,70,10
2026-06,3332 Plasterers,80,1
2026-06,3332 Plasterers,95,1
2026-06,3332 Plasterers,85,1
2026-06,3332 Plasterers,60,2
2026-06,3334 Wall and Floor Tilers,65,57
2026-06,3334 Wall and Floor Tilers,75,10
2026-06,3334 Wall and Floor Tilers,70,42
2026-06,3334 Wall and Floor Tilers,80,4
2026-06,3334 Wall and Floor Tilers,85,2
2026-06,3334 Wall and Floor Tilers,55,1
2026-06,3334 Wall and Floor Tilers,50,1
2026-06,2112 Music Professionals,80,2
2026-06,2112 Music Professionals,95,1
2026-06,2112 Music Professionals,90,1
2026-06,2112 Music Professionals,85,3
2026-06,2112 Music Professionals,100,1
2026-06,3211 Automotive Electricians,80,7
2026-06,3211 Automotive Electricians,85,1
2026-06,2534 Psychiatrists,75,1
2026-06,2534 Psychiatrists,80,1
2026-06,2534 Psychiatrists,90,1
2026-06,2534 Psychiatrists,85,6
2026-06,2514 Optometrists and Orthoptists,80,7
2026-06,2514 Optometrists and Orthoptists,95,1
2026-06,2514 Optometrists and Orthoptists,85,2
2026-06,2535 Surgeons,95,1
2026-06,2535 Surgeons,85,2
2026-06,2535 Surgeons,100,1
2026-06,2526 Podiatrists,75,1
2026-06,2526 Podiatrists,80,4
2026-06,2526 Podiatrists,85,3
2026-06,"2111 Actors, Dancers and Other Entertainers",80,4
2026-06,"2111 Actors, Dancers and Other Entertainers",85,1
2026-06,4524 Sportspersons,80,1
2026-07,2613 Software and Applications Programmers,75,1
2026-07,3212 Motor Mechanics,65,1
2026-07,2211 Accountants,65,1
2026-07,"2212 Auditors, Company Secretaries and Corporate Treasurers",60,1
2026-07,2544 Registered Nurses,65,2
2026-07,2544 Registered Nurses,75,1
2026-07,3513 Chefs,65,3
2026-07,3513 Chefs,75,1
2026-07,3513 Chefs,70,2
2026-07,3513 Chefs,80,1
2026-07,3513 Chefs,60,3
2026-07,"2342 Chemists, and Food and Wine Scientists",65,1
2026-07,"2342 Chemists, and Food and Wine Scientists",80,1
2026-07,"2342 Chemists, and Food and Wine Scientists",60,1
2026-07,2321 Architects and Landscape Architects,75,1
2026-07,2321 Architects and Landscape Architects,70,1
2026-07,3311 Bricklayers and Stonemasons,55,1
2026-07,2525 Physiotherapists,70,1
2026-07,2524 Occupational Therapists,70,1
2026-07,3334 Wall and Floor Tilers,65,1
2026-07,3334 Wall and Floor Tilers,55,1
2025-08,2411 Early Childhood (Pre-primary School) Teachers,95,3
2025-08,2411 Early Childhood (Pre-primary School) Teachers,90,51
2025-08,2411 Early Childhood (Pre-primary School) Teachers,85,526
2025-08,2344 Geologists Geophysicists and Hydrogeologists,95,1
2025-08,2344 Geologists Geophysicists and Hydrogeologists,90,2
2025-08,2345 Life Scientists,95,56
2025-08,2345 Life Scientists,90,63
2025-08,2345 Life Scientists,100,25
2025-08,2345 Life Scientists,105,8
2025-08,2341 Agricultural and Forestry Scientists,95,20
2025-08,2341 Agricultural and Forestry Scientists,90,38
2025-08,2341 Agricultural and Forestry Scientists,100,6
2025-08,2341 Agricultural and Forestry Scientists,105,1
2025-08,2544 Registered Nurses,80,1174
2025-08,2544 Registered Nurses,95,9
2025-08,2544 Registered Nurses,90,87
2025-08,2544 Registered Nurses,85,528
2025-08,2544 Registered Nurses,100,1
2025-08,2544 Registered Nurses,105,3
2025-08,2544 Registered Nurses,120,1
2025-08,2334 Electronics Engineers,95,17
2025-08,2334 Electronics Engineers,100,7
2025-08,2334 Electronics Engineers,105,1
2025-08,3232 Metal Fitters and Machinists,95,1
2025-08,"2342 Chemists, and Food and Wine Scientists",95,17
2025-08,"2342 Chemists, and Food and Wine Scientists",90,32
2025-08,"2342 Chemists, and Food and Wine Scientists",110,1
2025-08,"2342 Chemists, and Food and Wine Scientists",100,6
2025-08,"2342 Chemists, and Food and Wine Scientists",105,1
2025-08,2713 Solicitors,95,12
2025-08,2713 Solicitors,90,79
2025-08,2713 Solicitors,100,1
2025-08,2331 Chemical and Materials Engineers,95,44
2025-08,2331 Chemical and Materials Engineers,90,61
2025-08,2331 Chemical and Materials Engineers,100,15
2025-08,2331 Chemical and Materials Engineers,105,3
2025-08,3123 Electrical Engineering Draftspersons and Technicians,90,9
2025-08,2321 Architects and Landscape Architects,95,7
2025-08,2321 Architects and Landscape Architects,90,15
2025-08,2321 Architects and Landscape Architects,110,1
2025-08,2531 General Practitioners and Resident Medical officers,80,192
2025-08,2531 General Practitioners and Resident Medical officers,95,4
2025-08,2531 General Practitioners and Resident Medical officers,90,38
2025-08,2531 General Practitioners and Resident Medical officers,85,129
2025-08,2531 General Practitioners and Resident Medical officers,100,2
2025-08,2247 Management and Organisation Analysts,95,7
2025-08,2247 Management and Organisation Analysts,90,42
2025-08,2247 Management and Organisation Analysts,100,1
2025-08,2247 Management and Organisation Analysts,105,1
2025-08,2347 Veterinarians,95,11
2025-08,2347 Veterinarians,90,18
2025-08,2414 Secondary School Teachers,90,15
2025-08,2414 Secondary School Teachers,85,68
2025-08,1341 Child Care Centre Managers,90,1
2025-08,"2241 Actuaries, Mathematicians and Statisticians",95,37
2025-08,"2241 Actuaries, Mathematicians and Statisticians",90,76
2025-08,"2241 Actuaries, Mathematicians and Statisticians",100,2
2025-08,3331 Glaziers,65,7
2025-08,3331 Glaziers,75,2
2025-08,3331 Glaziers,70,3
2025-08,3331 Glaziers,85,1
2025-08,2421 University Lecturers and Tutors,95,54
2025-08,2421 University Lecturers and Tutors,90,129
2025-08,2421 University Lecturers and Tutors,85,156
2025-08,2421 University Lecturers and Tutors,110,1
2025-08,2421 University Lecturers and Tutors,100,22
2025-08,2421 University Lecturers and Tutors,105,4
2025-08,1332 Engineering Managers,95,1
2025-08,1332 Engineering Managers,90,1
2025-08,3122 Civil Engineering Draftspersons and Technicians,95,3
2025-08,3122 Civil Engineering Draftspersons and Technicians,90,16
2025-08,1399 Other Specialist Managers,95,3
2025-08,1399 Other Specialist Managers,90,4
2025-08,2322 Cartographers and Surveyors,95,2
2025-08,2322 Cartographers and Surveyors,90,7
2025-08,2322 Cartographers and Surveyors,100,1
2025-08,2245 Land Economists and Valuers,90,7
2025-08,2245 Land Economists and Valuers,105,1
2025-08,2336 Mining Engineers,95,7
2025-08,2336 Mining Engineers,90,19
2025-08,3223 Structural Steel and Welding Trades Workers,90,4
2025-08,3223 Structural Steel and Welding Trades Workers,105,1
2025-08,2349 Other Natural and Physical Science Professionals,95,8
2025-08,2349 Other Natural and Physical Science Professionals,90,10
2025-08,2349 Other Natural and Physical Science Professionals,100,9
2025-08,2349 Other Natural and Physical Science Professionals,105,1
2025-08,2349 Other Natural and Physical Science Professionals,115,1
2025-08,1331 Construction Managers,95,1
2025-08,1331 Construction Managers,90,10
2025-08,1331 Construction Managers,100,1
2025-08,2343 Environmental Scientists,95,22
2025-08,2343 Environmental Scientists,90,39
2025-08,2343 Environmental Scientists,110,1
2025-08,2343 Environmental Scientists,100,9
2025-08,2343 Environmental Scientists,105,1
2025-08,2711 Barristers,95,1
2025-08,3312 Carpenters and Joiners,65,335
2025-08,3312 Carpenters and Joiners,75,151
2025-08,3312 Carpenters and Joiners,70,327
2025-08,3312 Carpenters and Joiners,80,54
2025-08,3312 Carpenters and Joiners,95,1
2025-08,3312 Carpenters and Joiners,90,9
2025-08,3312 Carpenters and Joiners,85,13
2025-08,2725 Social Workers,95,2
2025-08,2725 Social Workers,90,16
2025-08,2725 Social Workers,85,91
2025-08,3322 Painting Trades Workers,75,92
2025-08,3322 Painting Trades Workers,70,99
2025-08,3322 Painting Trades Workers,80,29
2025-08,3322 Painting Trades Workers,85,5
2025-08,3423 Electronics Trades Workers,95,1
2025-08,3423 Electronics Trades Workers,110,1
2025-08,2243 Economists,95,6
2025-08,2243 Economists,90,13
2025-08,2243 Economists,100,1
2025-08,3311 Bricklayers and Stonemasons,65,58
2025-08,3311 Bricklayers and Stonemasons,75,12
2025-08,3311 Bricklayers and Stonemasons,70,32
2025-08,3311 Bricklayers and Stonemasons,80,4
2025-08,3311 Bricklayers and Stonemasons,90,1
2025-08,3311 Bricklayers and Stonemasons,85,1
2025-08,1342 Health and Welfare Services Managers,90,1
2025-08,2539 Other Medical Practitioners,80,144
2025-08,2539 Other Medical Practitioners,95,5
2025-08,2539 Other Medical Practitioners,90,39
2025-08,2539 Other Medical Practitioners,85,116
2025-08,2539 Other Medical Practitioners,110,1
2025-08,2539 Other Medical Practitioners,100,3
2025-08,3411 Electricians,65,93
2025-08,3411 Electricians,75,30
2025-08,3411 Electricians,70,60
2025-08,3411 Electricians,80,12
2025-08,3411 Electricians,85,1
2025-08,3411 Electricians,100,1
2025-08,2525 Physiotherapists,80,98
2025-08,2525 Physiotherapists,95,3
2025-08,2525 Physiotherapists,90,17
2025-08,2525 Physiotherapists,85,56
2025-08,2512 Medical Imaging Professionals,80,36
2025-08,2512 Medical Imaging Professionals,95,4
2025-08,2512 Medical Imaging Professionals,90,11
2025-08,2512 Medical Imaging Professionals,85,15
2025-08,"4523 Sports Coaches, Instructors and Officials",95,1
2025-08,2527 Speech Professionals and Audiologists,80,29
2025-08,2527 Speech Professionals and Audiologists,95,2
2025-08,2527 Speech Professionals and Audiologists,90,8
2025-08,2527 Speech Professionals and Audiologists,85,27
2025-08,2524 Occupational Therapists,80,66
2025-08,2524 Occupational Therapists,95,2
2025-08,2524 Occupational Therapists,90,5
2025-08,2524 Occupational Therapists,85,21
2025-08,2346 Medical Laboratory Scientists,95,2
2025-08,2346 Medical Laboratory Scientists,90,4
2025-08,2346 Medical Laboratory Scientists,100,1
2025-08,2415 Special Education Teachers,95,1
2025-08,2415 Special Education Teachers,85,1
2025-08,2415 Special Education Teachers,100,1
2025-08,2723 Psychologists,95,4
2025-08,2723 Psychologists,90,4
2025-08,2723 Psychologists,85,15
2025-08,2541 Midwives,80,21
2025-08,2541 Midwives,90,2
2025-08,2541 Midwives,85,7
2025-08,3341 Plumbers,65,35
2025-08,3341 Plumbers,75,10
2025-08,3341 Plumbers,70,20
2025-08,3341 Plumbers,80,3
2025-08,3341 Plumbers,90,1
2025-08,3341 Plumbers,85,2
2025-08,3241 Panelbeaters,90,1
2025-08,3991 Boat Builders and Shipwrights,90,3
2025-08,2533 Internal Medicine Specialists,80,9
2025-08,2533 Internal Medicine Specialists,90,7
2025-08,2533 Internal Medicine Specialists,85,5
2025-08,3332 Plasterers,65,14
2025-08,3332 Plasterers,75,4
2025-08,3332 Plasterers,70,2
2025-08,3332 Plasterers,80,1
2025-08,3332 Plasterers,85,1
2025-08,3334 Wall and Floor Tilers,65,72
2025-08,3334 Wall and Floor Tilers,75,16
2025-08,3334 Wall and Floor Tilers,70,38
2025-08,3334 Wall and Floor Tilers,80,5
2025-08,3334 Wall and Floor Tilers,90,1
2025-08,3334 Wall and Floor Tilers,85,1
2025-08,2112 Music Professionals,90,1
2025-08,2534 Psychiatrists,80,3
2025-08,2534 Psychiatrists,90,1
2025-08,2534 Psychiatrists,85,2
2025-08,2514 Optometrists and Orthoptists,80,6
2025-08,2514 Optometrists and Orthoptists,85,3
2025-08,2535 Surgeons,80,1
2025-08,2535 Surgeons,85,3
2025-08,2526 Podiatrists,80,5
2025-08,2526 Podiatrists,90,2
2026-01,2613 Software and Applications Programmers,65,2
2026-01,2613 Software and Applications Programmers,75,1
2026-01,2613 Software and Applications Programmers,70,1
2026-01,2613 Software and Applications Programmers,80,4
2026-01,2613 Software and Applications Programmers,95,6
2026-01,2613 Software and Applications Programmers,90,12
2026-01,2613 Software and Applications Programmers,85,3
2026-01,2613 Software and Applications Programmers,60,1
2026-01,3212 Motor Mechanics,65,1
2026-01,3212 Motor Mechanics,75,1
2026-01,3212 Motor Mechanics,70,3
2026-01,3212 Motor Mechanics,80,3
2026-01,3212 Motor Mechanics,85,1
2026-01,2332 Civil Engineering Professionals,65,1
2026-01,2332 Civil Engineering Professionals,75,3
2026-01,2332 Civil Engineering Professionals,70,4
2026-01,2332 Civil Engineering Professionals,80,18
2026-01,2332 Civil Engineering Professionals,90,6
2026-01,2332 Civil Engineering Professionals,85,12
2026-01,2332 Civil Engineering Professionals,100,1
2026-01,2411 Early Childhood (Pre-primary School) Teachers,65,9
2026-01,2411 Early Childhood (Pre-primary School) Teachers,75,14
2026-01,2411 Early Childhood (Pre-primary School) Teachers,70,12
2026-01,2411 Early Childhood (Pre-primary School) Teachers,80,17
2026-01,2411 Early Childhood (Pre-primary School) Teachers,90,2
2026-01,2411 Early Childhood (Pre-primary School) Teachers,85,5
2026-01,2411 Early Childhood (Pre-primary School) Teachers,60,1
2026-01,2611 ICT Business and Systems Analysts,75,1
2026-01,2611 ICT Business and Systems Analysts,70,1
2026-01,2611 ICT Business and Systems Analysts,80,2
2026-01,2611 ICT Business and Systems Analysts,95,3
2026-01,2611 ICT Business and Systems Analysts,85,2
2026-01,2611 ICT Business and Systems Analysts,60,1
2026-01,2211 Accountants,65,2
2026-01,2211 Accountants,75,5
2026-01,2211 Accountants,70,3
2026-01,2211 Accountants,80,1
2026-01,2211 Accountants,95,1
2026-01,2211 Accountants,85,1
2026-01,2211 Accountants,60,1
2026-01,2344 Geologists Geophysicists and Hydrogeologists,75,1
2026-01,"2621 Database and Systems Administrators, and ICT Security Specialists",95,1
2026-01,"2621 Database and Systems Administrators, and ICT Security Specialists",90,1
2026-01,"2621 Database and Systems Administrators, and ICT Security Specialists",85,1
2026-01,"2621 Database and Systems Administrators, and ICT Security Specialists",100,1
2026-01,"2212 Auditors, Company Secretaries and Corporate Treasurers",65,2
2026-01,"2212 Auditors, Company Secretaries and Corporate Treasurers",75,1
2026-01,"2212 Auditors, Company Secretaries and Corporate Treasurers",70,1
2026-01,"2212 Auditors, Company Secretaries and Corporate Treasurers",80,1
2026-01,"2212 Auditors, Company Secretaries and Corporate Treasurers",85,1
2026-01,2345 Life Scientists,80,1
2026-01,"2335 Industrial, Mechanical and Production Engineers",65,3
2026-01,"2335 Industrial, Mechanical and Production Engineers",75,2
2026-01,"2335 Industrial, Mechanical and Production Engineers",80,1
2026-01,"2335 Industrial, Mechanical and Production Engineers",95,3
2026-01,"2335 Industrial, Mechanical and Production Engineers",90,1
2026-01,"2335 Industrial, Mechanical and Production Engineers",85,3
2026-01,"2335 Industrial, Mechanical and Production Engineers",60,2
2026-01,2339 Other Engineering Professionals,65,1
2026-01,2339 Other Engineering Professionals,75,1
2026-01,2339 Other Engineering Professionals,70,1
2026-01,2339 Other Engineering Professionals,80,3
2026-01,2339 Other Engineering Professionals,90,3
2026-01,2339 Other Engineering Professionals,85,3
2026-01,2341 Agricultural and Forestry Scientists,60,1
2026-01,2544 Registered Nurses,65,17
2026-01,2544 Registered Nurses,75,30
2026-01,2544 Registered Nurses,70,23
2026-01,2544 Registered Nurses,80,18
2026-01,2544 Registered Nurses,85,4
2026-01,2544 Registered Nurses,55,1
2026-01,2544 Registered Nurses,60,2
2026-01,3513 Chefs,65,11
2026-01,3513 Chefs,75,1
2026-01,3513 Chefs,70,7
2026-01,3513 Chefs,80,2
2026-01,3513 Chefs,95,1
2026-01,3513 Chefs,90,1
2026-01,3513 Chefs,85,3
2026-01,3513 Chefs,55,3
2026-01,3513 Chefs,60,4
2026-01,3513 Chefs,50,1
2026-01,2334 Electronics Engineers,65,1
2026-01,2334 Electronics Engineers,90,1
2026-01,2334 Electronics Engineers,85,1
2026-01,2334 Electronics Engineers,60,1
2026-01,3232 Metal Fitters and Machinists,65,1
2026-01,3232 Metal Fitters and Machinists,75,1
2026-01,3232 Metal Fitters and Machinists,60,1
2026-01,2631 Computer Network Professionals,80,1
2026-01,2631 Computer Network Professionals,90,1
2026-01,2631 Computer Network Professionals,85,1
2026-01,2631 Computer Network Professionals,100,1
2026-01,"2342 Chemists, and Food and Wine Scientists",80,1
2026-01,2713 Solicitors,75,2
2026-01,2713 Solicitors,85,1
2026-01,2331 Chemical and Materials Engineers,75,1
2026-01,2331 Chemical and Materials Engineers,90,1
2026-01,3123 Electrical Engineering Draftspersons and Technicians,65,1
2026-01,3123 Electrical Engineering Draftspersons and Technicians,70,1
2026-01,2333 Electrical Engineers,65,1
2026-01,2333 Electrical Engineers,70,1
2026-01,2333 Electrical Engineers,90,2
2026-01,2333 Electrical Engineers,60,1
2026-01,2321 Architects and Landscape Architects,70,1
2026-01,2321 Architects and Landscape Architects,80,2
2026-01,2531 General Practitioners and Resident Medical officers,65,2
2026-01,2531 General Practitioners and Resident Medical officers,75,5
2026-01,2531 General Practitioners and Resident Medical officers,70,4
2026-01,2531 General Practitioners and Resident Medical officers,80,1
2026-01,2531 General Practitioners and Resident Medical officers,90,1
2026-01,2531 General Practitioners and Resident Medical officers,85,1
2026-01,2247 Management and Organisation Analysts,75,1
2026-01,2347 Veterinarians,75,1
2026-01,2347 Veterinarians,70,1
2026-01,2347 Veterinarians,80,1
2026-01,2347 Veterinarians,85,1
2026-01,2414 Secondary School Teachers,65,8
2026-01,2414 Secondary School Teachers,75,9
2026-01,2414 Secondary School Teachers,70,16
2026-01,2414 Secondary School Teachers,80,2
2026-01,"2241 Actuaries, Mathematicians and Statisticians",70,1
2026-01,2421 University Lecturers and Tutors,90,2
2026-01,2421 University Lecturers and Tutors,85,1
2026-01,2421 University Lecturers and Tutors,105,1
2026-01,2633 Telecommunications Engineering Professionals,80,1
2026-01,3122 Civil Engineering Draftspersons and Technicians,75,8
2026-01,3122 Civil Engineering Draftspersons and Technicians,70,1
2026-01,3122 Civil Engineering Draftspersons and Technicians,80,18
2026-01,3122 Civil Engineering Draftspersons and Technicians,85,2
2026-01,2322 Cartographers and Surveyors,75,1
2026-01,2322 Cartographers and Surveyors,70,2
2026-01,2245 Land Economists and Valuers,75,1
2026-01,2336 Mining Engineers,65,1
2026-01,2336 Mining Engineers,80,1
2026-01,2336 Mining Engineers,85,1
2026-01,3223 Structural Steel and Welding Trades Workers,75,1
2026-01,3223 Structural Steel and Welding Trades Workers,70,1
2026-01,3223 Structural Steel and Welding Trades Workers,60,1
2026-01,1331 Construction Managers,65,3
2026-01,1331 Construction Managers,75,4
2026-01,1331 Construction Managers,70,2
2026-01,1331 Construction Managers,80,6
2026-01,1331 Construction Managers,85,3
2026-01,2343 Environmental Scientists,75,1
2026-01,2343 Environmental Scientists,85,1
2026-01,3312 Carpenters and Joiners,65,6
2026-01,3312 Carpenters and Joiners,75,2
2026-01,3312 Carpenters and Joiners,70,3
2026-01,3312 Carpenters and Joiners,80,1
2026-01,3312 Carpenters and Joiners,55,2
2026-01,3312 Carpenters and Joiners,60,5
2026-01,2725 Social Workers,65,1
2026-01,2725 Social Workers,75,3
2026-01,2725 Social Workers,70,2
2026-01,2725 Social Workers,80,1
2026-01,2725 Social Workers,60,1
2026-01,3322 Painting Trades Workers,65,6
2026-01,3322 Painting Trades Workers,60,2
2026-01,3423 Electronics Trades Workers,65,1
2026-01,3941 Cabinetmakers,65,3
2026-01,3941 Cabinetmakers,80,1
2026-01,3941 Cabinetmakers,55,1
2026-01,2243 Economists,75,1
2026-01,3311 Bricklayers and Stonemasons,65,2
2026-01,3311 Bricklayers and Stonemasons,60,2
2026-01,2539 Other Medical Practitioners,75,3
2026-01,2539 Other Medical Practitioners,70,1
2026-01,2539 Other Medical Practitioners,90,1
2026-01,2539 Other Medical Practitioners,85,2
2026-01,3411 Electricians,65,4
2026-01,3411 Electricians,75,1
2026-01,3411 Electricians,70,1
2026-01,3411 Electricians,55,1
2026-01,3411 Electricians,60,2
2026-01,2525 Physiotherapists,65,1
2026-01,2525 Physiotherapists,75,5
2026-01,2525 Physiotherapists,70,3
2026-01,2525 Physiotherapists,80,2
2026-01,2525 Physiotherapists,85,1
2026-01,2512 Medical Imaging Professionals,70,2
2026-01,2512 Medical Imaging Professionals,80,1
2026-01,3222 Sheetmetal Trades Workers,70,1
2026-01,2527 Speech Professionals and Audiologists,65,2
2026-01,2527 Speech Professionals and Audiologists,75,1
2026-01,2527 Speech Professionals and Audiologists,70,3
2026-01,2527 Speech Professionals and Audiologists,80,1
2026-01,2527 Speech Professionals and Audiologists,60,1
2026-01,2524 Occupational Therapists,65,2
2026-01,2524 Occupational Therapists,75,6
2026-01,2524 Occupational Therapists,70,5
2026-01,2524 Occupational Therapists,60,1
2026-01,2415 Special Education Teachers,70,1
2026-01,2723 Psychologists,75,1
2026-01,2541 Midwives,75,1
2026-01,3341 Plumbers,75,1
2026-01,3341 Plumbers,60,3
2026-01,3341 Plumbers,50,1
2026-01,3991 Boat Builders and Shipwrights,65,1
2026-01,3991 Boat Builders and Shipwrights,85,1
2026-01,3334 Wall and Floor Tilers,65,1
2026-01,3334 Wall and Floor Tilers,60,4
2026-01,3211 Automotive Electricians,75,1
2026-01,3211 Automotive Electricians,70,1
2026-01,3422 Electrical Distribution Trades Workers,65,1
2025-05,2613 Software and Applications Programmers,65,1
2025-05,2613 Software and Applications Programmers,75,5
2025-05,2613 Software and Applications Programmers,70,4
2025-05,2613 Software and Applications Programmers,80,3
2025-05,2613 Software and Applications Programmers,95,5
2025-05,2613 Software and Applications Programmers,90,16
2025-05,2613 Software and Applications Programmers,85,2
2025-05,2613 Software and Applications Programmers,100,2
2025-05,3212 Motor Mechanics,65,7
2025-05,3212 Motor Mechanics,75,9
2025-05,3212 Motor Mechanics,70,1
2025-05,3212 Motor Mechanics,80,4
2025-05,2332 Civil Engineering Professionals,65,5
2025-05,2332 Civil Engineering Professionals,75,12
2025-05,2332 Civil Engineering Professionals,70,12
2025-05,2332 Civil Engineering Professionals,80,19
2025-05,2332 Civil Engineering Professionals,95,1
2025-05,2332 Civil Engineering Professionals,90,1
2025-05,2332 Civil Engineering Professionals,85,24
2025-05,2332 Civil Engineering Professionals,60,1
2025-05,2332 Civil Engineering Professionals,50,1
2025-05,2411 Early Childhood (Pre-primary School) Teachers,65,8
2025-05,2411 Early Childhood (Pre-primary School) Teachers,75,4
2025-05,2411 Early Childhood (Pre-primary School) Teachers,70,8
2025-05,2411 Early Childhood (Pre-primary School) Teachers,80,7
2025-05,2411 Early Childhood (Pre-primary School) Teachers,90,1
2025-05,2411 Early Childhood (Pre-primary School) Teachers,85,14
2025-05,2411 Early Childhood (Pre-primary School) Teachers,60,1
2025-05,2611 ICT Business and Systems Analysts,65,1
2025-05,2611 ICT Business and Systems Analysts,75,4
2025-05,2611 ICT Business and Systems Analysts,70,3
2025-05,2611 ICT Business and Systems Analysts,80,5
2025-05,2611 ICT Business and Systems Analysts,95,1
2025-05,2611 ICT Business and Systems Analysts,90,6
2025-05,2611 ICT Business and Systems Analysts,85,4
2025-05,2211 Accountants,65,3
2025-05,2211 Accountants,75,3
2025-05,2211 Accountants,70,5
2025-05,2211 Accountants,80,2
2025-05,2211 Accountants,90,3
2025-05,2211 Accountants,85,1
2025-05,2211 Accountants,60,1
2025-05,"2621 Database and Systems Administrators, and ICT Security Specialists",80,1
2025-05,"2621 Database and Systems Administrators, and ICT Security Specialists",95,2
2025-05,"2212 Auditors, Company Secretaries and Corporate Treasurers",65,1
2025-05,"2212 Auditors, Company Secretaries and Corporate Treasurers",75,1
2025-05,"2212 Auditors, Company Secretaries and Corporate Treasurers",80,1
2025-05,"2212 Auditors, Company Secretaries and Corporate Treasurers",95,1
2025-05,"2212 Auditors, Company Secretaries and Corporate Treasurers",85,1
2025-05,2345 Life Scientists,95,1
2025-05,2345 Life Scientists,105,1
2025-05,"2335 Industrial, Mechanical and Production Engineers",75,3
2025-05,"2335 Industrial, Mechanical and Production Engineers",70,3
2025-05,"2335 Industrial, Mechanical and Production Engineers",80,3
2025-05,"2335 Industrial, Mechanical and Production Engineers",95,1
2025-05,"2335 Industrial, Mechanical and Production Engineers",90,3
2025-05,"2335 Industrial, Mechanical and Production Engineers",85,2
2025-05,2339 Other Engineering Professionals,65,3
2025-05,2339 Other Engineering Professionals,75,2
2025-05,2339 Other Engineering Professionals,70,1
2025-05,2339 Other Engineering Professionals,80,1
2025-05,2339 Other Engineering Professionals,90,1
2025-05,2339 Other Engineering Professionals,85,1
2025-05,2339 Other Engineering Professionals,60,1
2025-05,2341 Agricultural and Forestry Scientists,70,1
2025-05,2544 Registered Nurses,65,15
2025-05,2544 Registered Nurses,75,22
2025-05,2544 Registered Nurses,70,14
2025-05,2544 Registered Nurses,80,21
2025-05,2544 Registered Nurses,85,12
2025-05,2544 Registered Nurses,55,2
2025-05,2544 Registered Nurses,60,5
2025-05,3513 Chefs,65,7
2025-05,3513 Chefs,75,19
2025-05,3513 Chefs,70,9
2025-05,3513 Chefs,80,9
2025-05,3513 Chefs,85,6
2025-05,3513 Chefs,55,2
2025-05,3513 Chefs,60,3
2025-05,2334 Electronics Engineers,65,2
2025-05,2334 Electronics Engineers,75,1
2025-05,2334 Electronics Engineers,90,2
2025-05,2334 Electronics Engineers,85,1
2025-05,3232 Metal Fitters and Machinists,65,1
2025-05,3232 Metal Fitters and Machinists,60,2
2025-05,2631 Computer Network Professionals,75,1
2025-05,2631 Computer Network Professionals,80,1
2025-05,2631 Computer Network Professionals,90,3
2025-05,"2342 Chemists, and Food and Wine Scientists",70,1
2025-05,"2342 Chemists, and Food and Wine Scientists",95,1
2025-05,"2342 Chemists, and Food and Wine Scientists",90,2
2025-05,2713 Solicitors,75,1
2025-05,2331 Chemical and Materials Engineers,70,1
2025-05,2331 Chemical and Materials Engineers,80,1
2025-05,2331 Chemical and Materials Engineers,90,3
2025-05,2331 Chemical and Materials Engineers,85,3
2025-05,3123 Electrical Engineering Draftspersons and Technicians,65,2
2025-05,3123 Electrical Engineering Draftspersons and Technicians,70,1
2025-05,2333 Electrical Engineers,75,2
2025-05,2333 Electrical Engineers,90,1
2025-05,2333 Electrical Engineers,85,2
2025-05,2333 Electrical Engineers,60,1
2025-05,2321 Architects and Landscape Architects,65,2
2025-05,2321 Architects and Landscape Architects,75,1
2025-05,2321 Architects and Landscape Architects,70,4
2025-05,2321 Architects and Landscape Architects,80,1
2025-05,2321 Architects and Landscape Architects,85,1
2025-05,2321 Architects and Landscape Architects,60,1
2025-05,2531 General Practitioners and Resident Medical officers,65,3
2025-05,2531 General Practitioners and Resident Medical officers,75,10
2025-05,2531 General Practitioners and Resident Medical officers,70,2
2025-05,2531 General Practitioners and Resident Medical officers,80,6
2025-05,2531 General Practitioners and Resident Medical officers,90,1
2025-05,2531 General Practitioners and Resident Medical officers,85,10
2025-05,2531 General Practitioners and Resident Medical officers,60,1
2025-05,2347 Veterinarians,95,1
2025-05,2414 Secondary School Teachers,75,6
2025-05,2414 Secondary School Teachers,70,7
2025-05,2414 Secondary School Teachers,80,8
2025-05,2414 Secondary School Teachers,90,1
2025-05,2414 Secondary School Teachers,85,1
2025-05,2414 Secondary School Teachers,60,2
2025-05,1341 Child Care Centre Managers,65,1
2025-05,2421 University Lecturers and Tutors,105,1
2025-05,2633 Telecommunications Engineering Professionals,90,1
2025-05,1332 Engineering Managers,80,1
2025-05,3122 Civil Engineering Draftspersons and Technicians,65,19
2025-05,3122 Civil Engineering Draftspersons and Technicians,75,14
2025-05,3122 Civil Engineering Draftspersons and Technicians,70,13
2025-05,3122 Civil Engineering Draftspersons and Technicians,80,3
2025-05,3122 Civil Engineering Draftspersons and Technicians,85,2
2025-05,3122 Civil Engineering Draftspersons and Technicians,60,1
2025-05,1399 Other Specialist Managers,80,1
2025-05,2322 Cartographers and Surveyors,65,1
2025-05,2322 Cartographers and Surveyors,80,1
2025-05,2336 Mining Engineers,75,1
2025-05,2336 Mining Engineers,95,1
2025-05,3223 Structural Steel and Welding Trades Workers,65,2
2025-05,3223 Structural Steel and Welding Trades Workers,75,1
2025-05,3223 Structural Steel and Welding Trades Workers,80,1
2025-05,3223 Structural Steel and Welding Trades Workers,55,1
2025-05,3223 Structural Steel and Welding Trades Workers,60,1
2025-05,2349 Other Natural and Physical Science Professionals,65,1
2025-05,2349 Other Natural and Physical Science Professionals,85,1
2025-05,1331 Construction Managers,65,2
2025-05,1331 Construction Managers,75,9
2025-05,1331 Construction Managers,70,7
2025-05,1331 Construction Managers,80,7
2025-05,1331 Construction Managers,85,2
2025-05,2343 Environmental Scientists,75,1
2025-05,2343 Environmental Scientists,95,1
2025-05,2343 Environmental Scientists,90,1
2025-05,2343 Environmental Scientists,85,1
2025-05,3132 Telecommunications Technical Specialists,55,1
2025-05,3312 Carpenters and Joiners,65,17
2025-05,3312 Carpenters and Joiners,75,3
2025-05,3312 Carpenters and Joiners,70,10
2025-05,3312 Carpenters and Joiners,80,1
2025-05,3312 Carpenters and Joiners,85,1
2025-05,3312 Carpenters and Joiners,55,4
2025-05,3312 Carpenters and Joiners,60,5
2025-05,3312 Carpenters and Joiners,50,1
2025-05,2725 Social Workers,75,6
2025-05,2725 Social Workers,70,2
2025-05,2725 Social Workers,80,1
2025-05,3322 Painting Trades Workers,65,3
2025-05,3322 Painting Trades Workers,75,1
2025-05,3322 Painting Trades Workers,70,2
2025-05,3322 Painting Trades Workers,85,1
2025-05,3322 Painting Trades Workers,55,1
2025-05,3322 Painting Trades Workers,60,1
2025-05,2521 Chiropractors and Osteopaths,70,1
2025-05,3941 Cabinetmakers,65,1
2025-05,3311 Bricklayers and Stonemasons,75,1
2025-05,3311 Bricklayers and Stonemasons,70,1
2025-05,3311 Bricklayers and Stonemasons,55,1
2025-05,2539 Other Medical Practitioners,65,3
2025-05,2539 Other Medical Practitioners,75,2
2025-05,2539 Other Medical Practitioners,80,1
2025-05,2539 Other Medical Practitioners,90,1
2025-05,2539 Other Medical Practitioners,85,6
2025-05,2539 Other Medical Practitioners,60,2
2025-05,3411 Electricians,65,8
2025-05,3411 Electricians,70,6
2025-05,3411 Electricians,80,1
2025-05,3411 Electricians,55,2
2025-05,3411 Electricians,60,5
2025-05,3411 Electricians,50,1
2025-05,2525 Physiotherapists,65,4
2025-05,2525 Physiotherapists,75,3
2025-05,2525 Physiotherapists,70,1
2025-05,2525 Physiotherapists,90,1
2025-05,2525 Physiotherapists,85,1
2025-05,2512 Medical Imaging Professionals,65,1
2025-05,2512 Medical Imaging Professionals,70,1
2025-05,2512 Medical Imaging Professionals,85,1
2025-05,3222 Sheetmetal Trades Workers,65,1
2025-05,2527 Speech Professionals and Audiologists,65,1
2025-05,2527 Speech Professionals and Audiologists,75,1
2025-05,2527 Speech Professionals and Audiologists,70,1
2025-05,2527 Speech Professionals and Audiologists,85,1
2025-05,2524 Occupational Therapists,65,2
2025-05,2524 Occupational Therapists,75,3
2025-05,2524 Occupational Therapists,70,6
2025-05,2524 Occupational Therapists,80,1
2025-05,2524 Occupational Therapists,95,1
2025-05,2524 Occupational Therapists,85,2
2025-05,2524 Occupational Therapists,60,2
2025-05,3421 Airconditioning and Refrigeration Mechanics,75,1
2025-05,3421 Airconditioning and Refrigeration Mechanics,70,2
2025-05,3421 Airconditioning and Refrigeration Mechanics,60,1
2025-05,2346 Medical Laboratory Scientists,80,1
2025-05,2415 Special Education Teachers,75,1
2025-05,2723 Psychologists,75,1
2025-05,2723 Psychologists,85,1
2025-05,2541 Midwives,70,1
2025-05,2541 Midwives,80,1
2025-05,3341 Plumbers,65,3
2025-05,3341 Plumbers,70,2
2025-05,3341 Plumbers,55,1
2025-05,3332 Plasterers,65,2
2025-05,3334 Wall and Floor Tilers,65,1
2025-05,3334 Wall and Floor Tilers,70,1
2025-05,3334 Wall and Floor Tilers,55,1
2025-05,3334 Wall and Floor Tilers,60,1
2025-05,3211 Automotive Electricians,65,1
2025-05,3211 Automotive Electricians,70,1
2025-09,2613 Software and Applications Programmers,65,1
2025-09,2613 Software and Applications Programmers,75,1
2025-09,2613 Software and Applications Programmers,95,1
2025-09,2613 Software and Applications Programmers,90,3
2025-09,2613 Software and Applications Programmers,85,2
2025-09,3212 Motor Mechanics,75,1
2025-09,2332 Civil Engineering Professionals,75,3
2025-09,2332 Civil Engineering Professionals,70,3
2025-09,2332 Civil Engineering Professionals,80,1
2025-09,2332 Civil Engineering Professionals,85,2
2025-09,2332 Civil Engineering Professionals,60,1
2025-09,2411 Early Childhood (Pre-primary School) Teachers,75,1
2025-09,2411 Early Childhood (Pre-primary School) Teachers,70,2
2025-09,2411 Early Childhood (Pre-primary School) Teachers,80,1
2025-09,2611 ICT Business and Systems Analysts,75,1
2025-09,2611 ICT Business and Systems Analysts,70,1
2025-09,2611 ICT Business and Systems Analysts,80,2
2025-09,2611 ICT Business and Systems Analysts,95,3
2025-09,2611 ICT Business and Systems Analysts,90,2
2025-09,2211 Accountants,75,4
2025-09,2211 Accountants,70,4
2025-09,2211 Accountants,90,1
2025-09,2211 Accountants,60,1
2025-09,2211 Accountants,100,1
2025-09,"2621 Database and Systems Administrators, and ICT Security Specialists",90,2
2025-09,"2212 Auditors, Company Secretaries and Corporate Treasurers",65,1
2025-09,"2212 Auditors, Company Secretaries and Corporate Treasurers",70,3
2025-09,"2212 Auditors, Company Secretaries and Corporate Treasurers",80,2
2025-09,"2335 Industrial, Mechanical and Production Engineers",65,1
2025-09,"2335 Industrial, Mechanical and Production Engineers",95,1
2025-09,2339 Other Engineering Professionals,80,1
2025-09,2341 Agricultural and Forestry Scientists,75,1
2025-09,2544 Registered Nurses,65,3
2025-09,2544 Registered Nurses,75,4
2025-09,2544 Registered Nurses,70,3
2025-09,2544 Registered Nurses,60,1
2025-09,3513 Chefs,65,1
2025-09,3513 Chefs,75,1
2025-09,3513 Chefs,85,1
2025-09,3513 Chefs,60,3
2025-09,2334 Electronics Engineers,90,1
2025-09,2631 Computer Network Professionals,65,1
2025-09,2414 Secondary School Teachers,65,2
2025-09,2414 Secondary School Teachers,75,1
2025-09,2414 Secondary School Teachers,80,1
2025-09,"2241 Actuaries, Mathematicians and Statisticians",80,1
2025-09,"2241 Actuaries, Mathematicians and Statisticians",60,1
2025-09,1332 Engineering Managers,75,1
2025-09,3122 Civil Engineering Draftspersons and Technicians,75,2
2025-09,3122 Civil Engineering Draftspersons and Technicians,55,1
2025-09,2336 Mining Engineers,90,1
2025-09,2336 Mining Engineers,85,1
2025-09,3223 Structural Steel and Welding Trades Workers,65,1
2025-09,3223 Structural Steel and Welding Trades Workers,60,2
2025-09,1331 Construction Managers,65,1
2025-09,1331 Construction Managers,80,1
2025-09,3312 Carpenters and Joiners,65,1
2025-09,2725 Social Workers,70,1
2025-09,2725 Social Workers,60,1
2025-09,3322 Painting Trades Workers,65,1
2025-09,2243 Economists,65,1
2025-09,2539 Other Medical Practitioners,75,1
2025-09,3411 Electricians,65,2
2025-09,3411 Electricians,75,1
2025-09,3411 Electricians,60,5
2025-09,2525 Physiotherapists,65,1
2025-09,3421 Airconditioning and Refrigeration Mechanics,60,1
2025-09,2346 Medical Laboratory Scientists,70,1
2025-09,2415 Special Education Teachers,70,1
2025-09,2723 Psychologists,65,1
2025-09,2723 Psychologists,75,1
2025-09,3341 Plumbers,65,1
2024-12,2613 Software and Applications Programmers,65,5
2024-12,2613 Software and Applications Programmers,75,8
2024-12,2613 Software and Applications Programmers,70,2
2024-12,2613 Software and Applications Programmers,80,5
2024-12,2613 Software and Applications Programmers,95,2
2024-12,2613 Software and Applications Programmers,90,18
2024-12,2613 Software and Applications Programmers,85,12
2024-12,3212 Motor Mechanics,65,1
2024-12,3212 Motor Mechanics,70,2
2024-12,3212 Motor Mechanics,80,1
2024-12,3212 Motor Mechanics,85,2
2024-12,3212 Motor Mechanics,60,3
2024-12,2332 Civil Engineering Professionals,65,4
2024-12,2332 Civil Engineering Professionals,75,12
2024-12,2332 Civil Engineering Professionals,70,5
2024-12,2332 Civil Engineering Professionals,80,9
2024-12,2332 Civil Engineering Professionals,85,9
2024-12,2332 Civil Engineering Professionals,60,1
2024-12,2411 Early Childhood (Pre-primary School) Teachers,65,6
2024-12,2411 Early Childhood (Pre-primary School) Teachers,75,3
2024-12,2411 Early Childhood (Pre-primary School) Teachers,70,14
2024-12,2411 Early Childhood (Pre-primary School) Teachers,80,6
2024-12,2411 Early Childhood (Pre-primary School) Teachers,60,1
2024-12,2611 ICT Business and Systems Analysts,65,1
2024-12,2611 ICT Business and Systems Analysts,75,1
2024-12,2611 ICT Business and Systems Analysts,70,1
2024-12,2611 ICT Business and Systems Analysts,80,4
2024-12,2611 ICT Business and Systems Analysts,95,2
2024-12,2611 ICT Business and Systems Analysts,90,14
2024-12,2611 ICT Business and Systems Analysts,85,20
2024-12,2211 Accountants,65,4
2024-12,2211 Accountants,75,10
2024-12,2211 Accountants,70,5
2024-12,2211 Accountants,80,6
2024-12,2211 Accountants,90,6
2024-12,2211 Accountants,85,8
2024-12,2211 Accountants,55,1
2024-12,2344 Geologists Geophysicists and Hydrogeologists,75,1
2024-12,"2621 Database and Systems Administrators, and ICT Security Specialists",65,1
2024-12,"2621 Database and Systems Administrators, and ICT Security Specialists",75,3
2024-12,"2621 Database and Systems Administrators, and ICT Security Specialists",70,1
2024-12,"2621 Database and Systems Administrators, and ICT Security Specialists",80,3
2024-12,"2621 Database and Systems Administrators, and ICT Security Specialists",90,2
2024-12,"2621 Database and Systems Administrators, and ICT Security Specialists",85,4
2024-12,"2212 Auditors, Company Secretaries and Corporate Treasurers",65,3
2024-12,"2212 Auditors, Company Secretaries and Corporate Treasurers",75,2
2024-12,"2212 Auditors, Company Secretaries and Corporate Treasurers",70,2
2024-12,"2212 Auditors, Company Secretaries and Corporate Treasurers",80,2
2024-12,"2212 Auditors, Company Secretaries and Corporate Treasurers",85,3
2024-12,2345 Life Scientists,65,1
2024-12,2345 Life Scientists,75,1
2024-12,2345 Life Scientists,80,2
2024-12,2345 Life Scientists,95,1
2024-12,2345 Life Scientists,85,3
2024-12,"2335 Industrial, Mechanical and Production Engineers",65,2
2024-12,"2335 Industrial, Mechanical and Production Engineers",75,4
2024-12,"2335 Industrial, Mechanical and Production Engineers",70,2
2024-12,"2335 Industrial, Mechanical and Production Engineers",80,1
2024-12,"2335 Industrial, Mechanical and Production Engineers",90,2
2024-12,"2335 Industrial, Mechanical and Production Engineers",85,6
2024-12,"2335 Industrial, Mechanical and Production Engineers",60,2
2024-12,2339 Other Engineering Professionals,75,2
2024-12,2339 Other Engineering Professionals,70,2
2024-12,2339 Other Engineering Professionals,80,3
2024-12,2339 Other Engineering Professionals,85,4
2024-12,2339 Other Engineering Professionals,55,2
2024-12,2339 Other Engineering Professionals,60,1
2024-12,2341 Agricultural and Forestry Scientists,55,1
2024-12,2544 Registered Nurses,65,14
2024-12,2544 Registered Nurses,75,3
2024-12,2544 Registered Nurses,70,27
2024-12,2544 Registered Nurses,80,5
2024-12,2544 Registered Nurses,85,2
2024-12,2544 Registered Nurses,60,1
2024-12,3513 Chefs,65,13
2024-12,3513 Chefs,75,22
2024-12,3513 Chefs,70,12
2024-12,3513 Chefs,80,11
2024-12,3513 Chefs,85,2
2024-12,3513 Chefs,55,2
2024-12,3513 Chefs,60,2
2024-12,2334 Electronics Engineers,75,1
2024-12,2334 Electronics Engineers,85,1
2024-12,2631 Computer Network Professionals,70,3
2024-12,2631 Computer Network Professionals,80,1
2024-12,2631 Computer Network Professionals,90,2
2024-12,2631 Computer Network Professionals,85,8
2024-12,2631 Computer Network Professionals,100,1
2024-12,"2342 Chemists, and Food and Wine Scientists",75,1
2024-12,"2342 Chemists, and Food and Wine Scientists",80,1
2024-12,"2342 Chemists, and Food and Wine Scientists",85,2
2024-12,2713 Solicitors,75,1
2024-12,2713 Solicitors,70,1
2024-12,2331 Chemical and Materials Engineers,75,4
2024-12,2331 Chemical and Materials Engineers,80,2
2024-12,2331 Chemical and Materials Engineers,85,2
2024-12,2333 Electrical Engineers,65,1
2024-12,2333 Electrical Engineers,75,1
2024-12,2333 Electrical Engineers,70,1
2024-12,2333 Electrical Engineers,80,2
2024-12,2333 Electrical Engineers,90,1
2024-12,2333 Electrical Engineers,85,6
2024-12,2321 Architects and Landscape Architects,65,3
2024-12,2321 Architects and Landscape Architects,70,4
2024-12,2531 General Practitioners and Resident Medical officers,65,1
2024-12,2531 General Practitioners and Resident Medical officers,70,4
2024-12,2531 General Practitioners and Resident Medical officers,80,2
2024-12,2247 Management and Organisation Analysts,80,2
2024-12,2247 Management and Organisation Analysts,85,3
2024-12,2347 Veterinarians,80,1
2024-12,2347 Veterinarians,85,1
2024-12,2347 Veterinarians,60,1
2024-12,2414 Secondary School Teachers,65,4
2024-12,2414 Secondary School Teachers,75,1
2024-12,2414 Secondary School Teachers,70,8
2024-12,2414 Secondary School Teachers,85,1
2024-12,2414 Secondary School Teachers,55,1
2024-12,"2241 Actuaries, Mathematicians and Statisticians",75,1
2024-12,"2241 Actuaries, Mathematicians and Statisticians",70,1
2024-12,"2241 Actuaries, Mathematicians and Statisticians",80,2
2024-12,"2241 Actuaries, Mathematicians and Statisticians",85,2
2024-12,2421 University Lecturers and Tutors,65,1
2024-12,2421 University Lecturers and Tutors,80,1
2024-12,2421 University Lecturers and Tutors,90,1
2024-12,2421 University Lecturers and Tutors,85,2
2024-12,2633 Telecommunications Engineering Professionals,65,1
2024-12,2633 Telecommunications Engineering Professionals,80,2
2024-12,2633 Telecommunications Engineering Professionals,85,2
2024-12,1332 Engineering Managers,70,1
2024-12,3122 Civil Engineering Draftspersons and Technicians,65,2
2024-12,3122 Civil Engineering Draftspersons and Technicians,75,3
2024-12,3122 Civil Engineering Draftspersons and Technicians,70,2
2024-12,3122 Civil Engineering Draftspersons and Technicians,55,1
2024-12,3122 Civil Engineering Draftspersons and Technicians,50,1
2024-12,2322 Cartographers and Surveyors,70,1
2024-12,2322 Cartographers and Surveyors,80,1
2024-12,2322 Cartographers and Surveyors,85,1
2024-12,3223 Structural Steel and Welding Trades Workers,65,1
2024-12,3223 Structural Steel and Welding Trades Workers,70,1
2024-12,2349 Other Natural and Physical Science Professionals,85,1
2024-12,1331 Construction Managers,75,2
2024-12,2343 Environmental Scientists,80,1
2024-12,2343 Environmental Scientists,90,1
2024-12,2343 Environmental Scientists,85,2
2024-12,3312 Carpenters and Joiners,65,2
2024-12,3312 Carpenters and Joiners,75,1
2024-12,3312 Carpenters and Joiners,70,2
2024-12,3312 Carpenters and Joiners,55,1
2024-12,3312 Carpenters and Joiners,60,2
2024-12,3312 Carpenters and Joiners,50,1
2024-12,2725 Social Workers,70,2
2024-12,3322 Painting Trades Workers,55,1
2024-12,2243 Economists,85,2
2024-12,2539 Other Medical Practitioners,65,1
2024-12,2539 Other Medical Practitioners,70,2
2024-12,2539 Other Medical Practitioners,80,1
2024-12,3411 Electricians,65,1
2024-12,3411 Electricians,70,1
2024-12,3411 Electricians,60,2
2024-12,2525 Physiotherapists,65,1
2024-12,2525 Physiotherapists,75,2
2024-12,2525 Physiotherapists,70,3
2024-12,2525 Physiotherapists,80,1
2024-12,2525 Physiotherapists,85,1
2024-12,2525 Physiotherapists,60,1
2024-12,2512 Medical Imaging Professionals,65,1
2024-12,2512 Medical Imaging Professionals,70,1
2024-12,2527 Speech Professionals and Audiologists,70,1
2024-12,2524 Occupational Therapists,65,2
2024-12,2524 Occupational Therapists,75,2
2024-12,2524 Occupational Therapists,70,2
2024-12,2723 Psychologists,75,1
2024-12,2541 Midwives,65,1
2024-12,2541 Midwives,80,1
2024-12,3341 Plumbers,65,1
2024-12,3341 Plumbers,60,1
2024-12,2533 Internal Medicine Specialists,60,1
2024-12,3332 Plasterers,60,1
2024-12,3211 Automotive Electricians,75,1
2024-12,3211 Automotive Electricians,80,1
2024-12,2534 Psychiatrists,75,1
2025-02,2613 Software and Applications Programmers,65,3
2025-02,2613 Software and Applications Programmers,75,6
2025-02,2613 Software and Applications Programmers,70,5
2025-02,2613 Software and Applications Programmers,80,5
2025-02,2613 Software and Applications Programmers,90,3
2025-02,2613 Software and Applications Programmers,85,2
2025-02,2613 Software and Applications Programmers,60,2
2025-02,3212 Motor Mechanics,65,2
2025-02,3212 Motor Mechanics,70,2
2025-02,3212 Motor Mechanics,80,1
2025-02,3212 Motor Mechanics,60,1
2025-02,2332 Civil Engineering Professionals,65,5
2025-02,2332 Civil Engineering Professionals,75,3
2025-02,2332 Civil Engineering Professionals,70,3
2025-02,2332 Civil Engineering Professionals,80,8
2025-02,2332 Civil Engineering Professionals,90,2
2025-02,2332 Civil Engineering Professionals,85,3
2025-02,2332 Civil Engineering Professionals,55,1
2025-02,2332 Civil Engineering Professionals,60,1
2025-02,2411 Early Childhood (Pre-primary School) Teachers,65,8
2025-02,2411 Early Childhood (Pre-primary School) Teachers,75,4
2025-02,2411 Early Childhood (Pre-primary School) Teachers,70,18
2025-02,2411 Early Childhood (Pre-primary School) Teachers,80,3
2025-02,2411 Early Childhood (Pre-primary School) Teachers,85,4
2025-02,2411 Early Childhood (Pre-primary School) Teachers,60,4
2025-02,2611 ICT Business and Systems Analysts,65,1
2025-02,2611 ICT Business and Systems Analysts,80,2
2025-02,2611 ICT Business and Systems Analysts,95,1
2025-02,2611 ICT Business and Systems Analysts,90,3
2025-02,2611 ICT Business and Systems Analysts,85,2
2025-02,2211 Accountants,65,9
2025-02,2211 Accountants,75,6
2025-02,2211 Accountants,70,5
2025-02,2211 Accountants,80,2
2025-02,2211 Accountants,90,2
2025-02,2211 Accountants,85,1
2025-02,2211 Accountants,55,1
2025-02,2211 Accountants,60,1
2025-02,2211 Accountants,100,1
2025-02,"2621 Database and Systems Administrators, and ICT Security Specialists",65,3
2025-02,"2621 Database and Systems Administrators, and ICT Security Specialists",75,5
2025-02,"2621 Database and Systems Administrators, and ICT Security Specialists",70,3
2025-02,"2621 Database and Systems Administrators, and ICT Security Specialists",80,3
2025-02,"2621 Database and Systems Administrators, and ICT Security Specialists",90,1
2025-02,"2621 Database and Systems Administrators, and ICT Security Specialists",85,4
2025-02,"2621 Database and Systems Administrators, and ICT Security Specialists",55,1
2025-02,"2621 Database and Systems Administrators, and ICT Security Specialists",60,1
2025-02,"2212 Auditors, Company Secretaries and Corporate Treasurers",65,1
2025-02,"2212 Auditors, Company Secretaries and Corporate Treasurers",70,1
2025-02,"2212 Auditors, Company Secretaries and Corporate Treasurers",55,1
2025-02,2345 Life Scientists,95,1
2025-02,"2335 Industrial, Mechanical and Production Engineers",65,2
2025-02,"2335 Industrial, Mechanical and Production Engineers",75,2
2025-02,"2335 Industrial, Mechanical and Production Engineers",70,1
2025-02,"2335 Industrial, Mechanical and Production Engineers",80,2
2025-02,2339 Other Engineering Professionals,65,1
2025-02,2339 Other Engineering Professionals,75,1
2025-02,2339 Other Engineering Professionals,70,1
2025-02,2339 Other Engineering Professionals,90,1
2025-02,2339 Other Engineering Professionals,85,2
2025-02,2339 Other Engineering Professionals,60,1
2025-02,2339 Other Engineering Professionals,50,1
2025-02,2341 Agricultural and Forestry Scientists,75,1
2025-02,2544 Registered Nurses,65,21
2025-02,2544 Registered Nurses,75,17
2025-02,2544 Registered Nurses,70,14
2025-02,2544 Registered Nurses,80,11
2025-02,2544 Registered Nurses,85,2
2025-02,2544 Registered Nurses,55,2
2025-02,2544 Registered Nurses,60,5
2025-02,2544 Registered Nurses,50,1
2025-02,3513 Chefs,65,7
2025-02,3513 Chefs,75,5
2025-02,3513 Chefs,70,6
2025-02,3513 Chefs,80,3
2025-02,3513 Chefs,55,3
2025-02,3513 Chefs,60,1
2025-02,2334 Electronics Engineers,65,1
2025-02,2334 Electronics Engineers,70,2
2025-02,2334 Electronics Engineers,90,1
2025-02,3232 Metal Fitters and Machinists,70,2
2025-02,2631 Computer Network Professionals,70,4
2025-02,2631 Computer Network Professionals,85,1
2025-02,2713 Solicitors,70,1
2025-02,2713 Solicitors,80,1
2025-02,2713 Solicitors,90,2
2025-02,3123 Electrical Engineering Draftspersons and Technicians,65,2
2025-02,3123 Electrical Engineering Draftspersons and Technicians,75,1
2025-02,2321 Architects and Landscape Architects,65,8
2025-02,2321 Architects and Landscape Architects,75,2
2025-02,2321 Architects and Landscape Architects,70,4
2025-02,2321 Architects and Landscape Architects,80,1
2025-02,2321 Architects and Landscape Architects,90,1
2025-02,2321 Architects and Landscape Architects,60,1
2025-02,2531 General Practitioners and Resident Medical officers,65,2
2025-02,2531 General Practitioners and Resident Medical officers,75,1
2025-02,2531 General Practitioners and Resident Medical officers,70,2
2025-02,2531 General Practitioners and Resident Medical officers,80,2
2025-02,2531 General Practitioners and Resident Medical officers,60,1
2025-02,2347 Veterinarians,75,1
2025-02,2414 Secondary School Teachers,65,3
2025-02,2414 Secondary School Teachers,75,3
2025-02,2414 Secondary School Teachers,70,7
2025-02,2414 Secondary School Teachers,80,3
2025-02,2414 Secondary School Teachers,85,1
2025-02,2421 University Lecturers and Tutors,70,1
2025-02,2421 University Lecturers and Tutors,80,2
2025-02,2421 University Lecturers and Tutors,85,1
2025-02,2633 Telecommunications Engineering Professionals,70,2
2025-02,2633 Telecommunications Engineering Professionals,80,1
2025-02,2633 Telecommunications Engineering Professionals,90,1
2025-02,3122 Civil Engineering Draftspersons and Technicians,65,3
2025-02,3122 Civil Engineering Draftspersons and Technicians,75,1
2025-02,3122 Civil Engineering Draftspersons and Technicians,70,6
2025-02,3122 Civil Engineering Draftspersons and Technicians,80,1
2025-02,3122 Civil Engineering Draftspersons and Technicians,55,1
2025-02,3122 Civil Engineering Draftspersons and Technicians,60,1
2025-02,3122 Civil Engineering Draftspersons and Technicians,50,1
2025-02,1399 Other Specialist Managers,70,1
2025-02,2322 Cartographers and Surveyors,65,1
2025-02,2336 Mining Engineers,70,1
2025-02,3223 Structural Steel and Welding Trades Workers,65,1
2025-02,3223 Structural Steel and Welding Trades Workers,75,1
2025-02,3223 Structural Steel and Welding Trades Workers,70,3
2025-02,3223 Structural Steel and Welding Trades Workers,55,1
2025-02,1331 Construction Managers,65,4
2025-02,1331 Construction Managers,70,4
2025-02,1331 Construction Managers,85,1
2025-02,2343 Environmental Scientists,75,1
2025-02,2343 Environmental Scientists,70,1
2025-02,2343 Environmental Scientists,90,1
2025-02,2343 Environmental Scientists,85,2
2025-02,3312 Carpenters and Joiners,65,4
2025-02,3312 Carpenters and Joiners,75,1
2025-02,3312 Carpenters and Joiners,85,1
2025-02,3312 Carpenters and Joiners,55,1
2025-02,3312 Carpenters and Joiners,60,3
2025-02,2725 Social Workers,75,2
2025-02,2725 Social Workers,70,1
2025-02,3322 Painting Trades Workers,65,1
2025-02,3322 Painting Trades Workers,70,2
2025-02,3941 Cabinetmakers,75,1
2025-02,3941 Cabinetmakers,60,2
2025-02,3311 Bricklayers and Stonemasons,70,1
2025-02,2539 Other Medical Practitioners,65,1
2025-02,2539 Other Medical Practitioners,75,1
2025-02,2539 Other Medical Practitioners,80,1
2025-02,3411 Electricians,65,1
2025-02,3411 Electricians,60,1
2025-02,2525 Physiotherapists,65,2
2025-02,2525 Physiotherapists,75,3
2025-02,2525 Physiotherapists,70,6
2025-02,2525 Physiotherapists,85,1
2025-02,2525 Physiotherapists,55,1
2025-02,2527 Speech Professionals and Audiologists,75,1
2025-02,2527 Speech Professionals and Audiologists,50,2
2025-02,2524 Occupational Therapists,75,1
2025-02,2524 Occupational Therapists,70,2
2025-02,2524 Occupational Therapists,80,3
2025-02,2524 Occupational Therapists,95,2
2025-02,2524 Occupational Therapists,60,1
2025-02,3421 Airconditioning and Refrigeration Mechanics,75,1
2025-02,3421 Airconditioning and Refrigeration Mechanics,70,1
2025-02,2346 Medical Laboratory Scientists,80,1
2025-02,3341 Plumbers,80,1
2025-02,3341 Plumbers,85,1
2025-02,3341 Plumbers,60,1
2025-02,3241 Panelbeaters,75,1
2025-02,2533 Internal Medicine Specialists,65,2
2025-02,2533 Internal Medicine Specialists,70,1
2025-02,2533 Internal Medicine Specialists,80,1
2025-02,3332 Plasterers,65,1
2025-02,3334 Wall and Floor Tilers,65,1
2025-02,3334 Wall and Floor Tilers,70,1
2025-02,3334 Wall and Floor Tilers,60,1
2025-02,2534 Psychiatrists,80,1
2024-11,2613 Software and Applications Programmers,65,4
2024-11,2613 Software and Applications Programmers,75,4
2024-11,2613 Software and Applications Programmers,70,1
2024-11,2613 Software and Applications Programmers,80,8
2024-11,2613 Software and Applications Programmers,95,668
2024-11,2613 Software and Applications Programmers,90,391
2024-11,2613 Software and Applications Programmers,85,35
2024-11,2613 Software and Applications Programmers,60,1
2024-11,2613 Software and Applications Programmers,100,69
2024-11,2613 Software and Applications Programmers,105,4
2024-11,3212 Motor Mechanics,65,8
2024-11,3212 Motor Mechanics,75,3
2024-11,3212 Motor Mechanics,80,1
2024-11,3212 Motor Mechanics,95,5
2024-11,3212 Motor Mechanics,90,12
2024-11,3212 Motor Mechanics,85,2
2024-11,3212 Motor Mechanics,55,2
2024-11,3212 Motor Mechanics,60,5
2024-11,2332 Civil Engineering Professionals,65,3
2024-11,2332 Civil Engineering Professionals,75,315
2024-11,2332 Civil Engineering Professionals,70,45
2024-11,2332 Civil Engineering Professionals,80,194
2024-11,2332 Civil Engineering Professionals,95,41
2024-11,2332 Civil Engineering Professionals,90,463
2024-11,2332 Civil Engineering Professionals,85,97
2024-11,2332 Civil Engineering Professionals,55,1
2024-11,2332 Civil Engineering Professionals,100,2
2024-11,2332 Civil Engineering Professionals,105,1
2024-11,2332 Civil Engineering Professionals,115,1
2024-11,2411 Early Childhood (Pre-primary School) Teachers,65,5
2024-11,2411 Early Childhood (Pre-primary School) Teachers,75,580
2024-11,2411 Early Childhood (Pre-primary School) Teachers,70,17
2024-11,2411 Early Childhood (Pre-primary School) Teachers,80,344
2024-11,2411 Early Childhood (Pre-primary School) Teachers,95,1
2024-11,2411 Early Childhood (Pre-primary School) Teachers,90,6
2024-11,2411 Early Childhood (Pre-primary School) Teachers,85,66
2024-11,2411 Early Childhood (Pre-primary School) Teachers,55,2
2024-11,2411 Early Childhood (Pre-primary School) Teachers,60,2
2024-11,2411 Early Childhood (Pre-primary School) Teachers,100,1
2024-11,2611 ICT Business and Systems Analysts,65,1
2024-11,2611 ICT Business and Systems Analysts,75,7
2024-11,2611 ICT Business and Systems Analysts,70,5
2024-11,2611 ICT Business and Systems Analysts,80,3
2024-11,2611 ICT Business and Systems Analysts,95,447
2024-11,2611 ICT Business and Systems Analysts,90,17
2024-11,2611 ICT Business and Systems Analysts,85,8
2024-11,2611 ICT Business and Systems Analysts,60,1
2024-11,2611 ICT Business and Systems Analysts,110,3
2024-11,2611 ICT Business and Systems Analysts,100,48
2024-11,2611 ICT Business and Systems Analysts,115,5
2024-11,2211 Accountants,65,10
2024-11,2211 Accountants,75,10
2024-11,2211 Accountants,70,17
2024-11,2211 Accountants,80,7
2024-11,2211 Accountants,95,531
2024-11,2211 Accountants,90,175
2024-11,2211 Accountants,85,11
2024-11,2211 Accountants,110,1
2024-11,2211 Accountants,100,52
2024-11,2211 Accountants,105,1
2024-11,2211 Accountants,115,1
2024-11,2344 Geologists Geophysicists and Hydrogeologists,75,1
2024-11,2344 Geologists Geophysicists and Hydrogeologists,90,4
2024-11,"2621 Database and Systems Administrators, and ICT Security Specialists",65,1
2024-11,"2621 Database and Systems Administrators, and ICT Security Specialists",75,1
2024-11,"2621 Database and Systems Administrators, and ICT Security Specialists",70,1
2024-11,"2621 Database and Systems Administrators, and ICT Security Specialists",80,5
2024-11,"2621 Database and Systems Administrators, and ICT Security Specialists",95,187
2024-11,"2621 Database and Systems Administrators, and ICT Security Specialists",90,4
2024-11,"2621 Database and Systems Administrators, and ICT Security Specialists",85,2
2024-11,"2621 Database and Systems Administrators, and ICT Security Specialists",100,7
2024-11,"2212 Auditors, Company Secretaries and Corporate Treasurers",65,3
2024-11,"2212 Auditors, Company Secretaries and Corporate Treasurers",75,2
2024-11,"2212 Auditors, Company Secretaries and Corporate Treasurers",70,3
2024-11,"2212 Auditors, Company Secretaries and Corporate Treasurers",80,3
2024-11,"2212 Auditors, Company Secretaries and Corporate Treasurers",95,19
2024-11,"2212 Auditors, Company Secretaries and Corporate Treasurers",90,390
2024-11,"2212 Auditors, Company Secretaries and Corporate Treasurers",85,47
2024-11,2345 Life Scientists,80,1
2024-11,2345 Life Scientists,95,27
2024-11,2345 Life Scientists,90,91
2024-11,2345 Life Scientists,85,5
2024-11,2345 Life Scientists,100,9
2024-11,2345 Life Scientists,105,4
2024-11,"2335 Industrial, Mechanical and Production Engineers",65,2
2024-11,"2335 Industrial, Mechanical and Production Engineers",75,6
2024-11,"2335 Industrial, Mechanical and Production Engineers",70,5
2024-11,"2335 Industrial, Mechanical and Production Engineers",80,7
2024-11,"2335 Industrial, Mechanical and Production Engineers",95,39
2024-11,"2335 Industrial, Mechanical and Production Engineers",90,569
2024-11,"2335 Industrial, Mechanical and Production Engineers",85,49
2024-11,"2335 Industrial, Mechanical and Production Engineers",50,1
2024-11,"2335 Industrial, Mechanical and Production Engineers",100,4
2024-11,2339 Other Engineering Professionals,65,5
2024-11,2339 Other Engineering Professionals,75,1
2024-11,2339 Other Engineering Professionals,70,2
2024-11,2339 Other Engineering Professionals,80,4
2024-11,2339 Other Engineering Professionals,95,26
2024-11,2339 Other Engineering Professionals,90,397
2024-11,2339 Other Engineering Professionals,85,37
2024-11,2339 Other Engineering Professionals,60,1
2024-11,2339 Other Engineering Professionals,110,1
2024-11,2339 Other Engineering Professionals,100,5
2024-11,2339 Other Engineering Professionals,105,1
2024-11,2341 Agricultural and Forestry Scientists,65,2
2024-11,2341 Agricultural and Forestry Scientists,70,2
2024-11,2341 Agricultural and Forestry Scientists,80,1
2024-11,2341 Agricultural and Forestry Scientists,95,7
2024-11,2341 Agricultural and Forestry Scientists,90,33
2024-11,2341 Agricultural and Forestry Scientists,85,2
2024-11,2341 Agricultural and Forestry Scientists,100,2
2024-11,2341 Agricultural and Forestry Scientists,105,1
2024-11,2544 Registered Nurses,65,40
2024-11,2544 Registered Nurses,75,1293
2024-11,2544 Registered Nurses,70,52
2024-11,2544 Registered Nurses,80,318
2024-11,2544 Registered Nurses,95,3
2024-11,2544 Registered Nurses,90,12
2024-11,2544 Registered Nurses,85,93
2024-11,2544 Registered Nurses,55,1
2024-11,2544 Registered Nurses,60,5
2024-11,2544 Registered Nurses,50,2
2024-11,2544 Registered Nurses,100,2
2024-11,2544 Registered Nurses,105,2
2024-11,3513 Chefs,65,22
2024-11,3513 Chefs,75,18
2024-11,3513 Chefs,70,20
2024-11,3513 Chefs,80,11
2024-11,3513 Chefs,95,2
2024-11,3513 Chefs,90,123
2024-11,3513 Chefs,85,3
2024-11,3513 Chefs,55,2
2024-11,3513 Chefs,60,8
2024-11,3513 Chefs,100,2
2024-11,2334 Electronics Engineers,75,1
2024-11,2334 Electronics Engineers,70,1
2024-11,2334 Electronics Engineers,80,2
2024-11,2334 Electronics Engineers,95,14
2024-11,2334 Electronics Engineers,90,136
2024-11,2334 Electronics Engineers,85,11
2024-11,2334 Electronics Engineers,100,5
2024-11,3232 Metal Fitters and Machinists,65,1
2024-11,3232 Metal Fitters and Machinists,75,1
2024-11,3232 Metal Fitters and Machinists,70,1
2024-11,3232 Metal Fitters and Machinists,90,1
2024-11,3232 Metal Fitters and Machinists,85,1
2024-11,2631 Computer Network Professionals,75,1
2024-11,2631 Computer Network Professionals,80,4
2024-11,2631 Computer Network Professionals,95,203
2024-11,2631 Computer Network Professionals,85,2
2024-11,2631 Computer Network Professionals,100,10
2024-11,"2342 Chemists, and Food and Wine Scientists",80,1
2024-11,"2342 Chemists, and Food and Wine Scientists",95,1
2024-11,"2342 Chemists, and Food and Wine Scientists",90,44
2024-11,"2342 Chemists, and Food and Wine Scientists",60,1
2024-11,"2342 Chemists, and Food and Wine Scientists",100,2
2024-11,2713 Solicitors,75,1
2024-11,2713 Solicitors,80,1
2024-11,2713 Solicitors,95,5
2024-11,2713 Solicitors,90,98
2024-11,2713 Solicitors,85,2
2024-11,2713 Solicitors,100,1
2024-11,2331 Chemical and Materials Engineers,65,1
2024-11,2331 Chemical and Materials Engineers,70,1
2024-11,2331 Chemical and Materials Engineers,95,13
2024-11,2331 Chemical and Materials Engineers,90,109
2024-11,2331 Chemical and Materials Engineers,85,9
2024-11,2331 Chemical and Materials Engineers,100,5
2024-11,3123 Electrical Engineering Draftspersons and Technicians,90,3
2024-11,2333 Electrical Engineers,65,2
2024-11,2333 Electrical Engineers,75,1
2024-11,2333 Electrical Engineers,70,1
2024-11,2333 Electrical Engineers,80,3
2024-11,2333 Electrical Engineers,95,13
2024-11,2333 Electrical Engineers,90,190
2024-11,2333 Electrical Engineers,85,11
2024-11,2333 Electrical Engineers,60,1
2024-11,2333 Electrical Engineers,50,1
2024-11,2333 Electrical Engineers,100,1
2024-11,2333 Electrical Engineers,115,1
2024-11,2321 Architects and Landscape Architects,65,1
2024-11,2321 Architects and Landscape Architects,75,289
2024-11,2321 Architects and Landscape Architects,70,35
2024-11,2321 Architects and Landscape Architects,80,149
2024-11,2321 Architects and Landscape Architects,95,2
2024-11,2321 Architects and Landscape Architects,90,6
2024-11,2321 Architects and Landscape Architects,85,49
2024-11,2321 Architects and Landscape Architects,105,1
2024-11,2531 General Practitioners and Resident Medical officers,75,99
2024-11,2531 General Practitioners and Resident Medical officers,70,2
2024-11,2531 General Practitioners and Resident Medical officers,80,65
2024-11,2531 General Practitioners and Resident Medical officers,95,1
2024-11,2531 General Practitioners and Resident Medical officers,90,10
2024-11,2531 General Practitioners and Resident Medical officers,85,31
2024-11,2531 General Practitioners and Resident Medical officers,110,1
2024-11,2247 Management and Organisation Analysts,80,2
2024-11,2247 Management and Organisation Analysts,95,7
2024-11,2247 Management and Organisation Analysts,90,59
2024-11,2247 Management and Organisation Analysts,85,4
2024-11,2347 Veterinarians,80,1
2024-11,2347 Veterinarians,95,1
2024-11,2347 Veterinarians,90,21
2024-11,2347 Veterinarians,85,1
2024-11,2347 Veterinarians,115,1
2024-11,2414 Secondary School Teachers,65,5
2024-11,2414 Secondary School Teachers,75,173
2024-11,2414 Secondary School Teachers,70,12
2024-11,2414 Secondary School Teachers,80,63
2024-11,2414 Secondary School Teachers,95,3
2024-11,2414 Secondary School Teachers,90,2
2024-11,2414 Secondary School Teachers,85,19
2024-11,1341 Child Care Centre Managers,65,1
2024-11,1341 Child Care Centre Managers,75,2
2024-11,"2241 Actuaries, Mathematicians and Statisticians",95,12
2024-11,"2241 Actuaries, Mathematicians and Statisticians",90,95
2024-11,"2241 Actuaries, Mathematicians and Statisticians",85,4
2024-11,2421 University Lecturers and Tutors,75,2
2024-11,2421 University Lecturers and Tutors,70,1
2024-11,2421 University Lecturers and Tutors,80,4
2024-11,2421 University Lecturers and Tutors,95,23
2024-11,2421 University Lecturers and Tutors,90,113
2024-11,2421 University Lecturers and Tutors,85,1
2024-11,2421 University Lecturers and Tutors,100,7
2024-11,2421 University Lecturers and Tutors,105,1
2024-11,2633 Telecommunications Engineering Professionals,75,1
2024-11,2633 Telecommunications Engineering Professionals,80,2
2024-11,2633 Telecommunications Engineering Professionals,95,10
2024-11,2633 Telecommunications Engineering Professionals,90,102
2024-11,2633 Telecommunications Engineering Professionals,85,5
2024-11,1332 Engineering Managers,90,1
2024-11,1332 Engineering Managers,85,1
2024-11,3122 Civil Engineering Draftspersons and Technicians,65,2
2024-11,3122 Civil Engineering Draftspersons and Technicians,75,799
2024-11,3122 Civil Engineering Draftspersons and Technicians,70,71
2024-11,3122 Civil Engineering Draftspersons and Technicians,80,293
2024-11,3122 Civil Engineering Draftspersons and Technicians,95,3
2024-11,3122 Civil Engineering Draftspersons and Technicians,90,11
2024-11,3122 Civil Engineering Draftspersons and Technicians,85,66
2024-11,3122 Civil Engineering Draftspersons and Technicians,60,2
2024-11,3122 Civil Engineering Draftspersons and Technicians,50,1
2024-11,3122 Civil Engineering Draftspersons and Technicians,110,1
2024-11,1399 Other Specialist Managers,95,3
2024-11,1399 Other Specialist Managers,90,6
2024-11,1399 Other Specialist Managers,85,1
2024-11,1399 Other Specialist Managers,100,1
2024-11,2322 Cartographers and Surveyors,70,1
2024-11,2322 Cartographers and Surveyors,80,1
2024-11,2322 Cartographers and Surveyors,95,2
2024-11,2322 Cartographers and Surveyors,90,24
2024-11,2322 Cartographers and Surveyors,60,1
2024-11,2245 Land Economists and Valuers,95,1
2024-11,2245 Land Economists and Valuers,90,3
2024-11,2245 Land Economists and Valuers,85,1
2024-11,2336 Mining Engineers,95,2
2024-11,2336 Mining Engineers,90,38
2024-11,2336 Mining Engineers,85,4
2024-11,2336 Mining Engineers,100,1
2024-11,2336 Mining Engineers,105,1
2024-11,2612 Multimedia Specialists and Web Developers,95,5
2024-11,2612 Multimedia Specialists and Web Developers,90,50
2024-11,2612 Multimedia Specialists and Web Developers,85,7
2024-11,3223 Structural Steel and Welding Trades Workers,65,1
2024-11,3223 Structural Steel and Welding Trades Workers,75,56
2024-11,3223 Structural Steel and Welding Trades Workers,70,6
2024-11,3223 Structural Steel and Welding Trades Workers,80,23
2024-11,3223 Structural Steel and Welding Trades Workers,90,3
2024-11,3223 Structural Steel and Welding Trades Workers,85,9
2024-11,3223 Structural Steel and Welding Trades Workers,105,1
2024-11,2349 Other Natural and Physical Science Professionals,75,1
2024-11,2349 Other Natural and Physical Science Professionals,90,19
2024-11,2349 Other Natural and Physical Science Professionals,100,1
2024-11,1331 Construction Managers,75,381
2024-11,1331 Construction Managers,70,47
2024-11,1331 Construction Managers,80,127
2024-11,1331 Construction Managers,95,1
2024-11,1331 Construction Managers,90,4
2024-11,1331 Construction Managers,85,46
2024-11,1331 Construction Managers,100,1
2024-11,2343 Environmental Scientists,65,1
2024-11,2343 Environmental Scientists,75,1
2024-11,2343 Environmental Scientists,80,1
2024-11,2343 Environmental Scientists,95,8
2024-11,2343 Environmental Scientists,90,42
2024-11,2343 Environmental Scientists,110,1
2024-11,2343 Environmental Scientists,100,5
2024-11,3132 Telecommunications Technical Specialists,90,8
2024-11,3132 Telecommunications Technical Specialists,85,1
2024-11,3132 Telecommunications Technical Specialists,55,1
2024-11,3312 Carpenters and Joiners,65,43
2024-11,3312 Carpenters and Joiners,75,53
2024-11,3312 Carpenters and Joiners,70,90
2024-11,3312 Carpenters and Joiners,80,24
2024-11,3312 Carpenters and Joiners,90,2
2024-11,3312 Carpenters and Joiners,85,4
2024-11,3312 Carpenters and Joiners,55,2
2024-11,3312 Carpenters and Joiners,60,3
2024-11,2725 Social Workers,65,1
2024-11,2725 Social Workers,75,135
2024-11,2725 Social Workers,70,3
2024-11,2725 Social Workers,80,59
2024-11,2725 Social Workers,95,1
2024-11,2725 Social Workers,90,10
2024-11,2725 Social Workers,85,35
2024-11,2725 Social Workers,100,1
2024-11,3322 Painting Trades Workers,65,35
2024-11,3322 Painting Trades Workers,75,29
2024-11,3322 Painting Trades Workers,70,86
2024-11,3322 Painting Trades Workers,80,10
2024-11,3322 Painting Trades Workers,90,5
2024-11,3322 Painting Trades Workers,85,2
2024-11,3423 Electronics Trades Workers,90,1
2024-11,2521 Chiropractors and Osteopaths,75,9
2024-11,2521 Chiropractors and Osteopaths,80,2
2024-11,3941 Cabinetmakers,65,1
2024-11,3941 Cabinetmakers,75,5
2024-11,3941 Cabinetmakers,70,5
2024-11,3941 Cabinetmakers,80,1
2024-11,3941 Cabinetmakers,85,3
2024-11,3941 Cabinetmakers,60,1
2024-11,2243 Economists,95,1
2024-11,2243 Economists,90,18
2024-11,3311 Bricklayers and Stonemasons,65,6
2024-11,3311 Bricklayers and Stonemasons,75,6
2024-11,3311 Bricklayers and Stonemasons,70,8
2024-11,3311 Bricklayers and Stonemasons,80,1
2024-11,3311 Bricklayers and Stonemasons,90,1
2024-11,3311 Bricklayers and Stonemasons,85,1
2024-11,1342 Health and Welfare Services Managers,95,1
2024-11,1342 Health and Welfare Services Managers,100,1
2024-11,1342 Health and Welfare Services Managers,115,1
2024-11,2539 Other Medical Practitioners,65,1
2024-11,2539 Other Medical Practitioners,75,64
2024-11,2539 Other Medical Practitioners,80,69
2024-11,2539 Other Medical Practitioners,95,1
2024-11,2539 Other Medical Practitioners,90,11
2024-11,2539 Other Medical Practitioners,85,28
2024-11,2539 Other Medical Practitioners,105,1
2024-11,3411 Electricians,65,6
2024-11,3411 Electricians,75,9
2024-11,3411 Electricians,70,8
2024-11,3411 Electricians,85,1
2024-11,3411 Electricians,60,1
2024-11,3411 Electricians,50,2
2024-11,3411 Electricians,100,1
2024-11,2525 Physiotherapists,65,3
2024-11,2525 Physiotherapists,75,144
2024-11,2525 Physiotherapists,70,3
2024-11,2525 Physiotherapists,80,61
2024-11,2525 Physiotherapists,95,1
2024-11,2525 Physiotherapists,90,8
2024-11,2525 Physiotherapists,85,16
2024-11,2525 Physiotherapists,60,1
2024-11,2512 Medical Imaging Professionals,75,34
2024-11,2512 Medical Imaging Professionals,80,7
2024-11,2512 Medical Imaging Professionals,85,5
2024-11,2512 Medical Imaging Professionals,100,1
2024-11,3222 Sheetmetal Trades Workers,70,1
2024-11,3222 Sheetmetal Trades Workers,80,2
2024-11,2527 Speech Professionals and Audiologists,75,52
2024-11,2527 Speech Professionals and Audiologists,80,14
2024-11,2527 Speech Professionals and Audiologists,85,4
2024-11,2524 Occupational Therapists,65,2
2024-11,2524 Occupational Therapists,75,87
2024-11,2524 Occupational Therapists,70,1
2024-11,2524 Occupational Therapists,80,38
2024-11,2524 Occupational Therapists,95,1
2024-11,2524 Occupational Therapists,90,3
2024-11,2524 Occupational Therapists,85,9
2024-11,2519 Other Health Diagnostic and Promotion Professionals,75,1
2024-11,3421 Airconditioning and Refrigeration Mechanics,70,1
2024-11,2346 Medical Laboratory Scientists,75,99
2024-11,2346 Medical Laboratory Scientists,70,1
2024-11,2346 Medical Laboratory Scientists,80,30
2024-11,2346 Medical Laboratory Scientists,90,2
2024-11,2346 Medical Laboratory Scientists,85,14
2024-11,2415 Special Education Teachers,65,1
2024-11,2415 Special Education Teachers,75,5
2024-11,2415 Special Education Teachers,70,3
2024-11,2415 Special Education Teachers,80,1
2024-11,2415 Special Education Teachers,95,1
2024-11,2415 Special Education Teachers,60,1
2024-11,2415 Special Education Teachers,100,1
2024-11,2723 Psychologists,75,20
2024-11,2723 Psychologists,80,12
2024-11,2723 Psychologists,90,4
2024-11,2723 Psychologists,85,8
2024-11,2541 Midwives,75,11
2024-11,2541 Midwives,70,1
2024-11,2541 Midwives,80,6
2024-11,2541 Midwives,85,2
2024-11,2541 Midwives,60,1
2024-11,3341 Plumbers,65,2
2024-11,3341 Plumbers,75,4
2024-11,3341 Plumbers,70,8
2024-11,3341 Plumbers,80,1
2024-11,3341 Plumbers,90,1
2024-11,3341 Plumbers,60,1
2024-11,3991 Boat Builders and Shipwrights,90,1
2024-11,2533 Internal Medicine Specialists,75,10
2024-11,2533 Internal Medicine Specialists,80,4
2024-11,3332 Plasterers,65,3
2024-11,3332 Plasterers,75,2
2024-11,3332 Plasterers,70,2
2024-11,3332 Plasterers,85,2
2024-11,3332 Plasterers,60,1
2024-11,3334 Wall and Floor Tilers,65,10
2024-11,3334 Wall and Floor Tilers,75,5
2024-11,3334 Wall and Floor Tilers,70,15
2024-11,3334 Wall and Floor Tilers,80,6
2024-11,2112 Music Professionals,90,3
2024-11,2534 Psychiatrists,75,2
2024-11,2534 Psychiatrists,80,4
2024-11,2534 Psychiatrists,85,1
2024-11,2514 Optometrists and Orthoptists,75,5
2024-11,2514 Optometrists and Orthoptists,80,2
2024-11,2535 Surgeons,75,2
2024-11,2535 Surgeons,95,1
2024-11,2535 Surgeons,85,1
2024-11,2526 Podiatrists,75,5
2024-11,"2111 Actors, Dancers and Other Entertainers",90,1
2024-10,2613 Software and Applications Programmers,65,1
2024-10,2613 Software and Applications Programmers,75,2
2024-10,2613 Software and Applications Programmers,70,2
2024-10,2613 Software and Applications Programmers,80,7
2024-10,2613 Software and Applications Programmers,95,4
2024-10,2613 Software and Applications Programmers,90,8
2024-10,2613 Software and Applications Programmers,85,13
2024-10,3212 Motor Mechanics,65,1
2024-10,3212 Motor Mechanics,75,1
2024-10,3212 Motor Mechanics,70,1
2024-10,3212 Motor Mechanics,60,1
2024-10,2332 Civil Engineering Professionals,65,1
2024-10,2332 Civil Engineering Professionals,75,7
2024-10,2332 Civil Engineering Professionals,70,8
2024-10,2332 Civil Engineering Professionals,80,7
2024-10,2332 Civil Engineering Professionals,90,3
2024-10,2332 Civil Engineering Professionals,85,6
2024-10,2332 Civil Engineering Professionals,55,1
2024-10,2411 Early Childhood (Pre-primary School) Teachers,65,8
2024-10,2411 Early Childhood (Pre-primary School) Teachers,75,10
2024-10,2411 Early Childhood (Pre-primary School) Teachers,70,5
2024-10,2411 Early Childhood (Pre-primary School) Teachers,80,3
2024-10,2411 Early Childhood (Pre-primary School) Teachers,85,1
2024-10,2411 Early Childhood (Pre-primary School) Teachers,60,2
2024-10,2611 ICT Business and Systems Analysts,65,2
2024-10,2611 ICT Business and Systems Analysts,75,3
2024-10,2611 ICT Business and Systems Analysts,70,5
2024-10,2611 ICT Business and Systems Analysts,80,3
2024-10,2611 ICT Business and Systems Analysts,95,6
2024-10,2611 ICT Business and Systems Analysts,90,3
2024-10,2611 ICT Business and Systems Analysts,85,6
2024-10,2211 Accountants,65,4
2024-10,2211 Accountants,75,6
2024-10,2211 Accountants,70,8
2024-10,2211 Accountants,80,4
2024-10,2211 Accountants,95,1
2024-10,2211 Accountants,90,4
2024-10,2211 Accountants,85,8
2024-10,"2621 Database and Systems Administrators, and ICT Security Specialists",65,1
2024-10,"2621 Database and Systems Administrators, and ICT Security Specialists",75,3
2024-10,"2621 Database and Systems Administrators, and ICT Security Specialists",70,1
2024-10,"2621 Database and Systems Administrators, and ICT Security Specialists",80,1
2024-10,"2621 Database and Systems Administrators, and ICT Security Specialists",95,1
2024-10,"2621 Database and Systems Administrators, and ICT Security Specialists",90,2
2024-10,"2621 Database and Systems Administrators, and ICT Security Specialists",85,3
2024-10,"2212 Auditors, Company Secretaries and Corporate Treasurers",65,1
2024-10,"2212 Auditors, Company Secretaries and Corporate Treasurers",75,1
2024-10,"2212 Auditors, Company Secretaries and Corporate Treasurers",80,3
2024-10,"2212 Auditors, Company Secretaries and Corporate Treasurers",85,3
2024-10,"2212 Auditors, Company Secretaries and Corporate Treasurers",60,1
2024-10,2345 Life Scientists,75,2
2024-10,2345 Life Scientists,80,1
2024-10,2345 Life Scientists,95,1
2024-10,2345 Life Scientists,90,3
2024-10,2345 Life Scientists,85,5
2024-10,"2335 Industrial, Mechanical and Production Engineers",65,2
2024-10,"2335 Industrial, Mechanical and Production Engineers",75,2
2024-10,"2335 Industrial, Mechanical and Production Engineers",70,3
2024-10,"2335 Industrial, Mechanical and Production Engineers",80,2
2024-10,"2335 Industrial, Mechanical and Production Engineers",90,4
2024-10,"2335 Industrial, Mechanical and Production Engineers",85,6
2024-10,2339 Other Engineering Professionals,65,3
2024-10,2339 Other Engineering Professionals,75,4
2024-10,2339 Other Engineering Professionals,70,2
2024-10,2339 Other Engineering Professionals,80,1
2024-10,2339 Other Engineering Professionals,90,3
2024-10,2339 Other Engineering Professionals,85,1
2024-10,2339 Other Engineering Professionals,60,1
2024-10,2341 Agricultural and Forestry Scientists,85,1
2024-10,2544 Registered Nurses,65,14
2024-10,2544 Registered Nurses,75,31
2024-10,2544 Registered Nurses,70,13
2024-10,2544 Registered Nurses,80,6
2024-10,2544 Registered Nurses,90,2
2024-10,2544 Registered Nurses,85,3
2024-10,2544 Registered Nurses,60,1
2024-10,3513 Chefs,65,9
2024-10,3513 Chefs,75,11
2024-10,3513 Chefs,70,23
2024-10,3513 Chefs,80,8
2024-10,3513 Chefs,85,3
2024-10,3513 Chefs,55,1
2024-10,3513 Chefs,60,9
2024-10,3513 Chefs,50,2
2024-10,2334 Electronics Engineers,75,1
2024-10,2334 Electronics Engineers,85,2
2024-10,3232 Metal Fitters and Machinists,65,2
2024-10,3232 Metal Fitters and Machinists,75,1
2024-10,3232 Metal Fitters and Machinists,70,3
2024-10,3232 Metal Fitters and Machinists,60,1
2024-10,2631 Computer Network Professionals,65,1
2024-10,2631 Computer Network Professionals,75,4
2024-10,2631 Computer Network Professionals,80,1
2024-10,2631 Computer Network Professionals,85,1
2024-10,"2342 Chemists, and Food and Wine Scientists",70,1
2024-10,"2342 Chemists, and Food and Wine Scientists",85,2
2024-10,2713 Solicitors,75,2
2024-10,2713 Solicitors,80,1
2024-10,2713 Solicitors,85,1
2024-10,2331 Chemical and Materials Engineers,75,1
2024-10,2331 Chemical and Materials Engineers,70,1
2024-10,2333 Electrical Engineers,65,1
2024-10,2333 Electrical Engineers,75,1
2024-10,2333 Electrical Engineers,70,2
2024-10,2333 Electrical Engineers,80,2
2024-10,2333 Electrical Engineers,90,1
2024-10,2321 Architects and Landscape Architects,75,3
2024-10,2321 Architects and Landscape Architects,70,2
2024-10,2321 Architects and Landscape Architects,80,1
2024-10,2321 Architects and Landscape Architects,60,1
2024-10,2531 General Practitioners and Resident Medical officers,65,1
2024-10,2531 General Practitioners and Resident Medical officers,75,2
2024-10,2531 General Practitioners and Resident Medical officers,70,4
2024-10,2531 General Practitioners and Resident Medical officers,80,1
2024-10,2531 General Practitioners and Resident Medical officers,85,2
2024-10,2531 General Practitioners and Resident Medical officers,60,1
2024-10,2247 Management and Organisation Analysts,90,2
2024-10,2247 Management and Organisation Analysts,85,1
2024-10,2414 Secondary School Teachers,65,7
2024-10,2414 Secondary School Teachers,75,6
2024-10,2414 Secondary School Teachers,70,5
2024-10,"2241 Actuaries, Mathematicians and Statisticians",85,1
2024-10,2421 University Lecturers and Tutors,80,2
2024-10,2421 University Lecturers and Tutors,90,1
2024-10,2421 University Lecturers and Tutors,85,6
2024-10,2421 University Lecturers and Tutors,60,1
2024-10,2633 Telecommunications Engineering Professionals,75,1
2024-10,2633 Telecommunications Engineering Professionals,70,1
2024-10,1332 Engineering Managers,65,1
2024-10,3122 Civil Engineering Draftspersons and Technicians,65,4
2024-10,3122 Civil Engineering Draftspersons and Technicians,75,1
2024-10,3122 Civil Engineering Draftspersons and Technicians,70,2
2024-10,3122 Civil Engineering Draftspersons and Technicians,55,1
2024-10,2322 Cartographers and Surveyors,75,1
2024-10,2322 Cartographers and Surveyors,85,1
2024-10,2322 Cartographers and Surveyors,50,1
2024-10,2336 Mining Engineers,75,1
2024-10,2336 Mining Engineers,80,1
2024-10,3223 Structural Steel and Welding Trades Workers,65,2
2024-10,3223 Structural Steel and Welding Trades Workers,75,2
2024-10,1331 Construction Managers,75,3
2024-10,2343 Environmental Scientists,70,1
2024-10,2343 Environmental Scientists,80,2
2024-10,3132 Telecommunications Technical Specialists,70,1
2024-10,3312 Carpenters and Joiners,65,1
2024-10,3312 Carpenters and Joiners,55,2
2024-10,3312 Carpenters and Joiners,60,4
2024-10,2725 Social Workers,65,2
2024-10,2725 Social Workers,75,4
2024-10,2725 Social Workers,70,3
2024-10,2725 Social Workers,85,2
2024-10,3322 Painting Trades Workers,60,2
2024-10,3311 Bricklayers and Stonemasons,60,1
2024-10,1342 Health and Welfare Services Managers,70,1
2024-10,1342 Health and Welfare Services Managers,80,1
2024-10,2539 Other Medical Practitioners,75,1
2024-10,2539 Other Medical Practitioners,70,1
2024-10,2539 Other Medical Practitioners,90,1
2024-10,3411 Electricians,65,1
2024-10,3411 Electricians,60,2
2024-10,2525 Physiotherapists,75,3
2024-10,2525 Physiotherapists,70,2
2024-10,2525 Physiotherapists,80,2
2024-10,2525 Physiotherapists,85,1
2024-10,2512 Medical Imaging Professionals,75,1
2024-10,2527 Speech Professionals and Audiologists,75,2
2024-10,2524 Occupational Therapists,65,1
2024-10,2524 Occupational Therapists,75,9
2024-10,2524 Occupational Therapists,70,3
2024-10,3421 Airconditioning and Refrigeration Mechanics,65,1
2024-10,3421 Airconditioning and Refrigeration Mechanics,55,1
2024-10,2723 Psychologists,65,1
2024-10,2723 Psychologists,75,1
2024-10,2723 Psychologists,80,1
2024-10,2723 Psychologists,85,1
2024-10,2541 Midwives,65,1
2024-10,2541 Midwives,70,1
2024-10,3341 Plumbers,75,1
2024-10,2533 Internal Medicine Specialists,65,1
2024-10,2533 Internal Medicine Specialists,85,1
2024-10,3334 Wall and Floor Tilers,65,1
2024-10,3334 Wall and Floor Tilers,70,1
2024-10,3334 Wall and Floor Tilers,60,1
2024-10,2535 Surgeons,75,1
2024-10,2535 Surgeons,70,1
2025-03,2613 Software and Applications Programmers,65,1
2025-03,2613 Software and Applications Programmers,75,4
2025-03,2613 Software and Applications Programmers,80,2
2025-03,2613 Software and Applications Programmers,90,2
2025-03,2613 Software and Applications Programmers,85,2
2025-03,3212 Motor Mechanics,65,1
2025-03,3212 Motor Mechanics,75,2
2025-03,3212 Motor Mechanics,70,1
2025-03,3212 Motor Mechanics,60,1
2025-03,2332 Civil Engineering Professionals,65,10
2025-03,2332 Civil Engineering Professionals,75,6
2025-03,2332 Civil Engineering Professionals,70,4
2025-03,2332 Civil Engineering Professionals,80,3
2025-03,2332 Civil Engineering Professionals,90,3
2025-03,2332 Civil Engineering Professionals,60,1
2025-03,2411 Early Childhood (Pre-primary School) Teachers,65,10
2025-03,2411 Early Childhood (Pre-primary School) Teachers,75,18
2025-03,2411 Early Childhood (Pre-primary School) Teachers,70,26
2025-03,2411 Early Childhood (Pre-primary School) Teachers,80,13
2025-03,2411 Early Childhood (Pre-primary School) Teachers,55,1
2025-03,2411 Early Childhood (Pre-primary School) Teachers,60,3
2025-03,2611 ICT Business and Systems Analysts,65,2
2025-03,2611 ICT Business and Systems Analysts,75,3
2025-03,2611 ICT Business and Systems Analysts,70,1
2025-03,2611 ICT Business and Systems Analysts,80,3
2025-03,2611 ICT Business and Systems Analysts,95,1
2025-03,2611 ICT Business and Systems Analysts,90,3
2025-03,2611 ICT Business and Systems Analysts,85,2
2025-03,2211 Accountants,65,3
2025-03,2211 Accountants,75,1
2025-03,2211 Accountants,70,7
2025-03,2211 Accountants,80,2
2025-03,2211 Accountants,90,2
2025-03,2211 Accountants,85,2
2025-03,2211 Accountants,60,5
2025-03,2211 Accountants,50,1
2025-03,"2621 Database and Systems Administrators, and ICT Security Specialists",65,1
2025-03,"2621 Database and Systems Administrators, and ICT Security Specialists",75,2
2025-03,"2621 Database and Systems Administrators, and ICT Security Specialists",80,1
2025-03,"2621 Database and Systems Administrators, and ICT Security Specialists",90,1
2025-03,"2212 Auditors, Company Secretaries and Corporate Treasurers",65,2
2025-03,"2212 Auditors, Company Secretaries and Corporate Treasurers",70,1
2025-03,"2212 Auditors, Company Secretaries and Corporate Treasurers",85,1
2025-03,2345 Life Scientists,70,1
2025-03,2345 Life Scientists,85,1
2025-03,2345 Life Scientists,60,1
2025-03,"2335 Industrial, Mechanical and Production Engineers",65,1
2025-03,"2335 Industrial, Mechanical and Production Engineers",75,1
2025-03,"2335 Industrial, Mechanical and Production Engineers",80,1
2025-03,"2335 Industrial, Mechanical and Production Engineers",85,1
2025-03,2339 Other Engineering Professionals,65,2
2025-03,2339 Other Engineering Professionals,75,1
2025-03,2339 Other Engineering Professionals,70,4
2025-03,2339 Other Engineering Professionals,85,1
2025-03,2341 Agricultural and Forestry Scientists,65,2
2025-03,2544 Registered Nurses,65,13
2025-03,2544 Registered Nurses,75,11
2025-03,2544 Registered Nurses,70,16
2025-03,2544 Registered Nurses,80,12
2025-03,2544 Registered Nurses,85,1
2025-03,2544 Registered Nurses,60,4
2025-03,2544 Registered Nurses,50,1
2025-03,3513 Chefs,65,4
2025-03,3513 Chefs,75,15
2025-03,3513 Chefs,70,11
2025-03,3513 Chefs,80,2
2025-03,3513 Chefs,55,2
2025-03,3513 Chefs,60,6
2025-03,3513 Chefs,50,1
2025-03,2334 Electronics Engineers,85,1
2025-03,2334 Electronics Engineers,60,1
2025-03,3232 Metal Fitters and Machinists,65,1
2025-03,3232 Metal Fitters and Machinists,70,1
2025-03,3232 Metal Fitters and Machinists,80,1
2025-03,2631 Computer Network Professionals,65,1
2025-03,2631 Computer Network Professionals,75,1
2025-03,"2342 Chemists, and Food and Wine Scientists",70,1
2025-03,"2342 Chemists, and Food and Wine Scientists",95,1
2025-03,2331 Chemical and Materials Engineers,65,1
2025-03,2331 Chemical and Materials Engineers,75,1
2025-03,2331 Chemical and Materials Engineers,70,1
2025-03,2331 Chemical and Materials Engineers,95,1
2025-03,2331 Chemical and Materials Engineers,90,1
2025-03,2331 Chemical and Materials Engineers,85,1
2025-03,3123 Electrical Engineering Draftspersons and Technicians,70,3
2025-03,2333 Electrical Engineers,65,2
2025-03,2333 Electrical Engineers,75,2
2025-03,2333 Electrical Engineers,85,1
2025-03,2333 Electrical Engineers,60,2
2025-03,2321 Architects and Landscape Architects,65,4
2025-03,2321 Architects and Landscape Architects,75,4
2025-03,2321 Architects and Landscape Architects,70,8
2025-03,2321 Architects and Landscape Architects,80,1
2025-03,2321 Architects and Landscape Architects,85,2
2025-03,2321 Architects and Landscape Architects,60,1
2025-03,2531 General Practitioners and Resident Medical officers,65,1
2025-03,2531 General Practitioners and Resident Medical officers,75,7
2025-03,2531 General Practitioners and Resident Medical officers,70,4
2025-03,2531 General Practitioners and Resident Medical officers,80,3
2025-03,2531 General Practitioners and Resident Medical officers,90,3
2025-03,2531 General Practitioners and Resident Medical officers,85,8
2025-03,2531 General Practitioners and Resident Medical officers,60,1
2025-03,2247 Management and Organisation Analysts,70,1
2025-03,2414 Secondary School Teachers,65,9
2025-03,2414 Secondary School Teachers,75,4
2025-03,2414 Secondary School Teachers,70,10
2025-03,2414 Secondary School Teachers,80,8
2025-03,2414 Secondary School Teachers,85,3
2025-03,2414 Secondary School Teachers,60,2
2025-03,1341 Child Care Centre Managers,75,1
2025-03,1341 Child Care Centre Managers,70,1
2025-03,"2241 Actuaries, Mathematicians and Statisticians",70,1
2025-03,"2241 Actuaries, Mathematicians and Statisticians",85,1
2025-03,2421 University Lecturers and Tutors,65,1
2025-03,2421 University Lecturers and Tutors,75,1
2025-03,2421 University Lecturers and Tutors,80,3
2025-03,2421 University Lecturers and Tutors,95,1
2025-03,2421 University Lecturers and Tutors,90,1
2025-03,2421 University Lecturers and Tutors,85,1
2025-03,2633 Telecommunications Engineering Professionals,95,1
2025-03,1332 Engineering Managers,75,1
2025-03,3122 Civil Engineering Draftspersons and Technicians,65,4
2025-03,3122 Civil Engineering Draftspersons and Technicians,75,3
2025-03,3122 Civil Engineering Draftspersons and Technicians,70,7
2025-03,3122 Civil Engineering Draftspersons and Technicians,80,1
2025-03,3122 Civil Engineering Draftspersons and Technicians,60,1
2025-03,1399 Other Specialist Managers,65,1
2025-03,2322 Cartographers and Surveyors,75,2
2025-03,2322 Cartographers and Surveyors,85,1
2025-03,2336 Mining Engineers,80,1
2025-03,3223 Structural Steel and Welding Trades Workers,65,3
2025-03,3223 Structural Steel and Welding Trades Workers,70,1
2025-03,1331 Construction Managers,75,2
2025-03,1331 Construction Managers,70,2
2025-03,1331 Construction Managers,80,2
2025-03,1331 Construction Managers,85,1
2025-03,2343 Environmental Scientists,75,1
2025-03,2343 Environmental Scientists,85,1
2025-03,3132 Telecommunications Technical Specialists,70,1
2025-03,3312 Carpenters and Joiners,65,3
2025-03,3312 Carpenters and Joiners,75,6
2025-03,3312 Carpenters and Joiners,70,5
2025-03,3312 Carpenters and Joiners,80,1
2025-03,3312 Carpenters and Joiners,55,2
2025-03,3312 Carpenters and Joiners,60,1
2025-03,2725 Social Workers,65,1
2025-03,2725 Social Workers,75,2
2025-03,2725 Social Workers,70,3
2025-03,2725 Social Workers,80,5
2025-03,2725 Social Workers,85,1
2025-03,3322 Painting Trades Workers,65,2
2025-03,3322 Painting Trades Workers,75,1
2025-03,3322 Painting Trades Workers,55,1
2025-03,3423 Electronics Trades Workers,80,1
2025-03,3423 Electronics Trades Workers,85,1
2025-03,3423 Electronics Trades Workers,60,1
2025-03,3311 Bricklayers and Stonemasons,70,1
2025-03,3311 Bricklayers and Stonemasons,60,1
2025-03,2539 Other Medical Practitioners,75,1
2025-03,2539 Other Medical Practitioners,80,2
2025-03,2539 Other Medical Practitioners,85,2
2025-03,3411 Electricians,65,4
2025-03,3411 Electricians,75,1
2025-03,3411 Electricians,70,4
2025-03,2525 Physiotherapists,65,2
2025-03,2525 Physiotherapists,70,2
2025-03,2525 Physiotherapists,80,1
2025-03,2512 Medical Imaging Professionals,75,1
2025-03,2512 Medical Imaging Professionals,70,1
2025-03,2527 Speech Professionals and Audiologists,65,3
2025-03,2527 Speech Professionals and Audiologists,75,1
2025-03,2527 Speech Professionals and Audiologists,85,2
2025-03,2524 Occupational Therapists,75,3
2025-03,2524 Occupational Therapists,70,1
2025-03,2524 Occupational Therapists,80,1
2025-03,2524 Occupational Therapists,85,1
2025-03,3421 Airconditioning and Refrigeration Mechanics,75,1
2025-03,2346 Medical Laboratory Scientists,75,1
2025-03,2346 Medical Laboratory Scientists,55,1
2025-03,2541 Midwives,65,1
2025-03,2541 Midwives,75,2
2025-03,3341 Plumbers,60,1
2025-03,2533 Internal Medicine Specialists,60,1
2025-03,3332 Plasterers,65,1
2025-03,3334 Wall and Floor Tilers,75,1
2025-03,3334 Wall and Floor Tilers,50,1
2025-03,2534 Psychiatrists,70,1
2026-08,2332 Civil Engineering Professionals,75,3
2026-08,2332 Civil Engineering Professionals,80,2
2026-08,2332 Civil Engineering Professionals,95,3
2026-08,2332 Civil Engineering Professionals,85,2
2026-08,2411 Early Childhood (Pre-primary School) Teachers,75,3
2026-08,2411 Early Childhood (Pre-primary School) Teachers,70,1
2026-08,2411 Early Childhood (Pre-primary School) Teachers,80,1
2026-08,2411 Early Childhood (Pre-primary School) Teachers,90,2
2026-08,2211 Accountants,65,1
2026-08,2211 Accountants,75,1
2026-08,2211 Accountants,70,1
2026-08,"2335 Industrial, Mechanical and Production Engineers",65,1
2026-08,2339 Other Engineering Professionals,60,1
2026-08,2341 Agricultural and Forestry Scientists,65,1
2026-08,2341 Agricultural and Forestry Scientists,75,1
2026-08,2544 Registered Nurses,65,3
2026-08,2544 Registered Nurses,75,1
2026-08,2544 Registered Nurses,70,7
2026-08,2544 Registered Nurses,80,2
2026-08,3513 Chefs,65,1
2026-08,3513 Chefs,75,1
2026-08,3513 Chefs,70,2
2026-08,3513 Chefs,80,6
2026-08,3513 Chefs,90,1
2026-08,3513 Chefs,85,5
2026-08,3513 Chefs,60,1
2026-08,2631 Computer Network Professionals,70,1
2026-08,2531 General Practitioners and Resident Medical officers,80,1
2026-08,"2241 Actuaries, Mathematicians and Statisticians",80,1
2026-08,3122 Civil Engineering Draftspersons and Technicians,65,1
2026-08,3122 Civil Engineering Draftspersons and Technicians,80,2
2026-08,3122 Civil Engineering Draftspersons and Technicians,95,1
2026-08,3312 Carpenters and Joiners,65,1
2026-08,3312 Carpenters and Joiners,70,1
2026-08,2725 Social Workers,75,1
2026-08,3322 Painting Trades Workers,65,1
2026-08,3322 Painting Trades Workers,55,1
2026-08,2539 Other Medical Practitioners,75,1
2026-08,3411 Electricians,75,1
2026-08,3411 Electricians,60,1
2026-08,2525 Physiotherapists,75,1
2026-08,3332 Plasterers,75,1
2026-08,3334 Wall and Floor Tilers,65,1
2025-04,2613 Software and Applications Programmers,75,1
2025-04,2613 Software and Applications Programmers,70,2
2025-04,2613 Software and Applications Programmers,80,3
2025-04,2613 Software and Applications Programmers,95,3
2025-04,2613 Software and Applications Programmers,90,4
2025-04,2613 Software and Applications Programmers,85,7
2025-04,3212 Motor Mechanics,65,1
2025-04,3212 Motor Mechanics,70,1
2025-04,3212 Motor Mechanics,80,2
2025-04,3212 Motor Mechanics,60,1
2025-04,2332 Civil Engineering Professionals,65,8
2025-04,2332 Civil Engineering Professionals,75,4
2025-04,2332 Civil Engineering Professionals,70,3
2025-04,2332 Civil Engineering Professionals,80,5
2025-04,2332 Civil Engineering Professionals,90,3
2025-04,2332 Civil Engineering Professionals,85,6
2025-04,2332 Civil Engineering Professionals,60,1
2025-04,2411 Early Childhood (Pre-primary School) Teachers,65,5
2025-04,2411 Early Childhood (Pre-primary School) Teachers,75,4
2025-04,2411 Early Childhood (Pre-primary School) Teachers,70,13
2025-04,2411 Early Childhood (Pre-primary School) Teachers,80,2
2025-04,2411 Early Childhood (Pre-primary School) Teachers,90,1
2025-04,2411 Early Childhood (Pre-primary School) Teachers,85,3
2025-04,2411 Early Childhood (Pre-primary School) Teachers,55,1
2025-04,2411 Early Childhood (Pre-primary School) Teachers,60,2
2025-04,2611 ICT Business and Systems Analysts,65,1
2025-04,2611 ICT Business and Systems Analysts,75,4
2025-04,2611 ICT Business and Systems Analysts,70,1
2025-04,2611 ICT Business and Systems Analysts,80,2
2025-04,2611 ICT Business and Systems Analysts,95,1
2025-04,2611 ICT Business and Systems Analysts,90,2
2025-04,2611 ICT Business and Systems Analysts,85,3
2025-04,2211 Accountants,65,4
2025-04,2211 Accountants,75,1
2025-04,2211 Accountants,70,4
2025-04,2211 Accountants,90,1
2025-04,2211 Accountants,85,1
2025-04,2211 Accountants,60,1
2025-04,"2621 Database and Systems Administrators, and ICT Security Specialists",65,1
2025-04,"2621 Database and Systems Administrators, and ICT Security Specialists",70,2
2025-04,"2212 Auditors, Company Secretaries and Corporate Treasurers",65,2
2025-04,"2212 Auditors, Company Secretaries and Corporate Treasurers",75,1
2025-04,2345 Life Scientists,85,1
2025-04,"2335 Industrial, Mechanical and Production Engineers",65,1
2025-04,"2335 Industrial, Mechanical and Production Engineers",75,1
2025-04,"2335 Industrial, Mechanical and Production Engineers",70,2
2025-04,"2335 Industrial, Mechanical and Production Engineers",80,3
2025-04,"2335 Industrial, Mechanical and Production Engineers",90,3
2025-04,"2335 Industrial, Mechanical and Production Engineers",85,1
2025-04,2339 Other Engineering Professionals,65,3
2025-04,2339 Other Engineering Professionals,70,1
2025-04,2339 Other Engineering Professionals,90,1
2025-04,2341 Agricultural and Forestry Scientists,65,2
2025-04,2341 Agricultural and Forestry Scientists,75,1
2025-04,2341 Agricultural and Forestry Scientists,90,1
2025-04,2544 Registered Nurses,65,22
2025-04,2544 Registered Nurses,75,12
2025-04,2544 Registered Nurses,70,29
2025-04,2544 Registered Nurses,80,12
2025-04,2544 Registered Nurses,90,3
2025-04,2544 Registered Nurses,85,15
2025-04,2544 Registered Nurses,55,3
2025-04,2544 Registered Nurses,60,4
2025-04,2544 Registered Nurses,50,1
2025-04,3513 Chefs,65,4
2025-04,3513 Chefs,75,6
2025-04,3513 Chefs,70,3
2025-04,3513 Chefs,80,6
2025-04,3513 Chefs,55,1
2025-04,3513 Chefs,60,3
2025-04,2334 Electronics Engineers,65,1
2025-04,2334 Electronics Engineers,75,1
2025-04,2334 Electronics Engineers,85,1
2025-04,3232 Metal Fitters and Machinists,75,1
2025-04,2631 Computer Network Professionals,75,1
2025-04,2631 Computer Network Professionals,80,1
2025-04,2631 Computer Network Professionals,85,1
2025-04,2631 Computer Network Professionals,60,1
2025-04,"2342 Chemists, and Food and Wine Scientists",65,1
2025-04,2713 Solicitors,85,1
2025-04,2331 Chemical and Materials Engineers,90,2
2025-04,3123 Electrical Engineering Draftspersons and Technicians,75,1
2025-04,2333 Electrical Engineers,65,2
2025-04,2333 Electrical Engineers,75,2
2025-04,2333 Electrical Engineers,80,1
2025-04,2333 Electrical Engineers,60,1
2025-04,2321 Architects and Landscape Architects,65,4
2025-04,2321 Architects and Landscape Architects,75,2
2025-04,2321 Architects and Landscape Architects,70,2
2025-04,2321 Architects and Landscape Architects,80,1
2025-04,2321 Architects and Landscape Architects,95,1
2025-04,2321 Architects and Landscape Architects,90,2
2025-04,2531 General Practitioners and Resident Medical officers,75,2
2025-04,2531 General Practitioners and Resident Medical officers,80,6
2025-04,2531 General Practitioners and Resident Medical officers,90,4
2025-04,2531 General Practitioners and Resident Medical officers,85,14
2025-04,2414 Secondary School Teachers,65,3
2025-04,2414 Secondary School Teachers,75,5
2025-04,2414 Secondary School Teachers,70,5
2025-04,2414 Secondary School Teachers,80,4
2025-04,2414 Secondary School Teachers,85,2
2025-04,2414 Secondary School Teachers,60,1
2025-04,"2241 Actuaries, Mathematicians and Statisticians",75,1
2025-04,"2241 Actuaries, Mathematicians and Statisticians",90,1
2025-04,2421 University Lecturers and Tutors,65,1
2025-04,2421 University Lecturers and Tutors,75,2
2025-04,2421 University Lecturers and Tutors,70,1
2025-04,2421 University Lecturers and Tutors,80,2
2025-04,2421 University Lecturers and Tutors,95,2
2025-04,2421 University Lecturers and Tutors,85,2
2025-04,1332 Engineering Managers,70,3
2025-04,3122 Civil Engineering Draftspersons and Technicians,65,1
2025-04,3122 Civil Engineering Draftspersons and Technicians,75,7
2025-04,3122 Civil Engineering Draftspersons and Technicians,70,3
2025-04,3122 Civil Engineering Draftspersons and Technicians,80,1
2025-04,3122 Civil Engineering Draftspersons and Technicians,90,1
2025-04,3122 Civil Engineering Draftspersons and Technicians,85,1
2025-04,3122 Civil Engineering Draftspersons and Technicians,60,1
2025-04,2336 Mining Engineers,80,1
2025-04,2336 Mining Engineers,90,1
2025-04,2336 Mining Engineers,85,1
2025-04,3223 Structural Steel and Welding Trades Workers,75,2
2025-04,3223 Structural Steel and Welding Trades Workers,70,1
2025-04,1331 Construction Managers,65,2
2025-04,1331 Construction Managers,75,3
2025-04,1331 Construction Managers,70,2
2025-04,1331 Construction Managers,80,4
2025-04,1331 Construction Managers,90,1
2025-04,1331 Construction Managers,85,4
2025-04,2343 Environmental Scientists,75,1
2025-04,2343 Environmental Scientists,80,1
2025-04,2343 Environmental Scientists,85,2
2025-04,3312 Carpenters and Joiners,65,5
2025-04,3312 Carpenters and Joiners,75,1
2025-04,3312 Carpenters and Joiners,70,6
2025-04,3312 Carpenters and Joiners,80,1
2025-04,3312 Carpenters and Joiners,60,2
2025-04,2725 Social Workers,65,1
2025-04,2725 Social Workers,75,2
2025-04,2725 Social Workers,70,2
2025-04,2725 Social Workers,80,4
2025-04,2725 Social Workers,85,4
2025-04,2725 Social Workers,60,1
2025-04,3322 Painting Trades Workers,65,2
2025-04,3322 Painting Trades Workers,70,1
2025-04,3322 Painting Trades Workers,80,1
2025-04,3322 Painting Trades Workers,85,1
2025-04,2521 Chiropractors and Osteopaths,60,1
2025-04,3941 Cabinetmakers,70,1
2025-04,2243 Economists,90,1
2025-04,3311 Bricklayers and Stonemasons,65,1
2025-04,1342 Health and Welfare Services Managers,75,1
2025-04,2539 Other Medical Practitioners,65,1
2025-04,2539 Other Medical Practitioners,90,1
2025-04,3411 Electricians,65,2
2025-04,3411 Electricians,75,3
2025-04,3411 Electricians,70,1
2025-04,3411 Electricians,55,1
2025-04,2525 Physiotherapists,75,4
2025-04,2525 Physiotherapists,70,1
2025-04,2525 Physiotherapists,80,6
2025-04,2525 Physiotherapists,90,1
2025-04,2525 Physiotherapists,85,1
2025-04,2527 Speech Professionals and Audiologists,70,2
2025-04,2527 Speech Professionals and Audiologists,80,3
2025-04,2527 Speech Professionals and Audiologists,90,1
2025-04,2524 Occupational Therapists,65,1
2025-04,2524 Occupational Therapists,75,5
2025-04,2524 Occupational Therapists,70,3
2025-04,2524 Occupational Therapists,80,2
2025-04,2524 Occupational Therapists,85,2
2025-04,2524 Occupational Therapists,55,1
2025-04,2524 Occupational Therapists,60,1
2025-04,2723 Psychologists,75,1
2025-04,2541 Midwives,80,1
2025-04,3241 Panelbeaters,55,1
2025-04,2533 Internal Medicine Specialists,75,1
2025-04,3332 Plasterers,80,1
2025-04,3334 Wall and Floor Tilers,65,1
2025-04,3334 Wall and Floor Tilers,60,1
2025-04,3334 Wall and Floor Tilers,50,1
2025-04,2534 Psychiatrists,75,1
2025-12,2613 Software and Applications Programmers,65,2
2025-12,2613 Software and Applications Programmers,75,2
2025-12,2613 Software and Applications Programmers,70,1
2025-12,2613 Software and Applications Programmers,80,4
2025-12,2613 Software and Applications Programmers,95,2
2025-12,2613 Software and Applications Programmers,90,1
2025-12,2613 Software and Applications Programmers,85,1
2025-12,3212 Motor Mechanics,75,3
2025-12,3212 Motor Mechanics,70,2
2025-12,3212 Motor Mechanics,80,1
2025-12,2332 Civil Engineering Professionals,65,2
2025-12,2332 Civil Engineering Professionals,75,1
2025-12,2332 Civil Engineering Professionals,80,6
2025-12,2332 Civil Engineering Professionals,95,2
2025-12,2332 Civil Engineering Professionals,90,2
2025-12,2332 Civil Engineering Professionals,85,5
2025-12,2332 Civil Engineering Professionals,100,1
2025-12,2411 Early Childhood (Pre-primary School) Teachers,65,16
2025-12,2411 Early Childhood (Pre-primary School) Teachers,75,14
2025-12,2411 Early Childhood (Pre-primary School) Teachers,70,18
2025-12,2411 Early Childhood (Pre-primary School) Teachers,80,9
2025-12,2411 Early Childhood (Pre-primary School) Teachers,85,3
2025-12,2411 Early Childhood (Pre-primary School) Teachers,60,1
2025-12,2611 ICT Business and Systems Analysts,65,1
2025-12,2611 ICT Business and Systems Analysts,70,2
2025-12,2611 ICT Business and Systems Analysts,80,2
2025-12,2611 ICT Business and Systems Analysts,85,1
2025-12,2211 Accountants,65,1
2025-12,2211 Accountants,75,1
2025-12,2211 Accountants,60,2
2025-12,2344 Geologists Geophysicists and Hydrogeologists,75,2
2025-12,"2621 Database and Systems Administrators, and ICT Security Specialists",80,1
2025-12,"2212 Auditors, Company Secretaries and Corporate Treasurers",90,2
2025-12,2345 Life Scientists,65,2
2025-12,2345 Life Scientists,75,1
2025-12,2345 Life Scientists,80,2
2025-12,"2335 Industrial, Mechanical and Production Engineers",75,1
2025-12,"2335 Industrial, Mechanical and Production Engineers",70,1
2025-12,"2335 Industrial, Mechanical and Production Engineers",80,2
2025-12,"2335 Industrial, Mechanical and Production Engineers",95,3
2025-12,"2335 Industrial, Mechanical and Production Engineers",90,1
2025-12,"2335 Industrial, Mechanical and Production Engineers",55,1
2025-12,"2335 Industrial, Mechanical and Production Engineers",60,1
2025-12,"2335 Industrial, Mechanical and Production Engineers",100,1
2025-12,2339 Other Engineering Professionals,80,2
2025-12,2339 Other Engineering Professionals,95,1
2025-12,2339 Other Engineering Professionals,85,1
2025-12,2341 Agricultural and Forestry Scientists,60,1
2025-12,2544 Registered Nurses,65,12
2025-12,2544 Registered Nurses,75,59
2025-12,2544 Registered Nurses,70,42
2025-12,2544 Registered Nurses,80,5
2025-12,2544 Registered Nurses,85,3
2025-12,2544 Registered Nurses,60,2
2025-12,3513 Chefs,65,3
2025-12,3513 Chefs,75,1
2025-12,3513 Chefs,70,4
2025-12,3513 Chefs,80,1
2025-12,3513 Chefs,95,1
2025-12,3513 Chefs,60,2
2025-12,2334 Electronics Engineers,80,2
2025-12,2334 Electronics Engineers,100,1
2025-12,3232 Metal Fitters and Machinists,80,1
2025-12,2631 Computer Network Professionals,75,1
2025-12,2631 Computer Network Professionals,70,1
2025-12,2631 Computer Network Professionals,60,1
2025-12,2713 Solicitors,80,2
2025-12,2331 Chemical and Materials Engineers,65,2
2025-12,3123 Electrical Engineering Draftspersons and Technicians,70,1
2025-12,2333 Electrical Engineers,65,3
2025-12,2333 Electrical Engineers,75,1
2025-12,2333 Electrical Engineers,80,3
2025-12,2333 Electrical Engineers,95,3
2025-12,2333 Electrical Engineers,90,1
2025-12,2333 Electrical Engineers,85,4
2025-12,2333 Electrical Engineers,100,1
2025-12,2321 Architects and Landscape Architects,70,1
2025-12,2321 Architects and Landscape Architects,80,1
2025-12,2531 General Practitioners and Resident Medical officers,65,2
2025-12,2531 General Practitioners and Resident Medical officers,75,5
2025-12,2531 General Practitioners and Resident Medical officers,70,7
2025-12,2531 General Practitioners and Resident Medical officers,80,1
2025-12,2531 General Practitioners and Resident Medical officers,90,1
2025-12,2531 General Practitioners and Resident Medical officers,85,1
2025-12,2531 General Practitioners and Resident Medical officers,60,3
2025-12,2414 Secondary School Teachers,65,14
2025-12,2414 Secondary School Teachers,75,25
2025-12,2414 Secondary School Teachers,70,18
2025-12,2414 Secondary School Teachers,80,2
2025-12,2414 Secondary School Teachers,85,1
2025-12,2414 Secondary School Teachers,60,5
2025-12,"2241 Actuaries, Mathematicians and Statisticians",80,1
2025-12,2421 University Lecturers and Tutors,65,2
2025-12,2421 University Lecturers and Tutors,80,1
2025-12,2421 University Lecturers and Tutors,60,1
2025-12,1332 Engineering Managers,85,1
2025-12,3122 Civil Engineering Draftspersons and Technicians,65,1
2025-12,3122 Civil Engineering Draftspersons and Technicians,80,1
2025-12,2322 Cartographers and Surveyors,75,1
2025-12,2336 Mining Engineers,80,1
2025-12,2336 Mining Engineers,85,1
2025-12,3223 Structural Steel and Welding Trades Workers,70,6
2025-12,1331 Construction Managers,75,7
2025-12,1331 Construction Managers,70,4
2025-12,1331 Construction Managers,80,7
2025-12,1331 Construction Managers,85,1
2025-12,2343 Environmental Scientists,70,1
2025-12,3132 Telecommunications Technical Specialists,60,1
2025-12,3312 Carpenters and Joiners,65,1
2025-12,3312 Carpenters and Joiners,70,2
2025-12,3312 Carpenters and Joiners,55,1
2025-12,3312 Carpenters and Joiners,60,7
2025-12,2725 Social Workers,75,2
2025-12,2725 Social Workers,70,2
2025-12,2725 Social Workers,85,2
2025-12,3322 Painting Trades Workers,65,1
2025-12,3941 Cabinetmakers,65,1
2025-12,3941 Cabinetmakers,75,2
2025-12,3941 Cabinetmakers,70,2
2025-12,3311 Bricklayers and Stonemasons,65,1
2025-12,3311 Bricklayers and Stonemasons,60,2
2025-12,2539 Other Medical Practitioners,75,1
2025-12,2539 Other Medical Practitioners,70,2
2025-12,2539 Other Medical Practitioners,60,1
2025-12,3411 Electricians,65,1
2025-12,3411 Electricians,70,1
2025-12,3411 Electricians,80,1
2025-12,3411 Electricians,60,4
2025-12,2525 Physiotherapists,65,1
2025-12,2525 Physiotherapists,75,1
2025-12,2525 Physiotherapists,70,1
2025-12,2512 Medical Imaging Professionals,70,1
2025-12,3222 Sheetmetal Trades Workers,75,1
2025-12,2527 Speech Professionals and Audiologists,70,2
2025-12,2524 Occupational Therapists,65,2
2025-12,2524 Occupational Therapists,75,2
2025-12,2524 Occupational Therapists,70,2
2025-12,2524 Occupational Therapists,60,1
2025-12,3421 Airconditioning and Refrigeration Mechanics,65,1
2025-12,2346 Medical Laboratory Scientists,70,1
2025-12,2415 Special Education Teachers,70,1
2025-12,2723 Psychologists,75,1
2025-12,2723 Psychologists,70,1
2025-12,2723 Psychologists,60,1
2025-12,2541 Midwives,70,4
2025-12,2541 Midwives,80,1
2025-12,3341 Plumbers,70,1
2025-12,2533 Internal Medicine Specialists,75,1
2025-12,2533 Internal Medicine Specialists,70,2
2025-12,2533 Internal Medicine Specialists,85,1
2025-12,2533 Internal Medicine Specialists,60,1
2025-12,3332 Plasterers,60,1
2025-12,3334 Wall and Floor Tilers,65,2
2025-12,3334 Wall and Floor Tilers,55,1
2025-12,3211 Automotive Electricians,75,1
2025-11,2613 Software and Applications Programmers,75,2
2025-11,2613 Software and Applications Programmers,70,1
2025-11,2613 Software and Applications Programmers,80,2
2025-11,2613 Software and Applications Programmers,90,1
2025-11,2613 Software and Applications Programmers,85,2
2025-11,2613 Software and Applications Programmers,60,1
2025-11,3212 Motor Mechanics,65,1
2025-11,3212 Motor Mechanics,75,2
2025-11,3212 Motor Mechanics,80,4
2025-11,3212 Motor Mechanics,85,1
2025-11,2332 Civil Engineering Professionals,65,1
2025-11,2332 Civil Engineering Professionals,75,2
2025-11,2332 Civil Engineering Professionals,70,2
2025-11,2332 Civil Engineering Professionals,80,3
2025-11,2332 Civil Engineering Professionals,95,3
2025-11,2332 Civil Engineering Professionals,85,1
2025-11,2332 Civil Engineering Professionals,55,2
2025-11,2332 Civil Engineering Professionals,100,1
2025-11,2411 Early Childhood (Pre-primary School) Teachers,65,4
2025-11,2411 Early Childhood (Pre-primary School) Teachers,75,12
2025-11,2411 Early Childhood (Pre-primary School) Teachers,70,4
2025-11,2411 Early Childhood (Pre-primary School) Teachers,80,15
2025-11,2411 Early Childhood (Pre-primary School) Teachers,95,3
2025-11,2411 Early Childhood (Pre-primary School) Teachers,90,61
2025-11,2411 Early Childhood (Pre-primary School) Teachers,85,321
2025-11,2411 Early Childhood (Pre-primary School) Teachers,60,2
2025-11,2611 ICT Business and Systems Analysts,65,1
2025-11,2611 ICT Business and Systems Analysts,75,1
2025-11,2611 ICT Business and Systems Analysts,70,2
2025-11,2611 ICT Business and Systems Analysts,80,2
2025-11,2611 ICT Business and Systems Analysts,95,1
2025-11,2611 ICT Business and Systems Analysts,90,2
2025-11,2611 ICT Business and Systems Analysts,100,1
2025-11,2211 Accountants,65,2
2025-11,2211 Accountants,75,3
2025-11,2211 Accountants,70,1
2025-11,2211 Accountants,80,1
2025-11,2211 Accountants,60,2
2025-11,2344 Geologists Geophysicists and Hydrogeologists,90,9
2025-11,2344 Geologists Geophysicists and Hydrogeologists,85,2
2025-11,"2621 Database and Systems Administrators, and ICT Security Specialists",80,1
2025-11,"2212 Auditors, Company Secretaries and Corporate Treasurers",65,1
2025-11,"2212 Auditors, Company Secretaries and Corporate Treasurers",85,1
2025-11,2345 Life Scientists,80,2
2025-11,2345 Life Scientists,95,39
2025-11,2345 Life Scientists,90,102
2025-11,2345 Life Scientists,85,124
2025-11,2345 Life Scientists,110,1
2025-11,2345 Life Scientists,100,15
2025-11,2345 Life Scientists,105,3
2025-11,"2335 Industrial, Mechanical and Production Engineers",65,1
2025-11,"2335 Industrial, Mechanical and Production Engineers",75,1
2025-11,"2335 Industrial, Mechanical and Production Engineers",70,1
2025-11,2339 Other Engineering Professionals,75,1
2025-11,2339 Other Engineering Professionals,80,2
2025-11,2339 Other Engineering Professionals,90,3
2025-11,2339 Other Engineering Professionals,50,1
2025-11,2339 Other Engineering Professionals,100,1
2025-11,2341 Agricultural and Forestry Scientists,75,1
2025-11,2341 Agricultural and Forestry Scientists,95,10
2025-11,2341 Agricultural and Forestry Scientists,90,45
2025-11,2341 Agricultural and Forestry Scientists,85,56
2025-11,2341 Agricultural and Forestry Scientists,100,2
2025-11,2341 Agricultural and Forestry Scientists,105,1
2025-11,2544 Registered Nurses,65,41
2025-11,2544 Registered Nurses,75,1261
2025-11,2544 Registered Nurses,70,35
2025-11,2544 Registered Nurses,80,1135
2025-11,2544 Registered Nurses,95,6
2025-11,2544 Registered Nurses,90,60
2025-11,2544 Registered Nurses,85,367
2025-11,2544 Registered Nurses,60,2
2025-11,2544 Registered Nurses,100,1
2025-11,2544 Registered Nurses,120,1
2025-11,3513 Chefs,65,1
2025-11,3513 Chefs,75,2
2025-11,3513 Chefs,80,2
2025-11,3513 Chefs,90,1
2025-11,3513 Chefs,85,1
2025-11,3513 Chefs,55,1
2025-11,2334 Electronics Engineers,75,1
2025-11,2334 Electronics Engineers,90,1
2025-11,3232 Metal Fitters and Machinists,70,1
2025-11,3232 Metal Fitters and Machinists,95,1
2025-11,3232 Metal Fitters and Machinists,90,1
2025-11,3232 Metal Fitters and Machinists,85,6
2025-11,2631 Computer Network Professionals,95,1
2025-11,2631 Computer Network Professionals,85,2
2025-11,"2342 Chemists, and Food and Wine Scientists",80,2
2025-11,"2342 Chemists, and Food and Wine Scientists",95,17
2025-11,"2342 Chemists, and Food and Wine Scientists",90,72
2025-11,"2342 Chemists, and Food and Wine Scientists",85,120
2025-11,"2342 Chemists, and Food and Wine Scientists",100,3
2025-11,"2342 Chemists, and Food and Wine Scientists",105,3
2025-11,2713 Solicitors,95,6
2025-11,2713 Solicitors,90,125
2025-11,2713 Solicitors,85,157
2025-11,2331 Chemical and Materials Engineers,95,23
2025-11,2331 Chemical and Materials Engineers,90,124
2025-11,2331 Chemical and Materials Engineers,85,176
2025-11,2331 Chemical and Materials Engineers,100,5
2025-11,2331 Chemical and Materials Engineers,105,1
2025-11,3123 Electrical Engineering Draftspersons and Technicians,90,11
2025-11,3123 Electrical Engineering Draftspersons and Technicians,85,20
2025-11,2333 Electrical Engineers,70,1
2025-11,2333 Electrical Engineers,80,1
2025-11,2333 Electrical Engineers,90,1
2025-11,2333 Electrical Engineers,55,1
2025-11,2333 Electrical Engineers,100,1
2025-11,2321 Architects and Landscape Architects,75,1
2025-11,2321 Architects and Landscape Architects,95,6
2025-11,2321 Architects and Landscape Architects,90,56
2025-11,2321 Architects and Landscape Architects,85,79
2025-11,2321 Architects and Landscape Architects,110,1
2025-11,2531 General Practitioners and Resident Medical officers,65,4
2025-11,2531 General Practitioners and Resident Medical officers,75,72
2025-11,2531 General Practitioners and Resident Medical officers,70,7
2025-11,2531 General Practitioners and Resident Medical officers,80,148
2025-11,2531 General Practitioners and Resident Medical officers,95,3
2025-11,2531 General Practitioners and Resident Medical officers,90,21
2025-11,2531 General Practitioners and Resident Medical officers,85,67
2025-11,2531 General Practitioners and Resident Medical officers,60,1
2025-11,2531 General Practitioners and Resident Medical officers,100,1
2025-11,2247 Management and Organisation Analysts,95,6
2025-11,2247 Management and Organisation Analysts,90,68
2025-11,2247 Management and Organisation Analysts,85,99
2025-11,2247 Management and Organisation Analysts,100,1
2025-11,2347 Veterinarians,95,7
2025-11,2347 Veterinarians,90,27
2025-11,2347 Veterinarians,85,68
2025-11,2347 Veterinarians,100,2
2025-11,2414 Secondary School Teachers,65,4
2025-11,2414 Secondary School Teachers,75,104
2025-11,2414 Secondary School Teachers,70,16
2025-11,2414 Secondary School Teachers,80,311
2025-11,2414 Secondary School Teachers,95,2
2025-11,2414 Secondary School Teachers,90,12
2025-11,2414 Secondary School Teachers,85,102
2025-11,2414 Secondary School Teachers,60,2
2025-11,2414 Secondary School Teachers,100,1
2025-11,1341 Child Care Centre Managers,75,2
2025-11,1341 Child Care Centre Managers,70,1
2025-11,1341 Child Care Centre Managers,80,1
2025-11,"2241 Actuaries, Mathematicians and Statisticians",95,14
2025-11,"2241 Actuaries, Mathematicians and Statisticians",90,139
2025-11,"2241 Actuaries, Mathematicians and Statisticians",85,134
2025-11,"2241 Actuaries, Mathematicians and Statisticians",100,1
2025-11,3331 Glaziers,65,4
2025-11,3331 Glaziers,75,2
2025-11,3331 Glaziers,70,2
2025-11,2421 University Lecturers and Tutors,75,1
2025-11,2633 Telecommunications Engineering Professionals,95,29
2025-11,2633 Telecommunications Engineering Professionals,90,11
2025-11,2633 Telecommunications Engineering Professionals,100,6
2025-11,1332 Engineering Managers,95,1
2025-11,1332 Engineering Managers,90,1
2025-11,1332 Engineering Managers,85,19
2025-11,3122 Civil Engineering Draftspersons and Technicians,80,1
2025-11,3122 Civil Engineering Draftspersons and Technicians,95,7
2025-11,3122 Civil Engineering Draftspersons and Technicians,90,68
2025-11,3122 Civil Engineering Draftspersons and Technicians,85,193
2025-11,1399 Other Specialist Managers,95,2
2025-11,1399 Other Specialist Managers,90,9
2025-11,1399 Other Specialist Managers,85,16
2025-11,2322 Cartographers and Surveyors,80,1
2025-11,2322 Cartographers and Surveyors,95,5
2025-11,2322 Cartographers and Surveyors,90,12
2025-11,2322 Cartographers and Surveyors,85,28
2025-11,2322 Cartographers and Surveyors,100,2
2025-11,2245 Land Economists and Valuers,90,8
2025-11,2245 Land Economists and Valuers,85,18
2025-11,2336 Mining Engineers,95,2
2025-11,2336 Mining Engineers,90,32
2025-11,2336 Mining Engineers,85,60
2025-11,2336 Mining Engineers,100,1
2025-11,2612 Multimedia Specialists and Web Developers,95,24
2025-11,2612 Multimedia Specialists and Web Developers,90,20
2025-11,2612 Multimedia Specialists and Web Developers,100,1
2025-11,3223 Structural Steel and Welding Trades Workers,65,3
2025-11,3223 Structural Steel and Welding Trades Workers,75,1
2025-11,3223 Structural Steel and Welding Trades Workers,80,1
2025-11,3223 Structural Steel and Welding Trades Workers,95,1
2025-11,3223 Structural Steel and Welding Trades Workers,90,3
2025-11,3223 Structural Steel and Welding Trades Workers,85,9
2025-11,3223 Structural Steel and Welding Trades Workers,55,1
2025-11,2349 Other Natural and Physical Science Professionals,95,4
2025-11,2349 Other Natural and Physical Science Professionals,90,18
2025-11,2349 Other Natural and Physical Science Professionals,85,20
2025-11,2349 Other Natural and Physical Science Professionals,115,1
2025-11,1331 Construction Managers,75,4
2025-11,1331 Construction Managers,70,3
2025-11,1331 Construction Managers,80,1
2025-11,1331 Construction Managers,95,5
2025-11,1331 Construction Managers,90,26
2025-11,1331 Construction Managers,85,73
2025-11,2343 Environmental Scientists,95,23
2025-11,2343 Environmental Scientists,90,71
2025-11,2343 Environmental Scientists,85,87
2025-11,2343 Environmental Scientists,100,1
2025-11,2711 Barristers,90,2
2025-11,3132 Telecommunications Technical Specialists,75,1
2025-11,3132 Telecommunications Technical Specialists,95,2
2025-11,3132 Telecommunications Technical Specialists,90,6
2025-11,3312 Carpenters and Joiners,65,366
2025-11,3312 Carpenters and Joiners,75,109
2025-11,3312 Carpenters and Joiners,70,241
2025-11,3312 Carpenters and Joiners,80,53
2025-11,3312 Carpenters and Joiners,90,8
2025-11,3312 Carpenters and Joiners,85,6
2025-11,3312 Carpenters and Joiners,55,1
2025-11,3312 Carpenters and Joiners,60,14
2025-11,3312 Carpenters and Joiners,50,3
2025-11,2725 Social Workers,75,80
2025-11,2725 Social Workers,70,1
2025-11,2725 Social Workers,80,276
2025-11,2725 Social Workers,95,4
2025-11,2725 Social Workers,90,22
2025-11,2725 Social Workers,85,96
2025-11,2725 Social Workers,100,1
2025-11,3322 Painting Trades Workers,65,5
2025-11,3322 Painting Trades Workers,75,85
2025-11,3322 Painting Trades Workers,70,78
2025-11,3322 Painting Trades Workers,80,27
2025-11,3322 Painting Trades Workers,90,1
2025-11,3322 Painting Trades Workers,85,6
2025-11,3322 Painting Trades Workers,55,1
2025-11,3322 Painting Trades Workers,60,2
2025-11,3423 Electronics Trades Workers,90,2
2025-11,3423 Electronics Trades Workers,85,11
2025-11,3423 Electronics Trades Workers,110,1
2025-11,2521 Chiropractors and Osteopaths,90,2
2025-11,2521 Chiropractors and Osteopaths,85,1
2025-11,3941 Cabinetmakers,65,1
2025-11,3941 Cabinetmakers,80,1
2025-11,3941 Cabinetmakers,85,2
2025-11,2243 Economists,95,3
2025-11,2243 Economists,90,15
2025-11,2243 Economists,85,24
2025-11,3311 Bricklayers and Stonemasons,65,54
2025-11,3311 Bricklayers and Stonemasons,75,8
2025-11,3311 Bricklayers and Stonemasons,70,30
2025-11,3311 Bricklayers and Stonemasons,80,1
2025-11,3311 Bricklayers and Stonemasons,90,1
2025-11,3311 Bricklayers and Stonemasons,85,1
2025-11,3311 Bricklayers and Stonemasons,60,1
2025-11,1342 Health and Welfare Services Managers,90,3
2025-11,1342 Health and Welfare Services Managers,85,2
2025-11,2539 Other Medical Practitioners,75,36
2025-11,2539 Other Medical Practitioners,80,127
2025-11,2539 Other Medical Practitioners,95,2
2025-11,2539 Other Medical Practitioners,90,21
2025-11,2539 Other Medical Practitioners,85,61
2025-11,2539 Other Medical Practitioners,100,1
2025-11,3411 Electricians,65,62
2025-11,3411 Electricians,75,27
2025-11,3411 Electricians,70,36
2025-11,3411 Electricians,80,8
2025-11,3411 Electricians,95,1
2025-11,3411 Electricians,55,1
2025-11,3411 Electricians,60,4
2025-11,2525 Physiotherapists,75,99
2025-11,2525 Physiotherapists,70,3
2025-11,2525 Physiotherapists,80,92
2025-11,2525 Physiotherapists,95,1
2025-11,2525 Physiotherapists,90,11
2025-11,2525 Physiotherapists,85,27
2025-11,2525 Physiotherapists,60,1
2025-11,2512 Medical Imaging Professionals,65,1
2025-11,2512 Medical Imaging Professionals,75,27
2025-11,2512 Medical Imaging Professionals,70,1
2025-11,2512 Medical Imaging Professionals,80,26
2025-11,2512 Medical Imaging Professionals,95,4
2025-11,2512 Medical Imaging Professionals,90,9
2025-11,2512 Medical Imaging Professionals,85,14
2025-11,"4523 Sports Coaches, Instructors and Officials",90,1
2025-11,"4523 Sports Coaches, Instructors and Officials",85,1
2025-11,2527 Speech Professionals and Audiologists,65,1
2025-11,2527 Speech Professionals and Audiologists,75,28
2025-11,2527 Speech Professionals and Audiologists,80,20
2025-11,2527 Speech Professionals and Audiologists,90,4
2025-11,2527 Speech Professionals and Audiologists,85,5
2025-11,2524 Occupational Therapists,65,2
2025-11,2524 Occupational Therapists,75,67
2025-11,2524 Occupational Therapists,70,4
2025-11,2524 Occupational Therapists,80,55
2025-11,2524 Occupational Therapists,90,6
2025-11,2524 Occupational Therapists,85,16
2025-11,3421 Airconditioning and Refrigeration Mechanics,65,1
2025-11,3421 Airconditioning and Refrigeration Mechanics,60,1
2025-11,2346 Medical Laboratory Scientists,65,1
2025-11,2346 Medical Laboratory Scientists,75,1
2025-11,2346 Medical Laboratory Scientists,95,2
2025-11,2346 Medical Laboratory Scientists,90,9
2025-11,2346 Medical Laboratory Scientists,85,22
2025-11,2346 Medical Laboratory Scientists,100,1
2025-11,2415 Special Education Teachers,65,1
2025-11,2415 Special Education Teachers,75,5
2025-11,2415 Special Education Teachers,70,1
2025-11,2415 Special Education Teachers,80,5
2025-11,2415 Special Education Teachers,60,1
2025-11,2723 Psychologists,75,5
2025-11,2723 Psychologists,80,46
2025-11,2723 Psychologists,95,1
2025-11,2723 Psychologists,90,5
2025-11,2723 Psychologists,85,18
2025-11,2541 Midwives,75,8
2025-11,2541 Midwives,70,1
2025-11,2541 Midwives,80,19
2025-11,2541 Midwives,90,2
2025-11,2541 Midwives,85,5
2025-11,3341 Plumbers,65,25
2025-11,3341 Plumbers,75,9
2025-11,3341 Plumbers,70,18
2025-11,3341 Plumbers,80,6
2025-11,3341 Plumbers,95,1
2025-11,3341 Plumbers,85,2
2025-11,3991 Boat Builders and Shipwrights,95,1
2025-11,3991 Boat Builders and Shipwrights,90,2
2025-11,3991 Boat Builders and Shipwrights,85,3
2025-11,2533 Internal Medicine Specialists,65,1
2025-11,2533 Internal Medicine Specialists,75,3
2025-11,2533 Internal Medicine Specialists,80,10
2025-11,2533 Internal Medicine Specialists,90,3
2025-11,2533 Internal Medicine Specialists,85,5
2025-11,3332 Plasterers,65,9
2025-11,3332 Plasterers,75,1
2025-11,3332 Plasterers,70,4
2025-11,3332 Plasterers,50,1
2025-11,3334 Wall and Floor Tilers,65,58
2025-11,3334 Wall and Floor Tilers,75,9
2025-11,3334 Wall and Floor Tilers,70,29
2025-11,3334 Wall and Floor Tilers,85,1
2025-11,3334 Wall and Floor Tilers,60,2
2025-11,2112 Music Professionals,90,1
2025-11,"2121 Artistic Directors, and Media Producers and Presenters",85,1
2025-11,3211 Automotive Electricians,85,1
2025-11,3211 Automotive Electricians,50,1
2025-11,2534 Psychiatrists,75,3
2025-11,2534 Psychiatrists,80,3
2025-11,2534 Psychiatrists,90,1
2025-11,2534 Psychiatrists,85,2
2025-11,2514 Optometrists and Orthoptists,75,2
2025-11,2514 Optometrists and Orthoptists,70,1
2025-11,2514 Optometrists and Orthoptists,80,3
2025-11,2535 Surgeons,75,1
2025-11,2535 Surgeons,80,3
2025-11,2535 Surgeons,85,1
2025-11,2526 Podiatrists,75,6
2025-11,2526 Podiatrists,80,4
2025-11,2526 Podiatrists,85,1
2026-02,2613 Software and Applications Programmers,75,3
2026-02,2613 Software and Applications Programmers,80,6
2026-02,2613 Software and Applications Programmers,95,7
2026-02,2613 Software and Applications Programmers,90,12
2026-02,2613 Software and Applications Programmers,85,5
2026-02,2613 Software and Applications Programmers,100,1
2026-02,3212 Motor Mechanics,65,3
2026-02,3212 Motor Mechanics,75,6
2026-02,3212 Motor Mechanics,70,4
2026-02,3212 Motor Mechanics,80,2
2026-02,3212 Motor Mechanics,85,3
2026-02,3212 Motor Mechanics,60,1
2026-02,2332 Civil Engineering Professionals,65,3
2026-02,2332 Civil Engineering Professionals,75,2
2026-02,2332 Civil Engineering Professionals,70,3
2026-02,2332 Civil Engineering Professionals,80,11
2026-02,2332 Civil Engineering Professionals,95,3
2026-02,2332 Civil Engineering Professionals,90,6
2026-02,2332 Civil Engineering Professionals,85,12
2026-02,2411 Early Childhood (Pre-primary School) Teachers,65,1
2026-02,2411 Early Childhood (Pre-primary School) Teachers,75,5
2026-02,2411 Early Childhood (Pre-primary School) Teachers,70,4
2026-02,2411 Early Childhood (Pre-primary School) Teachers,80,4
2026-02,2411 Early Childhood (Pre-primary School) Teachers,90,2
2026-02,2411 Early Childhood (Pre-primary School) Teachers,85,3
2026-02,2411 Early Childhood (Pre-primary School) Teachers,60,3
2026-02,2611 ICT Business and Systems Analysts,65,1
2026-02,2611 ICT Business and Systems Analysts,75,3
2026-02,2611 ICT Business and Systems Analysts,80,2
2026-02,2611 ICT Business and Systems Analysts,95,8
2026-02,2611 ICT Business and Systems Analysts,90,4
2026-02,2611 ICT Business and Systems Analysts,85,3
2026-02,2611 ICT Business and Systems Analysts,100,1
2026-02,2211 Accountants,65,3
2026-02,2211 Accountants,75,2
2026-02,2211 Accountants,70,6
2026-02,2211 Accountants,80,3
2026-02,2211 Accountants,90,3
2026-02,2211 Accountants,85,4
2026-02,2344 Geologists Geophysicists and Hydrogeologists,75,1
2026-02,2344 Geologists Geophysicists and Hydrogeologists,90,1
2026-02,"2621 Database and Systems Administrators, and ICT Security Specialists",80,2
2026-02,"2621 Database and Systems Administrators, and ICT Security Specialists",95,2
2026-02,"2621 Database and Systems Administrators, and ICT Security Specialists",85,3
2026-02,"2621 Database and Systems Administrators, and ICT Security Specialists",100,1
2026-02,"2212 Auditors, Company Secretaries and Corporate Treasurers",65,1
2026-02,2345 Life Scientists,75,1
2026-02,2345 Life Scientists,70,1
2026-02,2345 Life Scientists,80,1
2026-02,"2335 Industrial, Mechanical and Production Engineers",65,1
2026-02,"2335 Industrial, Mechanical and Production Engineers",75,7
2026-02,"2335 Industrial, Mechanical and Production Engineers",70,2
2026-02,"2335 Industrial, Mechanical and Production Engineers",80,2
2026-02,"2335 Industrial, Mechanical and Production Engineers",95,2
2026-02,"2335 Industrial, Mechanical and Production Engineers",90,3
2026-02,"2335 Industrial, Mechanical and Production Engineers",85,2
2026-02,"2335 Industrial, Mechanical and Production Engineers",60,1
2026-02,2339 Other Engineering Professionals,65,1
2026-02,2339 Other Engineering Professionals,70,5
2026-02,2339 Other Engineering Professionals,80,1
2026-02,2339 Other Engineering Professionals,90,1
2026-02,2339 Other Engineering Professionals,85,1
2026-02,2341 Agricultural and Forestry Scientists,90,1
2026-02,2544 Registered Nurses,65,14
2026-02,2544 Registered Nurses,75,30
2026-02,2544 Registered Nurses,70,33
2026-02,2544 Registered Nurses,80,17
2026-02,2544 Registered Nurses,85,9
2026-02,2544 Registered Nurses,60,6
2026-02,2544 Registered Nurses,50,1
2026-02,3513 Chefs,65,11
2026-02,3513 Chefs,75,5
2026-02,3513 Chefs,70,12
2026-02,3513 Chefs,80,5
2026-02,3513 Chefs,90,4
2026-02,3513 Chefs,85,4
2026-02,3513 Chefs,60,2
2026-02,3513 Chefs,50,1
2026-02,2334 Electronics Engineers,90,1
2026-02,3232 Metal Fitters and Machinists,65,1
2026-02,3232 Metal Fitters and Machinists,70,2
2026-02,3232 Metal Fitters and Machinists,60,2
2026-02,2631 Computer Network Professionals,80,1
2026-02,2631 Computer Network Professionals,95,1
2026-02,"2342 Chemists, and Food and Wine Scientists",70,1
2026-02,"2342 Chemists, and Food and Wine Scientists",85,1
2026-02,2331 Chemical and Materials Engineers,75,1
2026-02,2331 Chemical and Materials Engineers,80,1
2026-02,3123 Electrical Engineering Draftspersons and Technicians,70,1
2026-02,3123 Electrical Engineering Draftspersons and Technicians,80,1
2026-02,2333 Electrical Engineers,65,2
2026-02,2333 Electrical Engineers,75,2
2026-02,2333 Electrical Engineers,80,2
2026-02,2333 Electrical Engineers,90,2
2026-02,2333 Electrical Engineers,85,1
2026-02,2321 Architects and Landscape Architects,80,2
2026-02,2531 General Practitioners and Resident Medical officers,65,1
2026-02,2531 General Practitioners and Resident Medical officers,75,5
2026-02,2531 General Practitioners and Resident Medical officers,70,1
2026-02,2531 General Practitioners and Resident Medical officers,80,5
2026-02,2531 General Practitioners and Resident Medical officers,90,2
2026-02,2531 General Practitioners and Resident Medical officers,85,2
2026-02,2531 General Practitioners and Resident Medical officers,60,2
2026-02,2247 Management and Organisation Analysts,65,1
2026-02,2247 Management and Organisation Analysts,85,1
2026-02,2347 Veterinarians,65,1
2026-02,2347 Veterinarians,75,2
2026-02,2347 Veterinarians,80,1
2026-02,2347 Veterinarians,90,2
2026-02,2414 Secondary School Teachers,65,7
2026-02,2414 Secondary School Teachers,75,13
2026-02,2414 Secondary School Teachers,70,6
2026-02,2414 Secondary School Teachers,80,3
2026-02,2414 Secondary School Teachers,85,1
2026-02,2414 Secondary School Teachers,60,3
2026-02,1341 Child Care Centre Managers,60,1
2026-02,"2241 Actuaries, Mathematicians and Statisticians",75,1
2026-02,"2241 Actuaries, Mathematicians and Statisticians",85,1
2026-02,3331 Glaziers,70,1
2026-02,3331 Glaziers,60,1
2026-02,2421 University Lecturers and Tutors,75,1
2026-02,2421 University Lecturers and Tutors,80,2
2026-02,2421 University Lecturers and Tutors,85,2
2026-02,2421 University Lecturers and Tutors,60,1
2026-02,1332 Engineering Managers,65,1
2026-02,3122 Civil Engineering Draftspersons and Technicians,75,3
2026-02,3122 Civil Engineering Draftspersons and Technicians,70,2
2026-02,3122 Civil Engineering Draftspersons and Technicians,80,7
2026-02,3122 Civil Engineering Draftspersons and Technicians,85,2
2026-02,2322 Cartographers and Surveyors,90,1
2026-02,2245 Land Economists and Valuers,80,1
2026-02,2336 Mining Engineers,65,1
2026-02,2336 Mining Engineers,80,2
2026-02,2336 Mining Engineers,85,1
2026-02,3223 Structural Steel and Welding Trades Workers,65,2
2026-02,3223 Structural Steel and Welding Trades Workers,75,1
2026-02,3223 Structural Steel and Welding Trades Workers,70,4
2026-02,3223 Structural Steel and Welding Trades Workers,80,1
2026-02,1331 Construction Managers,75,1
2026-02,1331 Construction Managers,70,3
2026-02,1331 Construction Managers,80,1
2026-02,1331 Construction Managers,90,1
2026-02,1331 Construction Managers,85,1
2026-02,1331 Construction Managers,60,1
2026-02,2343 Environmental Scientists,65,1
2026-02,2343 Environmental Scientists,70,1
2026-02,2343 Environmental Scientists,80,2
2026-02,3132 Telecommunications Technical Specialists,85,2
2026-02,3312 Carpenters and Joiners,65,9
2026-02,3312 Carpenters and Joiners,75,4
2026-02,3312 Carpenters and Joiners,70,3
2026-02,3312 Carpenters and Joiners,80,1
2026-02,3312 Carpenters and Joiners,55,3
2026-02,3312 Carpenters and Joiners,60,10
2026-02,3312 Carpenters and Joiners,50,2
2026-02,2725 Social Workers,75,5
2026-02,2725 Social Workers,70,3
2026-02,2725 Social Workers,80,3
2026-02,2725 Social Workers,85,2
2026-02,2725 Social Workers,55,1
2026-02,3322 Painting Trades Workers,65,29
2026-02,3322 Painting Trades Workers,75,2
2026-02,3322 Painting Trades Workers,70,20
2026-02,3322 Painting Trades Workers,80,1
2026-02,3322 Painting Trades Workers,60,3
2026-02,3423 Electronics Trades Workers,60,2
2026-02,3941 Cabinetmakers,65,3
2026-02,3941 Cabinetmakers,75,3
2026-02,3941 Cabinetmakers,70,4
2026-02,3941 Cabinetmakers,50,1
2026-02,2243 Economists,85,1
2026-02,3311 Bricklayers and Stonemasons,65,2
2026-02,3311 Bricklayers and Stonemasons,55,5
2026-02,3311 Bricklayers and Stonemasons,60,3
2026-02,3311 Bricklayers and Stonemasons,50,1
2026-02,2539 Other Medical Practitioners,75,2
2026-02,2539 Other Medical Practitioners,80,1
2026-02,2539 Other Medical Practitioners,90,2
2026-02,3411 Electricians,65,12
2026-02,3411 Electricians,75,1
2026-02,3411 Electricians,70,4
2026-02,3411 Electricians,55,2
2026-02,3411 Electricians,60,10
2026-02,3411 Electricians,50,7
2026-02,2525 Physiotherapists,75,1
2026-02,2525 Physiotherapists,70,1
2026-02,2525 Physiotherapists,80,3
2026-02,2512 Medical Imaging Professionals,75,1
2026-02,2512 Medical Imaging Professionals,70,2
2026-02,2527 Speech Professionals and Audiologists,70,3
2026-02,2524 Occupational Therapists,65,2
2026-02,2524 Occupational Therapists,70,4
2026-02,2524 Occupational Therapists,80,1
2026-02,2524 Occupational Therapists,85,1
2026-02,3421 Airconditioning and Refrigeration Mechanics,65,1
2026-02,3421 Airconditioning and Refrigeration Mechanics,60,1
2026-02,2346 Medical Laboratory Scientists,65,1
2026-02,2346 Medical Laboratory Scientists,70,1
2026-02,2415 Special Education Teachers,70,1
2026-02,2415 Special Education Teachers,80,1
2026-02,2723 Psychologists,70,1
2026-02,2723 Psychologists,80,1
2026-02,2723 Psychologists,95,1
2026-02,2723 Psychologists,85,2
2026-02,2541 Midwives,65,1
2026-02,2541 Midwives,80,2
2026-02,3341 Plumbers,70,1
2026-02,3341 Plumbers,80,1
2026-02,3341 Plumbers,60,2
2026-02,3991 Boat Builders and Shipwrights,75,1
2026-02,3991 Boat Builders and Shipwrights,70,1
2026-02,3332 Plasterers,60,1
2026-02,3334 Wall and Floor Tilers,65,1
2026-02,3334 Wall and Floor Tilers,55,3
2026-02,3334 Wall and Floor Tilers,60,4
2026-02,3334 Wall and Floor Tilers,50,1
2025-06,2613 Software and Applications Programmers,65,1
2025-06,2613 Software and Applications Programmers,70,2
2025-06,2613 Software and Applications Programmers,80,3
2025-06,2613 Software and Applications Programmers,95,5
2025-06,2613 Software and Applications Programmers,90,6
2025-06,2613 Software and Applications Programmers,85,10
2025-06,2613 Software and Applications Programmers,60,2
2025-06,2613 Software and Applications Programmers,100,1
2025-06,3212 Motor Mechanics,65,1
2025-06,3212 Motor Mechanics,80,4
2025-06,3212 Motor Mechanics,85,1
2025-06,2332 Civil Engineering Professionals,65,2
2025-06,2332 Civil Engineering Professionals,75,13
2025-06,2332 Civil Engineering Professionals,70,3
2025-06,2332 Civil Engineering Professionals,80,5
2025-06,2332 Civil Engineering Professionals,90,5
2025-06,2332 Civil Engineering Professionals,85,7
2025-06,2332 Civil Engineering Professionals,60,1
2025-06,2332 Civil Engineering Professionals,100,1
2025-06,2411 Early Childhood (Pre-primary School) Teachers,65,6
2025-06,2411 Early Childhood (Pre-primary School) Teachers,75,2
2025-06,2411 Early Childhood (Pre-primary School) Teachers,70,5
2025-06,2411 Early Childhood (Pre-primary School) Teachers,80,4
2025-06,2411 Early Childhood (Pre-primary School) Teachers,90,1
2025-06,2611 ICT Business and Systems Analysts,75,1
2025-06,2611 ICT Business and Systems Analysts,70,3
2025-06,2611 ICT Business and Systems Analysts,80,5
2025-06,2611 ICT Business and Systems Analysts,95,3
2025-06,2611 ICT Business and Systems Analysts,90,7
2025-06,2611 ICT Business and Systems Analysts,85,6
2025-06,2211 Accountants,65,1
2025-06,2211 Accountants,75,2
2025-06,2211 Accountants,70,2
2025-06,2211 Accountants,80,2
2025-06,2211 Accountants,95,1
2025-06,2211 Accountants,90,6
2025-06,2211 Accountants,85,1
2025-06,2211 Accountants,50,1
2025-06,2344 Geologists Geophysicists and Hydrogeologists,95,1
2025-06,"2621 Database and Systems Administrators, and ICT Security Specialists",70,1
2025-06,"2621 Database and Systems Administrators, and ICT Security Specialists",90,2
2025-06,"2212 Auditors, Company Secretaries and Corporate Treasurers",75,1
2025-06,"2212 Auditors, Company Secretaries and Corporate Treasurers",70,2
2025-06,2345 Life Scientists,75,1
2025-06,2345 Life Scientists,70,1
2025-06,2345 Life Scientists,95,1
2025-06,2345 Life Scientists,85,1
2025-06,"2335 Industrial, Mechanical and Production Engineers",65,2
2025-06,"2335 Industrial, Mechanical and Production Engineers",75,4
2025-06,"2335 Industrial, Mechanical and Production Engineers",70,3
2025-06,"2335 Industrial, Mechanical and Production Engineers",80,2
2025-06,"2335 Industrial, Mechanical and Production Engineers",95,1
2025-06,"2335 Industrial, Mechanical and Production Engineers",90,2
2025-06,"2335 Industrial, Mechanical and Production Engineers",85,2
2025-06,"2335 Industrial, Mechanical and Production Engineers",60,1
2025-06,2339 Other Engineering Professionals,65,1
2025-06,2339 Other Engineering Professionals,80,3
2025-06,2339 Other Engineering Professionals,90,1
2025-06,2339 Other Engineering Professionals,85,1
2025-06,2341 Agricultural and Forestry Scientists,75,1
2025-06,2341 Agricultural and Forestry Scientists,70,1
2025-06,2341 Agricultural and Forestry Scientists,80,1
2025-06,2544 Registered Nurses,65,25
2025-06,2544 Registered Nurses,75,22
2025-06,2544 Registered Nurses,70,24
2025-06,2544 Registered Nurses,80,4
2025-06,2544 Registered Nurses,90,1
2025-06,2544 Registered Nurses,85,6
2025-06,2544 Registered Nurses,60,1
2025-06,3513 Chefs,65,2
2025-06,3513 Chefs,75,7
2025-06,3513 Chefs,70,8
2025-06,3513 Chefs,80,6
2025-06,3513 Chefs,90,1
2025-06,3513 Chefs,85,1
2025-06,3513 Chefs,60,2
2025-06,3513 Chefs,50,1
2025-06,2334 Electronics Engineers,65,1
2025-06,2334 Electronics Engineers,70,1
2025-06,2334 Electronics Engineers,95,1
2025-06,3232 Metal Fitters and Machinists,70,1
2025-06,3232 Metal Fitters and Machinists,55,2
2025-06,3232 Metal Fitters and Machinists,60,1
2025-06,2631 Computer Network Professionals,90,2
2025-06,2631 Computer Network Professionals,60,1
2025-06,"2342 Chemists, and Food and Wine Scientists",65,1
2025-06,"2342 Chemists, and Food and Wine Scientists",70,1
2025-06,2331 Chemical and Materials Engineers,90,1
2025-06,3123 Electrical Engineering Draftspersons and Technicians,65,4
2025-06,3123 Electrical Engineering Draftspersons and Technicians,75,1
2025-06,3123 Electrical Engineering Draftspersons and Technicians,70,1
2025-06,3123 Electrical Engineering Draftspersons and Technicians,80,1
2025-06,2333 Electrical Engineers,90,1
2025-06,2333 Electrical Engineers,85,1
2025-06,2321 Architects and Landscape Architects,65,1
2025-06,2321 Architects and Landscape Architects,75,3
2025-06,2321 Architects and Landscape Architects,70,2
2025-06,2321 Architects and Landscape Architects,80,3
2025-06,2321 Architects and Landscape Architects,85,3
2025-06,2531 General Practitioners and Resident Medical officers,65,3
2025-06,2531 General Practitioners and Resident Medical officers,75,2
2025-06,2531 General Practitioners and Resident Medical officers,70,1
2025-06,2531 General Practitioners and Resident Medical officers,80,2
2025-06,2531 General Practitioners and Resident Medical officers,90,1
2025-06,2247 Management and Organisation Analysts,95,1
2025-06,2414 Secondary School Teachers,65,5
2025-06,2414 Secondary School Teachers,75,4
2025-06,2414 Secondary School Teachers,70,10
2025-06,3331 Glaziers,65,1
2025-06,2421 University Lecturers and Tutors,75,1
2025-06,2633 Telecommunications Engineering Professionals,90,1
2025-06,3122 Civil Engineering Draftspersons and Technicians,65,21
2025-06,3122 Civil Engineering Draftspersons and Technicians,75,8
2025-06,3122 Civil Engineering Draftspersons and Technicians,70,8
2025-06,3122 Civil Engineering Draftspersons and Technicians,80,9
2025-06,3122 Civil Engineering Draftspersons and Technicians,85,1
2025-06,3122 Civil Engineering Draftspersons and Technicians,60,2
2025-06,2322 Cartographers and Surveyors,75,1
2025-06,2322 Cartographers and Surveyors,70,2
2025-06,2336 Mining Engineers,65,1
2025-06,2336 Mining Engineers,90,2
2025-06,2336 Mining Engineers,85,1
2025-06,2612 Multimedia Specialists and Web Developers,80,1
2025-06,1331 Construction Managers,75,2
2025-06,1331 Construction Managers,70,6
2025-06,1331 Construction Managers,55,1
2025-06,2343 Environmental Scientists,80,1
2025-06,2343 Environmental Scientists,95,2
2025-06,2343 Environmental Scientists,85,2
2025-06,3312 Carpenters and Joiners,65,4
2025-06,3312 Carpenters and Joiners,75,3
2025-06,3312 Carpenters and Joiners,70,2
2025-06,3312 Carpenters and Joiners,80,4
2025-06,3312 Carpenters and Joiners,60,4
2025-06,3312 Carpenters and Joiners,50,1
2025-06,2725 Social Workers,65,2
2025-06,2725 Social Workers,75,6
2025-06,2725 Social Workers,70,1
2025-06,2725 Social Workers,80,2
2025-06,3322 Painting Trades Workers,65,2
2025-06,3322 Painting Trades Workers,75,2
2025-06,3322 Painting Trades Workers,70,1
2025-06,3322 Painting Trades Workers,60,1
2025-06,3423 Electronics Trades Workers,75,1
2025-06,3423 Electronics Trades Workers,80,2
2025-06,3423 Electronics Trades Workers,55,1
2025-06,2243 Economists,75,1
2025-06,3311 Bricklayers and Stonemasons,65,1
2025-06,3311 Bricklayers and Stonemasons,55,1
2025-06,3311 Bricklayers and Stonemasons,60,1
2025-06,2539 Other Medical Practitioners,65,2
2025-06,2539 Other Medical Practitioners,75,1
2025-06,2539 Other Medical Practitioners,80,3
2025-06,2539 Other Medical Practitioners,85,1
2025-06,3411 Electricians,65,5
2025-06,3411 Electricians,75,1
2025-06,3411 Electricians,70,3
2025-06,3411 Electricians,55,2
2025-06,3411 Electricians,60,3
2025-06,3411 Electricians,50,3
2025-06,2525 Physiotherapists,75,1
2025-06,2525 Physiotherapists,80,1
2025-06,2525 Physiotherapists,60,2
2025-06,2525 Physiotherapists,50,1
2025-06,2512 Medical Imaging Professionals,70,1
2025-06,2527 Speech Professionals and Audiologists,65,2
2025-06,2527 Speech Professionals and Audiologists,70,1
2025-06,2527 Speech Professionals and Audiologists,85,1
2025-06,2524 Occupational Therapists,65,1
2025-06,2524 Occupational Therapists,75,3
2025-06,2524 Occupational Therapists,70,4
2025-06,2524 Occupational Therapists,80,4
2025-06,3421 Airconditioning and Refrigeration Mechanics,65,1
2025-06,3421 Airconditioning and Refrigeration Mechanics,70,1
2025-06,3421 Airconditioning and Refrigeration Mechanics,55,1
2025-06,2723 Psychologists,75,1
2025-06,2723 Psychologists,85,3
2025-06,3341 Plumbers,65,1
2025-06,3341 Plumbers,55,1
2025-06,3341 Plumbers,60,1
2025-06,3332 Plasterers,55,1
2025-06,3334 Wall and Floor Tilers,75,1
2025-06,3334 Wall and Floor Tilers,60,1
2025-10,2613 Software and Applications Programmers,75,3
2025-10,2613 Software and Applications Programmers,70,1
2025-10,2613 Software and Applications Programmers,80,1
2025-10,2613 Software and Applications Programmers,95,5
2025-10,2613 Software and Applications Programmers,90,15
2025-10,2613 Software and Applications Programmers,85,8
2025-10,2613 Software and Applications Programmers,100,1
2025-10,2613 Software and Applications Programmers,105,1
2025-10,3212 Motor Mechanics,75,1
2025-10,3212 Motor Mechanics,80,1
2025-10,2332 Civil Engineering Professionals,65,1
2025-10,2332 Civil Engineering Professionals,75,1
2025-10,2332 Civil Engineering Professionals,70,4
2025-10,2332 Civil Engineering Professionals,80,3
2025-10,2332 Civil Engineering Professionals,95,3
2025-10,2332 Civil Engineering Professionals,85,2
2025-10,2411 Early Childhood (Pre-primary School) Teachers,65,2
2025-10,2411 Early Childhood (Pre-primary School) Teachers,75,2
2025-10,2411 Early Childhood (Pre-primary School) Teachers,70,3
2025-10,2411 Early Childhood (Pre-primary School) Teachers,60,1
2025-10,2611 ICT Business and Systems Analysts,75,1
2025-10,2611 ICT Business and Systems Analysts,80,1
2025-10,2611 ICT Business and Systems Analysts,95,5
2025-10,2611 ICT Business and Systems Analysts,90,7
2025-10,2611 ICT Business and Systems Analysts,85,3
2025-10,2211 Accountants,75,4
2025-10,2211 Accountants,80,1
2025-10,2211 Accountants,95,2
2025-10,2211 Accountants,90,1
2025-10,2211 Accountants,85,1
2025-10,"2621 Database and Systems Administrators, and ICT Security Specialists",80,1
2025-10,"2621 Database and Systems Administrators, and ICT Security Specialists",90,2
2025-10,"2212 Auditors, Company Secretaries and Corporate Treasurers",80,1
2025-10,"2212 Auditors, Company Secretaries and Corporate Treasurers",85,2
2025-10,2345 Life Scientists,75,3
2025-10,2345 Life Scientists,70,1
2025-10,2345 Life Scientists,85,3
2025-10,"2335 Industrial, Mechanical and Production Engineers",65,1
2025-10,"2335 Industrial, Mechanical and Production Engineers",70,2
2025-10,"2335 Industrial, Mechanical and Production Engineers",95,1
2025-10,"2335 Industrial, Mechanical and Production Engineers",85,3
2025-10,"2335 Industrial, Mechanical and Production Engineers",55,1
2025-10,2339 Other Engineering Professionals,75,1
2025-10,2339 Other Engineering Professionals,80,1
2025-10,2339 Other Engineering Professionals,90,2
2025-10,2339 Other Engineering Professionals,85,2
2025-10,2339 Other Engineering Professionals,60,1
2025-10,2339 Other Engineering Professionals,100,1
2025-10,2341 Agricultural and Forestry Scientists,75,1
2025-10,2544 Registered Nurses,65,6
2025-10,2544 Registered Nurses,75,1
2025-10,2544 Registered Nurses,70,3
2025-10,2544 Registered Nurses,80,1
2025-10,3513 Chefs,65,1
2025-10,3513 Chefs,80,2
2025-10,2334 Electronics Engineers,85,1
2025-10,3232 Metal Fitters and Machinists,75,1
2025-10,2631 Computer Network Professionals,85,1
2025-10,2713 Solicitors,80,2
2025-10,2331 Chemical and Materials Engineers,85,1
2025-10,2333 Electrical Engineers,75,1
2025-10,2333 Electrical Engineers,90,2
2025-10,2333 Electrical Engineers,85,1
2025-10,2321 Architects and Landscape Architects,85,1
2025-10,2531 General Practitioners and Resident Medical officers,75,1
2025-10,2531 General Practitioners and Resident Medical officers,85,1
2025-10,2247 Management and Organisation Analysts,80,1
2025-10,2247 Management and Organisation Analysts,90,1
2025-10,2347 Veterinarians,85,1
2025-10,2414 Secondary School Teachers,65,1
2025-10,2414 Secondary School Teachers,75,1
2025-10,2414 Secondary School Teachers,70,1
2025-10,"2241 Actuaries, Mathematicians and Statisticians",85,1
2025-10,2421 University Lecturers and Tutors,95,1
2025-10,2633 Telecommunications Engineering Professionals,85,2
2025-10,2612 Multimedia Specialists and Web Developers,90,1
2025-10,3223 Structural Steel and Welding Trades Workers,65,1
2025-10,3223 Structural Steel and Welding Trades Workers,70,2
2025-10,2349 Other Natural and Physical Science Professionals,85,1
2025-10,1331 Construction Managers,75,2
2025-10,1331 Construction Managers,70,2
2025-10,1331 Construction Managers,80,2
2025-10,1331 Construction Managers,90,1
2025-10,3132 Telecommunications Technical Specialists,60,1
2025-10,3312 Carpenters and Joiners,65,1
2025-10,3312 Carpenters and Joiners,75,1
2025-10,3312 Carpenters and Joiners,70,3
2025-10,3411 Electricians,65,3
2025-10,3411 Electricians,70,1
2025-10,3411 Electricians,80,1
2025-10,3411 Electricians,60,1
2025-10,2527 Speech Professionals and Audiologists,65,1
2025-10,2527 Speech Professionals and Audiologists,55,1
2025-10,2723 Psychologists,75,1
2025-10,3211 Automotive Electricians,50,2
2026-05,2613 Software and Applications Programmers,65,1
2026-05,2613 Software and Applications Programmers,75,2
2026-05,2613 Software and Applications Programmers,70,2
2026-05,2613 Software and Applications Programmers,80,4
2026-05,2613 Software and Applications Programmers,95,6
2026-05,2613 Software and Applications Programmers,90,13
2026-05,2613 Software and Applications Programmers,85,11
2026-05,2613 Software and Applications Programmers,100,3
2026-05,3212 Motor Mechanics,65,1
2026-05,3212 Motor Mechanics,75,1
2026-05,3212 Motor Mechanics,70,1
2026-05,3212 Motor Mechanics,80,1
2026-05,3212 Motor Mechanics,85,1
2026-05,2332 Civil Engineering Professionals,65,3
2026-05,2332 Civil Engineering Professionals,75,15
2026-05,2332 Civil Engineering Professionals,70,3
2026-05,2332 Civil Engineering Professionals,80,6
2026-05,2332 Civil Engineering Professionals,95,2
2026-05,2332 Civil Engineering Professionals,90,6
2026-05,2332 Civil Engineering Professionals,85,4
2026-05,2332 Civil Engineering Professionals,60,2
2026-05,2411 Early Childhood (Pre-primary School) Teachers,65,4
2026-05,2411 Early Childhood (Pre-primary School) Teachers,75,15
2026-05,2411 Early Childhood (Pre-primary School) Teachers,70,5
2026-05,2411 Early Childhood (Pre-primary School) Teachers,80,11
2026-05,2411 Early Childhood (Pre-primary School) Teachers,95,1
2026-05,2411 Early Childhood (Pre-primary School) Teachers,90,3
2026-05,2411 Early Childhood (Pre-primary School) Teachers,85,22
2026-05,2411 Early Childhood (Pre-primary School) Teachers,60,1
2026-05,2611 ICT Business and Systems Analysts,65,2
2026-05,2611 ICT Business and Systems Analysts,75,3
2026-05,2611 ICT Business and Systems Analysts,70,1
2026-05,2611 ICT Business and Systems Analysts,80,1
2026-05,2611 ICT Business and Systems Analysts,95,3
2026-05,2611 ICT Business and Systems Analysts,90,3
2026-05,2211 Accountants,75,2
2026-05,2211 Accountants,70,1
2026-05,2211 Accountants,80,1
2026-05,2211 Accountants,85,4
2026-05,"2621 Database and Systems Administrators, and ICT Security Specialists",80,1
2026-05,"2621 Database and Systems Administrators, and ICT Security Specialists",95,4
2026-05,"2621 Database and Systems Administrators, and ICT Security Specialists",90,2
2026-05,"2621 Database and Systems Administrators, and ICT Security Specialists",85,1
2026-05,"2212 Auditors, Company Secretaries and Corporate Treasurers",75,1
2026-05,"2212 Auditors, Company Secretaries and Corporate Treasurers",90,2
2026-05,"2212 Auditors, Company Secretaries and Corporate Treasurers",85,1
2026-05,2345 Life Scientists,65,1
2026-05,2345 Life Scientists,80,1
2026-05,2345 Life Scientists,95,1
2026-05,2345 Life Scientists,90,1
2026-05,2345 Life Scientists,85,2
2026-05,2345 Life Scientists,100,2
2026-05,"2335 Industrial, Mechanical and Production Engineers",65,3
2026-05,"2335 Industrial, Mechanical and Production Engineers",75,2
2026-05,"2335 Industrial, Mechanical and Production Engineers",70,5
2026-05,"2335 Industrial, Mechanical and Production Engineers",80,2
2026-05,"2335 Industrial, Mechanical and Production Engineers",90,1
2026-05,"2335 Industrial, Mechanical and Production Engineers",85,4
2026-05,"2335 Industrial, Mechanical and Production Engineers",55,1
2026-05,"2335 Industrial, Mechanical and Production Engineers",105,1
2026-05,2339 Other Engineering Professionals,95,2
2026-05,2339 Other Engineering Professionals,90,4
2026-05,2339 Other Engineering Professionals,55,2
2026-05,2339 Other Engineering Professionals,60,1
2026-05,2339 Other Engineering Professionals,100,1
2026-05,2341 Agricultural and Forestry Scientists,75,3
2026-05,2341 Agricultural and Forestry Scientists,80,1
2026-05,2341 Agricultural and Forestry Scientists,85,1
2026-05,2544 Registered Nurses,65,12
2026-05,2544 Registered Nurses,75,47
2026-05,2544 Registered Nurses,70,35
2026-05,2544 Registered Nurses,80,23
2026-05,2544 Registered Nurses,90,1
2026-05,2544 Registered Nurses,85,11
2026-05,2544 Registered Nurses,55,1
2026-05,2544 Registered Nurses,60,10
2026-05,2544 Registered Nurses,50,1
2026-05,3513 Chefs,65,2
2026-05,3513 Chefs,70,6
2026-05,3513 Chefs,80,6
2026-05,3513 Chefs,85,6
2026-05,3513 Chefs,60,1
2026-05,2334 Electronics Engineers,75,2
2026-05,2334 Electronics Engineers,85,1
2026-05,2334 Electronics Engineers,60,1
2026-05,3232 Metal Fitters and Machinists,65,1
2026-05,3232 Metal Fitters and Machinists,75,1
2026-05,3232 Metal Fitters and Machinists,70,3
2026-05,3232 Metal Fitters and Machinists,50,1
2026-05,2631 Computer Network Professionals,70,1
2026-05,2631 Computer Network Professionals,90,1
2026-05,2631 Computer Network Professionals,85,1
2026-05,2631 Computer Network Professionals,60,1
2026-05,"2342 Chemists, and Food and Wine Scientists",70,1
2026-05,"2342 Chemists, and Food and Wine Scientists",95,1
2026-05,"2342 Chemists, and Food and Wine Scientists",85,2
2026-05,2713 Solicitors,90,1
2026-05,2331 Chemical and Materials Engineers,90,1
2026-05,3123 Electrical Engineering Draftspersons and Technicians,70,1
2026-05,3123 Electrical Engineering Draftspersons and Technicians,80,1
2026-05,3123 Electrical Engineering Draftspersons and Technicians,50,1
2026-05,2333 Electrical Engineers,75,2
2026-05,2333 Electrical Engineers,95,1
2026-05,2333 Electrical Engineers,90,3
2026-05,2321 Architects and Landscape Architects,75,1
2026-05,2321 Architects and Landscape Architects,70,1
2026-05,2321 Architects and Landscape Architects,80,1
2026-05,2321 Architects and Landscape Architects,90,2
2026-05,2321 Architects and Landscape Architects,85,6
2026-05,2531 General Practitioners and Resident Medical officers,65,1
2026-05,2531 General Practitioners and Resident Medical officers,75,8
2026-05,2531 General Practitioners and Resident Medical officers,70,2
2026-05,2531 General Practitioners and Resident Medical officers,80,8
2026-05,2531 General Practitioners and Resident Medical officers,90,1
2026-05,2531 General Practitioners and Resident Medical officers,85,3
2026-05,2247 Management and Organisation Analysts,95,1
2026-05,2247 Management and Organisation Analysts,85,2
2026-05,2347 Veterinarians,65,1
2026-05,2347 Veterinarians,95,1
2026-05,2414 Secondary School Teachers,65,2
2026-05,2414 Secondary School Teachers,75,6
2026-05,2414 Secondary School Teachers,70,5
2026-05,2414 Secondary School Teachers,80,3
2026-05,2414 Secondary School Teachers,85,6
2026-05,2414 Secondary School Teachers,60,2
2026-05,"2241 Actuaries, Mathematicians and Statisticians",90,2
2026-05,"2241 Actuaries, Mathematicians and Statisticians",85,2
2026-05,3331 Glaziers,70,1
2026-05,2421 University Lecturers and Tutors,65,1
2026-05,2421 University Lecturers and Tutors,95,1
2026-05,2633 Telecommunications Engineering Professionals,95,1
2026-05,2633 Telecommunications Engineering Professionals,85,1
2026-05,1332 Engineering Managers,75,1
2026-05,1332 Engineering Managers,80,1
2026-05,3122 Civil Engineering Draftspersons and Technicians,65,8
2026-05,3122 Civil Engineering Draftspersons and Technicians,75,9
2026-05,3122 Civil Engineering Draftspersons and Technicians,70,5
2026-05,3122 Civil Engineering Draftspersons and Technicians,80,3
2026-05,3122 Civil Engineering Draftspersons and Technicians,90,2
2026-05,3122 Civil Engineering Draftspersons and Technicians,85,4
2026-05,3122 Civil Engineering Draftspersons and Technicians,55,1
2026-05,1399 Other Specialist Managers,75,1
2026-05,2322 Cartographers and Surveyors,65,2
2026-05,2322 Cartographers and Surveyors,80,1
2026-05,2322 Cartographers and Surveyors,90,1
2026-05,2245 Land Economists and Valuers,90,1
2026-05,2336 Mining Engineers,75,2
2026-05,2336 Mining Engineers,85,1
2026-05,3223 Structural Steel and Welding Trades Workers,65,2
2026-05,3223 Structural Steel and Welding Trades Workers,75,1
2026-05,3223 Structural Steel and Welding Trades Workers,70,3
2026-05,3223 Structural Steel and Welding Trades Workers,80,2
2026-05,3223 Structural Steel and Welding Trades Workers,55,1
2026-05,3223 Structural Steel and Welding Trades Workers,60,3
2026-05,3223 Structural Steel and Welding Trades Workers,50,1
2026-05,1331 Construction Managers,65,2
2026-05,1331 Construction Managers,75,6
2026-05,1331 Construction Managers,70,10
2026-05,1331 Construction Managers,80,4
2026-05,1331 Construction Managers,90,3
2026-05,1331 Construction Managers,85,1
2026-05,2343 Environmental Scientists,90,2
2026-05,2343 Environmental Scientists,85,3
2026-05,3132 Telecommunications Technical Specialists,80,1
2026-05,3132 Telecommunications Technical Specialists,55,1
2026-05,3312 Carpenters and Joiners,65,24
2026-05,3312 Carpenters and Joiners,75,3
2026-05,3312 Carpenters and Joiners,70,8
2026-05,3312 Carpenters and Joiners,80,2
2026-05,3312 Carpenters and Joiners,55,7
2026-05,3312 Carpenters and Joiners,60,17
2026-05,3312 Carpenters and Joiners,50,1
2026-05,2725 Social Workers,75,2
2026-05,2725 Social Workers,70,4
2026-05,2725 Social Workers,80,2
2026-05,3322 Painting Trades Workers,65,11
2026-05,3322 Painting Trades Workers,75,1
2026-05,3322 Painting Trades Workers,70,8
2026-05,3322 Painting Trades Workers,55,3
2026-05,3322 Painting Trades Workers,60,10
2026-05,3322 Painting Trades Workers,50,2
2026-05,3423 Electronics Trades Workers,65,1
2026-05,3941 Cabinetmakers,75,1
2026-05,3941 Cabinetmakers,60,2
2026-05,2243 Economists,90,1
2026-05,2243 Economists,85,1
2026-05,3311 Bricklayers and Stonemasons,65,1
2026-05,3311 Bricklayers and Stonemasons,70,1
2026-05,3311 Bricklayers and Stonemasons,60,3
2026-05,2539 Other Medical Practitioners,75,5
2026-05,2539 Other Medical Practitioners,70,1
2026-05,2539 Other Medical Practitioners,80,5
2026-05,2539 Other Medical Practitioners,90,1
2026-05,2539 Other Medical Practitioners,85,4
2026-05,2539 Other Medical Practitioners,60,1
2026-05,3411 Electricians,65,3
2026-05,3411 Electricians,75,1
2026-05,2525 Physiotherapists,65,2
2026-05,2525 Physiotherapists,75,2
2026-05,2525 Physiotherapists,70,5
2026-05,2525 Physiotherapists,80,3
2026-05,2525 Physiotherapists,85,1
2026-05,2512 Medical Imaging Professionals,65,1
2026-05,2512 Medical Imaging Professionals,80,2
2026-05,3222 Sheetmetal Trades Workers,65,1
2026-05,2527 Speech Professionals and Audiologists,75,2
2026-05,2527 Speech Professionals and Audiologists,70,1
2026-05,2527 Speech Professionals and Audiologists,80,1
2026-05,2527 Speech Professionals and Audiologists,90,1
2026-05,2527 Speech Professionals and Audiologists,60,4
2026-05,2524 Occupational Therapists,65,2
2026-05,2524 Occupational Therapists,75,3
2026-05,2524 Occupational Therapists,70,5
2026-05,2524 Occupational Therapists,80,2
2026-05,2524 Occupational Therapists,85,1
2026-05,2524 Occupational Therapists,60,1
2026-05,2346 Medical Laboratory Scientists,75,1
2026-05,2346 Medical Laboratory Scientists,80,2
2026-05,2415 Special Education Teachers,75,1
2026-05,2415 Special Education Teachers,60,1
2026-05,2723 Psychologists,75,2
2026-05,2723 Psychologists,70,2
2026-05,2723 Psychologists,80,1
2026-05,2723 Psychologists,85,4
2026-05,3341 Plumbers,55,1
2026-05,3341 Plumbers,60,2
2026-05,3341 Plumbers,50,1
2026-05,2533 Internal Medicine Specialists,75,2
2026-05,2533 Internal Medicine Specialists,70,2
2026-05,3334 Wall and Floor Tilers,65,1
2026-05,3334 Wall and Floor Tilers,75,1
2026-05,3334 Wall and Floor Tilers,55,1
2026-05,3334 Wall and Floor Tilers,60,2
2026-05,3211 Automotive Electricians,65,1
2026-05,3211 Automotive Electricians,60,2
2026-05,2526 Podiatrists,75,1
2026-04,2613 Software and Applications Programmers,65,1
2026-04,2613 Software and Applications Programmers,75,1
2026-04,2613 Software and Applications Programmers,80,9
2026-04,2613 Software and Applications Programmers,95,9
2026-04,2613 Software and Applications Programmers,90,17
2026-04,2613 Software and Applications Programmers,85,6
2026-04,2613 Software and Applications Programmers,100,1
2026-04,3212 Motor Mechanics,65,1
2026-04,3212 Motor Mechanics,75,1
2026-04,3212 Motor Mechanics,70,1
2026-04,3212 Motor Mechanics,80,2
2026-04,3212 Motor Mechanics,85,1
2026-04,2332 Civil Engineering Professionals,65,4
2026-04,2332 Civil Engineering Professionals,75,9
2026-04,2332 Civil Engineering Professionals,70,2
2026-04,2332 Civil Engineering Professionals,80,8
2026-04,2332 Civil Engineering Professionals,95,3
2026-04,2332 Civil Engineering Professionals,90,14
2026-04,2332 Civil Engineering Professionals,85,10
2026-04,2411 Early Childhood (Pre-primary School) Teachers,65,6
2026-04,2411 Early Childhood (Pre-primary School) Teachers,75,12
2026-04,2411 Early Childhood (Pre-primary School) Teachers,70,3
2026-04,2411 Early Childhood (Pre-primary School) Teachers,80,15
2026-04,2411 Early Childhood (Pre-primary School) Teachers,90,10
2026-04,2411 Early Childhood (Pre-primary School) Teachers,85,17
2026-04,2611 ICT Business and Systems Analysts,80,1
2026-04,2611 ICT Business and Systems Analysts,95,4
2026-04,2611 ICT Business and Systems Analysts,90,6
2026-04,2611 ICT Business and Systems Analysts,85,6
2026-04,2611 ICT Business and Systems Analysts,100,4
2026-04,2211 Accountants,65,1
2026-04,2211 Accountants,75,2
2026-04,2211 Accountants,70,2
2026-04,2211 Accountants,80,1
2026-04,2211 Accountants,95,1
2026-04,2211 Accountants,90,1
2026-04,2211 Accountants,85,2
2026-04,2211 Accountants,55,1
2026-04,2211 Accountants,60,3
2026-04,"2621 Database and Systems Administrators, and ICT Security Specialists",95,2
2026-04,"2621 Database and Systems Administrators, and ICT Security Specialists",90,1
2026-04,"2621 Database and Systems Administrators, and ICT Security Specialists",85,2
2026-04,"2212 Auditors, Company Secretaries and Corporate Treasurers",80,1
2026-04,"2212 Auditors, Company Secretaries and Corporate Treasurers",90,1
2026-04,"2212 Auditors, Company Secretaries and Corporate Treasurers",85,1
2026-04,2345 Life Scientists,75,1
2026-04,2345 Life Scientists,80,1
2026-04,2345 Life Scientists,85,1
2026-04,2345 Life Scientists,110,1
2026-04,"2335 Industrial, Mechanical and Production Engineers",65,1
2026-04,"2335 Industrial, Mechanical and Production Engineers",70,1
2026-04,"2335 Industrial, Mechanical and Production Engineers",80,2
2026-04,"2335 Industrial, Mechanical and Production Engineers",95,1
2026-04,"2335 Industrial, Mechanical and Production Engineers",90,4
2026-04,"2335 Industrial, Mechanical and Production Engineers",85,2
2026-04,2339 Other Engineering Professionals,75,1
2026-04,2339 Other Engineering Professionals,80,4
2026-04,2339 Other Engineering Professionals,95,2
2026-04,2339 Other Engineering Professionals,90,4
2026-04,2339 Other Engineering Professionals,85,4
2026-04,2339 Other Engineering Professionals,100,2
2026-04,2341 Agricultural and Forestry Scientists,90,1
2026-04,2544 Registered Nurses,65,20
2026-04,2544 Registered Nurses,75,28
2026-04,2544 Registered Nurses,70,42
2026-04,2544 Registered Nurses,80,25
2026-04,2544 Registered Nurses,90,3
2026-04,2544 Registered Nurses,85,13
2026-04,2544 Registered Nurses,60,13
2026-04,3513 Chefs,65,6
2026-04,3513 Chefs,75,2
2026-04,3513 Chefs,70,2
2026-04,3513 Chefs,80,6
2026-04,3513 Chefs,90,1
2026-04,3513 Chefs,85,5
2026-04,3513 Chefs,55,1
2026-04,3513 Chefs,60,1
2026-04,2334 Electronics Engineers,95,3
2026-04,2334 Electronics Engineers,100,1
2026-04,3232 Metal Fitters and Machinists,65,1
2026-04,3232 Metal Fitters and Machinists,85,1
2026-04,2631 Computer Network Professionals,95,1
2026-04,2631 Computer Network Professionals,85,1
2026-04,2631 Computer Network Professionals,100,3
2026-04,"2342 Chemists, and Food and Wine Scientists",75,1
2026-04,"2342 Chemists, and Food and Wine Scientists",80,1
2026-04,"2342 Chemists, and Food and Wine Scientists",90,1
2026-04,"2342 Chemists, and Food and Wine Scientists",85,1
2026-04,2713 Solicitors,80,2
2026-04,2713 Solicitors,85,2
2026-04,2331 Chemical and Materials Engineers,65,1
2026-04,2331 Chemical and Materials Engineers,80,1
2026-04,2331 Chemical and Materials Engineers,85,3
2026-04,3123 Electrical Engineering Draftspersons and Technicians,70,1
2026-04,2333 Electrical Engineers,65,2
2026-04,2333 Electrical Engineers,75,2
2026-04,2333 Electrical Engineers,70,1
2026-04,2333 Electrical Engineers,80,1
2026-04,2333 Electrical Engineers,95,2
2026-04,2333 Electrical Engineers,90,2
2026-04,2333 Electrical Engineers,85,2
2026-04,2333 Electrical Engineers,50,1
2026-04,2321 Architects and Landscape Architects,65,2
2026-04,2321 Architects and Landscape Architects,75,3
2026-04,2321 Architects and Landscape Architects,70,1
2026-04,2321 Architects and Landscape Architects,80,2
2026-04,2321 Architects and Landscape Architects,90,1
2026-04,2321 Architects and Landscape Architects,85,1
2026-04,2531 General Practitioners and Resident Medical officers,65,1
2026-04,2531 General Practitioners and Resident Medical officers,75,5
2026-04,2531 General Practitioners and Resident Medical officers,70,3
2026-04,2531 General Practitioners and Resident Medical officers,80,7
2026-04,2531 General Practitioners and Resident Medical officers,95,1
2026-04,2531 General Practitioners and Resident Medical officers,90,2
2026-04,2531 General Practitioners and Resident Medical officers,85,8
2026-04,2247 Management and Organisation Analysts,80,1
2026-04,2247 Management and Organisation Analysts,85,1
2026-04,2347 Veterinarians,80,2
2026-04,2347 Veterinarians,90,2
2026-04,2347 Veterinarians,85,6
2026-04,2414 Secondary School Teachers,65,4
2026-04,2414 Secondary School Teachers,75,7
2026-04,2414 Secondary School Teachers,70,4
2026-04,2414 Secondary School Teachers,80,3
2026-04,2414 Secondary School Teachers,85,5
2026-04,"2241 Actuaries, Mathematicians and Statisticians",65,1
2026-04,"2241 Actuaries, Mathematicians and Statisticians",75,1
2026-04,"2241 Actuaries, Mathematicians and Statisticians",95,1
2026-04,"2241 Actuaries, Mathematicians and Statisticians",90,1
2026-04,"2241 Actuaries, Mathematicians and Statisticians",85,1
2026-04,2421 University Lecturers and Tutors,65,1
2026-04,2421 University Lecturers and Tutors,75,1
2026-04,2421 University Lecturers and Tutors,85,2
2026-04,2421 University Lecturers and Tutors,100,1
2026-04,3122 Civil Engineering Draftspersons and Technicians,65,2
2026-04,3122 Civil Engineering Draftspersons and Technicians,75,14
2026-04,3122 Civil Engineering Draftspersons and Technicians,70,2
2026-04,3122 Civil Engineering Draftspersons and Technicians,80,5
2026-04,3122 Civil Engineering Draftspersons and Technicians,90,1
2026-04,3122 Civil Engineering Draftspersons and Technicians,85,5
2026-04,3122 Civil Engineering Draftspersons and Technicians,60,1
2026-04,2322 Cartographers and Surveyors,65,1
2026-04,2322 Cartographers and Surveyors,75,2
2026-04,2322 Cartographers and Surveyors,70,1
2026-04,2322 Cartographers and Surveyors,85,1
2026-04,2245 Land Economists and Valuers,65,1
2026-04,2245 Land Economists and Valuers,75,1
2026-04,2245 Land Economists and Valuers,85,2
2026-04,2336 Mining Engineers,90,1
2026-04,2612 Multimedia Specialists and Web Developers,70,1
2026-04,3223 Structural Steel and Welding Trades Workers,65,3
2026-04,3223 Structural Steel and Welding Trades Workers,75,1
2026-04,3223 Structural Steel and Welding Trades Workers,70,3
2026-04,3223 Structural Steel and Welding Trades Workers,60,1
2026-04,2349 Other Natural and Physical Science Professionals,70,1
2026-04,2349 Other Natural and Physical Science Professionals,80,1
2026-04,1331 Construction Managers,65,1
2026-04,1331 Construction Managers,75,5
2026-04,1331 Construction Managers,70,3
2026-04,1331 Construction Managers,80,5
2026-04,1331 Construction Managers,90,1
2026-04,1331 Construction Managers,55,1
2026-04,2343 Environmental Scientists,85,1
2026-04,2343 Environmental Scientists,100,1
2026-04,3132 Telecommunications Technical Specialists,80,1
2026-04,3312 Carpenters and Joiners,65,22
2026-04,3312 Carpenters and Joiners,75,2
2026-04,3312 Carpenters and Joiners,70,10
2026-04,3312 Carpenters and Joiners,80,2
2026-04,3312 Carpenters and Joiners,55,6
2026-04,3312 Carpenters and Joiners,60,15
2026-04,3312 Carpenters and Joiners,50,1
2026-04,2725 Social Workers,65,1
2026-04,2725 Social Workers,75,7
2026-04,2725 Social Workers,70,3
2026-04,2725 Social Workers,80,8
2026-04,2725 Social Workers,85,1
2026-04,2725 Social Workers,60,1
2026-04,3322 Painting Trades Workers,65,11
2026-04,3322 Painting Trades Workers,75,3
2026-04,3322 Painting Trades Workers,70,4
2026-04,3322 Painting Trades Workers,55,3
2026-04,3322 Painting Trades Workers,60,8
2026-04,3322 Painting Trades Workers,50,1
2026-04,3423 Electronics Trades Workers,65,1
2026-04,3423 Electronics Trades Workers,75,1
2026-04,3423 Electronics Trades Workers,70,1
2026-04,2521 Chiropractors and Osteopaths,75,1
2026-04,2521 Chiropractors and Osteopaths,80,1
2026-04,3941 Cabinetmakers,65,3
2026-04,3941 Cabinetmakers,75,1
2026-04,3311 Bricklayers and Stonemasons,60,2
2026-04,2539 Other Medical Practitioners,65,1
2026-04,2539 Other Medical Practitioners,75,2
2026-04,2539 Other Medical Practitioners,70,2
2026-04,2539 Other Medical Practitioners,80,10
2026-04,2539 Other Medical Practitioners,90,1
2026-04,2539 Other Medical Practitioners,85,3
2026-04,2539 Other Medical Practitioners,55,1
2026-04,3411 Electricians,65,4
2026-04,3411 Electricians,75,1
2026-04,3411 Electricians,70,1
2026-04,3411 Electricians,55,1
2026-04,3411 Electricians,60,5
2026-04,2525 Physiotherapists,65,1
2026-04,2525 Physiotherapists,70,2
2026-04,2525 Physiotherapists,80,2
2026-04,2525 Physiotherapists,85,4
2026-04,2512 Medical Imaging Professionals,65,1
2026-04,2512 Medical Imaging Professionals,75,6
2026-04,2512 Medical Imaging Professionals,80,1
2026-04,2527 Speech Professionals and Audiologists,65,2
2026-04,2527 Speech Professionals and Audiologists,75,5
2026-04,2527 Speech Professionals and Audiologists,70,2
2026-04,2527 Speech Professionals and Audiologists,80,2
2026-04,2527 Speech Professionals and Audiologists,90,1
2026-04,2527 Speech Professionals and Audiologists,85,3
2026-04,2524 Occupational Therapists,75,5
2026-04,2524 Occupational Therapists,70,1
2026-04,2524 Occupational Therapists,80,3
2026-04,2524 Occupational Therapists,90,1
2026-04,2415 Special Education Teachers,65,1
2026-04,2723 Psychologists,65,1
2026-04,2723 Psychologists,75,2
2026-04,2723 Psychologists,70,1
2026-04,2723 Psychologists,80,1
2026-04,2723 Psychologists,60,1
2026-04,2541 Midwives,80,3
2026-04,3341 Plumbers,65,1
2026-04,3334 Wall and Floor Tilers,65,3
2026-04,2534 Psychiatrists,85,1
2026-03,2613 Software and Applications Programmers,65,2
2026-03,2613 Software and Applications Programmers,75,2
2026-03,2613 Software and Applications Programmers,70,1
2026-03,2613 Software and Applications Programmers,80,1
2026-03,2613 Software and Applications Programmers,95,14
2026-03,2613 Software and Applications Programmers,90,17
2026-03,2613 Software and Applications Programmers,85,12
2026-03,2613 Software and Applications Programmers,60,1
2026-03,2613 Software and Applications Programmers,100,4
2026-03,2613 Software and Applications Programmers,105,1
2026-03,3212 Motor Mechanics,65,5
2026-03,3212 Motor Mechanics,75,3
2026-03,3212 Motor Mechanics,80,4
2026-03,3212 Motor Mechanics,95,1
2026-03,3212 Motor Mechanics,85,1
2026-03,3212 Motor Mechanics,60,2
2026-03,2332 Civil Engineering Professionals,65,2
2026-03,2332 Civil Engineering Professionals,75,2
2026-03,2332 Civil Engineering Professionals,70,4
2026-03,2332 Civil Engineering Professionals,80,3
2026-03,2332 Civil Engineering Professionals,95,3
2026-03,2332 Civil Engineering Professionals,90,6
2026-03,2332 Civil Engineering Professionals,85,7
2026-03,2332 Civil Engineering Professionals,60,1
2026-03,2332 Civil Engineering Professionals,100,1
2026-03,2411 Early Childhood (Pre-primary School) Teachers,65,2
2026-03,2411 Early Childhood (Pre-primary School) Teachers,75,5
2026-03,2411 Early Childhood (Pre-primary School) Teachers,70,2
2026-03,2411 Early Childhood (Pre-primary School) Teachers,80,7
2026-03,2411 Early Childhood (Pre-primary School) Teachers,90,1
2026-03,2411 Early Childhood (Pre-primary School) Teachers,85,4
2026-03,2411 Early Childhood (Pre-primary School) Teachers,55,1
2026-03,2411 Early Childhood (Pre-primary School) Teachers,60,1
2026-03,2411 Early Childhood (Pre-primary School) Teachers,50,2
2026-03,2611 ICT Business and Systems Analysts,65,2
2026-03,2611 ICT Business and Systems Analysts,75,1
2026-03,2611 ICT Business and Systems Analysts,70,3
2026-03,2611 ICT Business and Systems Analysts,80,2
2026-03,2611 ICT Business and Systems Analysts,95,6
2026-03,2611 ICT Business and Systems Analysts,90,10
2026-03,2611 ICT Business and Systems Analysts,85,5
2026-03,2611 ICT Business and Systems Analysts,100,2
2026-03,2211 Accountants,65,1
2026-03,2211 Accountants,75,4
2026-03,2211 Accountants,95,1
2026-03,2211 Accountants,90,2
2026-03,2211 Accountants,85,2
2026-03,"2621 Database and Systems Administrators, and ICT Security Specialists",95,3
2026-03,"2621 Database and Systems Administrators, and ICT Security Specialists",90,4
2026-03,"2621 Database and Systems Administrators, and ICT Security Specialists",85,4
2026-03,"2621 Database and Systems Administrators, and ICT Security Specialists",100,3
2026-03,"2621 Database and Systems Administrators, and ICT Security Specialists",105,1
2026-03,"2212 Auditors, Company Secretaries and Corporate Treasurers",75,1
2026-03,"2212 Auditors, Company Secretaries and Corporate Treasurers",80,1
2026-03,"2212 Auditors, Company Secretaries and Corporate Treasurers",85,2
2026-03,2345 Life Scientists,65,1
2026-03,2345 Life Scientists,80,1
2026-03,2345 Life Scientists,90,1
2026-03,"2335 Industrial, Mechanical and Production Engineers",65,2
2026-03,"2335 Industrial, Mechanical and Production Engineers",75,3
2026-03,"2335 Industrial, Mechanical and Production Engineers",70,4
2026-03,"2335 Industrial, Mechanical and Production Engineers",80,6
2026-03,"2335 Industrial, Mechanical and Production Engineers",95,1
2026-03,"2335 Industrial, Mechanical and Production Engineers",90,6
2026-03,"2335 Industrial, Mechanical and Production Engineers",85,3
2026-03,"2335 Industrial, Mechanical and Production Engineers",100,2
2026-03,2339 Other Engineering Professionals,70,1
2026-03,2339 Other Engineering Professionals,80,3
2026-03,2339 Other Engineering Professionals,95,1
2026-03,2339 Other Engineering Professionals,90,3
2026-03,2339 Other Engineering Professionals,85,2
2026-03,2339 Other Engineering Professionals,100,1
2026-03,2341 Agricultural and Forestry Scientists,80,1
2026-03,2544 Registered Nurses,65,16
2026-03,2544 Registered Nurses,75,38
2026-03,2544 Registered Nurses,70,29
2026-03,2544 Registered Nurses,80,19
2026-03,2544 Registered Nurses,90,2
2026-03,2544 Registered Nurses,85,11
2026-03,2544 Registered Nurses,60,5
2026-03,3513 Chefs,65,3
2026-03,3513 Chefs,75,2
2026-03,3513 Chefs,70,6
2026-03,3513 Chefs,90,2
2026-03,3513 Chefs,85,3
2026-03,3513 Chefs,55,2
2026-03,3513 Chefs,60,5
2026-03,3513 Chefs,50,2
2026-03,2334 Electronics Engineers,80,1
2026-03,2334 Electronics Engineers,95,1
2026-03,2334 Electronics Engineers,85,1
2026-03,2334 Electronics Engineers,60,1
2026-03,3232 Metal Fitters and Machinists,65,1
2026-03,3232 Metal Fitters and Machinists,75,1
2026-03,3232 Metal Fitters and Machinists,80,1
2026-03,3232 Metal Fitters and Machinists,55,1
2026-03,3232 Metal Fitters and Machinists,60,3
2026-03,2631 Computer Network Professionals,80,2
2026-03,2631 Computer Network Professionals,95,1
2026-03,2631 Computer Network Professionals,100,2
2026-03,"2342 Chemists, and Food and Wine Scientists",65,1
2026-03,"2342 Chemists, and Food and Wine Scientists",85,1
2026-03,2713 Solicitors,90,1
2026-03,2331 Chemical and Materials Engineers,80,1
2026-03,2331 Chemical and Materials Engineers,90,1
2026-03,2333 Electrical Engineers,65,2
2026-03,2333 Electrical Engineers,95,2
2026-03,2333 Electrical Engineers,90,2
2026-03,2333 Electrical Engineers,85,8
2026-03,2321 Architects and Landscape Architects,75,5
2026-03,2321 Architects and Landscape Architects,70,1
2026-03,2321 Architects and Landscape Architects,80,2
2026-03,2321 Architects and Landscape Architects,95,1
2026-03,2321 Architects and Landscape Architects,85,2
2026-03,2531 General Practitioners and Resident Medical officers,65,3
2026-03,2531 General Practitioners and Resident Medical officers,75,7
2026-03,2531 General Practitioners and Resident Medical officers,70,2
2026-03,2531 General Practitioners and Resident Medical officers,80,7
2026-03,2531 General Practitioners and Resident Medical officers,90,4
2026-03,2531 General Practitioners and Resident Medical officers,85,8
2026-03,2247 Management and Organisation Analysts,80,1
2026-03,2347 Veterinarians,70,1
2026-03,2347 Veterinarians,85,3
2026-03,2414 Secondary School Teachers,65,5
2026-03,2414 Secondary School Teachers,75,4
2026-03,2414 Secondary School Teachers,70,8
2026-03,2414 Secondary School Teachers,80,13
2026-03,2414 Secondary School Teachers,60,1
2026-03,1341 Child Care Centre Managers,80,1
2026-03,"2241 Actuaries, Mathematicians and Statisticians",80,1
2026-03,"2241 Actuaries, Mathematicians and Statisticians",85,1
2026-03,2421 University Lecturers and Tutors,65,1
2026-03,2421 University Lecturers and Tutors,80,1
2026-03,2421 University Lecturers and Tutors,95,3
2026-03,2421 University Lecturers and Tutors,90,4
2026-03,2421 University Lecturers and Tutors,85,3
2026-03,2421 University Lecturers and Tutors,100,1
2026-03,2633 Telecommunications Engineering Professionals,90,3
2026-03,1332 Engineering Managers,65,1
2026-03,3122 Civil Engineering Draftspersons and Technicians,75,10
2026-03,3122 Civil Engineering Draftspersons and Technicians,70,2
2026-03,3122 Civil Engineering Draftspersons and Technicians,80,3
2026-03,3122 Civil Engineering Draftspersons and Technicians,85,1
2026-03,3122 Civil Engineering Draftspersons and Technicians,60,1
2026-03,2322 Cartographers and Surveyors,75,1
2026-03,2322 Cartographers and Surveyors,70,2
2026-03,2322 Cartographers and Surveyors,85,1
2026-03,2245 Land Economists and Valuers,75,1
2026-03,2336 Mining Engineers,75,1
2026-03,2612 Multimedia Specialists and Web Developers,90,2
2026-03,3223 Structural Steel and Welding Trades Workers,75,2
2026-03,3223 Structural Steel and Welding Trades Workers,70,2
2026-03,3223 Structural Steel and Welding Trades Workers,60,2
2026-03,1331 Construction Managers,65,2
2026-03,1331 Construction Managers,75,2
2026-03,1331 Construction Managers,70,4
2026-03,1331 Construction Managers,80,4
2026-03,1331 Construction Managers,95,1
2026-03,1331 Construction Managers,85,4
2026-03,1331 Construction Managers,60,1
2026-03,2343 Environmental Scientists,75,1
2026-03,2343 Environmental Scientists,90,1
2026-03,2343 Environmental Scientists,85,1
2026-03,3132 Telecommunications Technical Specialists,65,1
2026-03,3132 Telecommunications Technical Specialists,80,1
2026-03,3312 Carpenters and Joiners,65,18
2026-03,3312 Carpenters and Joiners,75,3
2026-03,3312 Carpenters and Joiners,70,11
2026-03,3312 Carpenters and Joiners,80,1
2026-03,3312 Carpenters and Joiners,85,1
2026-03,3312 Carpenters and Joiners,55,7
2026-03,3312 Carpenters and Joiners,60,18
2026-03,3312 Carpenters and Joiners,50,2
2026-03,2725 Social Workers,65,2
2026-03,2725 Social Workers,75,8
2026-03,2725 Social Workers,70,3
2026-03,2725 Social Workers,80,5
2026-03,2725 Social Workers,85,1
2026-03,3322 Painting Trades Workers,65,14
2026-03,3322 Painting Trades Workers,75,6
2026-03,3322 Painting Trades Workers,70,14
2026-03,3322 Painting Trades Workers,80,5
2026-03,3322 Painting Trades Workers,85,1
2026-03,3322 Painting Trades Workers,55,9
2026-03,3322 Painting Trades Workers,60,8
2026-03,3322 Painting Trades Workers,50,4
2026-03,3423 Electronics Trades Workers,65,1
2026-03,3423 Electronics Trades Workers,75,1
2026-03,3423 Electronics Trades Workers,55,1
2026-03,3941 Cabinetmakers,65,2
2026-03,3941 Cabinetmakers,70,1
2026-03,3941 Cabinetmakers,60,1
2026-03,3941 Cabinetmakers,50,1
2026-03,3311 Bricklayers and Stonemasons,65,2
2026-03,3311 Bricklayers and Stonemasons,70,2
2026-03,3311 Bricklayers and Stonemasons,80,1
2026-03,3311 Bricklayers and Stonemasons,55,1
2026-03,1342 Health and Welfare Services Managers,80,1
2026-03,2539 Other Medical Practitioners,65,2
2026-03,2539 Other Medical Practitioners,75,2
2026-03,2539 Other Medical Practitioners,80,3
2026-03,2539 Other Medical Practitioners,90,2
2026-03,2539 Other Medical Practitioners,85,4
2026-03,3411 Electricians,65,10
2026-03,3411 Electricians,75,2
2026-03,3411 Electricians,70,2
2026-03,3411 Electricians,60,4
2026-03,3411 Electricians,50,1
2026-03,2525 Physiotherapists,65,1
2026-03,2525 Physiotherapists,75,3
2026-03,2525 Physiotherapists,70,3
2026-03,2525 Physiotherapists,80,6
2026-03,2525 Physiotherapists,85,2
2026-03,2512 Medical Imaging Professionals,65,2
2026-03,2512 Medical Imaging Professionals,75,2
2026-03,2512 Medical Imaging Professionals,70,2
2026-03,2512 Medical Imaging Professionals,80,1
2026-03,2512 Medical Imaging Professionals,90,1
2026-03,2527 Speech Professionals and Audiologists,65,2
2026-03,2527 Speech Professionals and Audiologists,75,5
2026-03,2524 Occupational Therapists,65,1
2026-03,2524 Occupational Therapists,75,8
2026-03,2524 Occupational Therapists,70,3
2026-03,2524 Occupational Therapists,80,1
2026-03,2524 Occupational Therapists,85,2
2026-03,2519 Other Health Diagnostic and Promotion Professionals,80,1
2026-03,3421 Airconditioning and Refrigeration Mechanics,65,1
2026-03,2346 Medical Laboratory Scientists,75,1
2026-03,2415 Special Education Teachers,75,1
2026-03,2415 Special Education Teachers,70,3
2026-03,2723 Psychologists,75,1
2026-03,2723 Psychologists,70,2
2026-03,2723 Psychologists,85,1
2026-03,2541 Midwives,65,2
2026-03,2541 Midwives,75,1
2026-03,2541 Midwives,70,1
2026-03,2541 Midwives,60,1
2026-03,3341 Plumbers,65,2
2026-03,3341 Plumbers,70,1
2026-03,3341 Plumbers,60,2
2026-03,2533 Internal Medicine Specialists,80,1
2026-03,2533 Internal Medicine Specialists,90,1
2026-03,2533 Internal Medicine Specialists,85,1
2026-03,3332 Plasterers,65,2
2026-03,3332 Plasterers,55,1
2026-03,3334 Wall and Floor Tilers,65,2
2026-03,3334 Wall and Floor Tilers,75,1
2026-03,3334 Wall and Floor Tilers,70,2
2026-03,3334 Wall and Floor Tilers,55,1
2026-03,3334 Wall and Floor Tilers,60,4
2026-03,3334 Wall and Floor Tilers,50,1
2026-03,2534 Psychiatrists,85,2
2026-03,2514 Optometrists and Orthoptists,70,1
2026-03,2514 Optometrists and Orthoptists,85,1
2026-03,2535 Surgeons,80,1
