StatusMonth,Occupation,Score,n,maxsub,minsub
2024-09,261312 Developer Programmer,100,24,45510.673667442126,44849.99277237269
2024-09,261312 Developer Programmer,105,2,45401.92913869213,45350.70143020833
2024-09,321211 Motor Mechanic (General),95,2,45459.54365771991,44904.4194278588
2024-09,321211 Motor Mechanic (General),90,1,44818.4939863426,44818.4939863426
2024-09,233211 Civil Engineer,95,45,45509.58901142361,44818.56438865741
2024-09,233211 Civil Engineer,90,24,44986.42861238426,44812.726169409725
2024-09,233211 Civil Engineer,100,11,45531.716317708335,44907.539652280095
2024-09,233211 Civil Engineer,105,2,45507.91466851852,45456.56754849537
2024-09,241111 Early Childhood (Pre-primary School) Teacher,75,11,45237.71588792824,45088.416488310184
2024-09,241111 Early Childhood (Pre-primary School) Teacher,80,186,45539.3353871875,45061.77568032408
2024-09,241111 Early Childhood (Pre-primary School) Teacher,90,6,45530.80727751157,45302.35130894676
2024-09,241111 Early Childhood (Pre-primary School) Teacher,85,58,45536.94564293981,45244.506214270834
2024-09,261111 ICT Business Analyst,95,1,44822.805539849534,44822.805539849534
2024-09,261111 ICT Business Analyst,110,1,45495.624203506944,45495.624203506944
2024-09,261111 ICT Business Analyst,100,33,45470.5349090625,44825.550221412035
2024-09,261111 ICT Business Analyst,105,1,45030.7294837963,45030.7294837963
2024-09,261313 Software Engineer,100,43,45469.55047299768,44820.52811087963
2024-09,261313 Software Engineer,105,3,45506.65744918981,45075.748099537035
2024-09,261313 Software Engineer,120,1,45344.962867442126,45344.962867442126
2024-09,221111 Accountant (General),95,1,44818.686970752315,44818.686970752315
2024-09,221111 Accountant (General),110,1,45085.19472746528,45085.19472746528
2024-09,221111 Accountant (General),100,91,45480.63841400463,44819.83707693287
2024-09,221111 Accountant (General),105,12,45043.454345289356,44903.85255454861
2024-09,262112 ICT Security Specialist,100,8,45498.53928506945,44872.39510193287
2024-09,221213 External Auditor,95,44,45499.49508202546,44847.68121292824
2024-09,221213 External Auditor,90,54,44982.643189699076,44811.615819212966
2024-09,221213 External Auditor,100,8,45261.829615625,44904.4836403125
2024-09,221213 External Auditor,105,2,44965.6708994213,44911.67542442129
2024-09,233512 Mechanical Engineer,95,47,45498.41395243056,44810.471593553244
2024-09,233512 Mechanical Engineer,90,51,44972.72011350695,44812.74623012732
2024-09,233512 Mechanical Engineer,100,4,45491.480127083334,44882.54614560185
2024-09,233999 Engineering Professionals nec,95,11,45530.67241180556,44811.89636701389
2024-09,233999 Engineering Professionals nec,90,2,44911.45634884259,44841.86171704861
2024-09,233999 Engineering Professionals nec,100,1,45032.91124976852,45032.91124976852
2024-09,233999 Engineering Professionals nec,105,1,45182.056862349535,45182.056862349535
2024-09,234111 Agricultural Consultant,95,1,45489.54048611111,45489.54048611111
2024-09,254418 Registered Nurse (Medical),75,6,45180.977421875,45076.48547612269
2024-09,254418 Registered Nurse (Medical),80,23,45534.73043561343,45083.86177546297
2024-09,254418 Registered Nurse (Medical),85,7,45520.453308564815,45320.42483483796
2024-09,351311 Chef,95,3,45377.67814251158,45021.759539502316
2024-09,351311 Chef,90,1,44905.941110879634,44905.941110879634
2024-09,233411 Electronics Engineer,95,12,45536.529258912036,44934.01501427083
2024-09,233411 Electronics Engineer,90,12,44960.602571875,44830.68593353009
2024-09,233411 Electronics Engineer,100,2,45266.47077581019,45188.75606820602
2024-09,233411 Electronics Engineer,105,2,45377.86367519676,44921.49888414352
2024-09,261112 Systems Analyst,100,14,45471.598847534726,44812.68850833333
2024-09,261112 Systems Analyst,105,2,44949.54476377315,44931.894900231484
2024-09,263111 Computer Network and Systems Engineer,100,18,45419.75204841435,44811.55879980324
2024-09,263111 Computer Network and Systems Engineer,105,1,44938.75080995371,44938.75080995371
2024-09,234211 Chemist,95,3,45508.68567005787,45026.39379371528
2024-09,234211 Chemist,100,1,45210.73683707176,45210.73683707176
2024-09,234211 Chemist,105,1,45166.07252769676,45166.07252769676
2024-09,271311 Solicitor,95,8,45314.89895231482,44962.95226805555
2024-09,271311 Solicitor,90,7,44982.94478510416,44844.96964228009
2024-09,233111 Chemical Engineer,95,13,45532.48507144676,44844.82936496528
2024-09,233111 Chemical Engineer,90,7,44986.63124390046,44841.50782804398
2024-09,233111 Chemical Engineer,100,1,45531.47379108796,45531.47379108796
2024-09,233111 Chemical Engineer,105,3,45042.94622237269,44868.588609375
2024-09,233914 Engineering Technologist,95,43,45534.67846755787,44834.55518622685
2024-09,233914 Engineering Technologist,90,31,44975.26362943287,44810.850184456016
2024-09,233914 Engineering Technologist,100,5,45482.692584062504,44909.652782986115
2024-09,233914 Engineering Technologist,105,2,45531.483466122685,45083.79162265046
2024-09,233913 Biomedical Engineer,95,4,45517.51405486111,44949.48230899306
2024-09,233913 Biomedical Engineer,90,2,44902.855471145835,44840.83471072916
2024-09,233913 Biomedical Engineer,100,1,45439.635676770835,45439.635676770835
2024-09,233913 Biomedical Engineer,105,1,45072.507682372685,45072.507682372685
2024-09,221214 Internal Auditor,95,4,45427.56857028935,44968.48334895833
2024-09,261399 Software and Applications Programmers nec,95,19,45535.04108776621,44935.56317962963
2024-09,261399 Software and Applications Programmers nec,90,4,44951.99993341435,44832.883755902774
2024-09,261399 Software and Applications Programmers nec,105,1,45512.48707164352,45512.48707164352
2024-09,233513 Production or Plant Engineer,95,5,45427.68728611111,44961.01340957176
2024-09,233513 Production or Plant Engineer,90,6,44984.779268715276,44841.903329085646
2024-09,233513 Production or Plant Engineer,100,1,45307.829086342594,45307.829086342594
2024-09,233311 Electrical Engineer,95,25,45270.480442245374,44823.51850100694
2024-09,233311 Electrical Engineer,90,20,44978.839699537035,44812.58696269676
2024-09,233311 Electrical Engineer,110,1,45196.75341373843,45196.75341373843
2024-09,233311 Electrical Engineer,100,4,45476.67352592593,44984.80161736111
2024-09,232111 Architect,75,54,45246.63890686342,44811.78005069445
2024-09,232111 Architect,80,122,45538.48632376157,44811.620955011575
2024-09,232111 Architect,95,4,45166.73985601852,44903.725072534726
2024-09,232111 Architect,90,32,45525.55792947917,44813.48458052083
2024-09,232111 Architect,85,73,45534.487904166665,44820.50861380787
2024-09,232111 Architect,105,1,45527.29932650463,45527.29932650463
2024-09,234212 Food Technologist,95,3,45518.8420965625,45121.1943866088
2024-09,234212 Food Technologist,90,1,44903.93385405093,44903.93385405093
2024-09,221112 Management Accountant,100,3,45513.80163445602,45012.83744988426
2024-09,221112 Management Accountant,105,1,45418.06610142361,45418.06610142361
2024-09,224711 Management Consultant,95,2,45245.794171215275,45093.709235381946
2024-09,224711 Management Consultant,90,1,44904.332194710645,44904.332194710645
2024-09,234711 Veterinarian,95,4,45448.89939837963,44862.560890243054
2024-09,234711 Veterinarian,115,2,45515.70188105324,45244.29742928241
2024-09,241411 Secondary School Teacher,75,8,45231.34613900463,45073.127576273146
2024-09,241411 Secondary School Teacher,80,63,45533.60257028935,45073.588500659724
2024-09,241411 Secondary School Teacher,85,16,45532.76702572917,45302.99144170139
2024-09,134111 Child Care Centre Manager,80,1,45192.412643055555,45192.412643055555
2024-09,134111 Child Care Centre Manager,90,1,45476.810768634256,45476.810768634256
2024-09,134111 Child Care Centre Manager,85,1,45490.51264140046,45490.51264140046
2024-09,224111 Actuary,95,3,45163.45606967593,44970.76547728009
2024-09,224111 Actuary,90,2,44984.57574714121,44961.683443368056
2024-09,333111 Glazier,65,1,44910.7249775463,44910.7249775463
2024-09,333111 Glazier,70,2,45490.57357083334,44910.73112592593
2024-09,242111 University Lecturer,95,13,45530.69765011574,44976.44388950231
2024-09,242111 University Lecturer,90,4,44976.935626273145,44907.96818950232
2024-09,242111 University Lecturer,100,12,45506.70359942129,45127.79763221065
2024-09,242111 University Lecturer,105,1,45073.525790706015,45073.525790706015
2024-09,263312 Telecommunications Network Engineer,95,2,45068.799822534726,44945.56048310185
2024-09,263312 Telecommunications Network Engineer,90,2,44908.70790008102,44846.51817943287
2024-09,233213 Quantity Surveyor,75,46,45245.54885752315,44814.69412190972
2024-09,233213 Quantity Surveyor,80,114,45527.04895497685,44840.59093738426
2024-09,233213 Quantity Surveyor,95,13,45121.734074803244,44853.56124571759
2024-09,233213 Quantity Surveyor,90,21,45506.5620002662,44840.87244788194
2024-09,233213 Quantity Surveyor,85,79,45540.07438599537,44837.99600332176
2024-09,233213 Quantity Surveyor,100,1,44908.80892873843,44908.80892873843
2024-09,233213 Quantity Surveyor,105,1,44945.67491021991,44945.67491021991
2024-09,234599 Life Scientists nec,95,1,44963.48181898148,44963.48181898148
2024-09,254422 Registered Nurse (Mental Health),75,3,45239.69235586806,45148.571377465276
2024-09,254422 Registered Nurse (Mental Health),80,3,45518.7367994213,45198.26552380787
2024-09,254422 Registered Nurse (Mental Health),90,1,45523.536124039354,45523.536124039354
2024-09,254422 Registered Nurse (Mental Health),85,2,45457.34926238426,45356.53018943287
2024-09,254422 Registered Nurse (Mental Health),100,1,45499.76166130787,45499.76166130787
2024-09,312211 Civil Engineering Draftsperson,75,77,45245.16486134259,44812.67697060185
2024-09,312211 Civil Engineering Draftsperson,80,154,45538.65868599537,44828.93216940972
2024-09,312211 Civil Engineering Draftsperson,95,2,45510.96987372685,44905.999440625004
2024-09,312211 Civil Engineering Draftsperson,90,10,45520.99510130787,44913.61964513889
2024-09,312211 Civil Engineering Draftsperson,85,44,45538.9224121875,44910.843523877316
2024-09,321212 Diesel Motor Mechanic,90,1,44911.72643792824,44911.72643792824
2024-09,234511 Life Scientist (General),95,5,45503.57750633102,45045.93613275463
2024-09,234511 Life Scientist (General),90,2,44950.74905787037,44833.566654594906
2024-09,234511 Life Scientist (General),110,1,44911.73836122685,44911.73836122685
2024-09,234511 Life Scientist (General),100,1,45491.98822114583,45491.98822114583
2024-09,234511 Life Scientist (General),105,1,45159.953580208334,45159.953580208334
2024-09,254423 Registered Nurse (Perioperative),75,3,45197.738895636576,45156.977930520836
2024-09,254423 Registered Nurse (Perioperative),80,5,45400.586401967594,45182.48481686343
2024-09,233212 Geotechnical Engineer,75,3,45201.17890381944,44841.047727893514
2024-09,233212 Geotechnical Engineer,80,16,45496.99891200232,44842.78938715278
2024-09,233212 Geotechnical Engineer,95,2,45527.43918854167,45508.96484571759
2024-09,233212 Geotechnical Engineer,90,1,45493.50597511574,45493.50597511574
2024-09,233212 Geotechnical Engineer,85,3,45112.60713434028,44888.697173692126
2024-09,233212 Geotechnical Engineer,100,1,45414.40065679398,45414.40065679398
2024-09,232212 Surveyor,95,2,45396.304550891204,44955.63440003472
2024-09,232212 Surveyor,100,1,44992.551326851855,44992.551326851855
2024-09,254499 Registered Nurses nec,75,17,45230.50483993055,45071.56349216435
2024-09,254499 Registered Nurses nec,80,131,45540.21214699074,45071.50643125
2024-09,254499 Registered Nurses nec,90,3,45525.37833634259,45470.03337561343
2024-09,254499 Registered Nurses nec,85,22,45525.516699155094,45167.54875015046
2024-09,254499 Registered Nurses nec,115,1,45428.463421064815,45428.463421064815
2024-09,221113 Taxation Accountant,95,25,45538.5703477662,44903.83219976852
2024-09,221113 Taxation Accountant,90,9,44981.848881909726,44903.93109293981
2024-09,221113 Taxation Accountant,100,7,45513.7900525463,44903.50503043982
2024-09,224512 Valuer,95,1,45155.67531535879,45155.67531535879
2024-09,261311 Analyst Programmer,95,47,45532.45729012731,44903.48626574074
2024-09,261311 Analyst Programmer,90,14,44976.99142731482,44812.70883938657
2024-09,261311 Analyst Programmer,100,6,45419.51988313657,44988.69019112269
2024-09,261311 Analyst Programmer,105,2,45203.575196412035,44945.93475138889
2024-09,233215 Transport Engineer,75,6,45141.861339814815,44852.07005609954
2024-09,233215 Transport Engineer,80,13,45530.59728287037,44840.74471226852
2024-09,233215 Transport Engineer,95,1,45132.61253680556,45132.61253680556
2024-09,233215 Transport Engineer,90,1,45503.61633225695,45503.61633225695
2024-09,233215 Transport Engineer,85,2,45464.81099375,45020.62969487268
2024-09,233214 Structural Engineer,75,16,45246.00549228009,44841.998486226854
2024-09,233214 Structural Engineer,80,30,45526.53713938657,44840.720824421296
2024-09,233214 Structural Engineer,95,2,45515.55303553241,45394.772686840275
2024-09,233214 Structural Engineer,90,11,45506.42458425926,44830.767221215276
2024-09,233214 Structural Engineer,85,23,45497.92255899306,44829.960269710646
2024-09,233214 Structural Engineer,100,2,45242.158792789356,45114.77330528935
2024-09,233611 Mining Engineer (excluding Petroleum),105,1,45524.81105069444,45524.81105069444
2024-09,254417 Registered Nurse (Disability and Rehabilitation),80,1,45373.805275,45373.805275
2024-09,261211 Multimedia Specialist,95,4,45499.66024197917,45036.629673958334
2024-09,261211 Multimedia Specialist,90,3,44896.762676701386,44826.51829278935
2024-09,263311 Telecommunications Engineer,95,7,45319.07333996528,44857.40584922454
2024-09,263311 Telecommunications Engineer,90,13,44958.48844143518,44838.73154984954
2024-09,322313 Welder (First Class),80,9,45530.818768020836,44834.64844603009
2024-09,322313 Welder (First Class),90,1,45006.76727222222,45006.76727222222
2024-09,322313 Welder (First Class),85,6,45516.86374560185,45177.676908912035
2024-09,232214 Other Spatial Scientist,100,1,45007.855387268515,45007.855387268515
2024-09,133111 Construction Project Manager,75,74,45249.23128730324,44827.9174258912
2024-09,133111 Construction Project Manager,80,120,45536.84392565972,44825.78846319445
2024-09,133111 Construction Project Manager,95,1,45195.21961130787,45195.21961130787
2024-09,133111 Construction Project Manager,90,12,45527.62390428241,44958.672653738424
2024-09,133111 Construction Project Manager,85,38,45538.12283707176,44942.40042792824
2024-09,133111 Construction Project Manager,100,2,45511.8989528125,45499.748271909724
2024-09,253111 General Practitioner,75,6,45189.44854950231,45082.88548888889
2024-09,253111 General Practitioner,80,61,45538.67219201389,45076.5172090625
2024-09,253111 General Practitioner,90,8,45523.51162372685,45471.99290142361
2024-09,253111 General Practitioner,85,27,45532.69636292824,45316.41856550926
2024-09,253111 General Practitioner,110,1,45518.32723009259,45518.32723009259
2024-09,253111 General Practitioner,100,1,45485.857665972224,45485.857665972224
2024-09,234313 Environmental Research Scientist,95,1,45027.68128561343,45027.68128561343
2024-09,234313 Environmental Research Scientist,100,1,45302.540271527774,45302.540271527774
2024-09,233911 Aeronautical Engineer,95,1,45528.148555555556,45528.148555555556
2024-09,234112 Agricultural Scientist,95,2,45484.9121193287,45465.55444105324
2024-09,234112 Agricultural Scientist,100,4,45472.99193931713,45217.45918880787
2024-09,234112 Agricultural Scientist,105,1,45413.51076122685,45413.51076122685
2024-09,331212 Carpenter,65,111,45539.631297534725,44810.81991967592
2024-09,331212 Carpenter,75,40,45526.093789583334,44907.696903854165
2024-09,331212 Carpenter,70,62,45538.541005011575,44912.70213726852
2024-09,331212 Carpenter,80,20,45533.537115625004,44903.76261767361
2024-09,331212 Carpenter,85,3,45476.73656689815,45091.52442855324
2024-09,272511 Social Worker,75,3,45245.55134760417,45085.758129050926
2024-09,272511 Social Worker,80,52,45538.99786415509,45071.57059633102
2024-09,272511 Social Worker,90,1,45497.708881631945,45497.708881631945
2024-09,272511 Social Worker,85,26,45537.45224679398,45173.84512716435
2024-09,272511 Social Worker,100,1,45481.01169131944,45481.01169131944
2024-09,332211 Painting Trades Worker,65,97,45539.60950034722,44906.63163422454
2024-09,332211 Painting Trades Worker,75,34,45534.72522827546,44903.891749849536
2024-09,332211 Painting Trades Worker,70,64,45537.71573287037,44903.826409456015
2024-09,332211 Painting Trades Worker,80,15,45520.66057357639,44904.86892951389
2024-09,332211 Painting Trades Worker,90,2,45502.453611689816,45481.494898958335
2024-09,332211 Painting Trades Worker,85,2,45238.26507688657,44904.13747577547
2024-09,233612 Petroleum Engineer,95,2,45092.009353738424,45071.76114672454
2024-09,233612 Petroleum Engineer,100,2,45529.92805019676,45207.87105042824
2024-09,233612 Petroleum Engineer,115,1,44942.209746215274,44942.209746215274
2024-09,252111 Chiropractor,80,3,45534.627124074075,45280.9014196412
2024-09,233915 Environmental Engineer,95,1,45123.994231979166,45123.994231979166
2024-09,233915 Environmental Engineer,100,1,45142.64215231482,45142.64215231482
2024-09,394111 Cabinetmaker,65,7,45538.73200462963,44900.69052873843
2024-09,394111 Cabinetmaker,75,3,45504.73871747685,44976.753069756945
2024-09,394111 Cabinetmaker,70,4,45513.89276859954,45175.57901079861
2024-09,394111 Cabinetmaker,80,2,45502.86586574074,45063.74073784722
2024-09,394111 Cabinetmaker,85,3,45531.80188425926,45531.71987372685
2024-09,254415 Registered Nurse (Critical Care and Emergency),75,5,45244.75083121528,45075.61107071759
2024-09,254415 Registered Nurse (Critical Care and Emergency),80,16,45468.68487858796,45094.65772766204
2024-09,254415 Registered Nurse (Critical Care and Emergency),90,1,45349.50524745371,45349.50524745371
2024-09,254415 Registered Nurse (Critical Care and Emergency),85,8,45493.748297997685,45222.758766238425
2024-09,224311 Economist,95,2,45389.52527866898,44977.54581952546
2024-09,224311 Economist,90,1,44967.23428012732,44967.23428012732
2024-09,224311 Economist,100,1,45176.284997951385,45176.284997951385
2024-09,234514 Biotechnologist,95,4,45529.89122337963,44919.64031994213
2024-09,234514 Biotechnologist,90,2,44905.662187766204,44861.60347271991
2024-09,234514 Biotechnologist,100,2,45474.88304371528,45474.62356929398
2024-09,331111 Bricklayer,65,22,45533.31048518518,44903.79738645833
2024-09,331111 Bricklayer,75,2,45493.00949293982,45478.88174394676
2024-09,331111 Bricklayer,70,3,45524.16497121528,45105.713445138885
2024-09,331111 Bricklayer,80,2,45084.802345219905,44943.64162488426
2024-09,331111 Bricklayer,90,2,45483.372393287034,44931.44898730324
2024-09,331111 Bricklayer,85,1,45460.76716875,45460.76716875
2024-09,233511 Industrial Engineer,95,2,45231.9273400463,45056.61717114583
2024-09,233511 Industrial Engineer,90,1,44823.44970378472,44823.44970378472
2024-09,233511 Industrial Engineer,100,1,45002.38018950231,45002.38018950231
2024-09,254412 Registered Nurse (Aged Care),75,3,45160.890471527775,45091.88643958334
2024-09,254412 Registered Nurse (Aged Care),80,22,45539.84477600695,45071.47748364583
2024-09,254412 Registered Nurse (Aged Care),85,4,45498.69454452546,45135.594926122685
2024-09,253999 Medical Practitioners nec,75,2,45154.87968283565,45102.68295478009
2024-09,253999 Medical Practitioners nec,80,51,45536.21977476852,45071.78426956019
2024-09,253999 Medical Practitioners nec,95,1,45520.93354305555,45520.93354305555
2024-09,253999 Medical Practitioners nec,90,7,45513.63711200231,45337.606234108796
2024-09,253999 Medical Practitioners nec,85,23,45515.692505127314,45058.64900887731
2024-09,224113 Statistician,95,4,45203.75301327546,44937.844773495366
2024-09,224113 Statistician,90,1,44988.71033090277,44988.71033090277
2024-09,224113 Statistician,105,1,45067.80229918982,45067.80229918982
2024-09,341111 Electrician (General),65,24,45533.77570304398,44897.38636512731
2024-09,341111 Electrician (General),75,8,45534.8244471875,45019.81536875
2024-09,341111 Electrician (General),70,15,45520.21893753472,44982.596155590276
2024-09,341111 Electrician (General),80,3,45385.039289548615,45043.5361565162
2024-09,252511 Physiotherapist,75,5,45209.94059424769,45107.07232010417
2024-09,252511 Physiotherapist,80,46,45533.32184128472,45071.430918287035
2024-09,252511 Physiotherapist,90,2,45507.47318804398,45397.65207121528
2024-09,252511 Physiotherapist,85,12,45489.84745752315,45312.046346875
2024-09,251211 Medical Diagnostic Radiographer,75,2,45201.93941211805,45127.67984494213
2024-09,251211 Medical Diagnostic Radiographer,80,5,45483.12061114583,45239.51789618056
2024-09,251211 Medical Diagnostic Radiographer,85,1,45509.23740925926,45509.23740925926
2024-09,312212 Civil Engineering Technician,75,20,45230.61603792824,44887.79798969907
2024-09,312212 Civil Engineering Technician,80,41,45522.80984255787,44904.71259545139
2024-09,312212 Civil Engineering Technician,90,5,45453.5607130787,44973.63748055555
2024-09,312212 Civil Engineering Technician,85,7,45538.76547063657,45274.5938934838
2024-09,253912 Emergency Medicine Specialist,80,7,45449.96229618056,45112.49542623843
2024-09,253912 Emergency Medicine Specialist,90,1,45505.67634467593,45505.67634467593
2024-09,253912 Emergency Medicine Specialist,85,1,45513.810265775464,45513.810265775464
2024-09,234312 Environmental Consultant,95,2,45442.70449255787,45323.027912847225
2024-09,234312 Environmental Consultant,100,1,45265.85428738426,45265.85428738426
2024-09,234312 Environmental Consultant,105,1,45502.57631079861,45502.57631079861
2024-09,232112 Landscape Architect,75,8,45211.48126944444,44841.46035679398
2024-09,232112 Landscape Architect,80,18,45527.74112361111,44851.738068136576
2024-09,232112 Landscape Architect,95,2,44945.86130752315,44904.79728642361
2024-09,232112 Landscape Architect,90,8,45513.49472372685,44817.73400162037
2024-09,232112 Landscape Architect,85,13,45502.720575196756,44840.98823556713
2024-09,252712 Speech Pathologist,80,12,45539.6227190162,45104.9929471875
2024-09,252712 Speech Pathologist,85,4,45460.71928599537,45282.40644841435
2024-09,322311 Metal Fabricator,75,1,44967.94405640046,44967.94405640046
2024-09,322311 Metal Fabricator,80,4,45478.47798472222,44926.42811894676
2024-09,322311 Metal Fabricator,90,1,45367.18419965278,45367.18419965278
2024-09,322311 Metal Fabricator,85,2,45188.88001400463,44998.84330489583
2024-09,234914 Physicist,95,2,45261.83795170139,44993.77972615741
2024-09,234914 Physicist,100,1,45529.94422800926,45529.94422800926
2024-09,233112 Materials Engineer,95,3,45533.616481018515,45020.63497549768
2024-09,233112 Materials Engineer,90,3,44914.562570636575,44823.41999618056
2024-09,233112 Materials Engineer,100,3,45516.51329059028,44929.71535763889
2024-09,252411 Occupational Therapist,75,4,45191.82853885417,45090.671777083335
2024-09,252411 Occupational Therapist,80,35,45539.396904664354,45071.46748773148
2024-09,252411 Occupational Therapist,90,3,45531.60093518518,45371.87146608796
2024-09,252411 Occupational Therapist,85,7,45503.0835775463,45339.53216670139
2024-09,234611 Medical Laboratory Scientist,80,11,45533.730890590276,45071.665227314814
2024-09,234611 Medical Laboratory Scientist,85,4,45524.62890640047,45433.88065150463
2024-09,241511 Special Needs Teacher,80,1,45428.136212233796,45428.136212233796
2024-09,254425 Registered Nurse (Paediatrics),80,5,45442.252230555554,45282.812921840276
2024-09,254425 Registered Nurse (Paediatrics),85,1,45309.77874262731,45309.77874262731
2024-09,272399 Psychologists nec,80,10,45531.50650740741,45025.73839155093
2024-09,272399 Psychologists nec,90,3,45497.6065752662,45378.77368622685
2024-09,272399 Psychologists nec,85,6,45540.36666461806,45398.614428125
2024-09,251912 Orthotist or Prosthetist,80,1,45387.81713834491,45387.81713834491
2024-09,331211 Carpenter and Joiner,75,4,45456.580350034725,45116.49922997685
2024-09,331211 Carpenter and Joiner,70,4,45469.825841631944,44940.78825003472
2024-09,331211 Carpenter and Joiner,80,1,45467.49238329861,45467.49238329861
2024-09,254111 Midwife,75,2,45141.03549189815,45104.395900891206
2024-09,254111 Midwife,80,7,45510.67547248842,45436.73590173611
2024-09,254111 Midwife,90,1,45362.85305532407,45362.85305532407
2024-09,254111 Midwife,85,1,45511.797915393516,45511.797915393516
2024-09,233916 Naval Architect,95,1,45484.00333047454,45484.00333047454
2024-09,233916 Naval Architect,100,1,44962.67985289352,44962.67985289352
2024-09,334111 Plumber (General),65,5,45516.84079166667,45016.744350347224
2024-09,334111 Plumber (General),75,2,45500.700815972225,44988.94973295139
2024-09,334111 Plumber (General),70,3,45524.20926241898,45416.128051817126
2024-09,254421 Registered Nurse (Medical Practice),80,1,45534.87327149305,45534.87327149305
2024-09,254424 Registered Nurse (Surgical),75,3,45092.61383769676,45076.52955057871
2024-09,254424 Registered Nurse (Surgical),80,7,45530.67608133102,45173.74810844907
2024-09,254424 Registered Nurse (Surgical),85,3,45371.252998842596,45365.94123460648
2024-09,253312 Cardiologist,80,1,45325.40210535879,45325.40210535879
2024-09,333212 Solid Plasterer,65,4,45533.66783255787,45272.51231975695
2024-09,333411 Wall and Floor Tiler,65,12,45518.90310173611,44920.640402743054
2024-09,333411 Wall and Floor Tiler,75,3,45523.68245767361,45251.940616747685
2024-09,333411 Wall and Floor Tiler,70,17,45532.56021157408,44945.40375694445
2024-09,333411 Wall and Floor Tiler,80,2,45495.472424074076,45477.75562924769
2024-09,254413 Registered Nurse (Child and Family Health),80,1,45384.89071744213,45384.89071744213
2024-09,254413 Registered Nurse (Child and Family Health),85,1,45366.95568136574,45366.95568136574
2024-09,252711 Audiologist,75,2,45159.63176226852,45146.50451319444
2024-09,252711 Audiologist,80,11,45529.589899074075,45165.930514583335
2024-09,252711 Audiologist,85,4,45530.959909641206,45323.57004795139
2024-09,253321 Paediatrician,80,1,45445.45717577546,45445.45717577546
2024-09,253321 Paediatrician,85,1,45490.723548344904,45490.723548344904
2024-09,253317 Intensive Care Specialist,85,1,45344.57412005787,45344.57412005787
2024-09,253917 Diagnostic and Interventional Radiologist,80,1,45501.95229872685,45501.95229872685
2024-09,253917 Diagnostic and Interventional Radiologist,85,1,45530.405887071756,45530.405887071756
2024-09,331213 Joiner,65,2,45189.67529085648,44978.576082604166
2024-09,331213 Joiner,85,1,45433.91685069444,45433.91685069444
2024-09,341112 Electrician (Special Class),70,1,45105.84565494213,45105.84565494213
2024-09,234518 Zoologist,90,1,44926.946210104164,44926.946210104164
2024-09,399112 Shipwright,105,1,44956.001672488426,44956.001672488426
2024-09,253411 Psychiatrist,80,1,45330.06525940972,45330.06525940972
2024-09,253411 Psychiatrist,85,1,45151.88344452546,45151.88344452546
2024-09,251411 Optometrist,80,3,45329.92250760417,45309.774836956014
2024-09,251411 Optometrist,85,2,45434.64814583333,45423.786534722225
2024-09,251214 Sonographer,80,2,45414.7309415162,45191.59076438657
2024-09,334112 Airconditioning and Mechanical Services Plumber,65,6,45533.991120914354,45049.7178709838
2024-09,334112 Airconditioning and Mechanical Services Plumber,75,1,45505.92866651621,45505.92866651621
2024-09,334112 Airconditioning and Mechanical Services Plumber,70,3,45527.83302222222,45194.93799849537
2024-09,334112 Airconditioning and Mechanical Services Plumber,80,2,45363.92111130787,45109.98932653935
2024-09,334115 Roof Plumber,65,2,45512.51568344908,45137.32116554398
2024-09,272311 Clinical Psychologist,85,1,45495.98467827546,45495.98467827546
2024-09,254411 Nurse Practitioner,85,1,45506.07619332176,45506.07619332176
2024-09,341113 Lift Mechanic,65,1,45490.84575451389,45490.84575451389
2024-09,341113 Lift Mechanic,75,1,44904.04577751157,44904.04577751157
2024-09,252611 Podiatrist,80,1,45296.61971010417,45296.61971010417
2024-09,252611 Podiatrist,90,1,45503.959219826385,45503.959219826385
2024-09,252611 Podiatrist,85,1,45471.57089394676,45471.57089394676
2024-09,241599 Special Education Teachers nec,80,1,45530.03513318287,45530.03513318287
2024-09,253311 Specialist Physician (General Medicine),80,1,45231.752541284724,45231.752541284724
2024-09,333211 Fibrous Plasterer,65,1,45539.43003711806,45539.43003711806
2024-09,334113 Drainer,75,1,45513.00398059028,45513.00398059028
2024-09,334114 Gasfitter,65,1,45496.07425871528,45496.07425871528
2024-09,253316 Gastroenterologist,85,2,45504.994150694445,45205.84438996528
2024-09,331112 Stonemason,70,1,45537.50222392361,45537.50222392361
2024-09,253518 Urologist,80,1,45387.29899811342,45387.29899811342
2024-09,253914 Ophthalmologist,85,1,45527.593433912036,45527.593433912036
2026-06,234111 Agricultural Consultant,80,31,46094.82085019676,45450.92161716435
2026-06,234111 Agricultural Consultant,95,3,46170.90402670139,45970.542176469906
2026-06,234111 Agricultural Consultant,90,10,46169.59956947916,45498.683272106486
2026-06,234111 Agricultural Consultant,85,25,46136.57047118056,45457.17137696759
2026-06,254418 Registered Nurse (Medical),75,14,45767.471894675924,45447.63432508102
2026-06,254418 Registered Nurse (Medical),80,58,46176.684700694444,45570.51221288194
2026-06,254418 Registered Nurse (Medical),90,6,46177.023791354164,45463.475788854164
2026-06,254418 Registered Nurse (Medical),85,14,46164.69834027778,45946.08182719907
2026-06,233411 Electronics Engineer,95,3,45810.69508599537,45506.49001971065
2026-06,233411 Electronics Engineer,100,5,45988.54292137732,45590.53901126157
2026-06,233411 Electronics Engineer,105,1,45885.41609806713,45885.41609806713
2026-06,234211 Chemist,95,3,46162.68654892361,46030.23273981482
2026-06,234211 Chemist,90,15,46163.766732557866,45550.79964128472
2026-06,234211 Chemist,85,6,45922.63691369213,45575.470129050926
2026-06,234211 Chemist,100,3,46155.625950497684,45893.465197337966
2026-06,234211 Chemist,105,1,46085.906838229166,46085.906838229166
2026-06,271311 Solicitor,80,89,46108.447678819444,45448.574322650464
2026-06,271311 Solicitor,95,3,46005.930158483796,45807.50641307871
2026-06,271311 Solicitor,90,50,46161.74873831018,45477.971711805556
2026-06,271311 Solicitor,85,98,46171.99238931713,45456.50220200232
2026-06,312312 Electrical Engineering Technician,80,15,46058.139131828706,45450.00440362268
2026-06,312312 Electrical Engineering Technician,90,25,46076.85593333333,45499.71472103009
2026-06,312312 Electrical Engineering Technician,85,34,46161.86115783565,45524.92621655093
2026-06,323211 Fitter (General),80,4,45918.70193318287,45609.13899047454
2026-06,323211 Fitter (General),85,4,46167.92357083333,45918.5292875
2026-06,232111 Architect,95,4,46174.05077410879,45903.59164105324
2026-06,232111 Architect,90,24,46175.6681994213,45645.02404016204
2026-06,232111 Architect,85,34,45986.20181755787,45464.477317592595
2026-06,234212 Food Technologist,95,7,46173.008365891204,45550.01933252315
2026-06,234212 Food Technologist,90,34,46171.85302792824,45458.70454965278
2026-06,234212 Food Technologist,85,3,45921.96080173611,45513.534615937504
2026-06,234212 Food Technologist,100,1,45979.996586724534,45979.996586724534
2026-06,234212 Food Technologist,105,1,45908.6392815162,45908.6392815162
2026-06,312311 Electrical Engineering Draftsperson,80,2,46091.1014505787,45559.725057986114
2026-06,312311 Electrical Engineering Draftsperson,90,1,46056.37019533565,46056.37019533565
2026-06,312311 Electrical Engineering Draftsperson,85,1,45903.77469355324,45903.77469355324
2026-06,224711 Management Consultant,80,60,46102.50632126157,45447.74584351852
2026-06,224711 Management Consultant,95,4,46177.02309398148,46111.93008480324
2026-06,224711 Management Consultant,90,42,46176.65597476852,45704.5463840625
2026-06,224711 Management Consultant,85,73,46176.695136539354,45450.53235462963
2026-06,234711 Veterinarian,80,15,46080.43745917824,45518.99501292824
2026-06,234711 Veterinarian,95,4,46071.96730127315,45751.843139965276
2026-06,234711 Veterinarian,90,16,46155.04089903935,45727.69418730324
2026-06,234711 Veterinarian,85,28,46175.60115170139,45448.59435625
2026-06,234711 Veterinarian,100,1,45924.803899502316,45924.803899502316
2026-06,241411 Secondary School Teacher,75,31,45832.79760153935,45495.76697491898
2026-06,241411 Secondary School Teacher,80,170,46177.038208680555,45450.555434375
2026-06,241411 Secondary School Teacher,95,2,46177.02948445602,46074.86906469907
2026-06,241411 Secondary School Teacher,90,17,46174.61579915509,45708.819078622684
2026-06,241411 Secondary School Teacher,85,86,46175.2985528125,45534.475327314816
2026-06,241411 Secondary School Teacher,100,2,46176.99754603009,45903.45545390046
2026-06,134111 Child Care Centre Manager,80,2,45842.65833275463,45546.53739297454
2026-06,224111 Actuary,95,3,46154.88990350695,45797.74345879629
2026-06,224111 Actuary,90,12,46061.44209409722,45792.44543611111
2026-06,333111 Glazier,65,2,46046.98191944444,45936.52199837963
2026-06,333111 Glazier,75,1,46000.77976855324,46000.77976855324
2026-06,263312 Telecommunications Network Engineer,95,2,45881.88150914352,45648.94284221065
2026-06,133211 Engineering Manager,80,15,46058.69523417824,45493.83039452546
2026-06,133211 Engineering Manager,95,1,45974.06031049768,45974.06031049768
2026-06,133211 Engineering Manager,90,3,46177.09279224537,45778.68795443287
2026-06,133211 Engineering Manager,85,15,46173.69314170139,45623.873866932874
2026-06,234599 Life Scientists nec,95,1,45989.62198576389,45989.62198576389
2026-06,234599 Life Scientists nec,100,3,46151.3212412037,46034.45743603009
2026-06,254422 Registered Nurse (Mental Health),75,2,45772.80298457176,45604.50239780093
2026-06,254422 Registered Nurse (Mental Health),80,24,46175.82783931713,45715.53973653935
2026-06,254422 Registered Nurse (Mental Health),90,1,45877.469741469904,45877.469741469904
2026-06,254422 Registered Nurse (Mental Health),85,14,46176.50725601852,45796.532477430555
2026-06,234511 Life Scientist (General),95,5,46077.73339375,45697.86012237269
2026-06,234511 Life Scientist (General),100,3,46144.71616820602,45587.64910552083
2026-06,254423 Registered Nurse (Perioperative),75,9,45749.42994811342,45520.07063657408
2026-06,254423 Registered Nurse (Perioperative),80,18,46163.55902615741,45647.43323927083
2026-06,254423 Registered Nurse (Perioperative),90,2,45736.817892743056,45530.735507986115
2026-06,254423 Registered Nurse (Perioperative),85,2,46134.84484641204,45972.50254386574
2026-06,232212 Surveyor,80,7,45918.70418854167,45795.968526655095
2026-06,232212 Surveyor,90,4,46173.89696878472,45658.78342045139
2026-06,232212 Surveyor,85,6,46177.14673295139,45595.74352133102
2026-06,254499 Registered Nurses nec,75,48,45770.7008212963,45461.51126547454
2026-06,254499 Registered Nurses nec,80,614,46177.22167627315,45449.4333147338
2026-06,254499 Registered Nurses nec,90,26,46149.91760972222,45636.48079170139
2026-06,254499 Registered Nurses nec,85,223,46177.024312002315,45545.682221875
2026-06,254499 Registered Nurses nec,100,1,46177.00904016204,46177.00904016204
2026-06,224512 Valuer,80,13,46030.11253533565,45476.59731612269
2026-06,224512 Valuer,90,2,46051.818469212965,45454.70665304398
2026-06,224512 Valuer,85,8,46000.822494479165,45518.442634837964
2026-06,234516 Marine Biologist,100,1,46130.59253136574,46130.59253136574
2026-06,234516 Marine Biologist,105,1,46131.8871028588,46131.8871028588
2026-06,233611 Mining Engineer (excluding Petroleum),80,14,46079.6810602662,45449.97894244213
2026-06,233611 Mining Engineer (excluding Petroleum),95,3,46176.685731631944,45905.88316049769
2026-06,233611 Mining Engineer (excluding Petroleum),90,6,46171.95147453704,45554.89769505787
2026-06,233611 Mining Engineer (excluding Petroleum),85,26,46168.85137766204,45526.38581230324
2026-06,254417 Registered Nurse (Disability and Rehabilitation),80,5,46176.71878364583,45972.84132746528
2026-06,254417 Registered Nurse (Disability and Rehabilitation),85,1,45773.506224502315,45773.506224502315
2026-06,261211 Multimedia Specialist,95,12,46052.64635185185,45602.61631258102
2026-06,261211 Multimedia Specialist,110,1,46119.99519259259,46119.99519259259
2026-06,261211 Multimedia Specialist,100,6,46169.37195486111,45915.596932291664
2026-06,261211 Multimedia Specialist,105,1,46066.43469927083,46066.43469927083
2026-06,263311 Telecommunications Engineer,95,8,45989.44930763889,45744.575814965276
2026-06,263311 Telecommunications Engineer,100,3,46076.97509447917,45783.82340949074
2026-06,322313 Welder (First Class),80,34,46044.87400447916,45474.78815983796
2026-06,322313 Welder (First Class),90,6,46057.75998665509,45946.32543163194
2026-06,322313 Welder (First Class),85,10,46174.02630868056,45475.72586265046
2026-06,234912 Metallurgist,80,4,46016.203214733796,45643.07225648148
2026-06,234912 Metallurgist,85,4,46173.32005648148,45495.007598530094
2026-06,234912 Metallurgist,100,1,46127.59693186342,46127.59693186342
2026-06,234912 Metallurgist,105,1,46127.604276122685,46127.604276122685
2026-06,232214 Other Spatial Scientist,80,6,46099.03223012731,45548.63478966435
2026-06,232214 Other Spatial Scientist,95,1,46139.48419710648,46139.48419710648
2026-06,232214 Other Spatial Scientist,85,18,46071.76211979167,45504.819357291664
2026-06,133111 Construction Project Manager,80,142,46096.90952878472,45467.97878101852
2026-06,133111 Construction Project Manager,95,8,46177.06476608796,45974.07046296296
2026-06,133111 Construction Project Manager,90,35,46175.74850482639,45618.46567538194
2026-06,133111 Construction Project Manager,85,95,46174.96591890046,45574.39512650463
2026-06,133111 Construction Project Manager,100,1,46176.0684662037,46176.0684662037
2026-06,253111 General Practitioner,75,9,45762.64554525463,45611.85608232639
2026-06,253111 General Practitioner,80,98,46176.696394872684,45606.49193290509
2026-06,253111 General Practitioner,95,2,46086.25720836806,46038.855083449074
2026-06,253111 General Practitioner,90,13,46175.68062225694,45896.44341921296
2026-06,253111 General Practitioner,85,60,46174.41032943287,45608.5480962963
2026-06,234313 Environmental Research Scientist,80,5,46053.29799525463,45526.49528888889
2026-06,234313 Environmental Research Scientist,90,9,46138.869034375,45541.71989386574
2026-06,234313 Environmental Research Scientist,85,10,46054.632979629634,45631.65006797454
2026-06,234313 Environmental Research Scientist,100,1,46043.460192858794,46043.460192858794
2026-06,234313 Environmental Research Scientist,105,2,46028.398275960644,46012.64514424768
2026-06,234112 Agricultural Scientist,80,17,46084.958696064816,45489.672789317134
2026-06,234112 Agricultural Scientist,95,2,45993.51061982639,45866.52140211806
2026-06,234112 Agricultural Scientist,90,10,46176.67598194444,45737.64654533565
2026-06,234112 Agricultural Scientist,85,26,46140.94674186343,45461.71041817129
2026-06,234112 Agricultural Scientist,100,3,46117.34448028935,45611.278867280096
2026-06,234113 Forester,80,1,45859.12521049769,45859.12521049769
2026-06,234113 Forester,85,1,45896.51387751158,45896.51387751158
2026-06,271111 Barrister,80,1,46071.47944174769,46071.47944174769
2026-06,271111 Barrister,85,1,46071.47071721065,46071.47071721065
2026-06,331212 Carpenter,65,137,46133.50957488426,45497.50873040509
2026-06,331212 Carpenter,75,53,46172.67124814815,45862.590695833336
2026-06,331212 Carpenter,70,133,46177.02552905092,45609.63716377315
2026-06,331212 Carpenter,80,18,46176.57895431713,45552.80714853009
2026-06,331212 Carpenter,90,3,46176.9864409375,46001.70488275463
2026-06,331212 Carpenter,85,5,46175.964006284725,45974.312135451386
2026-06,331212 Carpenter,100,1,46149.928314351855,46149.928314351855
2026-06,272511 Social Worker,75,39,45847.59251454861,45552.627716400464
2026-06,272511 Social Worker,80,153,46177.025383182874,45539.586105243055
2026-06,272511 Social Worker,90,15,46161.49539189815,45708.81383518518
2026-06,272511 Social Worker,85,70,46174.670643136575,45697.54941605324
2026-06,342313 Electronic Equipment Trades Worker,80,8,46076.9766346875,45463.78902476852
2026-06,342313 Electronic Equipment Trades Worker,90,1,45953.527494444446,45953.527494444446
2026-06,342313 Electronic Equipment Trades Worker,85,4,46165.84997268519,45694.95277094907
2026-06,233612 Petroleum Engineer,80,21,46097.895164814814,45456.633206099534
2026-06,233612 Petroleum Engineer,95,3,46171.72582476852,45890.6885690625
2026-06,233612 Petroleum Engineer,85,23,46157.7754721875,45531.94351681713
2026-06,233612 Petroleum Engineer,105,1,46114.58909302083,46114.58909302083
2026-06,252111 Chiropractor,80,5,46073.646469328705,45593.47897149305
2026-06,252111 Chiropractor,90,1,45706.52742060185,45706.52742060185
2026-06,252111 Chiropractor,85,6,46058.700322916666,45794.77353017361
2026-06,394111 Cabinetmaker,80,2,46055.9904372338,45666.548107870374
2026-06,394111 Cabinetmaker,85,2,45971.73779452546,45971.65346689815
2026-06,254415 Registered Nurse (Critical Care and Emergency),75,14,45771.76506006945,45524.75299424768
2026-06,254415 Registered Nurse (Critical Care and Emergency),80,39,46176.775759027776,45505.443245601855
2026-06,254415 Registered Nurse (Critical Care and Emergency),90,2,46010.66593028935,45981.92296041667
2026-06,254415 Registered Nurse (Critical Care and Emergency),85,23,46175.95602534722,45638.706521493055
2026-06,224311 Economist,80,18,46104.784107060186,45497.55319097222
2026-06,224311 Economist,90,10,46121.42709556713,45858.66269039352
2026-06,224311 Economist,85,21,46154.485877280094,45533.57912962963
2026-06,234514 Biotechnologist,95,3,46095.02652905093,45748.88166478009
2026-06,234514 Biotechnologist,100,2,46054.127790659724,46043.020905324076
2026-06,331111 Bricklayer,65,33,46134.693140393516,45465.01374841435
2026-06,331111 Bricklayer,75,10,46177.112536886576,45663.86825162037
2026-06,331111 Bricklayer,70,12,46175.57096385417,45884.70653457176
2026-06,331111 Bricklayer,80,3,46175.00681496528,45951.58876871528
2026-06,331111 Bricklayer,85,1,45953.97997728009,45953.97997728009
2026-06,139912 Environmental Manager,80,7,46083.61373105324,45505.82262349537
2026-06,139912 Environmental Manager,90,4,46138.458637118056,45870.51606385417
2026-06,139912 Environmental Manager,85,6,45983.62988032407,45782.45336357639
2026-06,139911 Arts Administrator or Manager,80,5,45804.417254050924,45487.732476157405
2026-06,139911 Arts Administrator or Manager,90,3,45818.45478368056,45583.445278935185
2026-06,139911 Arts Administrator or Manager,85,3,46029.551136423615,45485.64535092593
2026-06,254412 Registered Nurse (Aged Care),75,15,45751.6485528125,45456.45279563658
2026-06,254412 Registered Nurse (Aged Care),80,119,46176.806244988424,45458.479499849534
2026-06,254412 Registered Nurse (Aged Care),90,4,46133.74151119213,46073.68778927083
2026-06,254412 Registered Nurse (Aged Care),85,22,46176.103350578705,45450.66497665509
2026-06,254412 Registered Nurse (Aged Care),110,1,46127.77865439815,46127.77865439815
2026-06,254412 Registered Nurse (Aged Care),105,1,46173.5415128125,46173.5415128125
2026-06,253999 Medical Practitioners nec,75,4,45720.86740393518,45603.95962890046
2026-06,253999 Medical Practitioners nec,80,69,46177.00630289352,45669.87631600694
2026-06,253999 Medical Practitioners nec,90,12,46165.086023807875,45972.978645717594
2026-06,253999 Medical Practitioners nec,85,48,46165.263018831014,45697.991591516206
2026-06,234412 Geophysicist,80,3,45958.995642361115,45479.85401273148
2026-06,234412 Geophysicist,90,1,46145.00293888889,46145.00293888889
2026-06,234412 Geophysicist,85,2,45965.50236697917,45908.67344008102
2026-06,234412 Geophysicist,100,1,46173.44565327546,46173.44565327546
2026-06,224113 Statistician,95,22,46177.23209829861,45533.42164082176
2026-06,224113 Statistician,90,66,46149.54580335648,45509.08328290509
2026-06,224113 Statistician,100,3,46145.526647025465,46013.90649320602
2026-06,224113 Statistician,105,3,46062.04537792824,46013.070576122685
2026-06,341111 Electrician (General),65,16,46127.76438090278,45685.695311724536
2026-06,341111 Electrician (General),75,6,46175.814717939815,46007.400131793984
2026-06,341111 Electrician (General),70,19,46177.026567361114,45923.54550019676
2026-06,341111 Electrician (General),80,9,46177.18145621528,45972.80486936343
2026-06,252511 Physiotherapist,75,7,45770.16844702546,45520.78121570602
2026-06,252511 Physiotherapist,80,63,46176.752124189814,45474.49528113426
2026-06,252511 Physiotherapist,95,1,46006.869479016204,46006.869479016204
2026-06,252511 Physiotherapist,90,4,46171.800093715276,46009.57745385417
2026-06,252511 Physiotherapist,85,23,46162.43862380787,45751.76882353009
2026-06,252511 Physiotherapist,100,1,46177.002893206016,46177.002893206016
2026-06,251211 Medical Diagnostic Radiographer,80,26,46170.15354853009,45478.63934513889
2026-06,251211 Medical Diagnostic Radiographer,90,1,45863.59070315972,45863.59070315972
2026-06,251211 Medical Diagnostic Radiographer,85,2,46091.82457635416,45663.42185575231
2026-06,232213 Cartographer,85,1,45889.79939366898,45889.79939366898
2026-06,342315 Electronic Instrument Trades Worker (Special Class),80,2,45994.91220428241,45973.65753105324
2026-06,342315 Electronic Instrument Trades Worker (Special Class),85,1,45502.77052832176,45502.77052832176
2026-06,253912 Emergency Medicine Specialist,80,5,46106.442376886574,45821.60369016204
2026-06,253912 Emergency Medicine Specialist,90,1,46059.69766388889,46059.69766388889
2026-06,253912 Emergency Medicine Specialist,85,4,46104.285340891205,45930.70758915509
2026-06,234312 Environmental Consultant,80,25,46106.64413414352,45448.8136619213
2026-06,234312 Environmental Consultant,95,4,46174.733891435186,45833.775559525464
2026-06,234312 Environmental Consultant,90,18,46174.89464255787,45554.89149212963
2026-06,234312 Environmental Consultant,85,29,46155.51123001157,45532.60347253472
2026-06,234312 Environmental Consultant,100,2,46126.461296180554,45960.63665717593
2026-06,234517 Microbiologist,95,1,45890.56937681713,45890.56937681713
2026-06,234517 Microbiologist,100,2,46160.63982114583,46069.47742199074
2026-06,232112 Landscape Architect,95,1,46024.5233329051,46024.5233329051
2026-06,232112 Landscape Architect,90,8,46146.8098369213,45750.89831863426
2026-06,232112 Landscape Architect,85,5,45989.63160269676,45745.63802881945
2026-06,252712 Speech Pathologist,80,34,46171.93755844908,45691.92455362268
2026-06,252712 Speech Pathologist,90,3,46050.43528765046,46009.531368634256
2026-06,252712 Speech Pathologist,85,20,46175.58526832176,45725.03800714121
2026-06,322311 Metal Fabricator,80,5,45967.441819988424,45587.88782824074
2026-06,322311 Metal Fabricator,85,2,46160.763278125,45608.68929001158
2026-06,234999 Natural and Physical Science Professionals nec,85,2,45535.63645,45495.05701982639
2026-06,234914 Physicist,80,7,45938.75813364583,45561.84724560185
2026-06,234914 Physicist,95,3,46074.040122025464,45992.423142858795
2026-06,234914 Physicist,90,4,46172.70009699074,45843.796313113424
2026-06,234914 Physicist,85,5,46168.53306508102,45544.56062604167
2026-06,234914 Physicist,100,3,46149.37945497685,46067.28023202546
2026-06,234914 Physicist,105,1,46149.389280324074,46149.389280324074
2026-06,252411 Occupational Therapist,75,6,45766.75276859954,45509.88028356482
2026-06,252411 Occupational Therapist,80,36,46176.65673954861,45496.845028668984
2026-06,252411 Occupational Therapist,90,2,46121.650833252315,46087.55917554398
2026-06,252411 Occupational Therapist,85,12,46169.87573425926,45656.73727488426
2026-06,342111 Airconditioning and Refrigeration Mechanic,80,1,45551.31320859954,45551.31320859954
2026-06,234611 Medical Laboratory Scientist,80,38,46108.59949521991,45497.70256929398
2026-06,234611 Medical Laboratory Scientist,90,10,46157.49295975694,45680.764293900465
2026-06,234611 Medical Laboratory Scientist,85,24,46176.99753700232,45594.705992627314
2026-06,241511 Special Needs Teacher,75,1,45821.32351909722,45821.32351909722
2026-06,241511 Special Needs Teacher,80,2,46075.908674224534,45984.743663692134
2026-06,254425 Registered Nurse (Paediatrics),80,7,46171.027078506944,45560.80712079861
2026-06,254425 Registered Nurse (Paediatrics),90,2,46144.98827476852,46083.813249039355
2026-06,254425 Registered Nurse (Paediatrics),85,6,46176.67290127315,45939.93133730324
2026-06,234399 Environmental Scientists nec,80,3,46059.89110315972,45606.483009525466
2026-06,234399 Environmental Scientists nec,90,1,46171.700269988425,46171.700269988425
2026-06,234399 Environmental Scientists nec,85,6,46153.67263526621,45586.88418645834
2026-06,272399 Psychologists nec,75,2,45750.02226269676,45733.83001990741
2026-06,272399 Psychologists nec,80,26,46176.813885613425,45718.4962943287
2026-06,272399 Psychologists nec,95,1,46141.890280555555,46141.890280555555
2026-06,272399 Psychologists nec,90,2,46049.72386203703,45980.65110309028
2026-06,272399 Psychologists nec,85,15,46144.59299984954,45735.71789552084
2026-06,331211 Carpenter and Joiner,65,8,46113.51384024305,45462.53822268519
2026-06,331211 Carpenter and Joiner,75,11,46171.47925451389,45954.62081385417
2026-06,331211 Carpenter and Joiner,70,10,46114.60889903935,45981.7515943287
2026-06,331211 Carpenter and Joiner,80,1,46105.84371836806,46105.84371836806
2026-06,331211 Carpenter and Joiner,85,1,46156.71211605324,46156.71211605324
2026-06,254111 Midwife,80,10,46143.8393212963,45637.8859693287
2026-06,254111 Midwife,90,1,46177.02489652778,46177.02489652778
2026-06,254111 Midwife,85,3,46057.264480555554,45938.31177704861
2026-06,252112 Osteopath,80,3,46028.585014502314,45764.61239603009
2026-06,342314 Electronic Instrument Trades Worker (General),80,1,45721.25755899306,45721.25755899306
2026-06,342314 Electronic Instrument Trades Worker (General),85,1,45732.96868892361,45732.96868892361
2026-06,334111 Plumber (General),65,6,46132.784385416664,45910.57530466435
2026-06,334111 Plumber (General),75,1,45910.62875366898,45910.62875366898
2026-06,334111 Plumber (General),70,4,46155.72636901621,45977.83415420139
2026-06,334111 Plumber (General),80,5,46177.08664359954,46155.40261909722
2026-06,334111 Plumber (General),95,1,45899.02118888889,45899.02118888889
2026-06,334111 Plumber (General),85,1,46046.80595454861,46046.80595454861
2026-06,234413 Hydrogeologist,80,1,46104.964216863424,46104.964216863424
2026-06,234413 Hydrogeologist,90,2,46174.84843383102,45910.42888283565
2026-06,234413 Hydrogeologist,85,1,46053.92241076389,46053.92241076389
2026-06,254421 Registered Nurse (Medical Practice),75,2,45607.745904745374,45511.66230945602
2026-06,254421 Registered Nurse (Medical Practice),80,6,46172.8320824074,45494.69766913194
2026-06,254421 Registered Nurse (Medical Practice),95,1,45973.98705466435,45973.98705466435
2026-06,254421 Registered Nurse (Medical Practice),85,2,46083.82489895834,45946.30064664352
2026-06,254424 Registered Nurse (Surgical),75,2,45662.971236655096,45615.77738159722
2026-06,254424 Registered Nurse (Surgical),80,21,46172.048455173615,45686.781608136575
2026-06,254424 Registered Nurse (Surgical),85,10,46120.54528715278,45901.79312248842
2026-06,324111 Panelbeater,80,2,45965.2058778125,45912.66493854167
2026-06,324111 Panelbeater,85,1,46011.861032291665,46011.861032291665
2026-06,224511 Land Economist,80,7,45803.51152862269,45449.40788105324
2026-06,224511 Land Economist,90,1,45523.55799302083,45523.55799302083
2026-06,224511 Land Economist,85,4,46101.407794363426,45807.005957291665
2026-06,452316 Tennis Coach,90,1,45821.54528052083,45821.54528052083
2026-06,452316 Tennis Coach,85,2,45970.63644887731,45640.865422916664
2026-06,399111 Boat Builder and Repairer,80,1,45509.49914186342,45509.49914186342
2026-06,399111 Boat Builder and Repairer,85,2,46010.73741724537,45585.5445568287
2026-06,253312 Cardiologist,80,1,46032.87090119213,46032.87090119213
2026-06,333212 Solid Plasterer,65,4,46135.809822256946,45615.768665509255
2026-06,333212 Solid Plasterer,70,2,46175.542899305554,46064.742285960645
2026-06,333212 Solid Plasterer,95,1,46176.741065821756,46176.741065821756
2026-06,333212 Solid Plasterer,85,1,46160.85254019676,46160.85254019676
2026-06,333411 Wall and Floor Tiler,65,22,46133.9622283912,45539.48619980324
2026-06,333411 Wall and Floor Tiler,75,5,46112.89633711806,46008.527722025465
2026-06,333411 Wall and Floor Tiler,70,16,46175.61931693287,45890.56295949074
2026-06,333411 Wall and Floor Tiler,80,1,46132.6641440625,46132.6641440625
2026-06,333411 Wall and Floor Tiler,85,1,46062.76111721065,46062.76111721065
2026-06,254414 Registered Nurse (Community Health),75,2,45765.214001354165,45678.97251269676
2026-06,254414 Registered Nurse (Community Health),80,2,46176.748732175925,45815.744856018515
2026-06,254414 Registered Nurse (Community Health),85,3,46058.36061380787,46011.33931319445
2026-06,254413 Registered Nurse (Child and Family Health),80,2,46161.017615046294,46029.798193090275
2026-06,254413 Registered Nurse (Child and Family Health),100,1,45936.58734684028,45936.58734684028
2026-06,252711 Audiologist,75,2,45708.050218634264,45699.84232005787
2026-06,252711 Audiologist,80,12,46177.07431643519,45749.677429282405
2026-06,252711 Audiologist,85,4,46106.011077083334,46026.720997881945
2026-06,252711 Audiologist,100,1,46176.74596114583,46176.74596114583
2026-06,134213 Primary Health Organisation Manager,80,2,45898.45663741898,45511.66971990741
2026-06,134213 Primary Health Organisation Manager,90,1,45551.82320277778,45551.82320277778
2026-06,134213 Primary Health Organisation Manager,85,2,46155.67403391204,45882.93532241898
2026-06,253321 Paediatrician,80,2,46110.75821130787,45918.71759528935
2026-06,253317 Intensive Care Specialist,80,1,46170.20874621528,46170.20874621528
2026-06,331213 Joiner,65,3,46130.200639270835,45804.46759537037
2026-06,272313 Organisational Psychologist,80,1,45776.211541550925,45776.211541550925
2026-06,211213 Musician (Instrumental),95,1,45969.790183136574,45969.790183136574
2026-06,211213 Musician (Instrumental),90,1,46078.47940107639,46078.47940107639
2026-06,211213 Musician (Instrumental),100,1,46103.787240625,46103.787240625
2026-06,321111 Automotive Electrician,80,4,46080.110297025465,45495.94809290509
2026-06,321111 Automotive Electrician,85,1,46136.77251142361,46136.77251142361
2026-06,253411 Psychiatrist,90,1,46168.84857149306,46168.84857149306
2026-06,253411 Psychiatrist,85,1,46157.20497399305,46157.20497399305
2026-06,251411 Optometrist,80,4,46161.84157060185,45592.76924336806
2026-06,251411 Optometrist,95,1,46177.01710350694,46177.01710350694
2026-06,251411 Optometrist,85,1,46029.57177037037,46029.57177037037
2026-06,253399 Specialist Physicians nec,80,1,46100.43005077547,46100.43005077547
2026-06,251214 Sonographer,85,1,46012.30475474537,46012.30475474537
2026-06,334112 Airconditioning and Mechanical Services Plumber,65,7,46063.35898290509,45928.808962731484
2026-06,334112 Airconditioning and Mechanical Services Plumber,75,1,45974.099113923614,45974.099113923614
2026-06,334112 Airconditioning and Mechanical Services Plumber,70,1,45974.35990509259,45974.35990509259
2026-06,334112 Airconditioning and Mechanical Services Plumber,95,1,46177.01105949074,46177.01105949074
2026-06,334115 Roof Plumber,65,1,46132.24875601852,46132.24875601852
2026-06,334115 Roof Plumber,70,2,46120.71566068287,46045.49888773148
2026-06,272311 Clinical Psychologist,80,1,45981.45879293981,45981.45879293981
2026-06,272311 Clinical Psychologist,95,1,46177.032197569446,46177.032197569446
2026-06,272311 Clinical Psychologist,90,1,46132.72434945602,46132.72434945602
2026-06,272311 Clinical Psychologist,85,1,45890.43658109954,45890.43658109954
2026-06,251212 Medical Radiation Therapist,80,2,46174.95166762731,45662.14918703704
2026-06,341113 Lift Mechanic,80,1,45973.93126848379,45973.93126848379
2026-06,252611 Podiatrist,75,1,45734.447227199074,45734.447227199074
2026-06,252611 Podiatrist,80,3,46135.490425428245,45700.59763587963
2026-06,252611 Podiatrist,85,2,45984.805718599535,45878.688862696756
2026-06,241599 Special Education Teachers nec,85,1,45930.988442939815,45930.988442939815
2026-06,253311 Specialist Physician (General Medicine),80,2,45977.72999594908,45862.89573989583
2026-06,211112 Dancer or Choreographer,80,3,45974.65991967593,45586.90887172454
2026-06,211112 Dancer or Choreographer,85,1,46115.042938425926,46115.042938425926
2026-06,134214 Welfare Centre Manager,85,1,45783.5596653588,45783.5596653588
2026-06,253324 Thoracic Medicine Specialist,95,1,46083.579902627316,46083.579902627316
2026-06,333211 Fibrous Plasterer,75,1,46176.96833306713,46176.96833306713
2026-06,333211 Fibrous Plasterer,70,2,46155.794763969905,46134.597911377314
2026-06,334113 Drainer,65,1,46106.074376122684,46106.074376122684
2026-06,334113 Drainer,75,1,46136.85598287037,46136.85598287037
2026-06,334114 Gasfitter,70,1,46003.56511053241,46003.56511053241
2026-06,253514 Orthopaedic Surgeon,85,1,46051.84355304398,46051.84355304398
2026-06,254416 Registered Nurse (Developmental Disability),80,1,46098.51281605324,46098.51281605324
2026-06,254416 Registered Nurse (Developmental Disability),90,1,46153.345497256945,46153.345497256945
2026-06,253316 Gastroenterologist,85,1,45811.97455373843,45811.97455373843
2026-06,331112 Stonemason,65,2,45974.711427511575,45972.639753854164
2026-06,331112 Stonemason,90,1,46176.75043792824,46176.75043792824
2026-06,253518 Urologist,100,1,46176.80202916667,46176.80202916667
2026-06,253914 Ophthalmologist,80,1,46109.97142615741,46109.97142615741
2025-08,241111 Early Childhood (Pre-primary School) Teacher,95,3,45806.68838561342,45574.541395486114
2025-08,241111 Early Childhood (Pre-primary School) Teacher,90,38,45883.58553715278,45327.51596111111
2025-08,241111 Early Childhood (Pre-primary School) Teacher,85,324,45850.91693784722,45265.49157303241
2025-08,234111 Agricultural Consultant,95,4,45820.60072372685,45178.63734444445
2025-08,234111 Agricultural Consultant,90,13,45751.7401466088,45220.88899375
2025-08,234111 Agricultural Consultant,100,1,45712.990912650464,45712.990912650464
2025-08,254418 Registered Nurse (Medical),80,34,45850.07532870371,45349.53604583333
2025-08,254418 Registered Nurse (Medical),90,4,45837.60871006944,45280.68460540509
2025-08,254418 Registered Nurse (Medical),85,17,45875.42895231482,45266.619132604166
2025-08,233411 Electronics Engineer,95,7,45688.001442939814,45359.45707010417
2025-08,233411 Electronics Engineer,100,6,45825.69643773148,45415.10042195602
2025-08,234211 Chemist,95,3,45777.83789556713,45704.01462893518
2025-08,234211 Chemist,90,10,45704.43551403935,45212.58415771991
2025-08,234211 Chemist,110,1,45536.5978363426,45536.5978363426
2025-08,234211 Chemist,100,4,45808.88209771991,45397.92288417824
2025-08,234211 Chemist,105,1,45694.768561377314,45694.768561377314
2025-08,271311 Solicitor,95,8,45616.84644849537,45231.68701574074
2025-08,271311 Solicitor,90,51,45765.05864895834,45162.8982253125
2025-08,271311 Solicitor,100,1,45675.36007549769,45675.36007549769
2025-08,233111 Chemical Engineer,95,19,45878.78211342593,45274.698705324074
2025-08,233111 Chemical Engineer,90,26,45781.98058109954,45175.62201898148
2025-08,233111 Chemical Engineer,100,6,45883.47611195602,45181.74791481481
2025-08,233111 Chemical Engineer,105,1,45310.53319876157,45310.53319876157
2025-08,312312 Electrical Engineering Technician,90,5,45494.45075181713,45270.692713888886
2025-08,232111 Architect,90,6,45747.05149146991,45546.86149505787
2025-08,232111 Architect,110,1,45735.574209108796,45735.574209108796
2025-08,234212 Food Technologist,95,7,45888.64976612269,45212.496438807866
2025-08,234212 Food Technologist,90,9,45785.7792503125,45174.407400578704
2025-08,234212 Food Technologist,100,2,45797.924761608796,45699.019470914354
2025-08,312311 Electrical Engineering Draftsperson,90,1,45673.794637962965,45673.794637962965
2025-08,224711 Management Consultant,95,3,45856.700100497685,45275.10495054398
2025-08,224711 Management Consultant,90,24,45739.82009892361,45164.45041053241
2025-08,234711 Veterinarian,95,3,45868.57209097222,45233.83142002315
2025-08,234711 Veterinarian,90,11,45782.890988391206,45236.62122048611
2025-08,241411 Secondary School Teacher,90,8,45859.93555725695,45607.93913024306
2025-08,241411 Secondary School Teacher,85,44,45834.99439861111,45316.71508672454
2025-08,224111 Actuary,95,6,45721.67379664352,45318.93404953704
2025-08,224111 Actuary,90,29,45785.388987962964,45195.733638969905
2025-08,333111 Glazier,65,6,45842.789977546294,45631.01960378472
2025-08,333111 Glazier,75,1,45841.86281759259,45841.86281759259
2025-08,333111 Glazier,70,1,45643.77919424768,45643.77919424768
2025-08,242111 University Lecturer,95,35,45886.838012928245,45361.8193290162
2025-08,242111 University Lecturer,90,84,45889.493894328705,45163.924457326386
2025-08,242111 University Lecturer,85,84,45851.97753070602,45162.61848440972
2025-08,242111 University Lecturer,110,1,45740.92616519676,45740.92616519676
2025-08,242111 University Lecturer,100,14,45882.136692395834,45512.57031863426
2025-08,242111 University Lecturer,105,4,45883.6862477199,45280.524486574075
2025-08,133211 Engineering Manager,90,1,45342.80340899306,45342.80340899306
2025-08,234599 Life Scientists nec,95,5,45852.70752299768,45725.679394942126
2025-08,234599 Life Scientists nec,100,4,45889.4772005787,45733.52949811343
2025-08,254422 Registered Nurse (Mental Health),80,14,45819.46399803241,45279.5079758912
2025-08,254422 Registered Nurse (Mental Health),95,1,45799.91605806713,45799.91605806713
2025-08,254422 Registered Nurse (Mental Health),90,3,45855.8732772338,45308.00582233796
2025-08,254422 Registered Nurse (Mental Health),85,13,45855.65151898148,45377.603516550924
2025-08,312211 Civil Engineering Draftsperson,95,2,45755.35118510417,45702.46938422454
2025-08,312211 Civil Engineering Draftsperson,90,2,45656.931325,45619.419494131944
2025-08,234511 Life Scientist (General),95,16,45861.914338773146,45429.84267693287
2025-08,234511 Life Scientist (General),90,9,45705.408856215276,45209.74943788195
2025-08,234511 Life Scientist (General),100,4,45798.730177314814,45655.42466068287
2025-08,234511 Life Scientist (General),105,4,45851.52537103009,45405.397187118055
2025-08,254423 Registered Nurse (Perioperative),80,11,45849.89632399306,45336.6194221875
2025-08,254423 Registered Nurse (Perioperative),90,3,45832.469308252315,45431.346377662034
2025-08,254423 Registered Nurse (Perioperative),85,5,45830.5315565625,45337.402709456015
2025-08,232212 Surveyor,95,1,45711.663990706016,45711.663990706016
2025-08,254499 Registered Nurses nec,80,415,45845.58292893518,45266.48779991898
2025-08,254499 Registered Nurses nec,95,2,45627.512292708336,45344.85542931713
2025-08,254499 Registered Nurses nec,90,25,45757.45320871528,45316.7338409375
2025-08,254499 Registered Nurses nec,85,183,45887.70928711806,45306.97668422454
2025-08,254499 Registered Nurses nec,105,1,45545.488619097225,45545.488619097225
2025-08,224512 Valuer,90,3,45728.49287457176,45441.780329710644
2025-08,234516 Marine Biologist,95,2,45631.644146377315,45553.48669895833
2025-08,234516 Marine Biologist,90,2,45716.035941979164,45632.76485011574
2025-08,234516 Marine Biologist,105,1,45631.64139841435,45631.64139841435
2025-08,233611 Mining Engineer (excluding Petroleum),95,2,45876.69593920139,45665.43
2025-08,233611 Mining Engineer (excluding Petroleum),90,7,45744.87371565972,45212.430223344905
2025-08,254417 Registered Nurse (Disability and Rehabilitation),80,2,45821.4907446412,45370.69700755787
2025-08,322313 Welder (First Class),90,1,45516.72042855324,45516.72042855324
2025-08,234912 Metallurgist,95,2,45833.81234074074,45513.590466284724
2025-08,234912 Metallurgist,90,1,45299.427473460644,45299.427473460644
2025-08,234912 Metallurgist,100,2,45502.54382222222,45330.39740042824
2025-08,232214 Other Spatial Scientist,90,6,45746.94227241898,45199.59095309028
2025-08,133111 Construction Project Manager,95,1,45637.9358900463,45637.9358900463
2025-08,133111 Construction Project Manager,90,8,45785.933488194445,45543.06038761574
2025-08,133111 Construction Project Manager,100,1,45822.04761554398,45822.04761554398
2025-08,253111 General Practitioner,80,92,45844.68958827546,45359.81371666667
2025-08,253111 General Practitioner,95,1,45337.456672685184,45337.456672685184
2025-08,253111 General Practitioner,90,23,45886.015483877316,45557.774345868056
2025-08,253111 General Practitioner,85,60,45886.04093163194,45469.6898272338
2025-08,234313 Environmental Research Scientist,95,7,45889.87073792824,45476.6393084838
2025-08,234313 Environmental Research Scientist,90,1,45749.974184293984,45749.974184293984
2025-08,234313 Environmental Research Scientist,100,6,45771.39080324074,45311.53666168982
2025-08,234112 Agricultural Scientist,95,11,45806.425074224535,45299.81440775463
2025-08,234112 Agricultural Scientist,90,9,45785.43811134259,45172.70152346065
2025-08,234112 Agricultural Scientist,100,3,45882.426921412036,45576.45447175926
2025-08,234113 Forester,95,3,45745.682432141206,45166.512663113426
2025-08,234113 Forester,90,1,45627.12402392361,45627.12402392361
2025-08,271111 Barrister,95,1,45748.53001863426,45748.53001863426
2025-08,331212 Carpenter,65,134,45813.59535891203,45334.624536655094
2025-08,331212 Carpenter,75,71,45887.643476006946,45192.540331828706
2025-08,331212 Carpenter,70,145,45888.753346446756,45512.67366871527
2025-08,331212 Carpenter,80,26,45887.83988310185,45190.48699236111
2025-08,331212 Carpenter,90,1,45759.51818587963,45759.51818587963
2025-08,331212 Carpenter,85,9,45852.65379471065,45603.77316651621
2025-08,272511 Social Worker,95,1,45604.89257758102,45604.89257758102
2025-08,272511 Social Worker,90,10,45832.752897453705,45614.81040960648
2025-08,272511 Social Worker,85,56,45838.731408645835,45302.637866122684
2025-08,332211 Painting Trades Worker,75,39,45881.62454417824,45580.76823353009
2025-08,332211 Painting Trades Worker,70,42,45753.82078460648,45478.64789664352
2025-08,332211 Painting Trades Worker,80,12,45873.39656292824,45588.59825949074
2025-08,332211 Painting Trades Worker,85,3,45762.41702820602,45603.709415474535
2025-08,342313 Electronic Equipment Trades Worker,110,1,45734.61622777778,45734.61622777778
2025-08,233612 Petroleum Engineer,95,1,45802.70144548611,45802.70144548611
2025-08,233612 Petroleum Engineer,90,1,45178.92166354167,45178.92166354167
2025-08,254415 Registered Nurse (Critical Care and Emergency),80,33,45846.92953005787,45450.47333842592
2025-08,254415 Registered Nurse (Critical Care and Emergency),95,1,45646.68048422453,45646.68048422453
2025-08,254415 Registered Nurse (Critical Care and Emergency),90,1,45826.47120162037,45826.47120162037
2025-08,254415 Registered Nurse (Critical Care and Emergency),85,16,45889.250355358796,45496.50982349537
2025-08,224311 Economist,95,4,45820.14922184028,45350.4646028125
2025-08,224311 Economist,90,4,45687.042109409726,45219.86799305555
2025-08,234514 Biotechnologist,95,8,45884.50502480324,45265.85152523148
2025-08,234514 Biotechnologist,90,9,45713.80304332176,45228.80945543981
2025-08,234514 Biotechnologist,100,6,45869.09631137732,45709.70223981481
2025-08,331111 Bricklayer,65,23,45888.59036519676,45540.79769166667
2025-08,331111 Bricklayer,75,5,45841.530754085645,45456.89096079861
2025-08,331111 Bricklayer,70,15,45862.831552233794,45568.679168090275
2025-08,331111 Bricklayer,80,3,45859.62785385417,45679.632979201386
2025-08,331111 Bricklayer,90,1,45709.42906616898,45709.42906616898
2025-08,331111 Bricklayer,85,1,45747.791517858794,45747.791517858794
2025-08,139912 Environmental Manager,95,1,45312.5798690625,45312.5798690625
2025-08,139912 Environmental Manager,90,1,45296.65903700232,45296.65903700232
2025-08,139911 Arts Administrator or Manager,95,1,45712.864181481484,45712.864181481484
2025-08,139911 Arts Administrator or Manager,90,1,45372.80436805556,45372.80436805556
2025-08,254412 Registered Nurse (Aged Care),80,57,45849.658815358795,45315.21654695602
2025-08,254412 Registered Nurse (Aged Care),90,2,45770.82547650463,45748.549496064814
2025-08,254412 Registered Nurse (Aged Care),85,17,45831.83342060185,45313.73502665509
2025-08,253999 Medical Practitioners nec,80,65,45846.508409918984,45319.02188827546
2025-08,253999 Medical Practitioners nec,90,13,45852.52489494213,45299.69362453704
2025-08,253999 Medical Practitioners nec,85,54,45859.34796508102,45540.84889366898
2025-08,253999 Medical Practitioners nec,100,1,45748.90262792824,45748.90262792824
2025-08,234412 Geophysicist,95,1,45543.604744247685,45543.604744247685
2025-08,234412 Geophysicist,90,1,45585.629028090276,45585.629028090276
2025-08,224113 Statistician,95,22,45867.81657974537,45224.78624070602
2025-08,224113 Statistician,90,32,45782.562287650464,45238.54449533565
2025-08,224113 Statistician,100,2,45644.70237283565,45497.90112704861
2025-08,341111 Electrician (General),65,36,45889.80896570602,45541.77373059028
2025-08,341111 Electrician (General),75,12,45885.83270520833,45561.671743900464
2025-08,341111 Electrician (General),70,18,45889.660231828704,45624.06415744213
2025-08,341111 Electrician (General),80,6,45881.86709140046,45779.72584417824
2025-08,341111 Electrician (General),85,1,45746.50178425926,45746.50178425926
2025-08,341111 Electrician (General),100,1,45563.28621493056,45563.28621493056
2025-08,252511 Physiotherapist,80,52,45850.886566203706,45329.320303472225
2025-08,252511 Physiotherapist,95,2,45763.7720403125,45540.71745755787
2025-08,252511 Physiotherapist,90,9,45828.57553984954,45274.23086597222
2025-08,252511 Physiotherapist,85,34,45884.48499332176,45438.64629806713
2025-08,251211 Medical Diagnostic Radiographer,80,14,45832.853017974536,45338.67931501157
2025-08,251211 Medical Diagnostic Radiographer,90,3,45643.57372195602,45230.85240309028
2025-08,251211 Medical Diagnostic Radiographer,85,5,45855.7778216088,45681.41474302083
2025-08,232213 Cartographer,90,1,45687.052546493054,45687.052546493054
2025-08,312212 Civil Engineering Technician,95,1,45886.38512457176,45886.38512457176
2025-08,312212 Civil Engineering Technician,90,2,45621.53915844907,45607.88437222222
2025-08,253912 Emergency Medicine Specialist,80,6,45841.60762434028,45466.61334980324
2025-08,253912 Emergency Medicine Specialist,95,1,45886.59256377315,45886.59256377315
2025-08,253912 Emergency Medicine Specialist,90,2,45670.97593545139,45612.577577777774
2025-08,253912 Emergency Medicine Specialist,85,3,45712.60970436342,45701.61209517361
2025-08,234312 Environmental Consultant,95,8,45836.487788275466,45204.715668055556
2025-08,234312 Environmental Consultant,90,21,45757.71918047454,45211.54691851852
2025-08,234312 Environmental Consultant,110,1,45555.61694528935,45555.61694528935
2025-08,234312 Environmental Consultant,100,2,45885.91931542824,45469.63543376158
2025-08,234517 Microbiologist,95,2,45735.458396215276,45714.68083842593
2025-08,234517 Microbiologist,90,4,45616.61610945602,45167.60127662037
2025-08,234517 Microbiologist,100,1,45623.776523611115,45623.776523611115
2025-08,232112 Landscape Architect,90,3,45781.997283564815,45605.57845613426
2025-08,252712 Speech Pathologist,80,13,45841.809533912034,45278.5610940162
2025-08,252712 Speech Pathologist,90,5,45838.929558993055,45635.51482037037
2025-08,252712 Speech Pathologist,85,15,45854.58967615741,45454.92721350695
2025-08,234999 Natural and Physical Science Professionals nec,90,1,45561.53477395834,45561.53477395834
2025-08,234914 Physicist,95,2,45823.470116666664,45766.9816184838
2025-08,234914 Physicist,90,2,45778.78100092593,45575.86913359954
2025-08,234914 Physicist,100,4,45672.724591666665,45627.93041045139
2025-08,234914 Physicist,115,1,45749.01573414352,45749.01573414352
2025-08,233112 Materials Engineer,95,10,45846.907963854166,45442.49070243056
2025-08,233112 Materials Engineer,90,9,45752.74165616898,45205.56691122685
2025-08,233112 Materials Engineer,100,3,45670.44188090278,45538.667777662034
2025-08,252411 Occupational Therapist,80,36,45825.986965972224,45323.7860556713
2025-08,252411 Occupational Therapist,95,1,45613.81986076389,45613.81986076389
2025-08,252411 Occupational Therapist,90,2,45623.797840706015,45356.95506018519
2025-08,252411 Occupational Therapist,85,12,45866.67804409722,45604.67029383102
2025-08,234513 Biochemist,95,1,45719.53060246528,45719.53060246528
2025-08,234513 Biochemist,90,5,45680.75890173611,45356.47702766204
2025-08,234611 Medical Laboratory Scientist,95,1,45668.08639178241,45668.08639178241
2025-08,234611 Medical Laboratory Scientist,90,3,45692.64342175926,45588.99312653935
2025-08,234611 Medical Laboratory Scientist,100,1,45738.429933252315,45738.429933252315
2025-08,254425 Registered Nurse (Paediatrics),80,4,45742.647955243054,45393.69267847222
2025-08,254425 Registered Nurse (Paediatrics),90,2,45853.598253819444,45646.13983587963
2025-08,254425 Registered Nurse (Paediatrics),85,7,45876.589179131945,45477.83615721065
2025-08,272399 Psychologists nec,95,1,45734.19088758102,45734.19088758102
2025-08,272399 Psychologists nec,90,1,45668.683554166666,45668.683554166666
2025-08,272399 Psychologists nec,85,6,45777.592266168984,45587.677973645834
2025-08,331211 Carpenter and Joiner,65,5,45814.73626605324,45607.49030185185
2025-08,331211 Carpenter and Joiner,75,4,45807.52438329861,45545.49827581018
2025-08,331211 Carpenter and Joiner,70,7,45889.81991651621,45603.50793148148
2025-08,331211 Carpenter and Joiner,80,1,45777.641562847224,45777.641562847224
2025-08,254111 Midwife,80,12,45846.32764383102,45314.561641203705
2025-08,254111 Midwife,85,4,45870.03016674769,45729.64496184028
2025-08,334111 Plumber (General),65,13,45882.8554747338,45224.80319637732
2025-08,334111 Plumber (General),75,4,45887.39341438658,45586.86643854166
2025-08,334111 Plumber (General),70,7,45853.965375,45513.76625474537
2025-08,334111 Plumber (General),80,3,45690.87363275463,45634.18869548611
2025-08,234413 Hydrogeologist,90,1,45663.9125653588,45663.9125653588
2025-08,254421 Registered Nurse (Medical Practice),80,3,45771.417367013884,45491.1436962963
2025-08,254421 Registered Nurse (Medical Practice),85,1,45367.68302476852,45367.68302476852
2025-08,254424 Registered Nurse (Surgical),80,17,45841.10171952546,45275.95971461805
2025-08,254424 Registered Nurse (Surgical),95,1,45663.98831851852,45663.98831851852
2025-08,254424 Registered Nurse (Surgical),90,1,45671.82712954861,45671.82712954861
2025-08,254424 Registered Nurse (Surgical),85,7,45888.89714221065,45317.48255798611
2025-08,324111 Panelbeater,90,1,45681.75714756944,45681.75714756944
2025-08,224511 Land Economist,90,1,45763.57815486111,45763.57815486111
2025-08,452316 Tennis Coach,95,1,45716.63685737269,45716.63685737269
2025-08,399111 Boat Builder and Repairer,90,1,45646.566090011576,45646.566090011576
2025-08,253312 Cardiologist,80,1,45774.92191420139,45774.92191420139
2025-08,333212 Solid Plasterer,65,5,45806.82847581019,45547.025253125
2025-08,333212 Solid Plasterer,75,3,45866.52030228009,45545.782437766204
2025-08,333411 Wall and Floor Tiler,65,37,45877.632518784725,45525.99121828704
2025-08,333411 Wall and Floor Tiler,75,1,45616.63890038194,45616.63890038194
2025-08,333411 Wall and Floor Tiler,70,13,45876.75736832176,45575.76015324074
2025-08,333411 Wall and Floor Tiler,80,1,45616.59893116898,45616.59893116898
2025-08,333411 Wall and Floor Tiler,85,1,45664.9133147338,45664.9133147338
2025-08,254414 Registered Nurse (Community Health),80,4,45836.15375196759,45720.450775578705
2025-08,254414 Registered Nurse (Community Health),90,1,45790.56637144676,45790.56637144676
2025-08,254414 Registered Nurse (Community Health),85,2,45411.68744818287,45293.667368518516
2025-08,254414 Registered Nurse (Community Health),100,1,45724.94930605324,45724.94930605324
2025-08,254413 Registered Nurse (Child and Family Health),80,2,45848.80381099537,45639.95780023148
2025-08,252711 Audiologist,80,7,45841.98391122685,45344.90144771991
2025-08,252711 Audiologist,90,1,45801.470116435186,45801.470116435186
2025-08,252711 Audiologist,85,3,45873.73117341435,45711.48833680556
2025-08,134213 Primary Health Organisation Manager,90,1,45394.703493981484,45394.703493981484
2025-08,253321 Paediatrician,85,1,45712.48884197917,45712.48884197917
2025-08,253317 Intensive Care Specialist,80,1,45705.101842592594,45705.101842592594
2025-08,253317 Intensive Care Specialist,90,2,45755.92754467593,45723.93744618056
2025-08,253917 Diagnostic and Interventional Radiologist,85,2,45796.749625578705,45744.330617789354
2025-08,331213 Joiner,65,2,45714.13204814815,45694.57542966435
2025-08,331213 Joiner,70,1,45694.981051932875,45694.981051932875
2025-08,331213 Joiner,80,1,45748.52887746528,45748.52887746528
2025-08,234518 Zoologist,90,2,45720.783443900465,45609.91542662037
2025-08,253411 Psychiatrist,80,1,45811.28744568287,45811.28744568287
2025-08,253411 Psychiatrist,85,2,45761.4504349537,45677.95193383102
2025-08,251411 Optometrist,80,3,45828.73601728009,45589.70330274306
2025-08,251411 Optometrist,85,1,45695.86096478009,45695.86096478009
2025-08,251214 Sonographer,80,4,45772.03698302084,45751.27991716435
2025-08,251214 Sonographer,95,3,45783.43756238426,45776.93480396991
2025-08,251214 Sonographer,90,6,45783.450759988424,45776.94477048611
2025-08,251214 Sonographer,85,7,45782.960475925924,45649.79967662037
2025-08,334112 Airconditioning and Mechanical Services Plumber,65,12,45883.07099409722,45705.778248842595
2025-08,334112 Airconditioning and Mechanical Services Plumber,75,3,45873.98221103009,45760.92682769676
2025-08,334112 Airconditioning and Mechanical Services Plumber,70,5,45863.83701322917,45644.70499278935
2025-08,334112 Airconditioning and Mechanical Services Plumber,90,1,45550.52391107639,45550.52391107639
2025-08,334112 Airconditioning and Mechanical Services Plumber,85,1,45765.26180355324,45765.26180355324
2025-08,253318 Neurologist,80,2,45551.77884517361,45537.63202827546
2025-08,334115 Roof Plumber,65,2,45770.418858993056,45553.32614984954
2025-08,334115 Roof Plumber,70,1,45851.76736971065,45851.76736971065
2025-08,334115 Roof Plumber,85,1,45646.467585300925,45646.467585300925
2025-08,272311 Clinical Psychologist,85,2,45764.02770274306,45740.5132724537
2025-08,254411 Nurse Practitioner,95,1,45565.279126469904,45565.279126469904
2025-08,254411 Nurse Practitioner,85,1,45611.07929297454,45611.07929297454
2025-08,251212 Medical Radiation Therapist,80,1,45792.60406704861,45792.60406704861
2025-08,252611 Podiatrist,80,1,45810.893828472224,45810.893828472224
2025-08,252611 Podiatrist,90,2,45520.92722815972,45516.09383521991
2025-08,253311 Specialist Physician (General Medicine),80,2,45756.809749155094,45752.937615428236
2025-08,253311 Specialist Physician (General Medicine),90,1,45659.06237673611,45659.06237673611
2025-08,253324 Thoracic Medicine Specialist,80,1,45653.86094991898,45653.86094991898
2025-08,333211 Fibrous Plasterer,65,1,45628.7542715625,45628.7542715625
2025-08,333211 Fibrous Plasterer,75,1,45848.84672144676,45848.84672144676
2025-08,334114 Gasfitter,65,2,45884.95253761574,45543.886036805554
2025-08,334114 Gasfitter,75,1,45860.01079270833,45860.01079270833
2025-08,334114 Gasfitter,70,1,45605.054845289356,45605.054845289356
2025-08,253514 Orthopaedic Surgeon,85,1,45710.808995405096,45710.808995405096
2025-08,331112 Stonemason,65,1,45824.74366982639,45824.74366982639
2025-08,331112 Stonemason,75,1,45512.74914753472,45512.74914753472
2025-08,253914 Ophthalmologist,80,1,45819.600434224536,45819.600434224536
2024-11,261312 Developer Programmer,95,143,45582.04323607639,44875.549867939815
2024-11,261312 Developer Programmer,100,16,45593.806548726854,44904.73413159722
2024-11,261312 Developer Programmer,105,2,45574.68167789352,45401.92913869213
2024-11,321211 Motor Mechanic (General),95,3,45459.54365771991,44904.4194278588
2024-11,321211 Motor Mechanic (General),90,6,45553.87700061343,44903.686472650465
2024-11,233211 Civil Engineer,95,20,45574.70829459491,44900.62494513889
2024-11,233211 Civil Engineer,90,260,45603.24132862269,44886.5469434375
2024-11,233211 Civil Engineer,85,13,44911.59788515046,44877.96402028935
2024-11,233211 Civil Engineer,100,1,45531.716317708335,45531.716317708335
2024-11,233211 Civil Engineer,105,1,45507.91466851852,45507.91466851852
2024-11,241111 Early Childhood (Pre-primary School) Teacher,75,341,45602.48449710648,45016.66432103009
2024-11,241111 Early Childhood (Pre-primary School) Teacher,70,2,45092.45389131944,45072.48817376157
2024-11,241111 Early Childhood (Pre-primary School) Teacher,80,203,45597.59179965278,44873.91620355324
2024-11,241111 Early Childhood (Pre-primary School) Teacher,95,1,45574.541395486114,45574.541395486114
2024-11,241111 Early Childhood (Pre-primary School) Teacher,90,2,45575.89254760416,45466.58851392361
2024-11,241111 Early Childhood (Pre-primary School) Teacher,85,41,45602.86309413194,45279.74875636574
2024-11,261111 ICT Business Analyst,95,233,45579.6162315625,44880.54541056713
2024-11,261111 ICT Business Analyst,110,1,45495.624203506944,45495.624203506944
2024-11,261111 ICT Business Analyst,100,28,45562.10480528935,44905.5376209838
2024-11,261313 Software Engineer,95,224,45581.001654085645,44883.79816751157
2024-11,261313 Software Engineer,100,32,45589.055984722225,44905.44273376158
2024-11,261313 Software Engineer,105,1,45574.65174722222,45574.65174722222
2024-11,221111 Accountant (General),95,259,45572.57591056713,44879.82417619213
2024-11,221111 Accountant (General),100,30,45565.531135150464,44903.913853969905
2024-11,262112 ICT Security Specialist,95,167,45570.410383912036,44883.790401736114
2024-11,262112 ICT Security Specialist,100,3,45565.74873880787,44908.99124869213
2024-11,221213 External Auditor,95,13,45559.45804394676,44903.71811072917
2024-11,221213 External Auditor,90,277,45601.824614930556,44903.76065952546
2024-11,221213 External Auditor,85,34,44915.54328730324,44903.46813359954
2024-11,233512 Mechanical Engineer,95,22,45585.910592326385,44903.497374687504
2024-11,233512 Mechanical Engineer,90,277,45602.83255532407,44872.474692592594
2024-11,233512 Mechanical Engineer,85,22,44915.63151284722,44873.481329166665
2024-11,233512 Mechanical Engineer,100,2,45546.7210565162,45412.557827743054
2024-11,233999 Engineering Professionals nec,95,2,45464.73370459491,45070.702776157406
2024-11,233999 Engineering Professionals nec,90,35,45599.76647584491,44873.5988119213
2024-11,233999 Engineering Professionals nec,85,2,44905.833909803245,44905.754624733796
2024-11,234111 Agricultural Consultant,95,3,45554.281781944446,45149.67766901621
2024-11,234111 Agricultural Consultant,90,6,45536.87260355324,44982.946257986114
2024-11,234111 Agricultural Consultant,85,2,44912.67315188657,44896.4643133912
2024-11,254418 Registered Nurse (Medical),75,55,45600.38791207176,45104.47272615741
2024-11,254418 Registered Nurse (Medical),70,1,45078.81970069445,45078.81970069445
2024-11,254418 Registered Nurse (Medical),80,6,45569.18602936342,45316.53264236111
2024-11,254418 Registered Nurse (Medical),90,3,45590.57470408565,45389.410728159724
2024-11,254418 Registered Nurse (Medical),85,4,45576.8542869213,45280.68460540509
2024-11,351311 Chef,95,1,45559.41413075232,45559.41413075232
2024-11,351311 Chef,90,53,45597.73986195602,44875.606927430556
2024-11,351311 Chef,85,1,44890.979057557866,44890.979057557866
2024-11,351311 Chef,100,1,45540.96098070602,45540.96098070602
2024-11,233411 Electronics Engineer,95,12,45590.382306747684,45019.86499386574
2024-11,233411 Electronics Engineer,90,77,45601.48567858797,44903.74926646991
2024-11,233411 Electronics Engineer,85,8,44914.77551709491,44881.66602858796
2024-11,233411 Electronics Engineer,100,2,45590.53563356481,45081.812397534726
2024-11,261112 Systems Analyst,95,71,45573.013231481484,44895.58334059028
2024-11,261112 Systems Analyst,100,6,45471.598847534726,44904.78301099537
2024-11,233912 Agricultural Engineer,90,3,45477.26657395833,45223.95717908565
2024-11,263111 Computer Network and Systems Engineer,95,94,45566.996841817134,44892.846047534724
2024-11,263111 Computer Network and Systems Engineer,100,6,45543.6515409375,44908.75721041667
2024-11,234211 Chemist,90,10,45593.72729065972,44878.09787673611
2024-11,234211 Chemist,100,1,45397.92288417824,45397.92288417824
2024-11,271311 Solicitor,95,4,45282.21060590278,44945.147523761574
2024-11,271311 Solicitor,90,61,45568.366936770835,44903.679578090276
2024-11,271311 Solicitor,85,1,44909.33608287037,44909.33608287037
2024-11,233111 Chemical Engineer,95,9,45550.99608271991,45075.635977314814
2024-11,233111 Chemical Engineer,90,43,45589.79210038194,44891.51903869213
2024-11,233111 Chemical Engineer,85,4,44910.49195494213,44877.43253460648
2024-11,233111 Chemical Engineer,100,2,45532.48507144676,45531.47379108796
2024-11,233914 Engineering Technologist,95,9,45568.73286697917,44903.79347415509
2024-11,233914 Engineering Technologist,90,144,45594.75839027778,44873.90788584491
2024-11,233914 Engineering Technologist,85,13,44915.57984479167,44872.47322079861
2024-11,233914 Engineering Technologist,100,2,45590.54905127315,45280.79323263889
2024-11,233914 Engineering Technologist,105,1,45531.483466122685,45531.483466122685
2024-11,312312 Electrical Engineering Technician,90,1,45494.45075181713,45494.45075181713
2024-11,233913 Biomedical Engineer,90,23,45576.6467496875,44912.97777068287
2024-11,233913 Biomedical Engineer,85,1,44876.00425208334,44876.00425208334
2024-11,221214 Internal Auditor,95,2,45126.3175621875,44968.48334895833
2024-11,221214 Internal Auditor,90,13,45598.041119560185,44995.76073854166
2024-11,261399 Software and Applications Programmers nec,95,23,45600.82597708333,44935.56317962963
2024-11,261399 Software and Applications Programmers nec,90,82,45601.74000366898,44905.3832528125
2024-11,261399 Software and Applications Programmers nec,85,3,44915.36191253472,44887.66385844907
2024-11,261399 Software and Applications Programmers nec,100,1,45565.70539540509,45565.70539540509
2024-11,261399 Software and Applications Programmers nec,105,1,45512.48707164352,45512.48707164352
2024-11,233513 Production or Plant Engineer,95,2,45476.604928043984,44912.58458888889
2024-11,233513 Production or Plant Engineer,90,34,45597.83158179398,44966.30370940972
2024-11,233311 Electrical Engineer,95,10,45559.65389174769,44883.89155431713
2024-11,233311 Electrical Engineer,90,117,45590.57188541666,44881.612463391204
2024-11,233311 Electrical Engineer,85,6,44907.893776585646,44873.681422187496
2024-11,232111 Architect,75,117,45601.70973163194,44872.526590625
2024-11,232111 Architect,70,21,45065.447185763885,44872.779725266206
2024-11,232111 Architect,80,63,45595.894166666665,44876.61219313658
2024-11,232111 Architect,95,1,45546.86149505787,45546.86149505787
2024-11,232111 Architect,90,5,45566.546214699076,45100.74024267361
2024-11,232111 Architect,85,23,45589.79569733796,44903.85335347222
2024-11,232111 Architect,105,1,45527.29932650463,45527.29932650463
2024-11,234212 Food Technologist,90,17,45553.89430810185,44874.601936886575
2024-11,221112 Management Accountant,95,24,45552.53867800926,44880.81363109954
2024-11,221112 Management Accountant,100,4,45513.80163445602,45210.66590555556
2024-11,224711 Management Consultant,95,4,45588.864849537036,45075.71782021991
2024-11,224711 Management Consultant,90,28,45600.98049548611,44943.553712037035
2024-11,224711 Management Consultant,85,1,44912.66629853009,44912.66629853009
2024-11,234711 Veterinarian,90,10,45585.82629479167,44966.71983703704
2024-11,234711 Veterinarian,85,1,44878.56690983796,44878.56690983796
2024-11,234711 Veterinarian,115,1,45515.70188105324,45515.70188105324
2024-11,241411 Secondary School Teacher,75,88,45600.97107280092,45093.496395636575
2024-11,241411 Secondary School Teacher,70,3,45090.41807384259,45072.77923619213
2024-11,241411 Secondary School Teacher,80,43,45596.806561192134,45160.18039332176
2024-11,241411 Secondary School Teacher,95,1,45580.63992554398,45580.63992554398
2024-11,241411 Secondary School Teacher,85,9,45597.544129050926,45418.57860841435
2024-11,134111 Child Care Centre Manager,75,1,45294.34077523148,45294.34077523148
2024-11,224111 Actuary,95,2,45548.609021261575,44984.57574714121
2024-11,224111 Actuary,90,28,45595.836411805554,44903.72909158565
2024-11,224111 Actuary,85,1,44914.82247971065,44914.82247971065
2024-11,242111 University Lecturer,95,14,45597.628570520836,44953.93450292824
2024-11,242111 University Lecturer,90,71,45599.80580667824,44907.96818950232
2024-11,242111 University Lecturer,100,4,45585.68975494213,45125.59575381945
2024-11,263312 Telecommunications Network Engineer,95,1,45519.00091825231,45519.00091825231
2024-11,263312 Telecommunications Network Engineer,90,8,45493.9642957176,44908.70790008102
2024-11,263312 Telecommunications Network Engineer,85,1,44903.822963506944,44903.822963506944
2024-11,133211 Engineering Manager,90,1,45342.80340899306,45342.80340899306
2024-11,233213 Quantity Surveyor,75,82,45601.51473862269,44904.45339841435
2024-11,233213 Quantity Surveyor,70,19,45078.95038822917,44901.614160613426
2024-11,233213 Quantity Surveyor,80,53,45595.72465833333,44903.451779166666
2024-11,233213 Quantity Surveyor,90,3,45553.56587025463,45497.67037071759
2024-11,233213 Quantity Surveyor,85,19,45595.63958472222,44874.849750775466
2024-11,234599 Life Scientists nec,95,1,45340.60953353009,45340.60953353009
2024-11,234599 Life Scientists nec,90,3,45555.463606944446,44945.8453525463
2024-11,254422 Registered Nurse (Mental Health),75,18,45591.501895023146,45127.80878255787
2024-11,254422 Registered Nurse (Mental Health),80,2,45555.64316878472,45547.036546145835
2024-11,254422 Registered Nurse (Mental Health),90,1,45523.536124039354,45523.536124039354
2024-11,254422 Registered Nurse (Mental Health),85,1,45547.9196556713,45547.9196556713
2024-11,254422 Registered Nurse (Mental Health),100,1,45499.76166130787,45499.76166130787
2024-11,312211 Civil Engineering Draftsperson,75,297,45601.853178935184,44879.756213078705
2024-11,312211 Civil Engineering Draftsperson,70,41,45092.53255818287,44888.00276038195
2024-11,312211 Civil Engineering Draftsperson,80,126,45598.921268784725,44905.576713773145
2024-11,312211 Civil Engineering Draftsperson,95,2,45544.487269907404,45510.96987372685
2024-11,312211 Civil Engineering Draftsperson,90,6,45590.84134737268,45084.04673607639
2024-11,312211 Civil Engineering Draftsperson,85,25,45597.09530300926,45051.65936496528
2024-11,321212 Diesel Motor Mechanic,95,1,44911.72643792824,44911.72643792824
2024-11,234511 Life Scientist (General),95,3,45546.76256805556,45529.59803298611
2024-11,234511 Life Scientist (General),90,15,45562.611390011574,44950.74905787037
2024-11,234511 Life Scientist (General),100,2,45572.77275188657,45548.49124525463
2024-11,234511 Life Scientist (General),105,1,45570.4573818287,45570.4573818287
2024-11,254423 Registered Nurse (Perioperative),75,14,45603.3748457176,45279.74278267361
2024-11,254423 Registered Nurse (Perioperative),80,7,45593.628713969905,45273.516729016206
2024-11,254423 Registered Nurse (Perioperative),85,1,45580.70320902778,45580.70320902778
2024-11,233212 Geotechnical Engineer,75,13,45584.930668483794,44965.95618472222
2024-11,233212 Geotechnical Engineer,70,3,45058.75691600695,44986.998166550926
2024-11,233212 Geotechnical Engineer,80,11,45602.54266994213,44896.69147233796
2024-11,233212 Geotechnical Engineer,90,1,45553.532071875,45553.532071875
2024-11,233212 Geotechnical Engineer,85,1,45497.94292349537,45497.94292349537
2024-11,232212 Surveyor,90,1,45413.880641435186,45413.880641435186
2024-11,254499 Registered Nurses nec,75,404,45601.98662797453,45072.66507364583
2024-11,254499 Registered Nurses nec,70,4,45082.61168287037,45071.66662337963
2024-11,254499 Registered Nurses nec,80,80,45600.76722743055,45278.40962091435
2024-11,254499 Registered Nurses nec,90,2,45600.98729614583,45321.523676701385
2024-11,254499 Registered Nurses nec,85,21,45593.96181403935,45279.05301478009
2024-11,254499 Registered Nurses nec,105,1,45545.488619097225,45545.488619097225
2024-11,221113 Taxation Accountant,95,15,45598.6058221875,44953.584260497686
2024-11,221113 Taxation Accountant,90,111,45601.73492025463,44874.65495054398
2024-11,221113 Taxation Accountant,85,4,44910.578032060184,44904.8277752662
2024-11,221113 Taxation Accountant,100,3,45513.7900525463,45085.547739965274
2024-11,224512 Valuer,95,1,45092.507481712964,45092.507481712964
2024-11,224512 Valuer,90,2,45164.79245497685,45138.89572291667
2024-11,261311 Analyst Programmer,95,46,45602.68008668981,44949.00150868056
2024-11,261311 Analyst Programmer,90,162,45602.629799884264,44877.33730894676
2024-11,261311 Analyst Programmer,85,5,44907.671011770835,44883.63978923611
2024-11,261311 Analyst Programmer,100,2,45525.690018402776,45328.790100578706
2024-11,234516 Marine Biologist,90,3,45421.553224386575,45271.434365706016
2024-11,234516 Marine Biologist,100,1,45447.647194641206,45447.647194641206
2024-11,233215 Transport Engineer,75,20,45602.90386304398,44944.267090625
2024-11,233215 Transport Engineer,70,2,44958.83332604167,44928.08061149305
2024-11,233215 Transport Engineer,80,9,45601.550490740745,44888.88548244213
2024-11,233215 Transport Engineer,90,1,45596.883640011576,45596.883640011576
2024-11,233215 Transport Engineer,85,2,45600.83247025463,45464.81099375
2024-11,233214 Structural Engineer,75,49,45587.814962812496,44912.01927986111
2024-11,233214 Structural Engineer,70,5,45043.583764849536,44909.58733260417
2024-11,233214 Structural Engineer,80,17,45589.52584178241,44873.40867800926
2024-11,233214 Structural Engineer,90,4,45560.90524644676,45468.032328587964
2024-11,233214 Structural Engineer,85,13,45594.55438741898,45146.83246582176
2024-11,233611 Mining Engineer (excluding Petroleum),95,2,45148.71999116898,44893.81572766203
2024-11,233611 Mining Engineer (excluding Petroleum),90,8,45530.12257523148,44939.493852430554
2024-11,233611 Mining Engineer (excluding Petroleum),105,1,45524.81105069444,45524.81105069444
2024-11,254417 Registered Nurse (Disability and Rehabilitation),75,2,45582.257509918985,45401.490609340275
2024-11,254417 Registered Nurse (Disability and Rehabilitation),80,1,45373.805275,45373.805275
2024-11,261211 Multimedia Specialist,95,4,45589.00696747685,44876.656112268516
2024-11,261211 Multimedia Specialist,90,32,45601.50791990741,44905.844985185184
2024-11,261211 Multimedia Specialist,85,4,44914.99408726852,44876.715119560184
2024-11,263311 Telecommunications Engineer,95,7,45576.492980173614,44963.93905335648
2024-11,263311 Telecommunications Engineer,90,50,45544.89013295139,44903.479296261576
2024-11,263311 Telecommunications Engineer,85,3,44911.62148221065,44875.559760219905
2024-11,322313 Welder (First Class),75,17,45590.46388981481,45145.46055300926
2024-11,322313 Welder (First Class),70,4,45082.633439386576,45023.54712916667
2024-11,322313 Welder (First Class),80,7,45594.559389270835,44993.7429
2024-11,322313 Welder (First Class),85,5,45516.86374560185,45180.50426608796
2024-11,234912 Metallurgist,90,3,45354.910930439815,44972.72480034722
2024-11,234912 Metallurgist,100,1,45502.54382222222,45502.54382222222
2024-11,232214 Other Spatial Scientist,95,1,45357.638818402775,45357.638818402775
2024-11,232214 Other Spatial Scientist,90,16,45458.62131504629,44966.89461203704
2024-11,133111 Construction Project Manager,75,254,45602.88380509259,44904.404091516204
2024-11,133111 Construction Project Manager,70,36,45090.9776403588,44883.0993440625
2024-11,133111 Construction Project Manager,80,90,45601.74207704861,44908.6633650463
2024-11,133111 Construction Project Manager,85,30,45602.55878417824,44953.083281134255
2024-11,133111 Construction Project Manager,100,1,45499.748271909724,45499.748271909724
2024-11,253111 General Practitioner,75,47,45597.7773224537,45145.80953452546
2024-11,253111 General Practitioner,80,36,45603.36962716435,45314.425912349536
2024-11,253111 General Practitioner,90,3,45543.88872141203,45510.06246137731
2024-11,253111 General Practitioner,85,15,45596.959355706014,45483.769189004626
2024-11,253111 General Practitioner,110,1,45518.32723009259,45518.32723009259
2024-11,234313 Environmental Research Scientist,95,2,45582.95455069444,45429.746469756945
2024-11,234313 Environmental Research Scientist,90,4,45560.0976559375,45008.76753457176
2024-11,233911 Aeronautical Engineer,95,1,45528.148555555556,45528.148555555556
2024-11,233911 Aeronautical Engineer,90,14,45536.98160575231,44873.44698318287
2024-11,233911 Aeronautical Engineer,85,2,44884.90634378472,44878.45436924769
2024-11,233911 Aeronautical Engineer,100,1,45601.852377233794,45601.852377233794
2024-11,234112 Agricultural Scientist,95,2,45576.45447175926,45359.9058352662
2024-11,234112 Agricultural Scientist,90,14,45573.59640555555,44913.815383877314
2024-11,234112 Agricultural Scientist,100,2,45560.1273212963,45140.987646608795
2024-11,234113 Forester,90,3,45348.6940172801,44966.01397260417
2024-11,234113 Forester,105,1,45566.24058680556,45566.24058680556
2024-11,313213 Telecommunications Network Planner,90,2,45260.82703298611,45117.4665815162
2024-11,331212 Carpenter,65,9,45540.81551508102,45451.81206898148
2024-11,331212 Carpenter,75,21,45603.35024988426,45460.75222106482
2024-11,331212 Carpenter,70,46,45601.84134267361,45267.71393503472
2024-11,331212 Carpenter,80,9,45579.74984950232,45190.48699236111
2024-11,331212 Carpenter,90,1,45583.81348603009,45583.81348603009
2024-11,331212 Carpenter,85,3,45575.69960535879,45476.73656689815
2024-11,272511 Social Worker,75,69,45600.52833796296,45093.64674059028
2024-11,272511 Social Worker,70,1,45079.73170443287,45079.73170443287
2024-11,272511 Social Worker,80,32,45600.73809980324,45140.01493903935
2024-11,272511 Social Worker,90,3,45570.16746805556,45428.258286840275
2024-11,272511 Social Worker,85,17,45595.60819795139,45279.12284899306
2024-11,272511 Social Worker,100,1,45481.01169131944,45481.01169131944
2024-11,332211 Painting Trades Worker,65,9,45540.74193611111,45275.759105902776
2024-11,332211 Painting Trades Worker,75,14,45589.7848306713,45488.39388541666
2024-11,332211 Painting Trades Worker,70,32,45601.18988121528,45471.76711681713
2024-11,332211 Painting Trades Worker,80,2,45566.67947870371,45456.46178128472
2024-11,332211 Painting Trades Worker,90,3,45562.632712349536,45502.453611689816
2024-11,233612 Petroleum Engineer,90,15,45513.94179305556,44965.79636388889
2024-11,233612 Petroleum Engineer,85,2,44914.68778252315,44890.816122337965
2024-11,252111 Chiropractor,75,3,45569.480367048614,45330.58917947917
2024-11,252111 Chiropractor,80,1,45280.9014196412,45280.9014196412
2024-11,313212 Telecommunications Field Engineer,90,1,45569.78521623842,45569.78521623842
2024-11,313212 Telecommunications Field Engineer,85,1,44902.7232528125,44902.7232528125
2024-11,233915 Environmental Engineer,90,16,45546.652865428245,45003.73246883102
2024-11,233915 Environmental Engineer,85,1,44914.76478521991,44914.76478521991
2024-11,394111 Cabinetmaker,75,2,45590.70521114583,45570.9387431713
2024-11,394111 Cabinetmaker,70,3,45593.599464733794,45574.77641689815
2024-11,394111 Cabinetmaker,85,2,45531.80188425926,45531.71987372685
2024-11,254415 Registered Nurse (Critical Care and Emergency),75,53,45603.08326883102,45128.829247835645
2024-11,254415 Registered Nurse (Critical Care and Emergency),70,1,45083.70300381944,45083.70300381944
2024-11,254415 Registered Nurse (Critical Care and Emergency),80,9,45562.49672630787,45296.90430833333
2024-11,254415 Registered Nurse (Critical Care and Emergency),85,1,45291.98656211806,45291.98656211806
2024-11,224311 Economist,90,11,45412.03899197916,44958.66633278935
2024-11,234514 Biotechnologist,95,2,45051.88436739583,45051.58936273148
2024-11,234514 Biotechnologist,90,21,45583.59232357639,44908.49612769676
2024-11,234514 Biotechnologist,100,1,45592.08866195602,45592.08866195602
2024-11,234514 Biotechnologist,105,1,45354.71300520834,45354.71300520834
2024-11,331111 Bricklayer,65,3,45533.31048518518,45456.60924903935
2024-11,331111 Bricklayer,75,1,45493.00949293982,45493.00949293982
2024-11,331111 Bricklayer,70,1,45456.89096079861,45456.89096079861
2024-11,331111 Bricklayer,90,1,45483.372393287034,45483.372393287034
2024-11,139912 Environmental Manager,95,3,45365.8388028125,44906.83087457176
2024-11,139912 Environmental Manager,90,3,45583.03415494213,45122.709445520835
2024-11,233511 Industrial Engineer,95,4,45546.458392789355,44938.50739745371
2024-11,233511 Industrial Engineer,90,16,45585.85872982639,44991.66938846065
2024-11,233511 Industrial Engineer,85,1,44883.976796331015,44883.976796331015
2024-11,254412 Registered Nurse (Aged Care),75,50,45582.556987696764,45093.76447951389
2024-11,254412 Registered Nurse (Aged Care),70,1,45080.69817118056,45080.69817118056
2024-11,254412 Registered Nurse (Aged Care),80,10,45527.63405424768,45294.94807653935
2024-11,254412 Registered Nurse (Aged Care),90,1,45469.520135335646,45469.520135335646
2024-11,254412 Registered Nurse (Aged Care),85,2,45413.52630547454,45299.57483950231
2024-11,253999 Medical Practitioners nec,75,29,45569.51773460648,45188.01366049769
2024-11,253999 Medical Practitioners nec,80,28,45594.50357380787,45223.07093954861
2024-11,253999 Medical Practitioners nec,90,5,45601.296482060185,45535.43816484953
2024-11,253999 Medical Practitioners nec,85,8,45580.529991400464,45277.639753587966
2024-11,234412 Geophysicist,90,2,45553.470090891205,45421.99573707176
2024-11,224113 Statistician,95,3,45097.91003186343,45011.878116782405
2024-11,224113 Statistician,90,38,45580.94682052083,44953.44473688657
2024-11,341111 Electrician (General),65,4,45541.079125000004,45427.98862068287
2024-11,341111 Electrician (General),75,6,45562.93911709491,45475.551261608794
2024-11,341111 Electrician (General),70,4,45582.54738506945,45511.67569892361
2024-11,341111 Electrician (General),100,1,45563.28621493056,45563.28621493056
2024-11,252511 Physiotherapist,75,69,45600.96235543981,45015.69642056713
2024-11,252511 Physiotherapist,80,36,45600.936947835646,45241.85549042824
2024-11,252511 Physiotherapist,95,1,45602.68580694444,45602.68580694444
2024-11,252511 Physiotherapist,90,6,45582.77899806713,45540.71745755787
2024-11,252511 Physiotherapist,85,9,45586.489375543984,45324.731109988425
2024-11,251211 Medical Diagnostic Radiographer,75,14,45602.02690373843,45303.61201423611
2024-11,251211 Medical Diagnostic Radiographer,80,2,45601.18553888889,45294.536827696764
2024-11,251211 Medical Diagnostic Radiographer,85,3,45543.537820405094,45338.60805555555
2024-11,312212 Civil Engineering Technician,75,98,45601.99740555556,44904.84980964121
2024-11,312212 Civil Engineering Technician,70,11,45019.92848857639,44903.77683109954
2024-11,312212 Civil Engineering Technician,80,32,45574.98670616898,44904.71259545139
2024-11,312212 Civil Engineering Technician,95,1,45558.994527662035,45558.994527662035
2024-11,312212 Civil Engineering Technician,85,7,45596.47273961805,45274.5938934838
2024-11,253912 Emergency Medicine Specialist,75,6,45512.731931215276,45321.60701670139
2024-11,253912 Emergency Medicine Specialist,80,3,45449.96229618056,45429.99109070602
2024-11,253912 Emergency Medicine Specialist,85,1,45375.660120636574,45375.660120636574
2024-11,234312 Environmental Consultant,95,1,45571.9174212963,45571.9174212963
2024-11,234312 Environmental Consultant,90,10,45326.83342959491,44966.703302974536
2024-11,234312 Environmental Consultant,110,1,45555.61694528935,45555.61694528935
2024-11,234312 Environmental Consultant,100,1,45559.53297056713,45559.53297056713
2024-11,234517 Microbiologist,90,4,45437.59235543982,44904.97943912037
2024-11,322211 Sheetmetal Trades Worker,70,1,44908.75672056713,44908.75672056713
2024-11,232112 Landscape Architect,75,26,45596.68480158565,44965.97611157408
2024-11,232112 Landscape Architect,70,3,45085.902370104166,44932.16176137731
2024-11,232112 Landscape Architect,80,7,45574.81310505787,44965.65344760417
2024-11,232112 Landscape Architect,90,1,45456.878986655094,45456.878986655094
2024-11,232112 Landscape Architect,85,3,45601.67800150463,45356.807054895835
2024-11,252712 Speech Pathologist,75,10,45562.58102604167,45278.5610940162
2024-11,252712 Speech Pathologist,80,3,45474.69369421296,45282.56894336805
2024-11,252712 Speech Pathologist,85,1,45556.8002059375,45556.8002059375
2024-11,322311 Metal Fabricator,75,5,45574.441457291665,44967.94405640046
2024-11,322311 Metal Fabricator,80,2,45251.641468483795,44926.42811894676
2024-11,322311 Metal Fabricator,85,1,45188.88001400463,45188.88001400463
2024-11,234999 Natural and Physical Science Professionals nec,90,2,45454.54166342592,44998.93488796296
2024-11,234914 Physicist,90,4,45481.734355520835,45172.514362037036
2024-11,233112 Materials Engineer,95,2,45590.86223429398,45547.96889880787
2024-11,233112 Materials Engineer,90,14,45562.91198163194,44914.562570636575
2024-11,233112 Materials Engineer,85,1,44884.79845494213,44884.79845494213
2024-11,233112 Materials Engineer,100,1,45555.56535636574,45555.56535636574
2024-11,252411 Occupational Therapist,75,49,45592.52743298611,45132.77191542824
2024-11,252411 Occupational Therapist,80,22,45601.784893206015,45306.850164780095
2024-11,252411 Occupational Therapist,95,1,45575.66113356481,45575.66113356481
2024-11,252411 Occupational Therapist,90,3,45588.394769293984,45550.79763880787
2024-11,252411 Occupational Therapist,85,4,45581.74973174768,45541.82785408565
2024-11,234513 Biochemist,95,2,45571.92932769676,45458.3235533912
2024-11,234513 Biochemist,90,6,45566.72500413194,45038.51550934028
2024-11,234513 Biochemist,100,1,45596.612372337964,45596.612372337964
2024-11,234611 Medical Laboratory Scientist,75,37,45601.992944247686,45266.52661616898
2024-11,234611 Medical Laboratory Scientist,80,13,45601.57403819445,45308.75066547454
2024-11,234611 Medical Laboratory Scientist,90,2,45588.99312653935,45540.869815046295
2024-11,234611 Medical Laboratory Scientist,85,6,45602.81639788194,45433.88065150463
2024-11,241511 Special Needs Teacher,75,3,45527.51339375,45309.9887153588
2024-11,254425 Registered Nurse (Paediatrics),75,9,45567.62353819444,44887.762469560184
2024-11,254425 Registered Nurse (Paediatrics),70,1,45086.81897565972,45086.81897565972
2024-11,254425 Registered Nurse (Paediatrics),80,2,45394.210130671294,45335.40900760417
2024-11,254425 Registered Nurse (Paediatrics),95,1,45358.70922719907,45358.70922719907
2024-11,254425 Registered Nurse (Paediatrics),85,2,45569.03429471065,45296.68969166667
2024-11,234399 Environmental Scientists nec,90,1,45602.65278738426,45602.65278738426
2024-11,272399 Psychologists nec,75,12,45602.82354456019,45175.03022584491
2024-11,272399 Psychologists nec,80,5,45600.45442353009,45429.640995636575
2024-11,272399 Psychologists nec,90,1,45602.76085590278,45602.76085590278
2024-11,272399 Psychologists nec,85,6,45601.7931647338,45300.85757306713
2024-11,323214 Metal Machinist (First Class),90,1,44920.68568086805,44920.68568086805
2024-11,251912 Orthotist or Prosthetist,75,1,45369.856116469906,45369.856116469906
2024-11,331211 Carpenter and Joiner,75,1,45573.569719328705,45573.569719328705
2024-11,254111 Midwife,75,5,45599.69956130787,45444.80954618056
2024-11,254111 Midwife,80,4,45597.49789085648,45467.53171496528
2024-11,233916 Naval Architect,90,1,45413.83914293982,45413.83914293982
2024-11,252112 Osteopath,75,1,45511.04749293982,45511.04749293982
2024-11,334111 Plumber (General),65,2,45516.84079166667,45511.690620520836
2024-11,334111 Plumber (General),75,3,45601.953595520834,45583.213908715275
2024-11,334111 Plumber (General),70,2,45586.86643854166,45513.76625474537
2024-11,234413 Hydrogeologist,90,1,45563.70019394676,45563.70019394676
2024-11,254421 Registered Nurse (Medical Practice),75,1,45313.74132349537,45313.74132349537
2024-11,254421 Registered Nurse (Medical Practice),80,2,45589.977081481484,45534.87327149305
2024-11,254424 Registered Nurse (Surgical),75,28,45602.587006284724,45140.98148368056
2024-11,254424 Registered Nurse (Surgical),80,5,45597.647903125,45275.95971461805
2024-11,254424 Registered Nurse (Surgical),85,4,45584.355080208334,45369.7126065625
2024-11,399111 Boat Builder and Repairer,90,1,45146.69927523148,45146.69927523148
2024-11,333212 Solid Plasterer,75,1,45545.782437766204,45545.782437766204
2024-11,333411 Wall and Floor Tiler,65,3,45540.420583761574,45456.810014930554
2024-11,333411 Wall and Floor Tiler,75,1,45589.524031712965,45589.524031712965
2024-11,333411 Wall and Floor Tiler,70,5,45588.628245949076,45481.69082916666
2024-11,333411 Wall and Floor Tiler,80,2,45569.614875960644,45540.69600902778
2024-11,254414 Registered Nurse (Community Health),75,5,45580.98417561343,45371.68914216435
2024-11,254413 Registered Nurse (Child and Family Health),75,2,45477.90110679398,45414.22511921296
2024-11,254413 Registered Nurse (Child and Family Health),80,2,45552.99100771991,45513.695313344906
2024-11,252711 Audiologist,75,17,45582.91279976852,45224.688017824075
2024-11,252711 Audiologist,80,5,45524.694253043985,45348.35374417824
2024-11,252711 Audiologist,85,1,45540.68892511574,45540.68892511574
2024-11,313214 Telecommunications Technical Officer or Technologist,90,1,45468.90209892361,45468.90209892361
2024-11,253321 Paediatrician,75,1,45477.569320104165,45477.569320104165
2024-11,253917 Diagnostic and Interventional Radiologist,80,1,45322.52982152778,45322.52982152778
2024-11,253917 Diagnostic and Interventional Radiologist,85,1,45590.83571241898,45590.83571241898
2024-11,234913 Meteorologist,90,1,45226.46974799769,45226.46974799769
2024-11,211213 Musician (Instrumental),90,1,45142.56842989584,45142.56842989584
2024-11,234518 Zoologist,90,1,44926.946210104164,44926.946210104164
2024-11,253411 Psychiatrist,80,2,45593.71605740741,45449.90566130787
2024-11,251411 Optometrist,75,2,45567.50362931713,45279.95623553241
2024-11,251411 Optometrist,80,2,45570.54838622685,45545.48968032407
2024-11,253399 Specialist Physicians nec,80,1,45573.1538159375,45573.1538159375
2024-11,251214 Sonographer,75,2,45599.620712731485,45316.70384444445
2024-11,251214 Sonographer,80,1,45414.7309415162,45414.7309415162
2024-11,251214 Sonographer,85,2,45599.615402662035,45449.55094652778
2024-11,334112 Airconditioning and Mechanical Services Plumber,70,2,45587.7584584838,45568.92075315972
2024-11,334112 Airconditioning and Mechanical Services Plumber,90,1,45550.52391107639,45550.52391107639
2024-11,253318 Neurologist,75,1,45594.95177407407,45594.95177407407
2024-11,272311 Clinical Psychologist,75,1,45374.87400405093,45374.87400405093
2024-11,272311 Clinical Psychologist,90,1,45428.09190806713,45428.09190806713
2024-11,254411 Nurse Practitioner,100,1,45565.279126469904,45565.279126469904
2024-11,251212 Medical Radiation Therapist,75,1,45550.9762096412,45550.9762096412
2024-11,251212 Medical Radiation Therapist,80,1,45588.09280702546,45588.09280702546
2024-11,341113 Lift Mechanic,65,1,45490.84575451389,45490.84575451389
2024-11,252611 Podiatrist,75,4,45570.59990686343,45180.63682403935
2024-11,241599 Special Education Teachers nec,75,1,45359.31611693287,45359.31611693287
2024-11,241599 Special Education Teachers nec,80,1,45530.03513318287,45530.03513318287
2024-11,253311 Specialist Physician (General Medicine),75,1,45504.25149375,45504.25149375
2024-11,211112 Dancer or Choreographer,90,1,45069.569507673616,45069.569507673616
2024-11,253324 Thoracic Medicine Specialist,75,2,45586.91449884259,45429.055763344906
2024-11,253514 Orthopaedic Surgeon,75,1,45523.71625188657,45523.71625188657
2024-11,253514 Orthopaedic Surgeon,95,1,45587.86887160879,45587.86887160879
2025-11,241111 Early Childhood (Pre-primary School) Teacher,95,2,45938.65153001157,45695.11218052083
2025-11,241111 Early Childhood (Pre-primary School) Teacher,90,40,45974.02248634259,45368.92717283565
2025-11,241111 Early Childhood (Pre-primary School) Teacher,85,205,45900.0105809375,45265.49157303241
2025-11,234111 Agricultural Consultant,95,1,45667.69056577546,45667.69056577546
2025-11,234111 Agricultural Consultant,90,15,45970.542176469906,45263.97629575231
2025-11,234111 Agricultural Consultant,85,18,45879.79074976852,45260.71701790509
2025-11,234111 Agricultural Consultant,100,1,45712.990912650464,45712.990912650464
2025-11,254418 Registered Nurse (Medical),75,39,45757.5096915162,45280.451272488426
2025-11,254418 Registered Nurse (Medical),80,31,45964.51553417824,45305.724491354165
2025-11,254418 Registered Nurse (Medical),90,3,45922.70466484954,45709.5999863426
2025-11,254418 Registered Nurse (Medical),85,14,45970.06527982639,45531.49942862269
2025-11,234211 Chemist,95,2,45955.66573368055,45313.5172596875
2025-11,234211 Chemist,90,22,45970.774010532405,45281.12140737269
2025-11,234211 Chemist,85,29,45861.21333009259,45260.60541431713
2025-11,234211 Chemist,100,3,45957.6396025463,45893.465197337966
2025-11,234211 Chemist,105,2,45948.36118040509,45694.768561377314
2025-11,271311 Solicitor,95,2,45866.95121809028,45616.84644849537
2025-11,271311 Solicitor,90,73,45973.964816631946,45253.541134837964
2025-11,271311 Solicitor,85,88,45890.86603440972,45244.65981103009
2025-11,233111 Chemical Engineer,95,8,45973.95145821759,45352.9187497338
2025-11,233111 Chemical Engineer,90,50,45969.78391721065,45254.79771600694
2025-11,233111 Chemical Engineer,85,91,45890.978077280095,45243.84432427083
2025-11,233111 Chemical Engineer,100,1,45893.478396527775,45893.478396527775
2025-11,233111 Chemical Engineer,105,1,45310.53319876157,45310.53319876157
2025-11,312312 Electrical Engineering Technician,90,8,45523.70677222222,45270.692713888886
2025-11,312312 Electrical Engineering Technician,85,16,45891.77775115741,45246.84038657408
2025-11,323211 Fitter (General),85,2,45698.62254383102,45609.13899047454
2025-11,232111 Architect,90,22,45972.80052596065,45457.539776238424
2025-11,232111 Architect,85,45,45881.90403005787,45456.920466006944
2025-11,232111 Architect,110,1,45735.574209108796,45735.574209108796
2025-11,234212 Food Technologist,95,5,45973.528066666666,45735.469302743055
2025-11,234212 Food Technologist,90,28,45971.34084012732,45324.520177858794
2025-11,234212 Food Technologist,85,28,45852.94856145833,45249.97249085648
2025-11,234212 Food Technologist,105,1,45908.6392815162,45908.6392815162
2025-11,312311 Electrical Engineering Draftsperson,90,3,45733.63240744213,45621.47951979167
2025-11,312311 Electrical Engineering Draftsperson,85,2,45727.63569363426,45479.47486565972
2025-11,224711 Management Consultant,95,6,45946.41823043981,45477.47230949074
2025-11,224711 Management Consultant,90,49,45973.1183596875,45270.856306712965
2025-11,224711 Management Consultant,85,67,45891.92788981482,45252.95215046297
2025-11,234711 Veterinarian,95,3,45868.57209097222,45756.43379568287
2025-11,234711 Veterinarian,90,15,45952.09173792824,45313.597748645836
2025-11,234711 Veterinarian,85,33,45855.72118287037,45268.436250810184
2025-11,234711 Veterinarian,100,2,45924.803899502316,45635.33846987269
2025-11,241411 Secondary School Teacher,75,57,45743.70068695602,45261.05079001158
2025-11,241411 Secondary School Teacher,80,163,45974.25000512732,45274.55579100695
2025-11,241411 Secondary School Teacher,95,1,45960.89517716435,45960.89517716435
2025-11,241411 Secondary School Teacher,90,2,45952.55087071759,45428.54025972222
2025-11,241411 Secondary School Teacher,85,56,45972.998272488425,45271.53969297453
2025-11,241411 Secondary School Teacher,100,1,45903.45545390046,45903.45545390046
2025-11,134111 Child Care Centre Manager,75,1,45294.34077523148,45294.34077523148
2025-11,134111 Child Care Centre Manager,80,1,45546.53739297454,45546.53739297454
2025-11,224111 Actuary,95,1,45806.70549123843,45806.70549123843
2025-11,224111 Actuary,90,33,45957.69506828704,45251.626502743056
2025-11,224111 Actuary,85,31,45866.57433113426,45259.937858136575
2025-11,333111 Glazier,65,3,45944.81770327546,45643.76932688657
2025-11,333111 Glazier,75,1,45841.86281759259,45841.86281759259
2025-11,333111 Glazier,70,2,45644.75556076389,45643.77919424768
2025-11,263312 Telecommunications Network Engineer,95,3,45832.50546354167,45754.71345613426
2025-11,263312 Telecommunications Network Engineer,90,2,45648.94284221065,45637.49532248842
2025-11,133211 Engineering Manager,95,1,45974.06031049768,45974.06031049768
2025-11,133211 Engineering Manager,90,1,45944.74957855324,45944.74957855324
2025-11,133211 Engineering Manager,85,18,45887.660128854164,45257.94077569444
2025-11,234599 Life Scientists nec,95,5,45925.43563969908,45725.679394942126
2025-11,234599 Life Scientists nec,90,4,45966.7264715625,45790.67520829861
2025-11,234599 Life Scientists nec,85,7,45735.61595582176,45261.9650258912
2025-11,234599 Life Scientists nec,100,4,45934.473938738425,45733.52949811343
2025-11,254422 Registered Nurse (Mental Health),75,13,45744.50058325232,45343.43579340278
2025-11,254422 Registered Nurse (Mental Health),80,16,45972.621549421296,45281.58087253472
2025-11,254422 Registered Nurse (Mental Health),95,1,45799.91605806713,45799.91605806713
2025-11,254422 Registered Nurse (Mental Health),85,11,45957.98175894676,45377.603516550924
2025-11,312211 Civil Engineering Draftsperson,95,4,45970.03049262732,45755.35118510417
2025-11,312211 Civil Engineering Draftsperson,90,25,45971.66346658565,45544.487269907404
2025-11,312211 Civil Engineering Draftsperson,85,80,45883.61148892361,45324.768481631945
2025-11,234511 Life Scientist (General),95,4,45951.06503248843,45310.65737233796
2025-11,234511 Life Scientist (General),90,18,45971.83333221065,45306.54038730324
2025-11,234511 Life Scientist (General),85,17,45890.62325798611,45416.526704398144
2025-11,234511 Life Scientist (General),100,1,45873.49294525463,45873.49294525463
2025-11,234511 Life Scientist (General),105,2,45904.57031967593,45624.82408680556
2025-11,254423 Registered Nurse (Perioperative),75,28,45754.86353232639,45279.74278267361
2025-11,254423 Registered Nurse (Perioperative),80,14,45972.50254386574,45405.710744641205
2025-11,254423 Registered Nurse (Perioperative),90,1,45437.35384054398,45437.35384054398
2025-11,254423 Registered Nurse (Perioperative),85,4,45904.525084837966,45337.402709456015
2025-11,232212 Surveyor,95,2,45901.99402399306,45711.663990706016
2025-11,232212 Surveyor,90,1,45317.68070478009,45317.68070478009
2025-11,232212 Surveyor,85,9,45891.36808626157,45273.77473020833
2025-11,254499 Registered Nurses nec,75,408,45756.72200177083,45247.66088984954
2025-11,254499 Registered Nurses nec,80,342,45974.30711519676,45273.72865887731
2025-11,254499 Registered Nurses nec,95,1,45627.512292708336,45627.512292708336
2025-11,254499 Registered Nurses nec,90,14,45973.391214965275,45316.7338409375
2025-11,254499 Registered Nurses nec,85,111,45974.30210393519,45310.79975150463
2025-11,224512 Valuer,90,1,45441.780329710644,45441.780329710644
2025-11,224512 Valuer,85,8,45847.939692280095,45429.65159806713
2025-11,234516 Marine Biologist,95,1,45940.3944931713,45940.3944931713
2025-11,234516 Marine Biologist,90,3,45915.768721493056,45271.434365706016
2025-11,234516 Marine Biologist,85,2,45843.636477314816,45783.709463541665
2025-11,234516 Marine Biologist,110,1,45913.63348217592,45913.63348217592
2025-11,234516 Marine Biologist,105,1,45631.64139841435,45631.64139841435
2025-11,233611 Mining Engineer (excluding Petroleum),90,12,45972.48868275463,45402.65816716435
2025-11,233611 Mining Engineer (excluding Petroleum),85,11,45877.524800150466,45412.397344247685
2025-11,254417 Registered Nurse (Disability and Rehabilitation),75,2,45685.64371712963,45666.53101142361
2025-11,254417 Registered Nurse (Disability and Rehabilitation),80,3,45969.12053059028,45379.42491099537
2025-11,254417 Registered Nurse (Disability and Rehabilitation),85,1,45773.506224502315,45773.506224502315
2025-11,261211 Multimedia Specialist,95,19,45968.54224108796,45418.83884586806
2025-11,261211 Multimedia Specialist,90,14,45651.88007962963,45281.05077901621
2025-11,261211 Multimedia Specialist,100,1,45761.84198935185,45761.84198935185
2025-11,263311 Telecommunications Engineer,95,14,45970.40670740741,45265.79405590278
2025-11,263311 Telecommunications Engineer,90,7,45625.517832604164,45264.59055628472
2025-11,263311 Telecommunications Engineer,100,3,45973.84110127315,45783.82340949074
2025-11,322313 Welder (First Class),95,1,45516.72042855324,45516.72042855324
2025-11,322313 Welder (First Class),90,1,45583.62214806713,45583.62214806713
2025-11,322313 Welder (First Class),85,3,45701.624887881946,45615.680088078705
2025-11,234912 Metallurgist,95,1,45513.590466284724,45513.590466284724
2025-11,234912 Metallurgist,90,1,45907.84032094907,45907.84032094907
2025-11,234912 Metallurgist,85,3,45690.994540625004,45294.97989459491
2025-11,232214 Other Spatial Scientist,95,1,45910.781241516204,45910.781241516204
2025-11,232214 Other Spatial Scientist,90,8,45923.66373472222,45355.54016153935
2025-11,232214 Other Spatial Scientist,85,9,45879.58129378472,45380.50563900463
2025-11,232214 Other Spatial Scientist,100,1,45968.68935390047,45968.68935390047
2025-11,133111 Construction Project Manager,95,3,45974.19406061343,45637.9358900463
2025-11,133111 Construction Project Manager,90,18,45971.71323440972,45543.06038761574
2025-11,133111 Construction Project Manager,85,57,45891.05113232639,45455.606253391205
2025-11,253111 General Practitioner,75,27,45757.98289980324,45274.8320159375
2025-11,253111 General Practitioner,80,69,45973.79520934028,45341.97944340278
2025-11,253111 General Practitioner,95,1,45337.456672685184,45337.456672685184
2025-11,253111 General Practitioner,90,14,45970.10821334491,45308.58739027778
2025-11,253111 General Practitioner,85,29,45973.68137534722,45579.49883607639
2025-11,234313 Environmental Research Scientist,95,6,45968.526850462964,45603.9764974537
2025-11,234313 Environmental Research Scientist,90,7,45868.93059614583,45336.01577195602
2025-11,234313 Environmental Research Scientist,85,8,45883.687685613426,45257.879219560185
2025-11,234313 Environmental Research Scientist,100,1,45715.76190520833,45715.76190520833
2025-11,234112 Agricultural Scientist,95,4,45954.692678506945,45777.67307060185
2025-11,234112 Agricultural Scientist,90,18,45972.05605092592,45400.58521423611
2025-11,234112 Agricultural Scientist,85,8,45853.017647569446,45426.72316898148
2025-11,234112 Agricultural Scientist,105,1,45922.894841284724,45922.894841284724
2025-11,234113 Forester,85,2,45646.72456512731,45559.64413626157
2025-11,271111 Barrister,90,2,45944.44963376157,45603.4515420949
2025-11,313213 Telecommunications Network Planner,90,2,45660.839062847226,45260.82703298611
2025-11,331212 Carpenter,65,137,45965.82505706018,45334.624536655094
2025-11,331212 Carpenter,75,37,45973.58945813657,45551.591456979164
2025-11,331212 Carpenter,70,113,45973.92267369213,45512.67366871527
2025-11,331212 Carpenter,80,27,45974.082074618054,45600.75397346065
2025-11,331212 Carpenter,90,1,45971.73931597222,45971.73931597222
2025-11,331212 Carpenter,85,3,45974.312135451386,45708.64785825231
2025-11,272511 Social Worker,75,44,45730.6878181713,45282.013521875
2025-11,272511 Social Worker,80,161,45974.33892376158,45271.56146103009
2025-11,272511 Social Worker,95,1,45742.70560836806,45742.70560836806
2025-11,272511 Social Worker,90,16,45974.34764583333,45334.51604768519
2025-11,272511 Social Worker,85,62,45973.87497653935,45337.67771377315
2025-11,332211 Painting Trades Worker,75,39,45973.88616855324,45605.85498877315
2025-11,332211 Painting Trades Worker,70,35,45842.74554533565,45503.695099965276
2025-11,332211 Painting Trades Worker,80,13,45973.46816982639,45644.833643784725
2025-11,332211 Painting Trades Worker,90,1,45939.90017612268,45939.90017612268
2025-11,332211 Painting Trades Worker,85,2,45847.725524340276,45712.506489155094
2025-11,342313 Electronic Equipment Trades Worker,90,1,45873.88434679398,45873.88434679398
2025-11,342313 Electronic Equipment Trades Worker,85,5,45781.661775960645,45320.82213842592
2025-11,342313 Electronic Equipment Trades Worker,110,1,45734.61622777778,45734.61622777778
2025-11,233612 Petroleum Engineer,95,2,45505.97181142361,45359.860930208335
2025-11,233612 Petroleum Engineer,90,2,45684.952554282405,45611.78987523148
2025-11,233612 Petroleum Engineer,85,11,45834.881516168985,45332.73299675926
2025-11,233612 Petroleum Engineer,100,1,45950.79413329861,45950.79413329861
2025-11,252111 Chiropractor,85,1,45867.53747369213,45867.53747369213
2025-11,313212 Telecommunications Field Engineer,95,1,45832.71142523148,45832.71142523148
2025-11,254415 Registered Nurse (Critical Care and Emergency),75,44,45750.79926153935,45260.64785065972
2025-11,254415 Registered Nurse (Critical Care and Emergency),80,29,45972.891184374996,45450.47333842592
2025-11,254415 Registered Nurse (Critical Care and Emergency),90,1,45896.897578125,45896.897578125
2025-11,254415 Registered Nurse (Critical Care and Emergency),85,6,45969.92525231482,45603.595379398146
2025-11,224311 Economist,95,1,45433.70388645833,45433.70388645833
2025-11,224311 Economist,90,6,45932.48218943287,45514.81815613426
2025-11,224311 Economist,85,13,45869.14924236111,45246.666166469906
2025-11,234514 Biotechnologist,95,8,45956.545256944446,45486.455859953705
2025-11,234514 Biotechnologist,90,19,45958.20897079861,45344.66343804398
2025-11,234514 Biotechnologist,85,26,45880.90296747685,45249.61850517361
2025-11,234514 Biotechnologist,100,3,45841.69767149306,45731.90676119213
2025-11,331111 Bricklayer,65,23,45968.55985810185,45540.79769166667
2025-11,331111 Bricklayer,75,6,45955.79359822917,45671.7844378125
2025-11,331111 Bricklayer,70,10,45968.696819363424,45603.438350462966
2025-11,331111 Bricklayer,80,1,45944.90259189815,45944.90259189815
2025-11,331111 Bricklayer,90,1,45709.42906616898,45709.42906616898
2025-11,331111 Bricklayer,85,1,45953.97997728009,45953.97997728009
2025-11,139912 Environmental Manager,95,1,45833.43223788195,45833.43223788195
2025-11,139912 Environmental Manager,90,4,45890.54717924769,45296.65903700232
2025-11,139912 Environmental Manager,85,6,45833.02720917824,45392.19545917824
2025-11,139911 Arts Administrator or Manager,95,1,45408.46118329861,45408.46118329861
2025-11,139911 Arts Administrator or Manager,90,3,45818.45478368056,45372.80436805556
2025-11,139911 Arts Administrator or Manager,85,1,45485.64535092593,45485.64535092593
2025-11,254412 Registered Nurse (Aged Care),75,66,45756.163594363425,45265.60163935185
2025-11,254412 Registered Nurse (Aged Care),80,71,45973.99655578704,45264.47664328704
2025-11,254412 Registered Nurse (Aged Care),90,2,45973.37340428241,45770.82547650463
2025-11,254412 Registered Nurse (Aged Care),85,19,45972.755248726855,45329.43142650463
2025-11,253999 Medical Practitioners nec,75,14,45754.5037033912,45313.13687079861
2025-11,253999 Medical Practitioners nec,80,57,45973.859961145834,45620.46182326389
2025-11,253999 Medical Practitioners nec,95,2,45934.47445601852,45921.71406570602
2025-11,253999 Medical Practitioners nec,90,9,45952.07046952546,45543.69025709491
2025-11,253999 Medical Practitioners nec,85,25,45972.978645717594,45604.69557696759
2025-11,234412 Geophysicist,90,1,45856.004303622685,45856.004303622685
2025-11,234412 Geophysicist,85,2,45540.63637334491,45374.890254513884
2025-11,224113 Statistician,95,9,45972.66390636574,45324.62799278935
2025-11,224113 Statistician,90,65,45973.987366898145,45331.848106944446
2025-11,224113 Statistician,85,48,45884.51782407407,45244.56894212963
2025-11,224113 Statistician,100,1,45644.70237283565,45644.70237283565
2025-11,341111 Electrician (General),65,23,45966.329036111114,45541.77373059028
2025-11,341111 Electrician (General),75,14,45972.746708715276,45561.671743900464
2025-11,341111 Electrician (General),70,15,45973.41067291667,45631.80063672454
2025-11,341111 Electrician (General),80,4,45972.80486936343,45881.86709140046
2025-11,252511 Physiotherapist,75,44,45742.81631728009,45299.66519085648
2025-11,252511 Physiotherapist,80,51,45973.911720219905,45324.80223622685
2025-11,252511 Physiotherapist,90,4,45972.85564313657,45564.926595868055
2025-11,252511 Physiotherapist,85,17,45971.62074424769,45438.64629806713
2025-11,251211 Medical Diagnostic Radiographer,75,16,45729.61079502315,45295.50095381944
2025-11,251211 Medical Diagnostic Radiographer,80,9,45936.85147260417,45456.50023761574
2025-11,251211 Medical Diagnostic Radiographer,85,2,45838.65978634259,45714.78004479167
2025-11,232213 Cartographer,90,1,45687.052546493054,45687.052546493054
2025-11,342315 Electronic Instrument Trades Worker (Special Class),85,1,45502.77052832176,45502.77052832176
2025-11,312212 Civil Engineering Technician,95,2,45886.38512457176,45828.53018695602
2025-11,312212 Civil Engineering Technician,90,14,45968.50742890046,45554.201372916665
2025-11,312212 Civil Engineering Technician,85,48,45886.987524421296,45270.50971813657
2025-11,253912 Emergency Medicine Specialist,75,3,45666.87884146991,45325.68646111111
2025-11,253912 Emergency Medicine Specialist,80,4,45854.54833680556,45512.731931215276
2025-11,253912 Emergency Medicine Specialist,90,1,45741.7545878125,45741.7545878125
2025-11,253912 Emergency Medicine Specialist,85,2,45741.588089502315,45701.61209517361
2025-11,234312 Environmental Consultant,95,10,45964.53366177083,45541.646065243054
2025-11,234312 Environmental Consultant,90,34,45953.410434641206,45306.69209725694
2025-11,234312 Environmental Consultant,85,27,45891.919923298614,45244.49838822917
2025-11,234517 Microbiologist,95,1,45890.56937681713,45890.56937681713
2025-11,234517 Microbiologist,90,5,45946.97018769676,45511.41673515046
2025-11,234517 Microbiologist,85,11,45890.65043460648,45310.76024456019
2025-11,234517 Microbiologist,100,1,45958.54310616898,45958.54310616898
2025-11,232112 Landscape Architect,90,8,45972.51663244213,45545.73113888889
2025-11,232112 Landscape Architect,85,8,45841.6812059375,45601.67800150463
2025-11,252712 Speech Pathologist,75,6,45736.799840625,45491.595747025465
2025-11,252712 Speech Pathologist,80,5,45969.66996724537,45688.86251438657
2025-11,252712 Speech Pathologist,90,2,45928.87583275463,45691.79645335648
2025-11,252712 Speech Pathologist,85,2,45637.46466400463,45632.57308457176
2025-11,322311 Metal Fabricator,85,2,45813.74701508102,45608.68929001158
2025-11,234999 Natural and Physical Science Professionals nec,90,1,45561.53477395834,45561.53477395834
2025-11,234999 Natural and Physical Science Professionals nec,85,3,45722.66210833333,45453.10786420139
2025-11,234914 Physicist,95,3,45908.24270697917,45823.470116666664
2025-11,234914 Physicist,90,6,45969.71704212963,45352.466177696755
2025-11,234914 Physicist,85,5,45849.79118194444,45446.12158912037
2025-11,234914 Physicist,115,1,45749.01573414352,45749.01573414352
2025-11,233112 Materials Engineer,95,4,45935.58752230324,45328.580262268515
2025-11,233112 Materials Engineer,90,7,45966.56771855324,45489.53200358796
2025-11,233112 Materials Engineer,85,15,45880.90033715278,45255.7777119213
2025-11,233112 Materials Engineer,100,1,45538.667777662034,45538.667777662034
2025-11,252411 Occupational Therapist,75,33,45749.701184606485,45281.85201084491
2025-11,252411 Occupational Therapist,80,24,45959.73262141204,45415.64481373843
2025-11,252411 Occupational Therapist,90,5,45937.4844681713,45623.797840706015
2025-11,252411 Occupational Therapist,85,9,45967.59849579861,45604.67029383102
2025-11,234513 Biochemist,90,3,45827.66452986111,45610.579602314814
2025-11,234513 Biochemist,85,2,45892.88393024306,45482.52086215278
2025-11,234611 Medical Laboratory Scientist,95,2,45971.2022212963,45692.64342175926
2025-11,234611 Medical Laboratory Scientist,90,5,45974.325931053245,45632.606665625004
2025-11,234611 Medical Laboratory Scientist,85,11,45860.58375138889,45622.74140100695
2025-11,234611 Medical Laboratory Scientist,100,1,45738.429933252315,45738.429933252315
2025-11,241511 Special Needs Teacher,75,2,45509.586891238425,45357.713473958334
2025-11,254425 Registered Nurse (Paediatrics),75,4,45649.217509988426,45357.529183101855
2025-11,254425 Registered Nurse (Paediatrics),80,5,45939.93133730324,45606.90903229167
2025-11,254425 Registered Nurse (Paediatrics),90,1,45646.13983587963,45646.13983587963
2025-11,254425 Registered Nurse (Paediatrics),85,4,45972.78175810185,45779.622228900465
2025-11,234399 Environmental Scientists nec,90,1,45842.03638684028,45842.03638684028
2025-11,234399 Environmental Scientists nec,85,3,45586.88418645834,45271.04653445602
2025-11,272399 Psychologists nec,75,3,45739.864027118056,45677.74093475695
2025-11,272399 Psychologists nec,80,24,45973.764990972224,45278.42569684028
2025-11,272399 Psychologists nec,90,2,45901.937874537034,45668.683554166666
2025-11,272399 Psychologists nec,85,7,45971.52084528935,45624.58742511574
2025-11,331211 Carpenter and Joiner,65,2,45910.90602858796,45735.91549699074
2025-11,331211 Carpenter and Joiner,75,5,45973.65630065972,45545.49827581018
2025-11,331211 Carpenter and Joiner,70,6,45952.037265625,45603.50793148148
2025-11,254111 Midwife,75,2,45538.453994131945,45379.57089189815
2025-11,254111 Midwife,80,10,45952.50961689815,45371.40026628472
2025-11,254111 Midwife,85,3,45973.7498025463,45758.03449791667
2025-11,342314 Electronic Instrument Trades Worker (General),85,1,45329.95163480324,45329.95163480324
2025-11,334111 Plumber (General),65,11,45943.52710165509,45566.70122418982
2025-11,334111 Plumber (General),75,3,45973.94405355324,45826.92820825231
2025-11,334111 Plumber (General),70,6,45931.85228900463,45892.35514849537
2025-11,334111 Plumber (General),80,5,45938.90570038195,45634.18869548611
2025-11,334111 Plumber (General),95,1,45899.02118888889,45899.02118888889
2025-11,234413 Hydrogeologist,90,1,45663.9125653588,45663.9125653588
2025-11,254421 Registered Nurse (Medical Practice),75,4,45707.13957526621,45511.66230945602
2025-11,254421 Registered Nurse (Medical Practice),80,2,45879.59137202546,45658.66219232639
2025-11,254421 Registered Nurse (Medical Practice),90,1,45973.98705466435,45973.98705466435
2025-11,254421 Registered Nurse (Medical Practice),85,2,45946.30064664352,45608.766221412036
2025-11,254424 Registered Nurse (Surgical),75,23,45708.5109966088,45322.54642653935
2025-11,254424 Registered Nurse (Surgical),80,19,45966.98852248843,45315.7981337963
2025-11,254424 Registered Nurse (Surgical),90,2,45967.69964170139,45671.82712954861
2025-11,254424 Registered Nurse (Surgical),85,4,45968.6942565625,45363.84272048611
2025-11,224511 Land Economist,90,1,45916.87189135417,45916.87189135417
2025-11,224511 Land Economist,85,8,45880.9907127662,45309.029567708334
2025-11,452316 Tennis Coach,90,1,45821.54528052083,45821.54528052083
2025-11,452316 Tennis Coach,85,1,45640.865422916664,45640.865422916664
2025-11,399111 Boat Builder and Repairer,90,1,45671.69912986111,45671.69912986111
2025-11,253312 Cardiologist,80,2,45916.82795204861,45914.859558020835
2025-11,333212 Solid Plasterer,65,2,45903.02903237269,45547.025253125
2025-11,333411 Wall and Floor Tiler,65,27,45960.50186365741,45525.99121828704
2025-11,333411 Wall and Floor Tiler,75,2,45933.677537118056,45616.63890038194
2025-11,333411 Wall and Floor Tiler,70,9,45954.68530795139,45576.82630231482
2025-11,254414 Registered Nurse (Community Health),75,1,45371.68914216435,45371.68914216435
2025-11,254414 Registered Nurse (Community Health),80,6,45951.723501851855,45720.450775578705
2025-11,254414 Registered Nurse (Community Health),100,1,45724.94930605324,45724.94930605324
2025-11,254413 Registered Nurse (Child and Family Health),75,2,45477.90110679398,45414.22511921296
2025-11,254413 Registered Nurse (Child and Family Health),80,1,45639.95780023148,45639.95780023148
2025-11,252711 Audiologist,75,9,45749.923555127316,45334.65168753472
2025-11,252711 Audiologist,80,5,45974.0917465625,45344.90144771991
2025-11,252711 Audiologist,85,1,45931.309552858795,45931.309552858795
2025-11,313214 Telecommunications Technical Officer or Technologist,95,1,45669.84200590278,45669.84200590278
2025-11,134213 Primary Health Organisation Manager,90,2,45551.82320277778,45540.58291412037
2025-11,253321 Paediatrician,80,1,45918.71759528935,45918.71759528935
2025-11,253317 Intensive Care Specialist,80,1,45705.101842592594,45705.101842592594
2025-11,253317 Intensive Care Specialist,90,1,45723.93744618056,45723.93744618056
2025-11,253917 Diagnostic and Interventional Radiologist,85,2,45950.38036362269,45744.330617789354
2025-11,331213 Joiner,65,1,45694.57542966435,45694.57542966435
2025-11,331213 Joiner,70,1,45694.981051932875,45694.981051932875
2025-11,272313 Organisational Psychologist,80,1,45776.211541550925,45776.211541550925
2025-11,234518 Zoologist,90,2,45933.73488707176,45860.15190320602
2025-11,234518 Zoologist,85,2,45514.38349328704,45466.87071797454
2025-11,321111 Automotive Electrician,85,1,45387.38418136574,45387.38418136574
2025-11,253411 Psychiatrist,75,1,45720.607917974536,45720.607917974536
2025-11,253411 Psychiatrist,80,2,45777.30400917824,45755.88628900463
2025-11,253411 Psychiatrist,85,1,45767.88348758102,45767.88348758102
2025-11,251411 Optometrist,75,1,45351.6464934838,45351.6464934838
2025-11,251411 Optometrist,80,1,45960.56926484954,45960.56926484954
2025-11,251214 Sonographer,75,1,45599.620712731485,45599.620712731485
2025-11,251214 Sonographer,80,3,45772.03698302084,45771.91055381944
2025-11,251214 Sonographer,95,3,45783.43756238426,45776.93480396991
2025-11,251214 Sonographer,90,6,45783.450759988424,45776.94477048611
2025-11,251214 Sonographer,85,8,45894.38415528935,45649.79967662037
2025-11,334112 Airconditioning and Mechanical Services Plumber,65,7,45928.808962731484,45705.778248842595
2025-11,334112 Airconditioning and Mechanical Services Plumber,75,3,45974.099113923614,45760.92682769676
2025-11,334112 Airconditioning and Mechanical Services Plumber,70,4,45974.35990509259,45644.70499278935
2025-11,334112 Airconditioning and Mechanical Services Plumber,85,1,45765.26180355324,45765.26180355324
2025-11,253511 Surgeon (General),80,1,45914.91133495371,45914.91133495371
2025-11,253318 Neurologist,80,1,45537.63202827546,45537.63202827546
2025-11,334115 Roof Plumber,70,2,45930.68748741898,45923.793529131945
2025-11,334115 Roof Plumber,85,1,45646.467585300925,45646.467585300925
2025-11,272311 Clinical Psychologist,80,1,45635.915380983795,45635.915380983795
2025-11,272311 Clinical Psychologist,95,1,45573.482724305555,45573.482724305555
2025-11,272311 Clinical Psychologist,85,2,45890.43658109954,45764.02770274306
2025-11,253521 Vascular Surgeon,75,1,45327.9687253125,45327.9687253125
2025-11,251212 Medical Radiation Therapist,95,1,45298.82767384259,45298.82767384259
2025-11,251212 Medical Radiation Therapist,90,1,45935.742057986114,45935.742057986114
2025-11,252611 Podiatrist,75,3,45715.56485138889,45631.56282658565
2025-11,252611 Podiatrist,80,1,45567.2283962963,45567.2283962963
2025-11,241599 Special Education Teachers nec,75,1,45359.31611693287,45359.31611693287
2025-11,241599 Special Education Teachers nec,80,1,45930.988442939815,45930.988442939815
2025-11,253311 Specialist Physician (General Medicine),80,2,45862.89573989583,45752.937615428236
2025-11,253311 Specialist Physician (General Medicine),90,1,45659.06237673611,45659.06237673611
2025-11,134214 Welfare Centre Manager,85,1,45783.5596653588,45783.5596653588
2025-11,253913 Obstetrician and Gynaecologist,75,1,45615.12782361111,45615.12782361111
2025-11,253324 Thoracic Medicine Specialist,80,1,45852.89861739583,45852.89861739583
2025-11,334114 Gasfitter,65,1,45884.95253761574,45884.95253761574
2025-11,253514 Orthopaedic Surgeon,85,1,45710.808995405096,45710.808995405096
2025-11,331112 Stonemason,75,1,45512.74914753472,45512.74914753472
2025-11,253314 Medical Oncologist,80,1,45927.955298761575,45927.955298761575
