OccGroup,Score,pool_n,pm,n,im,state,round
1331 Construction Managers,50,1.0,2024-09-20 19:14:58.999999977,0.0,,UNTOUCHED,2024-09
1331 Construction Managers,55,3.0,2026-05-25 05:00:53.000000029,0.0,,UNTOUCHED,2024-09
1331 Construction Managers,60,5.0,2026-04-25 04:55:10.000000315,0.0,,UNTOUCHED,2024-09
1331 Construction Managers,65,39.0,2026-07-13 04:58:58.000000177,0.0,,UNTOUCHED,2024-09
1331 Construction Managers,70,25.0,2026-08-04 04:59:14.000000144,0.0,,UNTOUCHED,2024-09
1331 Construction Managers,75,28.0,2026-04-19 04:57:56.999999747,74.0,2024-11-05 04:56:36.999999905,PARTIAL,2024-09
1331 Construction Managers,80,9.0,2024-10-13 05:42:03.999999931,120.0,2025-11-10 18:31:29.000000265,CLEARED,2024-09
1331 Construction Managers,85,7.0,2024-10-23 04:59:43.000000010,38.0,2024-11-05 04:56:36.999999905,CLEARED,2024-09
1331 Construction Managers,90,0.0,,12.0,2024-08-23 14:58:24.000000191,PARTIAL,2024-09
1331 Construction Managers,95,0.0,,1.0,2024-05-09 04:48:35.999999994,PARTIAL,2024-09
1331 Construction Managers,100,0.0,,2.0,2024-08-07 21:34:29.000000228,PARTIAL,2024-09
1332 Engineering Managers,60,2.0,2024-09-30 04:56:33.999999829,0.0,,UNTOUCHED,2024-09
1332 Engineering Managers,65,5.0,2025-09-23 04:59:44.999999842,0.0,,UNTOUCHED,2024-09
1332 Engineering Managers,70,2.0,2025-05-29 04:54:08.000000280,0.0,,UNTOUCHED,2024-09
1332 Engineering Managers,75,5.0,2026-02-16 04:57:08.000000233,0.0,,UNTOUCHED,2024-09
1332 Engineering Managers,80,2.0,2026-08-06 04:55:26.999999886,0.0,,UNTOUCHED,2024-09
1341 Child Care Centre Managers,65,2.0,2025-09-25 04:55:09.000000079,0.0,,UNTOUCHED,2024-09
1341 Child Care Centre Managers,75,1.0,2024-09-30 17:02:31.000000300,0.0,,UNTOUCHED,2024-09
1341 Child Care Centre Managers,80,0.0,,1.0,2024-02-17 04:46:31.999999923,PARTIAL,2024-09
1341 Child Care Centre Managers,85,0.0,,1.0,2024-07-20 04:50:16.000000105,PARTIAL,2024-09
1341 Child Care Centre Managers,90,0.0,,1.0,2024-07-03 19:27:28.999999903,PARTIAL,2024-09
1342 Health and Welfare Services Managers,65,3.0,2026-06-05 04:55:23.999999810,0.0,,UNTOUCHED,2024-09
1342 Health and Welfare Services Managers,70,2.0,2024-10-12 05:28:11.999999691,0.0,,UNTOUCHED,2024-09
1342 Health and Welfare Services Managers,85,2.0,2024-11-08 04:55:28.999999727,0.0,,UNTOUCHED,2024-09
1399 Other Specialist Managers,65,2.0,2025-09-16 04:54:35.999999910,0.0,,UNTOUCHED,2024-09
1399 Other Specialist Managers,75,3.0,2026-03-07 04:56:03.000000131,0.0,,UNTOUCHED,2024-09
1399 Other Specialist Managers,80,3.0,2024-12-13 04:59:01.999999849,0.0,,UNTOUCHED,2024-09
1399 Other Specialist Managers,95,3.0,2024-09-24 04:52:50.000000278,0.0,,UNTOUCHED,2024-09
2112 Music Professionals,70,1.0,2024-08-27 04:52:37.999999983,0.0,,UNTOUCHED,2024-09
"2121 Artistic Directors, and Media Producers and Presenters",80,1.0,2025-02-24 06:14:27.000000248,0.0,,UNTOUCHED,2024-09
2211 Accountants,55,6.0,2025-08-04 04:54:53.000000112,0.0,,UNTOUCHED,2024-09
2211 Accountants,60,18.0,2026-07-25 05:03:03.000000242,0.0,,UNTOUCHED,2024-09
2211 Accountants,65,88.0,2026-07-28 05:01:53.999999829,0.0,,UNTOUCHED,2024-09
2211 Accountants,70,115.0,2026-08-28 04:55:18.999999903,0.0,,UNTOUCHED,2024-09
2211 Accountants,75,112.0,2026-07-08 04:55:23.000000206,0.0,,UNTOUCHED,2024-09
2211 Accountants,80,132.0,2026-07-20 04:55:50.999999836,0.0,,UNTOUCHED,2024-09
2211 Accountants,85,88.0,2026-09-02 05:00:32.000000146,0.0,,UNTOUCHED,2024-09
2211 Accountants,90,78.0,2026-07-03 04:57:08.000000233,9.0,2024-11-05 04:56:36.999999905,PARTIAL,2024-09
2211 Accountants,95,40.0,2026-05-12 04:54:29.000000154,26.0,2024-11-05 04:56:36.999999905,PARTIAL,2024-09
2211 Accountants,100,9.0,2026-08-28 04:55:18.999999903,101.0,2025-01-30 06:20:11.999999803,PARTIAL,2024-09
2211 Accountants,105,0.0,,13.0,2024-08-25 05:15:49.999999740,PARTIAL,2024-09
2211 Accountants,110,0.0,,1.0,2024-02-25 05:29:36.999999441,PARTIAL,2024-09
"2212 Auditors, Company Secretaries and Corporate Treasurers",55,1.0,2024-09-07 15:17:48.999999690,0.0,,UNTOUCHED,2024-09
"2212 Auditors, Company Secretaries and Corporate Treasurers",60,7.0,2026-03-02 05:00:43.000000205,0.0,,UNTOUCHED,2024-09
"2212 Auditors, Company Secretaries and Corporate Treasurers",65,36.0,2026-08-09 05:00:56.999999701,0.0,,UNTOUCHED,2024-09
"2212 Auditors, Company Secretaries and Corporate Treasurers",70,62.0,2026-08-22 04:57:27.000000276,0.0,,UNTOUCHED,2024-09
"2212 Auditors, Company Secretaries and Corporate Treasurers",75,50.0,2026-08-22 04:57:27.000000276,0.0,,UNTOUCHED,2024-09
"2212 Auditors, Company Secretaries and Corporate Treasurers",80,49.0,2026-08-01 05:01:39.999999694,0.0,,UNTOUCHED,2024-09
"2212 Auditors, Company Secretaries and Corporate Treasurers",85,50.0,2026-05-19 04:54:53.999999717,0.0,,UNTOUCHED,2024-09
"2212 Auditors, Company Secretaries and Corporate Treasurers",90,20.0,2026-06-11 04:57:27.000000276,54.0,2024-11-05 04:56:36.999999905,PARTIAL,2024-09
"2212 Auditors, Company Secretaries and Corporate Treasurers",95,5.0,2025-10-12 05:02:30.000000073,48.0,2024-11-05 04:56:36.999999905,PARTIAL,2024-09
"2212 Auditors, Company Secretaries and Corporate Treasurers",100,0.0,,8.0,2024-02-28 04:38:23.000000029,PARTIAL,2024-09
"2212 Auditors, Company Secretaries and Corporate Treasurers",105,0.0,,2.0,2024-08-13 04:54:34.000000070,PARTIAL,2024-09
"2241 Actuaries, Mathematicians and Statisticians",65,6.0,2025-12-01 04:55:02.999999936,0.0,,UNTOUCHED,2024-09
"2241 Actuaries, Mathematicians and Statisticians",70,11.0,2026-01-08 04:55:47.000000156,0.0,,UNTOUCHED,2024-09
"2241 Actuaries, Mathematicians and Statisticians",75,9.0,2025-12-04 04:55:41.000000013,0.0,,UNTOUCHED,2024-09
"2241 Actuaries, Mathematicians and Statisticians",80,19.0,2026-06-04 04:55:44.999999693,0.0,,UNTOUCHED,2024-09
"2241 Actuaries, Mathematicians and Statisticians",85,13.0,2026-06-10 04:54:56.000000180,0.0,,UNTOUCHED,2024-09
"2241 Actuaries, Mathematicians and Statisticians",90,6.0,2024-10-02 04:56:17.000000257,3.0,2024-11-05 04:56:36.999999905,CLEARED,2024-09
"2241 Actuaries, Mathematicians and Statisticians",95,4.0,2024-10-09 06:03:52.000000165,7.0,2024-08-12 11:53:06.000000031,PARTIAL,2024-09
"2241 Actuaries, Mathematicians and Statisticians",105,0.0,,1.0,2023-09-17 01:31:54.000000246,PARTIAL,2024-09
2243 Economists,60,2.0,2025-08-27 04:55:13.999999987,0.0,,UNTOUCHED,2024-09
2243 Economists,65,1.0,2024-07-07 08:31:28.999999848,0.0,,UNTOUCHED,2024-09
2243 Economists,70,1.0,2024-09-19 04:54:37.000000137,0.0,,UNTOUCHED,2024-09
2243 Economists,75,1.0,2025-08-28 04:57:48.000000159,0.0,,UNTOUCHED,2024-09
2243 Economists,80,2.0,2025-11-26 04:56:55.999999947,0.0,,UNTOUCHED,2024-09
2243 Economists,85,1.0,2024-08-12 04:51:21.000000216,0.0,,UNTOUCHED,2024-09
2243 Economists,90,2.0,2024-10-10 05:56:17.000000044,1.0,2024-08-23 04:51:21.999999821,PARTIAL,2024-09
2243 Economists,95,0.0,,2.0,2024-08-13 20:51:59.999999693,PARTIAL,2024-09
2243 Economists,100,0.0,,1.0,2023-12-30 04:45:51.999999998,PARTIAL,2024-09
2245 Land Economists and Valuers,65,2.0,2024-11-19 04:55:36.000000105,0.0,,UNTOUCHED,2024-09
2245 Land Economists and Valuers,70,1.0,2024-12-15 06:33:21.000000049,0.0,,UNTOUCHED,2024-09
2245 Land Economists and Valuers,75,7.0,2025-07-02 05:20:51.999999933,0.0,,UNTOUCHED,2024-09
2245 Land Economists and Valuers,80,1.0,2024-09-09 19:47:14.999999916,0.0,,UNTOUCHED,2024-09
2245 Land Economists and Valuers,85,2.0,2025-10-24 04:54:40.000000213,0.0,,UNTOUCHED,2024-09
2245 Land Economists and Valuers,95,0.0,,1.0,2024-08-07 11:18:48.999999467,PARTIAL,2024-09
2247 Management and Organisation Analysts,65,2.0,2025-11-06 04:55:44.000000088,0.0,,UNTOUCHED,2024-09
2247 Management and Organisation Analysts,70,1.0,2025-08-05 04:55:15.999999827,0.0,,UNTOUCHED,2024-09
2247 Management and Organisation Analysts,75,6.0,2026-03-09 04:56:41.000000208,0.0,,UNTOUCHED,2024-09
2247 Management and Organisation Analysts,80,9.0,2025-05-03 05:23:45.000000139,0.0,,UNTOUCHED,2024-09
2247 Management and Organisation Analysts,85,12.0,2026-01-13 04:57:53.000000066,0.0,,UNTOUCHED,2024-09
2247 Management and Organisation Analysts,90,5.0,2024-10-30 05:02:54.000000024,1.0,2024-08-13 04:54:34.000000070,PARTIAL,2024-09
2247 Management and Organisation Analysts,95,1.0,2024-09-05 10:49:00.000000575,2.0,2024-08-11 05:07:46.999999989,PARTIAL,2024-09
2321 Architects and Landscape Architects,60,4.0,2026-07-03 04:57:08.000000233,0.0,,UNTOUCHED,2024-09
2321 Architects and Landscape Architects,65,16.0,2026-01-18 04:59:27.000000035,0.0,,UNTOUCHED,2024-09
2321 Architects and Landscape Architects,70,27.0,2026-08-27 04:59:08.000000001,0.0,,UNTOUCHED,2024-09
2321 Architects and Landscape Architects,75,31.0,2025-09-23 04:59:44.999999842,62.0,2025-02-12 06:09:09.999999694,PARTIAL,2024-09
2321 Architects and Landscape Architects,80,11.0,2024-09-30 00:35:01.000000161,140.0,2024-11-05 04:56:36.999999905,CLEARED,2024-09
2321 Architects and Landscape Architects,85,11.0,2025-09-29 04:54:13.999999792,86.0,2024-11-05 04:56:36.999999905,PARTIAL,2024-09
2321 Architects and Landscape Architects,90,0.0,,40.0,2024-08-30 04:51:05.000000250,PARTIAL,2024-09
2321 Architects and Landscape Architects,95,1.0,2024-09-11 20:40:31.999999794,6.0,2024-08-13 04:54:34.000000070,PARTIAL,2024-09
2321 Architects and Landscape Architects,105,0.0,,1.0,2024-08-23 07:11:01.000000291,PARTIAL,2024-09
2322 Cartographers and Surveyors,65,5.0,2026-07-10 04:55:47.999999769,0.0,,UNTOUCHED,2024-09
2322 Cartographers and Surveyors,70,1.0,2025-04-13 04:59:04.999999925,0.0,,UNTOUCHED,2024-09
2322 Cartographers and Surveyors,75,6.0,2025-12-08 04:56:57.999999788,0.0,,UNTOUCHED,2024-09
2322 Cartographers and Surveyors,80,5.0,2025-09-09 04:55:10.999999920,0.0,,UNTOUCHED,2024-09
2322 Cartographers and Surveyors,85,1.0,2024-09-06 18:56:50.000000009,0.0,,UNTOUCHED,2024-09
2322 Cartographers and Surveyors,90,1.0,2024-02-27 12:55:16.000000040,0.0,,UNTOUCHED,2024-09
2322 Cartographers and Surveyors,95,0.0,,2.0,2024-04-14 07:18:32.000000100,PARTIAL,2024-09
2322 Cartographers and Surveyors,100,0.0,,2.0,2024-08-13 04:54:34.000000070,PARTIAL,2024-09
2331 Chemical and Materials Engineers,45,1.0,2025-06-27 04:54:50.000000037,0.0,,UNTOUCHED,2024-09
2331 Chemical and Materials Engineers,55,1.0,2024-09-16 04:51:43.999999931,0.0,,UNTOUCHED,2024-09
2331 Chemical and Materials Engineers,60,2.0,2024-09-23 17:35:25.999999929,0.0,,UNTOUCHED,2024-09
2331 Chemical and Materials Engineers,65,19.0,2026-08-30 05:07:51.000000300,0.0,,UNTOUCHED,2024-09
2331 Chemical and Materials Engineers,70,28.0,2026-07-02 04:56:52.999999872,0.0,,UNTOUCHED,2024-09
2331 Chemical and Materials Engineers,75,16.0,2026-03-13 04:55:45.999999929,0.0,,UNTOUCHED,2024-09
2331 Chemical and Materials Engineers,80,30.0,2026-04-14 04:56:25.999999846,0.0,,UNTOUCHED,2024-09
2331 Chemical and Materials Engineers,85,13.0,2025-06-13 04:54:00.999999901,0.0,,UNTOUCHED,2024-09
2331 Chemical and Materials Engineers,90,6.0,2024-09-27 21:53:13.999999810,10.0,2024-11-05 04:56:36.999999905,CLEARED,2024-09
2331 Chemical and Materials Engineers,95,5.0,2024-10-27 05:37:57.000000025,16.0,2024-09-04 04:54:23.000000011,PARTIAL,2024-09
2331 Chemical and Materials Engineers,100,1.0,2024-09-20 13:34:06.000000300,4.0,2024-11-05 04:56:36.999999905,CLEARED,2024-09
2331 Chemical and Materials Engineers,105,0.0,,3.0,2024-06-25 19:10:23.999999810,PARTIAL,2024-09
2332 Civil Engineering Professionals,45,1.0,2026-01-03 04:57:06.999999998,0.0,,UNTOUCHED,2024-09
2332 Civil Engineering Professionals,50,3.0,2024-09-17 12:47:45.000000222,0.0,,UNTOUCHED,2024-09
2332 Civil Engineering Professionals,55,12.0,2026-08-02 05:01:45.000000240,0.0,,UNTOUCHED,2024-09
2332 Civil Engineering Professionals,60,16.0,2026-07-04 05:01:13.000000298,0.0,,UNTOUCHED,2024-09
2332 Civil Engineering Professionals,65,104.0,2026-08-27 04:59:08.000000001,0.0,,UNTOUCHED,2024-09
2332 Civil Engineering Professionals,70,129.0,2026-08-26 04:55:23.000000206,0.0,,UNTOUCHED,2024-09
2332 Civil Engineering Professionals,75,158.0,2026-08-24 04:55:15.999999827,71.0,2024-11-05 04:56:36.999999905,PARTIAL,2024-09
2332 Civil Engineering Professionals,80,130.0,2026-07-27 05:01:28.000000038,173.0,2024-11-07 04:58:15.000000185,PARTIAL,2024-09
2332 Civil Engineering Professionals,85,74.0,2026-08-20 04:58:58.999999782,107.0,2024-11-05 04:56:36.999999905,PARTIAL,2024-09
2332 Civil Engineering Professionals,90,32.0,2026-07-11 04:55:42.999999853,58.0,2024-11-05 04:56:36.999999905,PARTIAL,2024-09
2332 Civil Engineering Professionals,95,2.0,2024-09-23 11:07:18.000000131,63.0,2024-11-05 04:56:36.999999905,CLEARED,2024-09
2332 Civil Engineering Professionals,100,0.0,,15.0,2024-11-05 04:56:36.999999905,PARTIAL,2024-09
2332 Civil Engineering Professionals,105,0.0,,3.0,2024-08-13 04:54:34.000000070,PARTIAL,2024-09
2333 Electrical Engineers,50,1.0,2025-09-07 05:04:34.999999740,0.0,,UNTOUCHED,2024-09
2333 Electrical Engineers,55,4.0,2026-04-21 04:57:11.999999914,0.0,,UNTOUCHED,2024-09
2333 Electrical Engineers,60,14.0,2026-06-22 04:54:35.999999910,0.0,,UNTOUCHED,2024-09
2333 Electrical Engineers,65,46.0,2026-08-21 04:59:33.999999792,0.0,,UNTOUCHED,2024-09
2333 Electrical Engineers,70,44.0,2026-07-01 04:59:06.999999766,0.0,,UNTOUCHED,2024-09
2333 Electrical Engineers,75,56.0,2026-08-12 05:05:07.000000313,0.0,,UNTOUCHED,2024-09
2333 Electrical Engineers,80,44.0,2026-07-18 05:00:43.999999810,0.0,,UNTOUCHED,2024-09
2333 Electrical Engineers,85,31.0,2026-05-30 04:56:19.999999703,0.0,,UNTOUCHED,2024-09
2333 Electrical Engineers,90,10.0,2025-05-11 05:22:27.000000137,20.0,2024-07-24 05:23:15.000000046,PARTIAL,2024-09
2333 Electrical Engineers,95,4.0,2024-10-25 04:54:59.000000256,25.0,2024-08-13 04:54:34.000000070,PARTIAL,2024-09
2333 Electrical Engineers,100,0.0,,4.0,2024-08-13 04:54:34.000000070,PARTIAL,2024-09
2333 Electrical Engineers,110,0.0,,1.0,2024-03-17 05:15:30.999999706,PARTIAL,2024-09
2334 Electronics Engineers,50,1.0,2024-09-06 00:30:27.999999843,0.0,,UNTOUCHED,2024-09
2334 Electronics Engineers,55,2.0,2026-02-21 04:58:07.999999806,0.0,,UNTOUCHED,2024-09
2334 Electronics Engineers,60,9.0,2026-07-19 05:21:30.000000018,0.0,,UNTOUCHED,2024-09
2334 Electronics Engineers,65,34.0,2026-08-01 05:01:39.999999694,0.0,,UNTOUCHED,2024-09
2334 Electronics Engineers,70,23.0,2026-07-16 04:59:44.000000237,0.0,,UNTOUCHED,2024-09
2334 Electronics Engineers,75,27.0,2026-05-24 05:14:24.999999990,0.0,,UNTOUCHED,2024-09
2334 Electronics Engineers,80,36.0,2026-02-03 04:56:06.000000198,0.0,,UNTOUCHED,2024-09
2334 Electronics Engineers,85,24.0,2026-03-12 04:57:02.999999695,0.0,,UNTOUCHED,2024-09
2334 Electronics Engineers,90,11.0,2025-09-07 05:04:34.999999740,12.0,2024-08-01 04:50:22.000000257,PARTIAL,2024-09
2334 Electronics Engineers,95,5.0,2025-05-29 04:54:08.000000280,12.0,2024-09-01 12:42:06.999999793,PARTIAL,2024-09
2334 Electronics Engineers,100,0.0,,2.0,2024-08-14 05:21:34.999999925,PARTIAL,2024-09
2334 Electronics Engineers,105,0.0,,2.0,2024-05-25 04:45:39.999999712,PARTIAL,2024-09
"2335 Industrial, Mechanical and Production Engineers",40,1.0,2026-08-23 05:01:10.000000231,0.0,,UNTOUCHED,2024-09
"2335 Industrial, Mechanical and Production Engineers",50,1.0,2024-08-20 05:24:25.000000064,0.0,,UNTOUCHED,2024-09
"2335 Industrial, Mechanical and Production Engineers",55,7.0,2026-03-05 04:56:11.000000114,0.0,,UNTOUCHED,2024-09
"2335 Industrial, Mechanical and Production Engineers",60,14.0,2026-07-12 05:07:29.000000182,0.0,,UNTOUCHED,2024-09
"2335 Industrial, Mechanical and Production Engineers",65,98.0,2026-08-28 04:55:18.999999903,0.0,,UNTOUCHED,2024-09
"2335 Industrial, Mechanical and Production Engineers",70,105.0,2026-08-25 04:57:32.999999797,0.0,,UNTOUCHED,2024-09
"2335 Industrial, Mechanical and Production Engineers",75,123.0,2026-08-20 04:58:58.999999782,0.0,,UNTOUCHED,2024-09
"2335 Industrial, Mechanical and Production Engineers",80,78.0,2026-07-20 04:55:50.999999836,0.0,,UNTOUCHED,2024-09
"2335 Industrial, Mechanical and Production Engineers",85,76.0,2026-08-25 04:57:32.999999797,0.0,,UNTOUCHED,2024-09
"2335 Industrial, Mechanical and Production Engineers",90,33.0,2026-05-20 04:54:34.000000070,58.0,2024-11-05 04:56:36.999999905,PARTIAL,2024-09
"2335 Industrial, Mechanical and Production Engineers",95,10.0,2025-12-16 04:56:14.000000182,54.0,2024-11-07 04:58:15.000000185,PARTIAL,2024-09
"2335 Industrial, Mechanical and Production Engineers",100,1.0,2025-06-28 04:57:43.999999848,6.0,2024-08-13 04:54:34.000000070,PARTIAL,2024-09
2336 Mining Engineers,40,1.0,2026-04-17 04:58:23.999999773,0.0,,UNTOUCHED,2024-09
2336 Mining Engineers,55,1.0,2025-12-02 04:54:56.999999784,0.0,,UNTOUCHED,2024-09
2336 Mining Engineers,65,11.0,2026-08-11 05:03:38.000000252,0.0,,UNTOUCHED,2024-09
2336 Mining Engineers,70,7.0,2026-05-14 04:54:32.999999834,0.0,,UNTOUCHED,2024-09
2336 Mining Engineers,75,2.0,2026-06-18 04:55:59.999999424,0.0,,UNTOUCHED,2024-09
2336 Mining Engineers,80,4.0,2026-01-25 04:54:46.999999961,0.0,,UNTOUCHED,2024-09
2336 Mining Engineers,85,5.0,2025-07-13 05:15:55.000000287,0.0,,UNTOUCHED,2024-09
2336 Mining Engineers,90,5.0,2024-10-29 04:58:23.000000168,0.0,,UNTOUCHED,2024-09
2336 Mining Engineers,95,0.0,,2.0,2024-02-11 07:56:38.999999745,PARTIAL,2024-09
2336 Mining Engineers,100,0.0,,2.0,2024-08-25 22:16:23.000000122,PARTIAL,2024-09
2336 Mining Engineers,105,0.0,,1.0,2024-09-01 05:45:05.000000120,PARTIAL,2024-09
2336 Mining Engineers,115,0.0,,1.0,2023-10-08 04:46:31.000000319,PARTIAL,2024-09
2339 Other Engineering Professionals,50,2.0,2026-07-19 05:21:30.000000018,0.0,,UNTOUCHED,2024-09
2339 Other Engineering Professionals,55,7.0,2025-10-28 04:58:58.000000177,0.0,,UNTOUCHED,2024-09
2339 Other Engineering Professionals,60,15.0,2026-05-11 04:55:29.999999953,0.0,,UNTOUCHED,2024-09
2339 Other Engineering Professionals,65,79.0,2026-07-30 04:56:28.999999921,0.0,,UNTOUCHED,2024-09
2339 Other Engineering Professionals,70,85.0,2026-08-08 04:56:11.999999719,0.0,,UNTOUCHED,2024-09
2339 Other Engineering Professionals,75,102.0,2026-08-31 05:04:37.000000211,0.0,,UNTOUCHED,2024-09
2339 Other Engineering Professionals,80,76.0,2026-08-29 05:03:29.000000033,0.0,,UNTOUCHED,2024-09
2339 Other Engineering Professionals,85,66.0,2026-08-25 04:57:32.999999797,0.0,,UNTOUCHED,2024-09
2339 Other Engineering Professionals,90,34.0,2026-03-28 04:57:05.000000166,35.0,2024-11-05 04:56:36.999999905,PARTIAL,2024-09
2339 Other Engineering Professionals,95,1.0,2024-09-18 16:07:42.000000294,61.0,2024-09-02 08:09:03.000000159,PARTIAL,2024-09
2339 Other Engineering Professionals,100,0.0,,9.0,2024-09-03 06:15:42.000000174,PARTIAL,2024-09
2339 Other Engineering Professionals,105,0.0,,4.0,2024-11-05 04:56:36.999999905,PARTIAL,2024-09
2341 Agricultural and Forestry Scientists,50,1.0,2024-09-19 03:02:47.000000063,0.0,,UNTOUCHED,2024-09
2341 Agricultural and Forestry Scientists,60,3.0,2026-04-15 04:56:52.000000267,0.0,,UNTOUCHED,2024-09
2341 Agricultural and Forestry Scientists,65,16.0,2026-07-14 05:00:54.999999861,0.0,,UNTOUCHED,2024-09
2341 Agricultural and Forestry Scientists,70,14.0,2026-06-03 04:56:27.000000081,0.0,,UNTOUCHED,2024-09
2341 Agricultural and Forestry Scientists,75,8.0,2025-12-17 04:59:03.999999690,0.0,,UNTOUCHED,2024-09
2341 Agricultural and Forestry Scientists,80,6.0,2025-11-05 04:55:42.000000248,0.0,,UNTOUCHED,2024-09
2341 Agricultural and Forestry Scientists,85,4.0,2025-09-22 05:03:35.999999781,0.0,,UNTOUCHED,2024-09
2341 Agricultural and Forestry Scientists,90,3.0,2024-09-27 09:35:25.999999725,0.0,,UNTOUCHED,2024-09
2341 Agricultural and Forestry Scientists,95,2.0,2024-09-24 23:19:06.000000300,3.0,2024-07-16 12:58:17.000000230,PARTIAL,2024-09
2341 Agricultural and Forestry Scientists,100,1.0,2024-09-25 03:03:20.000000232,4.0,2024-07-20 04:50:16.000000105,PARTIAL,2024-09
2341 Agricultural and Forestry Scientists,105,0.0,,1.0,2024-08-29 15:09:31.000000207,PARTIAL,2024-09
"2342 Chemists, and Food and Wine Scientists",55,1.0,2025-05-15 04:54:56.999999784,0.0,,UNTOUCHED,2024-09
"2342 Chemists, and Food and Wine Scientists",60,2.0,2025-01-13 04:58:53.999999866,0.0,,UNTOUCHED,2024-09
"2342 Chemists, and Food and Wine Scientists",65,18.0,2026-04-12 05:07:00.999999929,0.0,,UNTOUCHED,2024-09
"2342 Chemists, and Food and Wine Scientists",70,19.0,2026-06-27 05:03:56.000000059,0.0,,UNTOUCHED,2024-09
"2342 Chemists, and Food and Wine Scientists",75,12.0,2025-10-13 04:56:08.000000039,0.0,,UNTOUCHED,2024-09
"2342 Chemists, and Food and Wine Scientists",80,9.0,2025-07-14 05:16:35.000000204,0.0,,UNTOUCHED,2024-09
"2342 Chemists, and Food and Wine Scientists",85,14.0,2025-09-11 04:54:13.000000187,0.0,,UNTOUCHED,2024-09
"2342 Chemists, and Food and Wine Scientists",90,7.0,2025-06-03 04:54:43.000000289,1.0,2024-11-05 04:56:36.999999905,PARTIAL,2024-09
"2342 Chemists, and Food and Wine Scientists",95,0.0,,6.0,2024-08-30 04:51:05.000000250,PARTIAL,2024-09
"2342 Chemists, and Food and Wine Scientists",100,1.0,2025-02-03 04:57:21.999999738,1.0,2024-01-11 04:46:11.000000040,PARTIAL,2024-09
"2342 Chemists, and Food and Wine Scientists",105,0.0,,1.0,2024-05-07 04:45:58.999999754,PARTIAL,2024-09
2343 Environmental Scientists,45,1.0,2025-11-10 04:55:12.999999751,0.0,,UNTOUCHED,2024-09
2343 Environmental Scientists,65,6.0,2026-02-17 04:54:03.999999968,0.0,,UNTOUCHED,2024-09
2343 Environmental Scientists,70,7.0,2025-10-29 04:54:48.999999801,0.0,,UNTOUCHED,2024-09
2343 Environmental Scientists,75,5.0,2026-04-05 04:56:33.000000224,0.0,,UNTOUCHED,2024-09
2343 Environmental Scientists,80,3.0,2025-05-02 05:20:02.999999797,0.0,,UNTOUCHED,2024-09
2343 Environmental Scientists,85,7.0,2025-09-19 18:01:48.000000103,0.0,,UNTOUCHED,2024-09
2343 Environmental Scientists,90,1.0,2024-09-25 02:20:35.999999966,0.0,,UNTOUCHED,2024-09
2343 Environmental Scientists,95,1.0,2024-09-24 12:47:28.000000020,3.0,2024-08-13 04:54:34.000000070,PARTIAL,2024-09
2343 Environmental Scientists,100,0.0,,2.0,2024-09-02 04:51:21.000000216,PARTIAL,2024-09
2343 Environmental Scientists,105,1.0,2024-09-24 12:41:18.999999885,1.0,2024-07-29 13:49:52.000000155,PARTIAL,2024-09
2344 Geologists Geophysicists and Hydrogeologists,65,2.0,2026-03-17 04:55:28.000000122,0.0,,UNTOUCHED,2024-09
2344 Geologists Geophysicists and Hydrogeologists,70,1.0,2024-08-03 12:41:23.999999801,0.0,,UNTOUCHED,2024-09
2344 Geologists Geophysicists and Hydrogeologists,75,5.0,2026-06-26 05:01:07.000000155,0.0,,UNTOUCHED,2024-09
2344 Geologists Geophysicists and Hydrogeologists,80,1.0,2024-09-08 14:30:48.999999931,0.0,,UNTOUCHED,2024-09
2344 Geologists Geophysicists and Hydrogeologists,85,2.0,2025-10-09 04:55:10.000000315,0.0,,UNTOUCHED,2024-09
2344 Geologists Geophysicists and Hydrogeologists,90,2.0,2024-09-28 16:48:15.999999716,0.0,,UNTOUCHED,2024-09
2345 Life Scientists,60,3.0,2025-09-13 04:55:28.999999727,0.0,,UNTOUCHED,2024-09
2345 Life Scientists,65,10.0,2025-12-28 04:58:13.000000344,0.0,,UNTOUCHED,2024-09
2345 Life Scientists,70,10.0,2026-02-03 04:56:06.000000198,0.0,,UNTOUCHED,2024-09
2345 Life Scientists,75,8.0,2026-08-09 05:00:56.999999701,0.0,,UNTOUCHED,2024-09
2345 Life Scientists,80,12.0,2026-05-16 14:29:05.999999743,0.0,,UNTOUCHED,2024-09
2345 Life Scientists,85,9.0,2025-03-23 04:56:52.000000267,0.0,,UNTOUCHED,2024-09
2345 Life Scientists,90,9.0,2025-05-18 04:55:51.999999441,5.0,2024-05-20 04:47:35.999999799,PARTIAL,2024-09
2345 Life Scientists,95,4.0,2025-08-03 04:58:45.999999883,10.0,2024-08-25 21:23:20.999999976,PARTIAL,2024-09
2345 Life Scientists,100,3.0,2024-10-15 04:55:58.999999820,3.0,2024-09-03 05:45:49.999999953,PARTIAL,2024-09
2345 Life Scientists,105,0.0,,1.0,2024-08-14 05:21:34.999999925,PARTIAL,2024-09
2345 Life Scientists,110,0.0,,1.0,2024-02-02 05:29:48.000000131,PARTIAL,2024-09
2346 Medical Laboratory Scientists,65,2.0,2025-04-01 05:21:53.999999968,0.0,,UNTOUCHED,2024-09
2346 Medical Laboratory Scientists,70,3.0,2024-12-07 05:27:48.999999968,0.0,,UNTOUCHED,2024-09
2346 Medical Laboratory Scientists,75,4.0,2026-02-01 04:55:31.000000189,0.0,,UNTOUCHED,2024-09
2346 Medical Laboratory Scientists,80,3.0,2025-01-09 04:59:44.000000237,11.0,2024-08-29 17:32:24.999999740,PARTIAL,2024-09
2346 Medical Laboratory Scientists,85,0.0,,4.0,2024-08-20 15:05:35.999999966,PARTIAL,2024-09
2346 Medical Laboratory Scientists,90,1.0,2024-09-05 20:52:31.000000022,0.0,,UNTOUCHED,2024-09
2347 Veterinarians,70,1.0,2025-08-31 04:55:34.999999870,0.0,,UNTOUCHED,2024-09
2347 Veterinarians,75,3.0,2025-10-26 05:11:45.999999911,0.0,,UNTOUCHED,2024-09
2347 Veterinarians,80,2.0,2024-08-22 04:52:14.000000033,0.0,,UNTOUCHED,2024-09
2347 Veterinarians,95,0.0,,4.0,2024-09-04 23:33:23.000000094,PARTIAL,2024-09
2347 Veterinarians,115,0.0,,2.0,2024-11-05 04:56:36.999999905,PARTIAL,2024-09
2349 Other Natural and Physical Science Professionals,65,1.0,2026-07-11 04:55:42.999999853,0.0,,UNTOUCHED,2024-09
2349 Other Natural and Physical Science Professionals,70,3.0,2026-03-20 04:55:42.999999853,0.0,,UNTOUCHED,2024-09
2349 Other Natural and Physical Science Professionals,75,7.0,2026-05-08 04:56:01.999999896,0.0,,UNTOUCHED,2024-09
2349 Other Natural and Physical Science Professionals,80,1.0,2024-09-26 12:50:02.999999797,0.0,,UNTOUCHED,2024-09
2349 Other Natural and Physical Science Professionals,85,2.0,2024-09-25 21:39:44.999999916,0.0,,UNTOUCHED,2024-09
2349 Other Natural and Physical Science Professionals,95,0.0,,2.0,2024-08-13 04:54:34.000000070,PARTIAL,2024-09
2349 Other Natural and Physical Science Professionals,100,1.0,2025-07-08 05:15:30.000000101,1.0,2024-08-25 22:39:39.999999795,PARTIAL,2024-09
2411 Early Childhood (Pre-primary School) Teachers,45,1.0,2024-09-20 04:53:25.999999892,0.0,,UNTOUCHED,2024-09
2411 Early Childhood (Pre-primary School) Teachers,50,3.0,2024-11-14 04:56:55.999999947,0.0,,UNTOUCHED,2024-09
2411 Early Childhood (Pre-primary School) Teachers,55,1.0,2024-10-02 04:56:17.000000257,0.0,,UNTOUCHED,2024-09
2411 Early Childhood (Pre-primary School) Teachers,60,10.0,2025-09-21 05:01:31.999999710,0.0,,UNTOUCHED,2024-09
2411 Early Childhood (Pre-primary School) Teachers,65,87.0,2026-07-13 04:58:58.000000177,0.0,,UNTOUCHED,2024-09
2411 Early Childhood (Pre-primary School) Teachers,70,110.0,2026-08-18 04:56:31.999999989,0.0,,UNTOUCHED,2024-09
2411 Early Childhood (Pre-primary School) Teachers,75,104.0,2026-08-07 04:55:50.000000232,11.0,2024-08-21 04:52:55.999999790,PARTIAL,2024-09
2411 Early Childhood (Pre-primary School) Teachers,80,75.0,2026-05-25 05:00:53.000000029,186.0,2024-11-05 04:56:36.999999905,PARTIAL,2024-09
2411 Early Childhood (Pre-primary School) Teachers,85,11.0,2025-08-20 04:55:26.999999886,58.0,2024-11-05 04:56:36.999999905,PARTIAL,2024-09
2411 Early Childhood (Pre-primary School) Teachers,90,0.0,,6.0,2024-08-26 19:22:26.999999719,PARTIAL,2024-09
2414 Secondary School Teachers,55,1.0,2025-01-08 04:55:53.000000307,0.0,,UNTOUCHED,2024-09
2414 Secondary School Teachers,60,3.0,2026-03-17 04:55:28.000000122,0.0,,UNTOUCHED,2024-09
2414 Secondary School Teachers,65,16.0,2025-10-21 04:55:41.000000013,0.0,,UNTOUCHED,2024-09
2414 Secondary School Teachers,70,13.0,2026-04-09 04:55:13.999999987,0.0,,UNTOUCHED,2024-09
2414 Secondary School Teachers,75,11.0,2025-10-11 04:56:11.999999719,8.0,2024-08-29 05:24:47.999999779,PARTIAL,2024-09
2414 Secondary School Teachers,80,7.0,2025-03-23 04:56:52.000000267,63.0,2024-11-05 04:56:36.999999905,PARTIAL,2024-09
2414 Secondary School Teachers,85,2.0,2024-09-30 17:07:33.999999467,16.0,2024-09-05 02:43:36.000000059,PARTIAL,2024-09
2415 Special Education Teachers,65,1.0,2024-10-26 04:58:53.000000261,0.0,,UNTOUCHED,2024-09
2415 Special Education Teachers,80,0.0,,2.0,2024-08-26 00:50:34.000000126,PARTIAL,2024-09
2421 University Lecturers and Tutors,45,1.0,2024-10-25 04:54:59.000000256,0.0,,UNTOUCHED,2024-09
2421 University Lecturers and Tutors,55,4.0,2025-09-16 04:54:35.999999910,0.0,,UNTOUCHED,2024-09
2421 University Lecturers and Tutors,60,9.0,2026-07-12 05:07:29.000000182,0.0,,UNTOUCHED,2024-09
2421 University Lecturers and Tutors,65,23.0,2026-07-31 04:56:47.999999964,0.0,,UNTOUCHED,2024-09
2421 University Lecturers and Tutors,70,16.0,2025-03-12 05:01:18.999999819,0.0,,UNTOUCHED,2024-09
2421 University Lecturers and Tutors,75,17.0,2026-04-22 04:54:37.999999742,0.0,,UNTOUCHED,2024-09
2421 University Lecturers and Tutors,80,18.0,2026-06-08 04:54:29.999999759,0.0,,UNTOUCHED,2024-09
2421 University Lecturers and Tutors,85,13.0,2025-06-22 05:31:42.999999983,0.0,,UNTOUCHED,2024-09
2421 University Lecturers and Tutors,90,14.0,2024-10-14 10:16:39.999999694,4.0,2024-11-05 04:56:36.999999905,CLEARED,2024-09
2421 University Lecturers and Tutors,95,5.0,2024-09-28 14:05:30.000000027,13.0,2024-08-29 12:32:07.999999955,PARTIAL,2024-09
2421 University Lecturers and Tutors,100,1.0,2025-01-08 04:55:53.000000307,12.0,2024-08-13 13:44:48.000000131,PARTIAL,2024-09
2421 University Lecturers and Tutors,105,0.0,,1.0,2023-12-26 04:47:16.999999756,PARTIAL,2024-09
2512 Medical Imaging Professionals,65,3.0,2026-05-04 05:07:14.999999424,0.0,,UNTOUCHED,2024-09
2512 Medical Imaging Professionals,70,1.0,2024-09-03 23:30:10.999999846,0.0,,UNTOUCHED,2024-09
2512 Medical Imaging Professionals,75,1.0,2024-09-15 23:25:43.000000066,2.0,2024-07-01 04:49:20.999999827,PARTIAL,2024-09
2512 Medical Imaging Professionals,80,0.0,,7.0,2024-09-02 04:51:21.000000216,PARTIAL,2024-09
2512 Medical Imaging Professionals,85,2.0,2024-09-20 08:17:13.999999894,1.0,2024-08-05 05:41:51.000000031,PARTIAL,2024-09
2514 Optometrists and Orthoptists,75,1.0,2024-03-18 04:38:32.000000248,0.0,,UNTOUCHED,2024-09
2514 Optometrists and Orthoptists,80,1.0,2024-09-10 11:45:06.999999960,3.0,2024-07-25 04:47:54.999999833,PARTIAL,2024-09
2514 Optometrists and Orthoptists,85,0.0,,2.0,2024-07-27 14:25:01.000000300,PARTIAL,2024-09
2519 Other Health Diagnostic and Promotion Professionals,75,1.0,2024-05-10 04:48:02.999999825,0.0,,UNTOUCHED,2024-09
2519 Other Health Diagnostic and Promotion Professionals,80,0.0,,1.0,2024-04-05 19:36:39.999999833,PARTIAL,2024-09
2521 Chiropractors and Osteopaths,80,0.0,,3.0,2024-08-30 15:03:01.999999794,PARTIAL,2024-09
2524 Occupational Therapists,60,1.0,2024-04-08 04:44:32.000000156,0.0,,UNTOUCHED,2024-09
2524 Occupational Therapists,65,5.0,2025-12-19 04:55:28.000000122,0.0,,UNTOUCHED,2024-09
2524 Occupational Therapists,70,7.0,2026-03-12 04:57:02.999999695,0.0,,UNTOUCHED,2024-09
2524 Occupational Therapists,75,5.0,2025-07-31 04:54:21.999999775,4.0,2024-06-11 04:47:40.999999706,PARTIAL,2024-09
2524 Occupational Therapists,80,5.0,2025-08-10 05:00:32.999999751,35.0,2024-11-05 04:56:36.999999905,PARTIAL,2024-09
2524 Occupational Therapists,85,2.0,2024-09-26 00:13:20.000000305,7.0,2024-09-03 05:45:49.999999953,PARTIAL,2024-09
2524 Occupational Therapists,90,2.0,2024-09-27 19:51:56.999999831,3.0,2024-08-30 04:51:05.000000250,PARTIAL,2024-09
2525 Physiotherapists,55,1.0,2026-04-30 04:54:24.000000246,0.0,,UNTOUCHED,2024-09
2525 Physiotherapists,60,1.0,2024-09-05 10:08:16.000000068,0.0,,UNTOUCHED,2024-09
2525 Physiotherapists,65,16.0,2026-07-29 04:55:29.999999953,0.0,,UNTOUCHED,2024-09
2525 Physiotherapists,70,10.0,2025-07-01 05:09:19.000000126,0.0,,UNTOUCHED,2024-09
2525 Physiotherapists,75,11.0,2024-11-01 04:55:25.000000046,5.0,2024-02-17 04:46:31.999999923,PARTIAL,2024-09
2525 Physiotherapists,80,6.0,2025-04-19 05:15:33.000000168,46.0,2024-11-05 04:56:36.999999905,PARTIAL,2024-09
2525 Physiotherapists,85,1.0,2024-09-09 14:02:20.999999855,12.0,2024-08-30 04:51:05.000000250,PARTIAL,2024-09
2525 Physiotherapists,90,3.0,2024-09-11 20:52:26.999999719,2.0,2024-08-03 11:21:22.000000026,PARTIAL,2024-09
2526 Podiatrists,65,1.0,2024-10-14 19:43:52.999999844,0.0,,UNTOUCHED,2024-09
2526 Podiatrists,80,0.0,,1.0,2024-08-13 04:54:34.000000070,PARTIAL,2024-09
2526 Podiatrists,85,0.0,,1.0,2024-06-28 13:42:04.000000135,PARTIAL,2024-09
2526 Podiatrists,90,0.0,,1.0,2024-07-30 23:01:15.000000139,PARTIAL,2024-09
2527 Speech Professionals and Audiologists,65,4.0,2026-07-13 04:58:58.000000177,0.0,,UNTOUCHED,2024-09
2527 Speech Professionals and Audiologists,70,8.0,2026-06-05 04:55:23.999999810,0.0,,UNTOUCHED,2024-09
2527 Speech Professionals and Audiologists,75,5.0,2024-10-09 06:03:52.000000165,2.0,2024-06-22 04:49:49.999999684,PARTIAL,2024-09
2527 Speech Professionals and Audiologists,80,1.0,2024-09-20 18:01:48.999999708,23.0,2024-09-04 14:56:42.000000230,PARTIAL,2024-09
2527 Speech Professionals and Audiologists,85,2.0,2024-09-21 19:12:16.999999822,8.0,2024-08-26 23:02:14.999999703,PARTIAL,2024-09
2531 General Practitioners and Resident Medical officers,65,3.0,2025-04-06 04:57:05.000000166,0.0,,UNTOUCHED,2024-09
2531 General Practitioners and Resident Medical officers,70,8.0,2025-06-16 04:53:40.000000018,0.0,,UNTOUCHED,2024-09
2531 General Practitioners and Resident Medical officers,75,8.0,2025-07-13 05:15:55.000000287,6.0,2024-06-17 04:45:39.000000107,PARTIAL,2024-09
2531 General Practitioners and Resident Medical officers,80,10.0,2025-04-01 05:21:53.999999968,61.0,2024-11-05 04:56:36.999999905,PARTIAL,2024-09
2531 General Practitioners and Resident Medical officers,85,4.0,2024-09-22 18:35:01.999999766,27.0,2024-08-31 04:52:06.000000049,PARTIAL,2024-09
2531 General Practitioners and Resident Medical officers,90,1.0,2024-09-08 21:19:44.999999777,8.0,2024-08-28 21:01:22.999999918,PARTIAL,2024-09
2531 General Practitioners and Resident Medical officers,100,0.0,,1.0,2024-07-12 20:35:00.999999744,PARTIAL,2024-09
2531 General Practitioners and Resident Medical officers,110,0.0,,1.0,2024-08-14 07:51:11.999999998,PARTIAL,2024-09
2533 Internal Medicine Specialists,65,1.0,2024-09-16 18:41:31.000000179,0.0,,UNTOUCHED,2024-09
2533 Internal Medicine Specialists,70,1.0,2024-09-25 20:37:04.999999814,0.0,,UNTOUCHED,2024-09
2533 Internal Medicine Specialists,80,0.0,,3.0,2024-06-02 10:58:18.999999857,PARTIAL,2024-09
2533 Internal Medicine Specialists,85,0.0,,4.0,2024-07-31 23:51:33.999999903,PARTIAL,2024-09
2534 Psychiatrists,80,1.0,2024-09-07 18:10:06.999999821,1.0,2024-02-08 01:33:57.000000081,PARTIAL,2024-09
2534 Psychiatrists,85,0.0,,1.0,2024-08-04 05:22:46.000000179,PARTIAL,2024-09
2535 Surgeons,80,0.0,,1.0,2024-08-04 05:22:46.000000179,PARTIAL,2024-09
2539 Other Medical Practitioners,50,1.0,2024-07-20 04:50:16.000000105,0.0,,UNTOUCHED,2024-09
2539 Other Medical Practitioners,65,5.0,2024-09-23 17:48:11.000000856,0.0,,UNTOUCHED,2024-09
2539 Other Medical Practitioners,70,3.0,2025-08-01 04:54:45.000000129,0.0,,UNTOUCHED,2024-09
2539 Other Medical Practitioners,75,4.0,2024-09-24 21:12:42.000000220,2.0,2024-07-09 05:44:44.999999842,PARTIAL,2024-09
2539 Other Medical Practitioners,80,5.0,2025-07-02 05:20:51.999999933,59.0,2024-11-05 04:56:36.999999905,PARTIAL,2024-09
2539 Other Medical Practitioners,85,6.0,2025-12-24 04:56:44.999999888,26.0,2024-09-05 04:52:33.000000075,PARTIAL,2024-09
2539 Other Medical Practitioners,90,3.0,2025-01-07 05:03:06.000000310,8.0,2024-09-05 04:52:33.000000075,PARTIAL,2024-09
2539 Other Medical Practitioners,95,0.0,,1.0,2024-08-16 22:24:16.999999655,PARTIAL,2024-09
2541 Midwives,65,1.0,2024-09-19 00:55:04.999999981,0.0,,UNTOUCHED,2024-09
2541 Midwives,75,2.0,2025-01-07 05:03:06.000000310,2.0,2023-11-25 04:46:03.000000057,PARTIAL,2024-09
2541 Midwives,80,1.0,2024-10-13 05:42:03.999999931,7.0,2024-08-06 16:12:40.000000176,PARTIAL,2024-09
2541 Midwives,85,0.0,,1.0,2024-08-07 19:08:59.000000061,PARTIAL,2024-09
2541 Midwives,90,0.0,,1.0,2024-08-26 18:37:50.000000064,PARTIAL,2024-09
2544 Registered Nurses,45,1.0,2024-09-27 04:52:39.999999823,0.0,,UNTOUCHED,2024-09
2544 Registered Nurses,50,1.0,2024-09-24 17:16:05.999999715,0.0,,UNTOUCHED,2024-09
2544 Registered Nurses,55,3.0,2025-10-28 04:58:58.000000177,0.0,,UNTOUCHED,2024-09
2544 Registered Nurses,60,13.0,2026-03-25 04:54:35.000000305,0.0,,UNTOUCHED,2024-09
2544 Registered Nurses,65,170.0,2026-08-03 04:59:30.000000111,0.0,,UNTOUCHED,2024-09
2544 Registered Nurses,70,168.0,2026-07-19 05:21:30.000000018,0.0,,UNTOUCHED,2024-09
2544 Registered Nurses,75,103.0,2025-06-26 04:53:35.999999715,40.0,2024-09-02 04:51:21.000000216,PARTIAL,2024-09
2544 Registered Nurses,80,35.0,2025-05-06 04:54:37.000000137,215.0,2025-04-10 04:54:15.000000027,PARTIAL,2024-09
2544 Registered Nurses,85,14.0,2024-11-04 04:57:00.999999855,49.0,2024-09-03 20:06:35.000000138,PARTIAL,2024-09
2544 Registered Nurses,90,2.0,2024-09-18 15:42:51.000000022,5.0,2024-11-05 04:56:36.999999905,CLEARED,2024-09
2544 Registered Nurses,95,1.0,2024-09-18 06:19:31.000000272,0.0,,UNTOUCHED,2024-09
2544 Registered Nurses,100,1.0,2024-09-30 06:41:55.000000129,1.0,2024-07-26 18:16:46.000000050,PARTIAL,2024-09
2544 Registered Nurses,105,1.0,2025-01-07 05:03:06.000000310,0.0,,UNTOUCHED,2024-09
2544 Registered Nurses,115,0.0,,1.0,2024-05-16 11:07:18.999999736,PARTIAL,2024-09
2611 ICT Business and Systems Analysts,55,4.0,2026-03-23 04:57:16.000000217,0.0,,UNTOUCHED,2024-09
2611 ICT Business and Systems Analysts,60,15.0,2025-06-30 04:50:57.999999871,0.0,,UNTOUCHED,2024-09
2611 ICT Business and Systems Analysts,65,79.0,2026-08-18 04:56:31.999999989,0.0,,UNTOUCHED,2024-09
2611 ICT Business and Systems Analysts,70,94.0,2026-07-23 04:55:36.999999710,0.0,,UNTOUCHED,2024-09
2611 ICT Business and Systems Analysts,75,130.0,2026-07-28 05:01:53.999999829,0.0,,UNTOUCHED,2024-09
2611 ICT Business and Systems Analysts,80,117.0,2026-08-19 04:55:55.999999752,0.0,,UNTOUCHED,2024-09
2611 ICT Business and Systems Analysts,85,107.0,2026-09-01 05:03:54.000000218,0.0,,UNTOUCHED,2024-09
2611 ICT Business and Systems Analysts,90,97.0,2026-08-23 05:01:10.000000231,0.0,,UNTOUCHED,2024-09
2611 ICT Business and Systems Analysts,95,37.0,2026-05-19 04:54:53.999999717,1.0,2023-10-24 05:23:03.999999986,PARTIAL,2024-09
2611 ICT Business and Systems Analysts,100,3.0,2025-11-23 05:01:37.000000257,47.0,2024-11-05 04:56:36.999999905,PARTIAL,2024-09
2611 ICT Business and Systems Analysts,105,0.0,,3.0,2024-08-15 04:50:56.000000031,PARTIAL,2024-09
2611 ICT Business and Systems Analysts,110,0.0,,1.0,2024-07-22 14:58:49.999999981,PARTIAL,2024-09
2612 Multimedia Specialists and Web Developers,60,1.0,2024-09-19 13:09:02.999999733,0.0,,UNTOUCHED,2024-09
2612 Multimedia Specialists and Web Developers,65,2.0,2026-02-26 04:55:23.000000206,0.0,,UNTOUCHED,2024-09
2612 Multimedia Specialists and Web Developers,70,1.0,2025-01-21 05:02:57.999999696,0.0,,UNTOUCHED,2024-09
2612 Multimedia Specialists and Web Developers,75,1.0,2025-04-28 04:55:44.999999693,0.0,,UNTOUCHED,2024-09
2612 Multimedia Specialists and Web Developers,80,2.0,2025-03-27 04:56:36.000000300,0.0,,UNTOUCHED,2024-09
2612 Multimedia Specialists and Web Developers,85,2.0,2026-07-27 05:01:28.000000038,0.0,,UNTOUCHED,2024-09
2612 Multimedia Specialists and Web Developers,90,4.0,2025-01-25 06:27:11.000000309,3.0,2024-08-06 04:52:58.999999866,PARTIAL,2024-09
2612 Multimedia Specialists and Web Developers,95,0.0,,4.0,2024-09-02 04:51:21.000000216,PARTIAL,2024-09
2613 Software and Applications Programmers,50,2.0,2024-09-25 17:07:33.999999467,0.0,,UNTOUCHED,2024-09
2613 Software and Applications Programmers,55,3.0,2025-04-21 04:53:52.999999918,0.0,,UNTOUCHED,2024-09
2613 Software and Applications Programmers,60,19.0,2026-05-02 05:09:35.000000092,0.0,,UNTOUCHED,2024-09
2613 Software and Applications Programmers,65,100.0,2026-08-12 05:05:07.000000313,0.0,,UNTOUCHED,2024-09
2613 Software and Applications Programmers,70,137.0,2026-08-28 04:55:18.999999903,0.0,,UNTOUCHED,2024-09
2613 Software and Applications Programmers,75,181.0,2026-08-24 04:55:15.999999827,0.0,,UNTOUCHED,2024-09
2613 Software and Applications Programmers,80,176.0,2026-08-14 04:55:58.999999820,0.0,,UNTOUCHED,2024-09
2613 Software and Applications Programmers,85,162.0,2026-08-10 04:58:42.999999816,0.0,,UNTOUCHED,2024-09
2613 Software and Applications Programmers,90,139.0,2026-05-12 04:54:29.000000154,18.0,2024-09-04 04:54:23.000000011,PARTIAL,2024-09
2613 Software and Applications Programmers,95,70.0,2026-07-10 04:55:47.999999769,66.0,2024-11-05 04:56:36.999999905,PARTIAL,2024-09
2613 Software and Applications Programmers,100,4.0,2025-12-25 04:56:09.999999879,73.0,2024-11-15 04:54:45.000000129,PARTIAL,2024-09
2613 Software and Applications Programmers,105,0.0,,8.0,2024-08-31 04:52:06.000000049,PARTIAL,2024-09
2613 Software and Applications Programmers,120,0.0,,1.0,2024-04-13 04:46:12.999999881,PARTIAL,2024-09
"2621 Database and Systems Administrators, and ICT Security Specialists",50,1.0,2024-09-27 17:19:03.000000224,0.0,,UNTOUCHED,2024-09
"2621 Database and Systems Administrators, and ICT Security Specialists",55,2.0,2025-02-05 04:57:13.000000150,0.0,,UNTOUCHED,2024-09
"2621 Database and Systems Administrators, and ICT Security Specialists",60,3.0,2024-09-17 13:22:59.000000283,0.0,,UNTOUCHED,2024-09
"2621 Database and Systems Administrators, and ICT Security Specialists",65,17.0,2026-08-17 04:55:06.000000003,0.0,,UNTOUCHED,2024-09
"2621 Database and Systems Administrators, and ICT Security Specialists",70,27.0,2026-07-31 04:56:47.999999964,0.0,,UNTOUCHED,2024-09
"2621 Database and Systems Administrators, and ICT Security Specialists",75,41.0,2026-07-17 04:59:30.999999716,0.0,,UNTOUCHED,2024-09
"2621 Database and Systems Administrators, and ICT Security Specialists",80,28.0,2026-06-07 05:05:34.999999935,0.0,,UNTOUCHED,2024-09
"2621 Database and Systems Administrators, and ICT Security Specialists",85,28.0,2025-10-06 11:07:31.000000022,0.0,,UNTOUCHED,2024-09
"2621 Database and Systems Administrators, and ICT Security Specialists",90,20.0,2026-08-23 05:01:10.000000231,0.0,,UNTOUCHED,2024-09
"2621 Database and Systems Administrators, and ICT Security Specialists",95,3.0,2024-09-30 17:58:10.000000064,0.0,,UNTOUCHED,2024-09
"2621 Database and Systems Administrators, and ICT Security Specialists",100,0.0,,8.0,2024-08-30 04:51:05.000000250,PARTIAL,2024-09
2631 Computer Network Professionals,40,1.0,2026-06-04 04:55:44.999999693,0.0,,UNTOUCHED,2024-09
2631 Computer Network Professionals,45,1.0,2024-09-30 19:04:58.999999903,0.0,,UNTOUCHED,2024-09
2631 Computer Network Professionals,55,1.0,2024-09-26 17:25:22.000000814,0.0,,UNTOUCHED,2024-09
2631 Computer Network Professionals,60,2.0,2025-12-26 04:55:55.000000148,0.0,,UNTOUCHED,2024-09
2631 Computer Network Professionals,65,26.0,2026-08-18 04:56:31.999999989,0.0,,UNTOUCHED,2024-09
2631 Computer Network Professionals,70,35.0,2026-08-16 04:58:10.999999873,0.0,,UNTOUCHED,2024-09
2631 Computer Network Professionals,75,65.0,2026-06-13 04:55:23.999999810,0.0,,UNTOUCHED,2024-09
2631 Computer Network Professionals,80,54.0,2026-05-31 04:55:58.000000215,0.0,,UNTOUCHED,2024-09
2631 Computer Network Professionals,85,30.0,2025-11-21 04:55:10.000000315,0.0,,UNTOUCHED,2024-09
2631 Computer Network Professionals,90,29.0,2026-05-04 05:07:14.999999424,0.0,,UNTOUCHED,2024-09
2631 Computer Network Professionals,95,12.0,2025-03-28 06:19:04.999999851,0.0,,UNTOUCHED,2024-09
2631 Computer Network Professionals,100,0.0,,18.0,2024-09-04 04:54:23.000000011,PARTIAL,2024-09
2631 Computer Network Professionals,105,0.0,,1.0,2024-08-13 04:54:34.000000070,PARTIAL,2024-09
2633 Telecommunications Engineering Professionals,45,1.0,2025-10-09 04:55:10.000000315,0.0,,UNTOUCHED,2024-09
2633 Telecommunications Engineering Professionals,55,2.0,2026-04-15 04:56:52.000000267,0.0,,UNTOUCHED,2024-09
2633 Telecommunications Engineering Professionals,60,2.0,2025-08-14 04:55:04.000000163,0.0,,UNTOUCHED,2024-09
2633 Telecommunications Engineering Professionals,65,29.0,2026-07-17 04:59:30.999999716,0.0,,UNTOUCHED,2024-09
2633 Telecommunications Engineering Professionals,70,15.0,2026-08-28 04:55:18.999999903,0.0,,UNTOUCHED,2024-09
2633 Telecommunications Engineering Professionals,75,31.0,2026-06-20 04:54:59.999999860,0.0,,UNTOUCHED,2024-09
2633 Telecommunications Engineering Professionals,80,23.0,2026-03-13 04:55:45.999999929,0.0,,UNTOUCHED,2024-09
2633 Telecommunications Engineering Professionals,85,15.0,2026-08-18 04:56:31.999999989,0.0,,UNTOUCHED,2024-09
2633 Telecommunications Engineering Professionals,90,4.0,2024-09-09 21:21:45.999999771,15.0,2024-11-05 04:56:36.999999905,CLEARED,2024-09
2633 Telecommunications Engineering Professionals,95,2.0,2025-02-15 06:26:14.000000182,9.0,2024-09-04 04:54:23.000000011,PARTIAL,2024-09
2713 Solicitors,65,3.0,2024-09-25 13:54:21.999999775,0.0,,UNTOUCHED,2024-09
2713 Solicitors,70,7.0,2025-11-28 04:55:26.000000281,0.0,,UNTOUCHED,2024-09
2713 Solicitors,75,9.0,2025-07-18 04:55:55.000000148,0.0,,UNTOUCHED,2024-09
2713 Solicitors,80,11.0,2026-02-18 04:55:07.000000239,0.0,,UNTOUCHED,2024-09
2713 Solicitors,85,16.0,2025-08-20 04:55:26.999999886,0.0,,UNTOUCHED,2024-09
2713 Solicitors,90,6.0,2024-11-04 04:57:00.999999855,7.0,2024-11-05 04:56:36.999999905,CLEARED,2024-09
2713 Solicitors,95,1.0,2024-09-28 09:49:15.999999493,8.0,2024-08-21 03:40:53.000000094,PARTIAL,2024-09
2723 Psychologists,65,1.0,2024-07-12 11:11:01.000000078,0.0,,UNTOUCHED,2024-09
2723 Psychologists,70,2.0,2024-09-12 18:50:24.000000302,0.0,,UNTOUCHED,2024-09
2723 Psychologists,80,1.0,2024-09-09 15:24:10.999999725,10.0,2024-08-29 12:42:19.000000080,PARTIAL,2024-09
2723 Psychologists,85,0.0,,7.0,2024-09-05 08:47:58.999999931,PARTIAL,2024-09
2723 Psychologists,90,0.0,,3.0,2024-08-26 04:53:25.000000287,PARTIAL,2024-09
2725 Social Workers,65,11.0,2026-07-08 04:55:23.000000206,0.0,,UNTOUCHED,2024-09
2725 Social Workers,70,18.0,2025-09-09 04:55:10.999999920,0.0,,UNTOUCHED,2024-09
2725 Social Workers,75,21.0,2025-07-07 04:53:12.999999992,3.0,2024-04-05 04:38:08.000000289,PARTIAL,2024-09
2725 Social Workers,80,15.0,2025-08-30 04:59:09.999999833,52.0,2024-09-03 23:56:53.999999894,PARTIAL,2024-09
2725 Social Workers,85,6.0,2025-08-04 04:54:53.000000112,26.0,2024-11-05 04:56:36.999999905,PARTIAL,2024-09
2725 Social Workers,90,0.0,,1.0,2024-08-31 21:27:53.000000066,PARTIAL,2024-09
2725 Social Workers,100,0.0,,1.0,2024-11-05 04:56:36.999999905,PARTIAL,2024-09
3122 Civil Engineering Draftspersons and Technicians,45,1.0,2026-01-17 04:55:39.000000172,0.0,,UNTOUCHED,2024-09
3122 Civil Engineering Draftspersons and Technicians,50,5.0,2025-12-27 04:57:30.999999957,0.0,,UNTOUCHED,2024-09
3122 Civil Engineering Draftspersons and Technicians,55,15.0,2026-03-16 04:55:09.000000079,0.0,,UNTOUCHED,2024-09
3122 Civil Engineering Draftspersons and Technicians,60,29.0,2026-08-21 04:59:33.999999792,0.0,,UNTOUCHED,2024-09
3122 Civil Engineering Draftspersons and Technicians,65,108.0,2026-08-22 04:57:27.000000276,0.0,,UNTOUCHED,2024-09
3122 Civil Engineering Draftspersons and Technicians,70,127.0,2026-08-24 04:55:15.999999827,0.0,,UNTOUCHED,2024-09
3122 Civil Engineering Draftspersons and Technicians,75,101.0,2025-09-10 04:56:33.999999829,97.0,2024-11-05 04:56:36.999999905,PARTIAL,2024-09
3122 Civil Engineering Draftspersons and Technicians,80,66.0,2026-07-21 04:59:38.000000094,195.0,2024-11-05 04:56:36.999999905,PARTIAL,2024-09
3122 Civil Engineering Draftspersons and Technicians,85,9.0,2025-03-16 04:57:05.000000166,51.0,2025-08-27 04:55:13.999999987,CLEARED,2024-09
3122 Civil Engineering Draftspersons and Technicians,90,1.0,2024-09-09 11:41:38.999999745,15.0,2024-09-01 21:01:59.000000154,PARTIAL,2024-09
3122 Civil Engineering Draftspersons and Technicians,95,1.0,2024-09-23 23:52:05.999999836,2.0,2024-08-06 23:16:35.999999808,PARTIAL,2024-09
3123 Electrical Engineering Draftspersons and Technicians,50,1.0,2024-09-29 06:26:08.000000039,0.0,,UNTOUCHED,2024-09
3123 Electrical Engineering Draftspersons and Technicians,60,1.0,2024-09-25 13:15:43.999999810,0.0,,UNTOUCHED,2024-09
3123 Electrical Engineering Draftspersons and Technicians,65,6.0,2025-11-02 05:35:59.000000098,0.0,,UNTOUCHED,2024-09
3123 Electrical Engineering Draftspersons and Technicians,70,7.0,2026-06-13 04:55:23.999999810,0.0,,UNTOUCHED,2024-09
3123 Electrical Engineering Draftspersons and Technicians,75,8.0,2026-06-30 04:59:01.000000245,0.0,,UNTOUCHED,2024-09
3123 Electrical Engineering Draftspersons and Technicians,80,7.0,2026-03-27 04:54:48.000000196,0.0,,UNTOUCHED,2024-09
3123 Electrical Engineering Draftspersons and Technicians,85,9.0,2026-03-08 05:01:02.000000248,0.0,,UNTOUCHED,2024-09
3132 Telecommunications Technical Specialists,50,2.0,2025-02-09 06:14:17.999999399,0.0,,UNTOUCHED,2024-09
3132 Telecommunications Technical Specialists,55,2.0,2024-09-23 14:42:46.000000319,0.0,,UNTOUCHED,2024-09
3132 Telecommunications Technical Specialists,60,7.0,2026-02-15 05:03:43.999999764,0.0,,UNTOUCHED,2024-09
3132 Telecommunications Technical Specialists,65,10.0,2026-08-27 04:59:08.000000001,0.0,,UNTOUCHED,2024-09
3132 Telecommunications Technical Specialists,70,23.0,2026-08-20 04:58:58.999999782,0.0,,UNTOUCHED,2024-09
3132 Telecommunications Technical Specialists,75,7.0,2026-08-17 16:15:56.999999701,0.0,,UNTOUCHED,2024-09
3132 Telecommunications Technical Specialists,80,6.0,2025-10-08 04:54:48.000000196,0.0,,UNTOUCHED,2024-09
3132 Telecommunications Technical Specialists,85,1.0,2025-11-18 04:59:04.999999925,0.0,,UNTOUCHED,2024-09
3211 Automotive Electricians,65,1.0,2025-09-14 05:11:38.000000558,0.0,,UNTOUCHED,2024-09
3211 Automotive Electricians,70,1.0,2024-09-17 05:50:44.000000154,0.0,,UNTOUCHED,2024-09
3212 Motor Mechanics,55,2.0,2025-08-24 05:00:48.999999718,0.0,,UNTOUCHED,2024-09
3212 Motor Mechanics,60,7.0,2025-11-30 04:58:01.000000050,0.0,,UNTOUCHED,2024-09
3212 Motor Mechanics,65,55.0,2026-08-26 04:55:23.000000206,0.0,,UNTOUCHED,2024-09
3212 Motor Mechanics,70,36.0,2026-07-24 05:03:16.000000133,0.0,,UNTOUCHED,2024-09
3212 Motor Mechanics,75,26.0,2026-01-23 04:57:35.000000259,0.0,,UNTOUCHED,2024-09
3212 Motor Mechanics,80,12.0,2026-07-04 05:01:13.000000298,0.0,,UNTOUCHED,2024-09
3212 Motor Mechanics,85,2.0,2025-05-25 05:18:48.999999467,0.0,,UNTOUCHED,2024-09
3212 Motor Mechanics,90,3.0,2026-06-19 04:55:53.000000307,2.0,2024-07-13 04:48:58.000000104,PARTIAL,2024-09
3212 Motor Mechanics,95,0.0,,2.0,2024-08-30 04:51:05.000000250,PARTIAL,2024-09
3223 Structural Steel and Welding Trades Workers,60,4.0,2026-03-13 04:55:45.999999929,0.0,,UNTOUCHED,2024-09
3223 Structural Steel and Welding Trades Workers,65,7.0,2025-04-28 04:55:44.999999693,0.0,,UNTOUCHED,2024-09
3223 Structural Steel and Welding Trades Workers,70,5.0,2026-03-19 04:57:35.999999864,0.0,,UNTOUCHED,2024-09
3223 Structural Steel and Welding Trades Workers,75,6.0,2024-09-20 16:54:35.999999910,1.0,2023-12-02 04:45:58.000000150,PARTIAL,2024-09
3223 Structural Steel and Welding Trades Workers,80,1.0,2024-09-29 18:20:49.999999879,13.0,2024-08-26 19:38:59.999999870,PARTIAL,2024-09
3223 Structural Steel and Welding Trades Workers,85,0.0,,8.0,2024-11-05 04:56:36.999999905,PARTIAL,2024-09
3223 Structural Steel and Welding Trades Workers,90,0.0,,2.0,2024-08-13 04:54:34.000000070,PARTIAL,2024-09
3232 Metal Fitters and Machinists,50,1.0,2025-06-07 04:54:18.999999708,0.0,,UNTOUCHED,2024-09
3232 Metal Fitters and Machinists,55,2.0,2025-05-08 04:55:50.999999836,0.0,,UNTOUCHED,2024-09
3232 Metal Fitters and Machinists,60,3.0,2024-09-26 20:07:48.000000224,0.0,,UNTOUCHED,2024-09
3232 Metal Fitters and Machinists,65,5.0,2026-07-03 04:57:08.000000233,0.0,,UNTOUCHED,2024-09
3232 Metal Fitters and Machinists,75,1.0,2025-07-31 04:54:21.999999775,0.0,,UNTOUCHED,2024-09
3232 Metal Fitters and Machinists,80,1.0,2024-09-24 18:37:21.000000198,0.0,,UNTOUCHED,2024-09
3311 Bricklayers and Stonemasons,65,2.0,2025-08-17 04:56:06.999999803,22.0,2024-09-04 14:26:27.999999899,PARTIAL,2024-09
3311 Bricklayers and Stonemasons,70,2.0,2024-09-30 17:52:53.999999745,4.0,2024-09-02 12:03:11.000000013,PARTIAL,2024-09
3311 Bricklayers and Stonemasons,75,0.0,,2.0,2024-07-20 00:13:38.999999717,PARTIAL,2024-09
3311 Bricklayers and Stonemasons,80,0.0,,2.0,2024-08-13 04:54:34.000000070,PARTIAL,2024-09
3311 Bricklayers and Stonemasons,85,0.0,,1.0,2024-08-22 04:52:14.000000033,PARTIAL,2024-09
3311 Bricklayers and Stonemasons,90,0.0,,2.0,2024-07-15 04:50:33.000000308,PARTIAL,2024-09
3312 Carpenters and Joiners,45,1.0,2024-09-25 22:47:02.000000016,0.0,,UNTOUCHED,2024-09
3312 Carpenters and Joiners,50,1.0,2024-09-27 22:04:11.000000003,0.0,,UNTOUCHED,2024-09
3312 Carpenters and Joiners,55,1.0,2025-03-24 05:00:10.000000036,0.0,,UNTOUCHED,2024-09
3312 Carpenters and Joiners,60,4.0,2026-04-27 04:54:07.000000044,0.0,,UNTOUCHED,2024-09
3312 Carpenters and Joiners,65,28.0,2025-10-21 04:55:41.000000013,113.0,2024-11-05 04:56:36.999999905,PARTIAL,2024-09
3312 Carpenters and Joiners,70,21.0,2024-09-30 14:08:33.000000057,66.0,2025-08-30 04:59:09.999999833,CLEARED,2024-09
3312 Carpenters and Joiners,75,3.0,2024-09-28 13:28:51.000000216,44.0,2024-11-05 04:56:36.999999905,CLEARED,2024-09
3312 Carpenters and Joiners,80,5.0,2025-03-03 05:19:08.000000140,21.0,2024-08-29 12:53:26.000000096,PARTIAL,2024-09
3312 Carpenters and Joiners,85,1.0,2024-09-16 10:27:09.999999861,4.0,2024-07-03 17:40:37.999999945,PARTIAL,2024-09
3322 Painting Trades Workers,60,7.0,2025-11-22 04:56:08.000000039,0.0,,UNTOUCHED,2024-09
3322 Painting Trades Workers,65,22.0,2026-07-15 05:00:49.999999953,97.0,2024-09-04 20:06:03.000000196,PARTIAL,2024-09
3322 Painting Trades Workers,70,9.0,2025-04-12 04:54:45.000000129,64.0,2024-09-03 05:45:49.999999953,PARTIAL,2024-09
3322 Painting Trades Workers,75,5.0,2024-10-05 04:58:56.999999942,34.0,2024-09-01 05:45:05.000000120,PARTIAL,2024-09
3322 Painting Trades Workers,80,0.0,,15.0,2024-08-16 15:51:12.999999816,PARTIAL,2024-09
3322 Painting Trades Workers,85,1.0,2024-09-27 15:11:05.000000176,2.0,2024-08-13 04:54:34.000000070,PARTIAL,2024-09
3322 Painting Trades Workers,90,1.0,2024-09-05 10:58:58.000000177,2.0,2024-07-29 10:53:11.000000152,PARTIAL,2024-09
3331 Glaziers,65,0.0,,1.0,2024-08-29 05:24:47.999999779,PARTIAL,2024-09
3331 Glaziers,70,0.0,,2.0,2024-08-29 05:24:47.999999779,PARTIAL,2024-09
3332 Plasterers,65,1.0,2025-10-21 04:55:41.000000013,5.0,2024-09-04 10:19:13.999999866,PARTIAL,2024-09
3332 Plasterers,75,1.0,2025-03-07 04:55:58.999999820,0.0,,UNTOUCHED,2024-09
3334 Wall and Floor Tilers,65,4.0,2025-03-30 05:29:24.999999777,12.0,2024-08-14 21:40:27.000000304,PARTIAL,2024-09
3334 Wall and Floor Tilers,70,1.0,2024-09-05 15:01:49.999999935,17.0,2024-08-28 13:26:41.000000003,PARTIAL,2024-09
3334 Wall and Floor Tilers,75,0.0,,3.0,2024-08-19 16:22:42.999999686,PARTIAL,2024-09
3334 Wall and Floor Tilers,80,1.0,2024-09-05 18:13:58.999999987,2.0,2024-07-22 13:31:51.000000170,PARTIAL,2024-09
3341 Plumbers,65,3.0,2025-05-01 04:56:11.999999719,14.0,2024-11-05 04:56:36.999999905,PARTIAL,2024-09
3341 Plumbers,70,1.0,2025-01-10 04:59:04.999999925,6.0,2024-08-26 23:05:52.000000137,PARTIAL,2024-09
3341 Plumbers,75,0.0,,4.0,2024-08-09 02:33:34.000000153,PARTIAL,2024-09
3341 Plumbers,80,0.0,,2.0,2024-05-22 04:47:45.000000018,PARTIAL,2024-09
3341 Plumbers,90,1.0,2025-07-30 04:54:07.000000044,0.0,,UNTOUCHED,2024-09
3411 Electricians,50,1.0,2025-11-22 04:56:08.000000039,0.0,,UNTOUCHED,2024-09
3411 Electricians,60,1.0,2026-05-06 04:57:21.999999738,0.0,,UNTOUCHED,2024-09
3411 Electricians,65,6.0,2025-10-25 04:55:10.999999920,25.0,2024-11-05 04:56:36.999999905,PARTIAL,2024-09
3411 Electricians,70,0.0,,16.0,2024-11-07 04:58:15.000000185,PARTIAL,2024-09
3411 Electricians,75,4.0,2025-06-25 04:52:17.000000100,9.0,2024-08-30 19:47:11.000000235,PARTIAL,2024-09
3411 Electricians,80,0.0,,3.0,2024-08-13 04:54:34.000000070,PARTIAL,2024-09
3411 Electricians,100,1.0,2025-05-30 04:54:34.000000070,0.0,,UNTOUCHED,2024-09
3421 Airconditioning and Refrigeration Mechanics,75,2.0,2025-10-29 04:54:48.999999801,0.0,,UNTOUCHED,2024-09
3421 Airconditioning and Refrigeration Mechanics,80,1.0,2026-08-04 04:59:14.000000144,0.0,,UNTOUCHED,2024-09
3423 Electronics Trades Workers,60,1.0,2024-09-08 19:06:11.999999998,0.0,,UNTOUCHED,2024-09
3423 Electronics Trades Workers,65,3.0,2025-08-06 04:54:37.000000137,0.0,,UNTOUCHED,2024-09
3423 Electronics Trades Workers,70,6.0,2026-08-30 05:07:51.000000300,0.0,,UNTOUCHED,2024-09
3423 Electronics Trades Workers,75,2.0,2026-08-25 04:57:32.999999797,0.0,,UNTOUCHED,2024-09
3513 Chefs,50,2.0,2026-01-12 04:57:43.999999848,0.0,,UNTOUCHED,2024-09
3513 Chefs,55,12.0,2026-08-30 05:07:51.000000300,0.0,,UNTOUCHED,2024-09
3513 Chefs,60,23.0,2026-06-19 04:55:53.000000307,0.0,,UNTOUCHED,2024-09
3513 Chefs,65,163.0,2026-08-25 04:57:32.999999797,0.0,,UNTOUCHED,2024-09
3513 Chefs,70,119.0,2026-07-26 05:06:30.000000222,0.0,,UNTOUCHED,2024-09
3513 Chefs,75,90.0,2026-08-13 04:57:24.999999805,0.0,,UNTOUCHED,2024-09
3513 Chefs,80,43.0,2026-05-30 04:56:19.999999703,0.0,,UNTOUCHED,2024-09
3513 Chefs,85,16.0,2025-11-18 04:59:04.999999925,0.0,,UNTOUCHED,2024-09
3513 Chefs,90,8.0,2024-09-28 23:59:10.999999864,1.0,2024-02-02 05:29:48.000000131,PARTIAL,2024-09
3513 Chefs,95,1.0,2024-09-23 16:22:48.999999829,3.0,2024-08-13 19:32:29.000000256,PARTIAL,2024-09
3513 Chefs,100,1.0,2024-09-30 10:26:31.999999784,0.0,,UNTOUCHED,2024-09
3941 Cabinetmakers,50,1.0,2025-06-28 04:57:43.999999848,0.0,,UNTOUCHED,2024-09
3941 Cabinetmakers,65,1.0,2025-12-29 04:55:31.999999794,7.0,2024-09-03 17:34:04.000000247,PARTIAL,2024-09
3941 Cabinetmakers,70,0.0,,4.0,2024-08-13 04:54:34.000000070,PARTIAL,2024-09
3941 Cabinetmakers,75,0.0,,3.0,2024-08-13 04:54:34.000000070,PARTIAL,2024-09
3941 Cabinetmakers,80,0.0,,2.0,2024-07-29 20:46:50.000000148,PARTIAL,2024-09
3941 Cabinetmakers,85,0.0,,3.0,2024-11-05 04:56:36.999999905,PARTIAL,2024-09
3991 Boat Builders and Shipwrights,75,1.0,2025-08-28 04:57:48.000000159,0.0,,UNTOUCHED,2024-09
3991 Boat Builders and Shipwrights,105,0.0,,1.0,2024-08-13 04:54:34.000000070,PARTIAL,2024-09
"4523 Sports Coaches, Instructors and Officials",65,1.0,2024-09-30 17:35:54.999999795,0.0,,UNTOUCHED,2024-09
1331 Construction Managers,50,3.0,2025-09-11 04:54:13.000000187,0.0,,UNTOUCHED,2024-11
1331 Construction Managers,55,5.0,2026-05-25 05:00:53.000000029,0.0,,UNTOUCHED,2024-11
1331 Construction Managers,60,8.0,2026-04-25 04:55:10.000000315,0.0,,UNTOUCHED,2024-11
1331 Construction Managers,65,64.0,2026-07-13 04:58:58.000000177,0.0,,UNTOUCHED,2024-11
1331 Construction Managers,70,37.0,2026-08-04 04:59:14.000000144,36.0,2025-03-03 05:19:08.000000140,PARTIAL,2024-11
1331 Construction Managers,75,59.0,2026-04-19 04:57:56.999999747,254.0,2026-04-19 04:57:56.999999747,CLEARED,2024-11
1331 Construction Managers,80,29.0,2026-03-23 04:57:16.000000217,90.0,2026-03-23 04:57:16.000000217,CLEARED,2024-11
1331 Construction Managers,85,17.0,2025-03-23 04:56:52.000000267,30.0,2025-03-23 04:56:52.000000267,CLEARED,2024-11
1331 Construction Managers,100,0.0,,1.0,2024-07-26 17:57:30.000000139,PARTIAL,2024-11
1332 Engineering Managers,55,1.0,2024-10-07 23:35:05.000000055,0.0,,UNTOUCHED,2024-11
1332 Engineering Managers,60,4.0,2026-03-30 04:56:06.999999803,0.0,,UNTOUCHED,2024-11
1332 Engineering Managers,65,15.0,2026-08-24 04:55:15.999999827,0.0,,UNTOUCHED,2024-11
1332 Engineering Managers,70,6.0,2026-07-19 05:21:30.000000018,0.0,,UNTOUCHED,2024-11
1332 Engineering Managers,75,10.0,2026-07-20 04:55:50.999999836,0.0,,UNTOUCHED,2024-11
1332 Engineering Managers,80,4.0,2026-08-06 04:55:26.999999886,0.0,,UNTOUCHED,2024-11
1332 Engineering Managers,85,1.0,2024-10-31 00:27:19.000000293,0.0,,UNTOUCHED,2024-11
1332 Engineering Managers,90,0.0,,1.0,2025-08-06 04:54:37.000000137,PARTIAL,2024-11
1341 Child Care Centre Managers,65,2.0,2025-09-25 04:55:09.000000079,0.0,,UNTOUCHED,2024-11
1341 Child Care Centre Managers,70,1.0,2024-10-04 04:55:17.000000063,0.0,,UNTOUCHED,2024-11
1341 Child Care Centre Managers,75,0.0,,1.0,2025-06-12 04:54:15.000000027,PARTIAL,2024-11
1342 Health and Welfare Services Managers,65,4.0,2026-06-05 04:55:23.999999810,0.0,,UNTOUCHED,2024-11
1342 Health and Welfare Services Managers,70,1.0,2024-10-12 05:28:11.999999691,0.0,,UNTOUCHED,2024-11
1342 Health and Welfare Services Managers,75,1.0,2024-10-03 19:03:31.000000078,0.0,,UNTOUCHED,2024-11
1342 Health and Welfare Services Managers,85,2.0,2024-11-08 04:55:28.999999727,0.0,,UNTOUCHED,2024-11
1399 Other Specialist Managers,65,4.0,2025-09-16 04:54:35.999999910,0.0,,UNTOUCHED,2024-11
1399 Other Specialist Managers,70,1.0,2025-07-05 04:53:57.000000220,0.0,,UNTOUCHED,2024-11
1399 Other Specialist Managers,75,7.0,2026-08-19 04:55:55.999999752,0.0,,UNTOUCHED,2024-11
1399 Other Specialist Managers,80,5.0,2026-02-23 04:56:51.000000031,0.0,,UNTOUCHED,2024-11
1399 Other Specialist Managers,90,1.0,2025-01-07 05:03:06.000000310,3.0,2025-01-07 05:03:06.000000310,CLEARED,2024-11
1399 Other Specialist Managers,95,3.0,2024-09-24 04:52:50.000000278,3.0,2024-09-24 04:52:50.000000278,CLEARED,2024-11
"2111 Actors, Dancers and Other Entertainers",75,1.0,2025-04-01 05:21:53.999999968,0.0,,UNTOUCHED,2024-11
"2111 Actors, Dancers and Other Entertainers",90,0.0,,1.0,2024-05-26 04:45:39.000000107,PARTIAL,2024-11
2112 Music Professionals,70,1.0,2024-08-27 04:52:37.999999983,0.0,,UNTOUCHED,2024-11
2112 Music Professionals,75,1.0,2024-12-20 06:05:35.999999966,0.0,,UNTOUCHED,2024-11
2112 Music Professionals,90,0.0,,1.0,2024-06-21 04:47:14.999999916,PARTIAL,2024-11
"2121 Artistic Directors, and Media Producers and Presenters",80,1.0,2025-02-24 06:14:27.000000248,0.0,,UNTOUCHED,2024-11
2211 Accountants,45,1.0,2025-11-10 04:55:12.999999751,0.0,,UNTOUCHED,2024-11
2211 Accountants,55,7.0,2025-08-04 04:54:53.000000112,0.0,,UNTOUCHED,2024-11
2211 Accountants,60,23.0,2026-07-25 05:03:03.000000242,0.0,,UNTOUCHED,2024-11
2211 Accountants,65,138.0,2026-08-17 04:55:06.000000003,0.0,,UNTOUCHED,2024-11
2211 Accountants,70,209.0,2026-08-28 04:55:18.999999903,0.0,,UNTOUCHED,2024-11
2211 Accountants,75,201.0,2026-09-02 05:00:32.000000146,0.0,,UNTOUCHED,2024-11
2211 Accountants,80,186.0,2026-07-20 04:55:50.999999836,0.0,,UNTOUCHED,2024-11
2211 Accountants,85,158.0,2026-09-02 05:00:32.000000146,4.0,2024-09-16 04:51:43.999999931,PARTIAL,2024-11
2211 Accountants,90,128.0,2026-07-03 04:57:08.000000233,111.0,2026-08-06 04:55:26.999999886,CLEARED,2024-11
2211 Accountants,95,48.0,2026-05-12 04:54:29.000000154,298.0,2026-05-12 04:54:29.000000154,CLEARED,2024-11
2211 Accountants,100,15.0,2026-08-28 04:55:18.999999903,37.0,2026-08-28 04:55:18.999999903,CLEARED,2024-11
"2212 Auditors, Company Secretaries and Corporate Treasurers",45,1.0,2025-09-07 05:04:34.999999740,0.0,,UNTOUCHED,2024-11
"2212 Auditors, Company Secretaries and Corporate Treasurers",55,1.0,2024-09-07 15:17:48.999999690,0.0,,UNTOUCHED,2024-11
"2212 Auditors, Company Secretaries and Corporate Treasurers",60,9.0,2026-03-02 05:00:43.000000205,0.0,,UNTOUCHED,2024-11
"2212 Auditors, Company Secretaries and Corporate Treasurers",65,54.0,2026-08-09 05:00:56.999999701,0.0,,UNTOUCHED,2024-11
"2212 Auditors, Company Secretaries and Corporate Treasurers",70,98.0,2026-08-22 04:57:27.000000276,0.0,,UNTOUCHED,2024-11
"2212 Auditors, Company Secretaries and Corporate Treasurers",75,87.0,2026-09-02 05:00:32.000000146,0.0,,UNTOUCHED,2024-11
"2212 Auditors, Company Secretaries and Corporate Treasurers",80,78.0,2026-08-01 05:01:39.999999694,0.0,,UNTOUCHED,2024-11
"2212 Auditors, Company Secretaries and Corporate Treasurers",85,95.0,2026-08-25 04:57:32.999999797,34.0,2024-11-01 04:55:25.000000046,PARTIAL,2024-11
"2212 Auditors, Company Secretaries and Corporate Treasurers",90,39.0,2026-06-11 04:57:27.000000276,290.0,2026-08-06 04:55:26.999999886,CLEARED,2024-11
"2212 Auditors, Company Secretaries and Corporate Treasurers",95,6.0,2025-10-12 05:02:30.000000073,15.0,2025-10-28 04:58:58.000000177,CLEARED,2024-11
"2241 Actuaries, Mathematicians and Statisticians",65,10.0,2025-12-01 04:55:02.999999936,0.0,,UNTOUCHED,2024-11
"2241 Actuaries, Mathematicians and Statisticians",70,15.0,2026-03-21 04:55:28.000000122,0.0,,UNTOUCHED,2024-11
"2241 Actuaries, Mathematicians and Statisticians",75,16.0,2026-04-08 04:54:18.000000103,0.0,,UNTOUCHED,2024-11
"2241 Actuaries, Mathematicians and Statisticians",80,23.0,2026-06-04 04:55:44.999999693,0.0,,UNTOUCHED,2024-11
"2241 Actuaries, Mathematicians and Statisticians",85,27.0,2026-06-10 04:54:56.000000180,1.0,2024-07-26 05:21:47.000000211,PARTIAL,2024-11
"2241 Actuaries, Mathematicians and Statisticians",90,13.0,2025-03-06 04:56:22.000000165,66.0,2025-05-22 04:54:11.999999952,CLEARED,2024-11
"2241 Actuaries, Mathematicians and Statisticians",95,4.0,2024-10-09 06:03:52.000000165,5.0,2024-11-05 04:56:36.999999905,CLEARED,2024-11
2243 Economists,60,3.0,2025-08-27 04:55:13.999999987,0.0,,UNTOUCHED,2024-11
2243 Economists,65,1.0,2026-05-30 04:56:19.999999703,0.0,,UNTOUCHED,2024-11
2243 Economists,70,4.0,2026-03-10 04:56:22.999999778,0.0,,UNTOUCHED,2024-11
2243 Economists,75,4.0,2025-10-25 04:55:10.999999920,0.0,,UNTOUCHED,2024-11
2243 Economists,80,3.0,2025-11-26 04:56:55.999999947,0.0,,UNTOUCHED,2024-11
2243 Economists,85,2.0,2024-08-12 04:51:21.000000216,0.0,,UNTOUCHED,2024-11
2243 Economists,90,4.0,2024-10-22 17:31:17.000000184,11.0,2024-10-22 17:31:17.000000184,CLEARED,2024-11
2245 Land Economists and Valuers,60,1.0,2025-12-25 04:56:09.999999879,0.0,,UNTOUCHED,2024-11
2245 Land Economists and Valuers,65,3.0,2025-12-15 04:57:30.999999957,0.0,,UNTOUCHED,2024-11
2245 Land Economists and Valuers,70,1.0,2024-12-15 06:33:21.000000049,0.0,,UNTOUCHED,2024-11
2245 Land Economists and Valuers,75,8.0,2025-07-02 05:20:51.999999933,0.0,,UNTOUCHED,2024-11
2245 Land Economists and Valuers,80,3.0,2026-04-25 04:55:10.000000315,0.0,,UNTOUCHED,2024-11
2245 Land Economists and Valuers,85,6.0,2025-10-24 04:54:40.000000213,0.0,,UNTOUCHED,2024-11
2245 Land Economists and Valuers,90,0.0,,2.0,2024-07-29 14:36:34.000000107,PARTIAL,2024-11
2245 Land Economists and Valuers,95,0.0,,1.0,2024-09-14 04:51:40.000000259,PARTIAL,2024-11
2247 Management and Organisation Analysts,65,5.0,2025-12-06 04:58:34.999999824,0.0,,UNTOUCHED,2024-11
2247 Management and Organisation Analysts,70,5.0,2025-08-05 04:55:15.999999827,0.0,,UNTOUCHED,2024-11
2247 Management and Organisation Analysts,75,18.0,2026-03-09 04:56:41.000000208,0.0,,UNTOUCHED,2024-11
2247 Management and Organisation Analysts,80,11.0,2025-09-17 04:54:54.999999944,0.0,,UNTOUCHED,2024-11
2247 Management and Organisation Analysts,85,18.0,2026-01-13 04:57:53.000000066,1.0,2024-10-09 06:03:52.000000165,PARTIAL,2024-11
2247 Management and Organisation Analysts,90,10.0,2025-06-17 04:53:32.000000035,28.0,2025-06-17 04:53:32.000000035,CLEARED,2024-11
2247 Management and Organisation Analysts,95,2.0,2024-10-23 20:45:21.000000087,4.0,2024-11-03 05:08:50.999999864,CLEARED,2024-11
2321 Architects and Landscape Architects,60,6.0,2026-07-03 04:57:08.000000233,0.0,,UNTOUCHED,2024-11
2321 Architects and Landscape Architects,65,22.0,2026-06-30 04:59:01.000000245,0.0,,UNTOUCHED,2024-11
2321 Architects and Landscape Architects,70,36.0,2026-08-28 04:55:18.999999903,24.0,2025-02-14 05:00:18.000000020,PARTIAL,2024-11
2321 Architects and Landscape Architects,75,49.0,2026-08-30 05:07:51.000000300,143.0,2026-08-30 05:07:51.000000300,CLEARED,2024-11
2321 Architects and Landscape Architects,80,31.0,2026-04-10 04:55:34.000000265,70.0,2026-04-10 04:55:34.000000265,CLEARED,2024-11
2321 Architects and Landscape Architects,85,16.0,2025-09-29 04:54:13.999999792,26.0,2025-09-29 04:54:13.999999792,CLEARED,2024-11
2321 Architects and Landscape Architects,90,2.0,2024-10-16 22:41:59.999999832,6.0,2024-11-05 04:56:36.999999905,CLEARED,2024-11
2321 Architects and Landscape Architects,95,1.0,2024-09-11 20:40:31.999999794,1.0,2024-09-11 20:40:31.999999794,CLEARED,2024-11
2321 Architects and Landscape Architects,105,0.0,,1.0,2024-08-23 07:11:01.000000291,PARTIAL,2024-11
2322 Cartographers and Surveyors,60,1.0,2024-10-22 13:34:54.999999805,0.0,,UNTOUCHED,2024-11
2322 Cartographers and Surveyors,65,9.0,2026-07-10 04:55:47.999999769,0.0,,UNTOUCHED,2024-11
2322 Cartographers and Surveyors,70,4.0,2025-07-11 04:53:35.999999715,0.0,,UNTOUCHED,2024-11
2322 Cartographers and Surveyors,75,12.0,2026-07-01 04:59:06.999999766,0.0,,UNTOUCHED,2024-11
2322 Cartographers and Surveyors,80,10.0,2025-09-09 04:55:10.999999920,0.0,,UNTOUCHED,2024-11
2322 Cartographers and Surveyors,85,3.0,2025-05-15 04:54:56.999999784,0.0,,UNTOUCHED,2024-11
2322 Cartographers and Surveyors,90,3.0,2024-10-22 15:47:42.999999751,17.0,2024-11-01 04:55:25.000000046,CLEARED,2024-11
2322 Cartographers and Surveyors,95,1.0,2024-10-22 13:48:23.000000094,1.0,2024-10-22 13:48:23.000000094,CLEARED,2024-11
2331 Chemical and Materials Engineers,45,1.0,2025-06-27 04:54:50.000000037,0.0,,UNTOUCHED,2024-11
2331 Chemical and Materials Engineers,55,1.0,2024-09-16 04:51:43.999999931,0.0,,UNTOUCHED,2024-11
2331 Chemical and Materials Engineers,60,5.0,2026-06-16 04:55:07.999999844,0.0,,UNTOUCHED,2024-11
2331 Chemical and Materials Engineers,65,25.0,2026-08-30 05:07:51.000000300,0.0,,UNTOUCHED,2024-11
2331 Chemical and Materials Engineers,70,39.0,2026-07-02 04:56:52.999999872,0.0,,UNTOUCHED,2024-11
2331 Chemical and Materials Engineers,75,32.0,2026-09-02 05:00:32.000000146,0.0,,UNTOUCHED,2024-11
2331 Chemical and Materials Engineers,80,44.0,2026-07-27 05:01:28.000000038,0.0,,UNTOUCHED,2024-11
2331 Chemical and Materials Engineers,85,22.0,2025-11-05 04:55:42.000000248,5.0,2024-08-06 04:52:58.999999866,PARTIAL,2024-11
2331 Chemical and Materials Engineers,90,12.0,2025-01-18 04:58:34.000000219,57.0,2025-05-14 04:54:43.000000289,CLEARED,2024-11
2331 Chemical and Materials Engineers,95,8.0,2024-10-27 05:37:57.000000025,11.0,2024-10-27 05:37:57.000000025,CLEARED,2024-11
2331 Chemical and Materials Engineers,100,1.0,2024-09-20 13:34:06.000000300,3.0,2024-11-05 04:56:36.999999905,CLEARED,2024-11
2332 Civil Engineering Professionals,45,1.0,2026-01-03 04:57:06.999999998,0.0,,UNTOUCHED,2024-11
2332 Civil Engineering Professionals,50,5.0,2026-05-01 05:10:19.999999925,0.0,,UNTOUCHED,2024-11
2332 Civil Engineering Professionals,55,15.0,2026-08-02 05:01:45.000000240,0.0,,UNTOUCHED,2024-11
2332 Civil Engineering Professionals,60,33.0,2026-08-05 04:57:06.999999998,0.0,,UNTOUCHED,2024-11
2332 Civil Engineering Professionals,65,176.0,2026-08-27 04:59:08.000000001,0.0,,UNTOUCHED,2024-11
2332 Civil Engineering Professionals,70,219.0,2026-08-26 04:55:23.000000206,29.0,2025-01-07 05:03:06.000000310,PARTIAL,2024-11
2332 Civil Engineering Professionals,75,259.0,2026-08-24 04:55:15.999999827,164.0,2026-08-24 04:55:15.999999827,CLEARED,2024-11
2332 Civil Engineering Professionals,80,213.0,2026-08-13 04:57:24.999999805,90.0,2026-06-30 04:59:01.000000245,PARTIAL,2024-11
2332 Civil Engineering Professionals,85,128.0,2026-08-20 04:58:58.999999782,48.0,2025-11-11 16:20:12.999999825,PARTIAL,2024-11
2332 Civil Engineering Professionals,90,61.0,2026-07-11 04:55:42.999999853,269.0,2026-07-11 04:55:42.999999853,CLEARED,2024-11
2332 Civil Engineering Professionals,95,8.0,2024-10-29 23:56:34.000000247,20.0,2025-01-07 05:03:06.000000310,CLEARED,2024-11
2332 Civil Engineering Professionals,100,0.0,,1.0,2024-11-05 04:56:36.999999905,PARTIAL,2024-11
2332 Civil Engineering Professionals,105,0.0,,1.0,2024-08-03 21:57:04.999999740,PARTIAL,2024-11
2333 Electrical Engineers,50,2.0,2025-09-11 04:54:13.000000187,0.0,,UNTOUCHED,2024-11
2333 Electrical Engineers,55,8.0,2026-04-21 04:57:11.999999914,0.0,,UNTOUCHED,2024-11
2333 Electrical Engineers,60,16.0,2026-06-22 04:54:35.999999910,0.0,,UNTOUCHED,2024-11
2333 Electrical Engineers,65,78.0,2026-08-22 04:57:27.000000276,0.0,,UNTOUCHED,2024-11
2333 Electrical Engineers,70,74.0,2026-08-06 04:55:26.999999886,0.0,,UNTOUCHED,2024-11
2333 Electrical Engineers,75,81.0,2026-08-12 05:05:07.000000313,0.0,,UNTOUCHED,2024-11
2333 Electrical Engineers,80,82.0,2026-07-18 05:00:43.999999810,0.0,,UNTOUCHED,2024-11
2333 Electrical Engineers,85,40.0,2026-05-30 04:56:19.999999703,6.0,2024-08-18 05:20:12.000000007,PARTIAL,2024-11
2333 Electrical Engineers,90,15.0,2025-10-22 04:55:15.000000222,117.0,2026-01-24 04:57:40.999999780,CLEARED,2024-11
2333 Electrical Engineers,95,6.0,2024-10-25 04:54:59.000000256,10.0,2024-11-03 05:08:50.999999864,CLEARED,2024-11
2334 Electronics Engineers,50,1.0,2024-09-06 00:30:27.999999843,0.0,,UNTOUCHED,2024-11
2334 Electronics Engineers,55,8.0,2026-07-28 05:01:53.999999829,0.0,,UNTOUCHED,2024-11
2334 Electronics Engineers,60,11.0,2026-07-19 05:21:30.000000018,0.0,,UNTOUCHED,2024-11
2334 Electronics Engineers,65,52.0,2026-08-03 04:59:30.000000111,0.0,,UNTOUCHED,2024-11
2334 Electronics Engineers,70,49.0,2026-07-16 04:59:44.000000237,0.0,,UNTOUCHED,2024-11
2334 Electronics Engineers,75,54.0,2026-06-27 05:03:56.000000059,0.0,,UNTOUCHED,2024-11
2334 Electronics Engineers,80,53.0,2026-07-19 05:21:30.000000018,0.0,,UNTOUCHED,2024-11
2334 Electronics Engineers,85,48.0,2026-08-14 04:55:58.999999820,8.0,2024-10-28 04:58:28.999999680,PARTIAL,2024-11
2334 Electronics Engineers,90,17.0,2026-02-23 04:56:51.000000031,77.0,2026-02-23 04:56:51.000000031,CLEARED,2024-11
2334 Electronics Engineers,95,9.0,2025-05-29 04:54:08.000000280,12.0,2025-05-29 04:54:08.000000280,CLEARED,2024-11
2334 Electronics Engineers,100,2.0,2025-06-16 04:53:40.000000018,2.0,2025-06-16 04:53:40.000000018,CLEARED,2024-11
"2335 Industrial, Mechanical and Production Engineers",40,1.0,2026-08-23 05:01:10.000000231,0.0,,UNTOUCHED,2024-11
"2335 Industrial, Mechanical and Production Engineers",50,2.0,2025-12-28 04:58:13.000000344,0.0,,UNTOUCHED,2024-11
"2335 Industrial, Mechanical and Production Engineers",55,16.0,2026-03-05 04:56:11.000000114,0.0,,UNTOUCHED,2024-11
"2335 Industrial, Mechanical and Production Engineers",60,27.0,2026-07-12 05:07:29.000000182,0.0,,UNTOUCHED,2024-11
"2335 Industrial, Mechanical and Production Engineers",65,151.0,2026-08-28 04:55:18.999999903,0.0,,UNTOUCHED,2024-11
"2335 Industrial, Mechanical and Production Engineers",70,168.0,2026-08-25 04:57:32.999999797,0.0,,UNTOUCHED,2024-11
"2335 Industrial, Mechanical and Production Engineers",75,206.0,2026-08-20 04:58:58.999999782,0.0,,UNTOUCHED,2024-11
"2335 Industrial, Mechanical and Production Engineers",80,133.0,2026-07-20 04:55:50.999999836,0.0,,UNTOUCHED,2024-11
"2335 Industrial, Mechanical and Production Engineers",85,112.0,2026-08-25 04:57:32.999999797,23.0,2024-11-07 04:58:15.000000185,PARTIAL,2024-11
"2335 Industrial, Mechanical and Production Engineers",90,66.0,2026-05-20 04:54:34.000000070,327.0,2026-08-12 05:05:07.000000313,CLEARED,2024-11
"2335 Industrial, Mechanical and Production Engineers",95,15.0,2025-12-16 04:56:14.000000182,28.0,2025-12-16 04:56:14.000000182,CLEARED,2024-11
"2335 Industrial, Mechanical and Production Engineers",100,2.0,2025-06-28 04:57:43.999999848,2.0,2025-06-28 04:57:43.999999848,CLEARED,2024-11
2336 Mining Engineers,40,1.0,2026-04-17 04:58:23.999999773,0.0,,UNTOUCHED,2024-11
2336 Mining Engineers,55,1.0,2025-12-02 04:54:56.999999784,0.0,,UNTOUCHED,2024-11
2336 Mining Engineers,60,2.0,2025-07-30 04:54:07.000000044,0.0,,UNTOUCHED,2024-11
2336 Mining Engineers,65,17.0,2026-08-11 05:03:38.000000252,0.0,,UNTOUCHED,2024-11
2336 Mining Engineers,70,13.0,2026-05-14 04:54:32.999999834,0.0,,UNTOUCHED,2024-11
2336 Mining Engineers,75,9.0,2026-06-18 04:55:59.999999424,0.0,,UNTOUCHED,2024-11
2336 Mining Engineers,80,8.0,2026-01-25 04:54:46.999999961,0.0,,UNTOUCHED,2024-11
2336 Mining Engineers,85,6.0,2025-07-13 05:15:55.000000287,2.0,2024-08-03 04:51:53.999999755,PARTIAL,2024-11
2336 Mining Engineers,90,5.0,2024-10-29 04:58:23.000000168,23.0,2025-05-18 04:55:51.999999441,CLEARED,2024-11
2336 Mining Engineers,95,1.0,2024-10-20 09:45:35.000000009,2.0,2024-10-26 04:58:53.000000261,CLEARED,2024-11
2336 Mining Engineers,105,0.0,,1.0,2024-09-01 05:45:05.000000120,PARTIAL,2024-11
2339 Other Engineering Professionals,50,3.0,2026-07-19 05:21:30.000000018,0.0,,UNTOUCHED,2024-11
2339 Other Engineering Professionals,55,7.0,2026-02-10 05:00:56.000000096,0.0,,UNTOUCHED,2024-11
2339 Other Engineering Professionals,60,23.0,2026-05-19 04:54:53.999999717,0.0,,UNTOUCHED,2024-11
2339 Other Engineering Professionals,65,115.0,2026-08-28 04:55:18.999999903,0.0,,UNTOUCHED,2024-11
2339 Other Engineering Professionals,70,141.0,2026-08-08 04:56:11.999999719,0.0,,UNTOUCHED,2024-11
2339 Other Engineering Professionals,75,148.0,2026-08-31 05:04:37.000000211,0.0,,UNTOUCHED,2024-11
2339 Other Engineering Professionals,80,134.0,2026-08-29 05:03:29.000000033,0.0,,UNTOUCHED,2024-11
2339 Other Engineering Professionals,85,126.0,2026-08-25 04:57:32.999999797,19.0,2024-10-08 04:58:31.000000152,PARTIAL,2024-11
2339 Other Engineering Professionals,90,57.0,2026-03-28 04:57:05.000000166,236.0,2026-03-28 04:57:05.000000166,CLEARED,2024-11
2339 Other Engineering Professionals,95,2.0,2026-06-02 04:55:07.000000239,12.0,2026-06-02 04:55:07.000000239,CLEARED,2024-11
2339 Other Engineering Professionals,100,1.0,2024-10-25 13:10:36.999999710,3.0,2024-11-05 20:27:23.999999783,CLEARED,2024-11
2339 Other Engineering Professionals,105,0.0,,1.0,2024-11-05 04:56:36.999999905,PARTIAL,2024-11
2341 Agricultural and Forestry Scientists,50,1.0,2024-09-19 03:02:47.000000063,0.0,,UNTOUCHED,2024-11
2341 Agricultural and Forestry Scientists,60,4.0,2026-04-15 04:56:52.000000267,0.0,,UNTOUCHED,2024-11
2341 Agricultural and Forestry Scientists,65,24.0,2026-07-14 05:00:54.999999861,0.0,,UNTOUCHED,2024-11
2341 Agricultural and Forestry Scientists,70,20.0,2026-08-17 04:55:06.000000003,0.0,,UNTOUCHED,2024-11
2341 Agricultural and Forestry Scientists,75,11.0,2026-06-25 05:01:32.999999946,0.0,,UNTOUCHED,2024-11
2341 Agricultural and Forestry Scientists,80,11.0,2025-11-05 04:55:42.000000248,0.0,,UNTOUCHED,2024-11
2341 Agricultural and Forestry Scientists,85,6.0,2025-09-22 05:03:35.999999781,2.0,2024-09-13 04:52:31.000000235,PARTIAL,2024-11
2341 Agricultural and Forestry Scientists,90,4.0,2024-10-08 14:18:47.999999862,23.0,2025-02-11 04:59:49.000000153,CLEARED,2024-11
2341 Agricultural and Forestry Scientists,95,5.0,2025-02-11 04:59:49.000000153,5.0,2025-02-11 04:59:49.000000153,CLEARED,2024-11
2341 Agricultural and Forestry Scientists,100,2.0,2025-02-25 04:56:47.999999964,2.0,2025-02-25 04:56:47.999999964,CLEARED,2024-11
2341 Agricultural and Forestry Scientists,105,1.0,2024-10-01 05:46:26.000000198,1.0,2024-10-01 05:46:26.000000198,CLEARED,2024-11
"2342 Chemists, and Food and Wine Scientists",55,2.0,2025-05-15 04:54:56.999999784,0.0,,UNTOUCHED,2024-11
"2342 Chemists, and Food and Wine Scientists",60,7.0,2025-01-13 04:58:53.999999866,0.0,,UNTOUCHED,2024-11
"2342 Chemists, and Food and Wine Scientists",65,32.0,2026-04-12 05:07:00.999999929,0.0,,UNTOUCHED,2024-11
"2342 Chemists, and Food and Wine Scientists",70,29.0,2026-06-27 05:03:56.000000059,0.0,,UNTOUCHED,2024-11
"2342 Chemists, and Food and Wine Scientists",75,25.0,2026-06-24 05:03:57.000000294,0.0,,UNTOUCHED,2024-11
"2342 Chemists, and Food and Wine Scientists",80,16.0,2026-08-23 05:01:10.000000231,0.0,,UNTOUCHED,2024-11
"2342 Chemists, and Food and Wine Scientists",85,19.0,2026-01-13 04:57:53.000000066,0.0,,UNTOUCHED,2024-11
"2342 Chemists, and Food and Wine Scientists",90,10.0,2025-06-03 04:54:43.000000289,27.0,2025-06-03 04:54:43.000000289,CLEARED,2024-11
"2342 Chemists, and Food and Wine Scientists",100,1.0,2025-02-03 04:57:21.999999738,1.0,2025-02-03 04:57:21.999999738,CLEARED,2024-11
2343 Environmental Scientists,45,1.0,2025-11-10 04:55:12.999999751,0.0,,UNTOUCHED,2024-11
2343 Environmental Scientists,65,10.0,2026-02-17 04:54:03.999999968,0.0,,UNTOUCHED,2024-11
2343 Environmental Scientists,70,13.0,2026-08-03 04:59:30.000000111,0.0,,UNTOUCHED,2024-11
2343 Environmental Scientists,75,12.0,2026-05-05 05:01:29.000000265,0.0,,UNTOUCHED,2024-11
2343 Environmental Scientists,80,6.0,2025-06-30 04:50:57.999999871,0.0,,UNTOUCHED,2024-11
2343 Environmental Scientists,85,11.0,2025-10-26 05:11:45.999999911,0.0,,UNTOUCHED,2024-11
2343 Environmental Scientists,90,1.0,2024-09-25 02:20:35.999999966,15.0,2025-08-03 04:58:45.999999883,CLEARED,2024-11
2343 Environmental Scientists,95,3.0,2024-10-17 22:54:32.000000230,3.0,2024-10-17 22:54:32.000000230,CLEARED,2024-11
2343 Environmental Scientists,100,1.0,2024-10-21 13:48:45.000000213,1.0,2024-10-21 13:48:45.000000213,CLEARED,2024-11
2343 Environmental Scientists,110,1.0,2024-10-21 13:46:42.999999983,1.0,2024-10-21 13:46:42.999999983,CLEARED,2024-11
2344 Geologists Geophysicists and Hydrogeologists,60,1.0,2026-08-22 04:57:27.000000276,0.0,,UNTOUCHED,2024-11
2344 Geologists Geophysicists and Hydrogeologists,65,3.0,2026-03-17 04:55:28.000000122,0.0,,UNTOUCHED,2024-11
2344 Geologists Geophysicists and Hydrogeologists,70,1.0,2024-08-03 12:41:23.999999801,0.0,,UNTOUCHED,2024-11
2344 Geologists Geophysicists and Hydrogeologists,75,5.0,2026-06-26 05:01:07.000000155,0.0,,UNTOUCHED,2024-11
2344 Geologists Geophysicists and Hydrogeologists,80,2.0,2024-10-12 22:20:25.999999725,0.0,,UNTOUCHED,2024-11
2344 Geologists Geophysicists and Hydrogeologists,85,2.0,2025-10-09 04:55:10.000000315,0.0,,UNTOUCHED,2024-11
2344 Geologists Geophysicists and Hydrogeologists,90,2.0,2024-09-28 16:48:15.999999716,3.0,2024-09-28 16:48:15.999999716,CLEARED,2024-11
2345 Life Scientists,55,1.0,2024-10-08 16:41:51.999999849,0.0,,UNTOUCHED,2024-11
2345 Life Scientists,60,3.0,2025-09-13 04:55:28.999999727,0.0,,UNTOUCHED,2024-11
2345 Life Scientists,65,21.0,2025-12-28 04:58:13.000000344,0.0,,UNTOUCHED,2024-11
2345 Life Scientists,70,16.0,2026-02-23 04:56:51.000000031,0.0,,UNTOUCHED,2024-11
2345 Life Scientists,75,14.0,2026-08-09 05:00:56.999999701,0.0,,UNTOUCHED,2024-11
2345 Life Scientists,80,21.0,2026-05-16 14:29:05.999999743,0.0,,UNTOUCHED,2024-11
2345 Life Scientists,85,19.0,2025-11-02 05:35:59.000000098,0.0,,UNTOUCHED,2024-11
2345 Life Scientists,90,15.0,2025-06-14 04:54:00.000000296,53.0,2025-06-14 04:54:00.000000296,CLEARED,2024-11
2345 Life Scientists,95,7.0,2025-08-03 04:58:45.999999883,8.0,2025-08-03 04:58:45.999999883,CLEARED,2024-11
2345 Life Scientists,100,5.0,2024-10-31 15:36:08.000000112,5.0,2024-10-31 15:36:08.000000112,CLEARED,2024-11
2345 Life Scientists,105,2.0,2024-10-21 16:51:27.999999964,2.0,2024-10-21 16:51:27.999999964,CLEARED,2024-11
2346 Medical Laboratory Scientists,65,7.0,2025-04-01 05:21:53.999999968,0.0,,UNTOUCHED,2024-11
2346 Medical Laboratory Scientists,70,5.0,2025-04-28 04:55:44.999999693,0.0,,UNTOUCHED,2024-11
2346 Medical Laboratory Scientists,75,8.0,2026-02-01 04:55:31.000000189,37.0,2026-04-09 04:55:13.999999987,CLEARED,2024-11
2346 Medical Laboratory Scientists,80,6.0,2026-03-28 04:57:05.000000166,13.0,2026-03-28 04:57:05.000000166,CLEARED,2024-11
2346 Medical Laboratory Scientists,85,0.0,,6.0,2024-11-06 19:35:34.999999730,PARTIAL,2024-11
2346 Medical Laboratory Scientists,90,2.0,2025-01-07 05:03:06.000000310,2.0,2025-01-07 05:03:06.000000310,CLEARED,2024-11
2347 Veterinarians,65,1.0,2024-10-01 04:55:45.999999929,0.0,,UNTOUCHED,2024-11
2347 Veterinarians,70,1.0,2025-08-31 04:55:34.999999870,0.0,,UNTOUCHED,2024-11
2347 Veterinarians,75,4.0,2025-10-26 05:11:45.999999911,0.0,,UNTOUCHED,2024-11
2347 Veterinarians,80,4.0,2025-05-16 05:22:11.999999775,0.0,,UNTOUCHED,2024-11
2347 Veterinarians,85,2.0,2025-06-06 05:20:43.000000344,1.0,2023-12-30 04:45:51.999999998,PARTIAL,2024-11
2347 Veterinarians,90,1.0,2024-10-20 19:49:49.999999684,10.0,2025-06-14 04:54:00.000000296,CLEARED,2024-11
2347 Veterinarians,115,0.0,,1.0,2024-11-05 04:56:36.999999905,PARTIAL,2024-11
2349 Other Natural and Physical Science Professionals,65,3.0,2026-07-11 04:55:42.999999853,0.0,,UNTOUCHED,2024-11
2349 Other Natural and Physical Science Professionals,70,4.0,2026-03-20 04:55:42.999999853,0.0,,UNTOUCHED,2024-11
2349 Other Natural and Physical Science Professionals,75,10.0,2026-05-08 04:56:01.999999896,0.0,,UNTOUCHED,2024-11
2349 Other Natural and Physical Science Professionals,80,2.0,2024-10-16 18:11:10.999999697,0.0,,UNTOUCHED,2024-11
2349 Other Natural and Physical Science Professionals,85,4.0,2025-10-17 04:54:59.000000256,0.0,,UNTOUCHED,2024-11
2349 Other Natural and Physical Science Professionals,90,0.0,,10.0,2024-10-27 05:37:57.000000025,PARTIAL,2024-11
2349 Other Natural and Physical Science Professionals,100,1.0,2025-07-08 05:15:30.000000101,1.0,2025-07-08 05:15:30.000000101,CLEARED,2024-11
2411 Early Childhood (Pre-primary School) Teachers,45,1.0,2024-09-20 04:53:25.999999892,0.0,,UNTOUCHED,2024-11
2411 Early Childhood (Pre-primary School) Teachers,50,4.0,2024-11-14 04:56:55.999999947,0.0,,UNTOUCHED,2024-11
2411 Early Childhood (Pre-primary School) Teachers,60,12.0,2025-09-21 05:01:31.999999710,0.0,,UNTOUCHED,2024-11
2411 Early Childhood (Pre-primary School) Teachers,65,137.0,2026-08-14 04:55:58.999999820,0.0,,UNTOUCHED,2024-11
2411 Early Childhood (Pre-primary School) Teachers,70,186.0,2026-08-18 04:56:31.999999989,2.0,2024-02-17 04:46:31.999999923,PARTIAL,2024-11
2411 Early Childhood (Pre-primary School) Teachers,75,158.0,2026-08-07 04:55:50.000000232,341.0,2026-08-07 04:55:50.000000232,CLEARED,2024-11
2411 Early Childhood (Pre-primary School) Teachers,80,160.0,2026-08-16 04:58:10.999999873,203.0,2026-08-16 04:58:10.999999873,CLEARED,2024-11
2411 Early Childhood (Pre-primary School) Teachers,85,30.0,2025-08-20 04:55:26.999999886,41.0,2025-08-20 04:55:26.999999886,CLEARED,2024-11
2411 Early Childhood (Pre-primary School) Teachers,90,1.0,2024-10-10 21:25:15.000000222,2.0,2024-10-10 21:25:15.000000222,CLEARED,2024-11
2411 Early Childhood (Pre-primary School) Teachers,95,1.0,2025-05-28 04:56:44.999999888,1.0,2025-05-28 04:56:44.999999888,CLEARED,2024-11
2414 Secondary School Teachers,55,1.0,2025-01-08 04:55:53.000000307,0.0,,UNTOUCHED,2024-11
2414 Secondary School Teachers,60,6.0,2026-03-17 04:55:28.000000122,0.0,,UNTOUCHED,2024-11
2414 Secondary School Teachers,65,27.0,2026-07-04 05:01:13.000000298,0.0,,UNTOUCHED,2024-11
2414 Secondary School Teachers,70,28.0,2026-08-23 05:01:10.000000231,3.0,2024-10-18 04:56:52.999999872,PARTIAL,2024-11
2414 Secondary School Teachers,75,28.0,2025-10-11 04:56:11.999999719,88.0,2025-12-08 04:56:57.999999788,CLEARED,2024-11
2414 Secondary School Teachers,80,24.0,2025-03-23 04:56:52.000000267,43.0,2025-10-15 04:55:25.000000046,CLEARED,2024-11
2414 Secondary School Teachers,85,7.0,2024-11-01 04:55:25.000000046,9.0,2024-11-01 14:12:08.000000029,CLEARED,2024-11
2414 Secondary School Teachers,95,1.0,2024-10-15 15:21:23.000000057,1.0,2024-10-15 15:21:23.000000057,CLEARED,2024-11
2415 Special Education Teachers,70,1.0,2025-10-26 05:11:45.999999911,0.0,,UNTOUCHED,2024-11
2415 Special Education Teachers,75,0.0,,4.0,2025-10-22 04:55:15.000000222,PARTIAL,2024-11
2415 Special Education Teachers,80,0.0,,1.0,2024-08-26 00:50:34.000000126,PARTIAL,2024-11
2421 University Lecturers and Tutors,45,1.0,2024-10-25 04:54:59.000000256,0.0,,UNTOUCHED,2024-11
2421 University Lecturers and Tutors,50,1.0,2024-10-09 19:53:46.000000161,0.0,,UNTOUCHED,2024-11
2421 University Lecturers and Tutors,55,4.0,2025-09-16 04:54:35.999999910,0.0,,UNTOUCHED,2024-11
2421 University Lecturers and Tutors,60,12.0,2026-07-12 05:07:29.000000182,0.0,,UNTOUCHED,2024-11
2421 University Lecturers and Tutors,65,45.0,2026-07-31 04:56:47.999999964,0.0,,UNTOUCHED,2024-11
2421 University Lecturers and Tutors,70,47.0,2026-08-29 05:03:29.000000033,0.0,,UNTOUCHED,2024-11
2421 University Lecturers and Tutors,75,35.0,2026-04-22 04:54:37.999999742,0.0,,UNTOUCHED,2024-11
2421 University Lecturers and Tutors,80,36.0,2026-06-08 04:54:29.999999759,0.0,,UNTOUCHED,2024-11
2421 University Lecturers and Tutors,85,25.0,2026-07-29 04:55:29.999999953,0.0,,UNTOUCHED,2024-11
2421 University Lecturers and Tutors,90,28.0,2025-01-08 04:55:53.000000307,71.0,2025-02-26 06:11:40.999999790,CLEARED,2024-11
2421 University Lecturers and Tutors,95,10.0,2024-10-28 08:01:26.999999803,14.0,2025-06-02 04:54:34.000000070,CLEARED,2024-11
2421 University Lecturers and Tutors,100,4.0,2025-01-08 04:55:53.000000307,4.0,2025-01-08 04:55:53.000000307,CLEARED,2024-11
2512 Medical Imaging Professionals,65,4.0,2026-05-04 05:07:14.999999424,0.0,,UNTOUCHED,2024-11
2512 Medical Imaging Professionals,70,2.0,2024-09-17 05:35:00.000000139,0.0,,UNTOUCHED,2024-11
2512 Medical Imaging Professionals,75,1.0,2024-09-15 23:25:43.000000066,17.0,2025-07-26 04:55:29.999999953,CLEARED,2024-11
2512 Medical Imaging Professionals,80,1.0,2024-10-24 22:34:06.000000300,4.0,2024-11-05 04:27:09.000000256,CLEARED,2024-11
2512 Medical Imaging Professionals,85,3.0,2024-10-08 00:06:01.999999756,5.0,2024-11-05 04:56:36.999999905,CLEARED,2024-11
2514 Optometrists and Orthoptists,70,2.0,2025-04-17 04:54:37.999999742,0.0,,UNTOUCHED,2024-11
2514 Optometrists and Orthoptists,75,2.0,2024-10-02 12:05:12.000000007,2.0,2024-10-02 12:05:12.000000007,CLEARED,2024-11
2514 Optometrists and Orthoptists,80,2.0,2024-10-05 13:09:38.999999977,2.0,2024-10-05 13:09:38.999999977,CLEARED,2024-11
2519 Other Health Diagnostic and Promotion Professionals,75,1.0,2024-05-10 04:48:02.999999825,1.0,2024-05-10 04:48:02.999999825,CLEARED,2024-11
2521 Chiropractors and Osteopaths,65,1.0,2024-10-28 11:29:41.999999979,0.0,,UNTOUCHED,2024-11
2521 Chiropractors and Osteopaths,70,1.0,2024-10-23 17:30:29.999999888,0.0,,UNTOUCHED,2024-11
2521 Chiropractors and Osteopaths,75,2.0,2024-10-04 11:31:41.999999747,4.0,2024-10-04 11:31:41.999999747,CLEARED,2024-11
2521 Chiropractors and Osteopaths,80,0.0,,1.0,2024-03-24 04:57:29.000000116,PARTIAL,2024-11
2524 Occupational Therapists,60,2.0,2026-02-12 04:58:13.999999949,0.0,,UNTOUCHED,2024-11
2524 Occupational Therapists,65,9.0,2025-12-19 04:55:28.000000122,0.0,,UNTOUCHED,2024-11
2524 Occupational Therapists,70,15.0,2026-03-12 04:57:02.999999695,0.0,,UNTOUCHED,2024-11
2524 Occupational Therapists,75,9.0,2025-07-31 04:54:21.999999775,49.0,2025-10-19 05:14:36.000000049,CLEARED,2024-11
2524 Occupational Therapists,80,10.0,2025-08-10 05:00:32.999999751,22.0,2025-08-10 05:00:32.999999751,CLEARED,2024-11
2524 Occupational Therapists,85,4.0,2024-10-16 17:59:34.999999814,4.0,2024-10-16 17:59:34.999999814,CLEARED,2024-11
2524 Occupational Therapists,90,3.0,2024-10-23 10:46:20.000000259,3.0,2024-10-23 10:46:20.000000259,CLEARED,2024-11
2524 Occupational Therapists,95,1.0,2024-10-10 15:52:00.999999716,1.0,2024-10-10 15:52:00.999999716,CLEARED,2024-11
2525 Physiotherapists,55,1.0,2026-04-30 04:54:24.000000246,0.0,,UNTOUCHED,2024-11
2525 Physiotherapists,60,3.0,2026-03-29 05:24:47.000000174,0.0,,UNTOUCHED,2024-11
2525 Physiotherapists,65,21.0,2026-07-29 04:55:29.999999953,0.0,,UNTOUCHED,2024-11
2525 Physiotherapists,70,21.0,2026-04-22 04:54:37.999999742,0.0,,UNTOUCHED,2024-11
2525 Physiotherapists,75,22.0,2024-11-01 04:55:25.000000046,69.0,2025-11-05 04:55:42.000000248,CLEARED,2024-11
2525 Physiotherapists,80,22.0,2025-04-19 05:15:33.000000168,36.0,2025-04-19 05:15:33.000000168,CLEARED,2024-11
2525 Physiotherapists,85,7.0,2024-10-21 11:44:41.000000170,9.0,2024-10-21 11:44:41.000000170,CLEARED,2024-11
2525 Physiotherapists,90,5.0,2024-10-12 16:41:43.000000261,6.0,2024-11-04 04:57:00.999999855,CLEARED,2024-11
2525 Physiotherapists,95,0.0,,1.0,2024-11-06 16:27:33.000000215,PARTIAL,2024-11
2526 Podiatrists,70,1.0,2025-03-31 05:00:37.000000054,0.0,,UNTOUCHED,2024-11
2526 Podiatrists,75,2.0,2024-10-21 16:54:38.999999977,4.0,2024-11-06 20:45:02.000000044,CLEARED,2024-11
2527 Speech Professionals and Audiologists,60,2.0,2025-04-11 05:14:37.000000285,0.0,,UNTOUCHED,2024-11
2527 Speech Professionals and Audiologists,65,8.0,2026-07-13 04:58:58.000000177,0.0,,UNTOUCHED,2024-11
2527 Speech Professionals and Audiologists,70,9.0,2026-06-05 04:55:23.999999810,0.0,,UNTOUCHED,2024-11
2527 Speech Professionals and Audiologists,75,13.0,2025-06-07 04:54:18.999999708,27.0,2025-06-07 04:54:18.999999708,CLEARED,2024-11
2527 Speech Professionals and Audiologists,80,4.0,2024-10-21 16:26:31.000000179,8.0,2024-10-21 16:26:31.000000179,CLEARED,2024-11
2527 Speech Professionals and Audiologists,85,2.0,2024-09-21 19:12:16.999999822,2.0,2024-09-21 19:12:16.999999822,CLEARED,2024-11
2531 General Practitioners and Resident Medical officers,65,6.0,2026-04-04 04:56:25.000000241,0.0,,UNTOUCHED,2024-11
2531 General Practitioners and Resident Medical officers,70,12.0,2026-04-06 04:55:23.000000206,0.0,,UNTOUCHED,2024-11
2531 General Practitioners and Resident Medical officers,75,13.0,2025-08-13 13:04:23.999999894,47.0,2025-10-02 04:55:58.000000215,CLEARED,2024-11
2531 General Practitioners and Resident Medical officers,80,19.0,2025-04-01 05:21:53.999999968,36.0,2025-04-01 05:21:53.999999968,CLEARED,2024-11
2531 General Practitioners and Resident Medical officers,85,9.0,2024-10-31 23:01:26.999999803,15.0,2024-11-05 04:56:36.999999905,CLEARED,2024-11
2531 General Practitioners and Resident Medical officers,90,1.0,2024-09-08 21:19:44.999999777,3.0,2024-09-08 21:19:44.999999777,CLEARED,2024-11
2531 General Practitioners and Resident Medical officers,110,0.0,,1.0,2024-08-14 07:51:11.999999998,PARTIAL,2024-11
2533 Internal Medicine Specialists,65,1.0,2025-08-21 04:54:58.000000020,0.0,,UNTOUCHED,2024-11
2533 Internal Medicine Specialists,70,3.0,2026-01-01 04:54:35.000000305,0.0,,UNTOUCHED,2024-11
2533 Internal Medicine Specialists,75,2.0,2024-10-29 22:50:32.000000072,5.0,2024-10-29 22:50:32.000000072,CLEARED,2024-11
2533 Internal Medicine Specialists,80,1.0,2024-10-08 03:41:28.000000104,1.0,2024-10-08 03:41:28.000000104,CLEARED,2024-11
2534 Psychiatrists,80,2.0,2024-10-28 17:11:05.999999994,2.0,2024-10-28 17:11:05.999999994,CLEARED,2024-11
2535 Surgeons,75,0.0,,1.0,2024-08-19 17:11:23.000000196,PARTIAL,2024-11
2535 Surgeons,95,1.0,2024-10-22 20:51:08.999999717,1.0,2024-10-22 20:51:08.999999717,CLEARED,2024-11
2539 Other Medical Practitioners,50,1.0,2024-07-20 04:50:16.000000105,0.0,,UNTOUCHED,2024-11
2539 Other Medical Practitioners,60,1.0,2025-07-03 05:01:40.999999929,0.0,,UNTOUCHED,2024-11
2539 Other Medical Practitioners,65,5.0,2024-10-22 23:18:04.999999870,0.0,,UNTOUCHED,2024-11
2539 Other Medical Practitioners,70,10.0,2026-02-16 04:57:08.000000233,0.0,,UNTOUCHED,2024-11
2539 Other Medical Practitioners,75,9.0,2024-10-28 15:37:14.999999424,35.0,2025-10-18 04:56:27.999999686,CLEARED,2024-11
2539 Other Medical Practitioners,80,12.0,2025-07-02 05:20:51.999999933,32.0,2025-07-02 05:20:51.999999933,CLEARED,2024-11
2539 Other Medical Practitioners,85,8.0,2025-01-07 05:03:06.000000310,10.0,2025-01-07 05:03:06.000000310,CLEARED,2024-11
2539 Other Medical Practitioners,90,4.0,2025-01-07 05:03:06.000000310,5.0,2025-03-13 04:56:33.999999829,CLEARED,2024-11
2541 Midwives,65,1.0,2024-09-19 00:55:04.999999981,0.0,,UNTOUCHED,2024-11
2541 Midwives,70,1.0,2025-04-24 04:54:19.999999935,0.0,,UNTOUCHED,2024-11
2541 Midwives,75,3.0,2025-01-07 05:03:06.000000310,5.0,2025-01-07 05:03:06.000000310,CLEARED,2024-11
2541 Midwives,80,1.0,2024-10-13 05:42:03.999999931,4.0,2024-11-01 11:56:55.000000129,CLEARED,2024-11
2544 Registered Nurses,40,1.0,2025-01-20 04:56:52.000000267,0.0,,UNTOUCHED,2024-11
2544 Registered Nurses,45,1.0,2024-09-27 04:52:39.999999823,0.0,,UNTOUCHED,2024-11
2544 Registered Nurses,55,5.0,2026-01-15 04:56:01.000000291,0.0,,UNTOUCHED,2024-11
2544 Registered Nurses,60,27.0,2026-03-25 04:54:35.000000305,0.0,,UNTOUCHED,2024-11
2544 Registered Nurses,65,283.0,2026-08-17 04:55:06.000000003,0.0,,UNTOUCHED,2024-11
2544 Registered Nurses,70,292.0,2026-08-24 04:55:15.999999827,8.0,2024-10-07 04:57:06.999999998,PARTIAL,2024-11
2544 Registered Nurses,75,194.0,2025-11-04 04:54:07.000000044,641.0,2025-11-05 04:55:42.000000248,CLEARED,2024-11
2544 Registered Nurses,80,78.0,2025-06-25 04:52:17.000000100,126.0,2025-08-11 04:54:24.999999851,CLEARED,2024-11
2544 Registered Nurses,85,29.0,2024-11-04 04:57:00.999999855,36.0,2024-11-04 04:57:00.999999855,CLEARED,2024-11
2544 Registered Nurses,90,5.0,2024-10-28 16:16:39.999999694,7.0,2024-11-05 04:56:36.999999905,CLEARED,2024-11
2544 Registered Nurses,95,1.0,2024-09-18 06:19:31.000000272,1.0,2024-09-18 06:19:31.000000272,CLEARED,2024-11
2544 Registered Nurses,100,1.0,2024-09-30 06:41:55.000000129,2.0,2024-09-30 06:41:55.000000129,CLEARED,2024-11
2544 Registered Nurses,105,1.0,2025-01-07 05:03:06.000000310,1.0,2025-01-07 05:03:06.000000310,CLEARED,2024-11
2611 ICT Business and Systems Analysts,50,2.0,2024-10-25 11:28:52.999999844,0.0,,UNTOUCHED,2024-11
2611 ICT Business and Systems Analysts,55,7.0,2026-06-18 04:55:59.999999424,0.0,,UNTOUCHED,2024-11
2611 ICT Business and Systems Analysts,60,24.0,2026-01-26 04:55:31.999999794,0.0,,UNTOUCHED,2024-11
2611 ICT Business and Systems Analysts,65,144.0,2026-08-18 04:56:31.999999989,0.0,,UNTOUCHED,2024-11
2611 ICT Business and Systems Analysts,70,154.0,2026-08-21 04:59:33.999999792,0.0,,UNTOUCHED,2024-11
2611 ICT Business and Systems Analysts,75,244.0,2026-08-17 04:55:06.000000003,0.0,,UNTOUCHED,2024-11
2611 ICT Business and Systems Analysts,80,209.0,2026-08-19 04:55:55.999999752,0.0,,UNTOUCHED,2024-11
2611 ICT Business and Systems Analysts,85,218.0,2026-09-01 05:03:54.000000218,0.0,,UNTOUCHED,2024-11
2611 ICT Business and Systems Analysts,90,203.0,2026-08-28 04:55:18.999999903,0.0,,UNTOUCHED,2024-11
2611 ICT Business and Systems Analysts,95,67.0,2026-08-28 04:55:18.999999903,304.0,2026-08-28 04:55:18.999999903,CLEARED,2024-11
2611 ICT Business and Systems Analysts,100,7.0,2025-11-23 05:01:37.000000257,34.0,2026-01-15 04:56:01.000000291,CLEARED,2024-11
2611 ICT Business and Systems Analysts,110,0.0,,1.0,2024-07-22 14:58:49.999999981,PARTIAL,2024-11
2612 Multimedia Specialists and Web Developers,60,1.0,2024-09-19 13:09:02.999999733,0.0,,UNTOUCHED,2024-11
2612 Multimedia Specialists and Web Developers,65,2.0,2026-02-26 04:55:23.000000206,0.0,,UNTOUCHED,2024-11
2612 Multimedia Specialists and Web Developers,70,6.0,2025-05-16 05:22:11.999999775,0.0,,UNTOUCHED,2024-11
2612 Multimedia Specialists and Web Developers,75,4.0,2025-05-29 04:54:08.000000280,0.0,,UNTOUCHED,2024-11
2612 Multimedia Specialists and Web Developers,80,5.0,2025-07-21 04:53:25.000000287,0.0,,UNTOUCHED,2024-11
2612 Multimedia Specialists and Web Developers,85,4.0,2026-07-27 05:01:28.000000038,4.0,2024-09-30 04:56:33.999999829,PARTIAL,2024-11
2612 Multimedia Specialists and Web Developers,90,8.0,2025-01-25 06:27:11.000000309,32.0,2026-07-11 04:55:42.999999853,CLEARED,2024-11
2612 Multimedia Specialists and Web Developers,95,1.0,2024-10-24 00:10:00.000000073,4.0,2024-10-24 00:10:00.000000073,CLEARED,2024-11
2613 Software and Applications Programmers,50,2.0,2024-09-25 17:07:33.999999467,0.0,,UNTOUCHED,2024-11
2613 Software and Applications Programmers,55,18.0,2026-06-18 04:55:59.999999424,0.0,,UNTOUCHED,2024-11
2613 Software and Applications Programmers,60,35.0,2026-05-02 05:09:35.000000092,0.0,,UNTOUCHED,2024-11
2613 Software and Applications Programmers,65,228.0,2026-08-28 04:55:18.999999903,0.0,,UNTOUCHED,2024-11
2613 Software and Applications Programmers,70,273.0,2026-08-28 04:55:18.999999903,0.0,,UNTOUCHED,2024-11
2613 Software and Applications Programmers,75,345.0,2026-08-27 04:59:08.000000001,0.0,,UNTOUCHED,2024-11
2613 Software and Applications Programmers,80,324.0,2026-08-24 04:55:15.999999827,0.0,,UNTOUCHED,2024-11
2613 Software and Applications Programmers,85,327.0,2026-08-22 04:57:27.000000276,8.0,2024-10-30 05:02:54.000000024,PARTIAL,2024-11
2613 Software and Applications Programmers,90,288.0,2026-08-29 05:03:29.000000033,244.0,2026-08-22 04:57:27.000000276,PARTIAL,2024-11
2613 Software and Applications Programmers,95,158.0,2026-08-04 04:59:14.000000144,436.0,2026-08-11 05:03:38.000000252,CLEARED,2024-11
2613 Software and Applications Programmers,100,19.0,2026-03-25 04:54:35.000000305,51.0,2026-03-25 04:54:35.000000305,CLEARED,2024-11
2613 Software and Applications Programmers,105,2.0,2024-10-09 16:21:35.999999743,4.0,2024-10-09 16:21:35.999999743,CLEARED,2024-11
"2621 Database and Systems Administrators, and ICT Security Specialists",50,1.0,2024-09-27 17:19:03.000000224,0.0,,UNTOUCHED,2024-11
"2621 Database and Systems Administrators, and ICT Security Specialists",55,2.0,2025-02-05 04:57:13.000000150,0.0,,UNTOUCHED,2024-11
"2621 Database and Systems Administrators, and ICT Security Specialists",60,2.0,2024-10-18 20:46:45.999999845,0.0,,UNTOUCHED,2024-11
"2621 Database and Systems Administrators, and ICT Security Specialists",65,36.0,2026-08-17 04:55:06.000000003,0.0,,UNTOUCHED,2024-11
"2621 Database and Systems Administrators, and ICT Security Specialists",70,45.0,2026-07-31 04:56:47.999999964,0.0,,UNTOUCHED,2024-11
"2621 Database and Systems Administrators, and ICT Security Specialists",75,68.0,2026-07-17 04:59:30.999999716,0.0,,UNTOUCHED,2024-11
"2621 Database and Systems Administrators, and ICT Security Specialists",80,56.0,2026-07-17 04:59:30.999999716,0.0,,UNTOUCHED,2024-11
"2621 Database and Systems Administrators, and ICT Security Specialists",85,48.0,2026-04-02 04:55:26.999999886,0.0,,UNTOUCHED,2024-11
"2621 Database and Systems Administrators, and ICT Security Specialists",90,44.0,2026-08-23 05:01:10.000000231,0.0,,UNTOUCHED,2024-11
"2621 Database and Systems Administrators, and ICT Security Specialists",95,8.0,2026-02-08 04:55:41.000000013,167.0,2026-05-16 04:54:59.000000256,CLEARED,2024-11
"2621 Database and Systems Administrators, and ICT Security Specialists",100,1.0,2026-03-25 04:54:35.000000305,3.0,2026-03-25 04:54:35.000000305,CLEARED,2024-11
2631 Computer Network Professionals,40,1.0,2026-06-04 04:55:44.999999693,0.0,,UNTOUCHED,2024-11
2631 Computer Network Professionals,45,1.0,2024-10-31 18:24:43.000000289,0.0,,UNTOUCHED,2024-11
2631 Computer Network Professionals,50,4.0,2025-02-02 04:56:14.000000182,0.0,,UNTOUCHED,2024-11
2631 Computer Network Professionals,55,1.0,2024-10-31 00:35:07.000000313,0.0,,UNTOUCHED,2024-11
2631 Computer Network Professionals,60,5.0,2026-04-15 04:56:52.000000267,0.0,,UNTOUCHED,2024-11
2631 Computer Network Professionals,65,52.0,2026-08-18 04:56:31.999999989,0.0,,UNTOUCHED,2024-11
2631 Computer Network Professionals,70,65.0,2026-08-16 04:58:10.999999873,0.0,,UNTOUCHED,2024-11
2631 Computer Network Professionals,75,95.0,2026-08-14 04:55:58.999999820,0.0,,UNTOUCHED,2024-11
2631 Computer Network Professionals,80,86.0,2026-05-31 04:55:58.000000215,0.0,,UNTOUCHED,2024-11
2631 Computer Network Professionals,85,64.0,2026-07-29 04:55:29.999999953,0.0,,UNTOUCHED,2024-11
2631 Computer Network Professionals,90,61.0,2026-08-01 05:01:39.999999694,0.0,,UNTOUCHED,2024-11
2631 Computer Network Professionals,95,25.0,2026-02-08 04:55:41.000000013,94.0,2025-11-20 04:57:24.000000200,PARTIAL,2024-11
2631 Computer Network Professionals,100,1.0,2024-10-24 15:23:03.000000168,6.0,2025-05-01 04:56:11.999999719,CLEARED,2024-11
2633 Telecommunications Engineering Professionals,45,2.0,2026-05-21 04:54:51.999999877,0.0,,UNTOUCHED,2024-11
2633 Telecommunications Engineering Professionals,55,3.0,2026-04-15 04:56:52.000000267,0.0,,UNTOUCHED,2024-11
2633 Telecommunications Engineering Professionals,60,5.0,2025-08-14 04:55:04.000000163,0.0,,UNTOUCHED,2024-11
2633 Telecommunications Engineering Professionals,65,44.0,2026-07-18 05:00:43.999999810,0.0,,UNTOUCHED,2024-11
2633 Telecommunications Engineering Professionals,70,33.0,2026-08-28 04:55:18.999999903,0.0,,UNTOUCHED,2024-11
2633 Telecommunications Engineering Professionals,75,54.0,2026-07-10 04:55:47.999999769,0.0,,UNTOUCHED,2024-11
2633 Telecommunications Engineering Professionals,80,27.0,2026-03-13 04:55:45.999999929,0.0,,UNTOUCHED,2024-11
2633 Telecommunications Engineering Professionals,85,24.0,2026-08-18 04:56:31.999999989,4.0,2024-10-02 04:56:17.000000257,PARTIAL,2024-11
2633 Telecommunications Engineering Professionals,90,7.0,2025-05-01 04:56:11.999999719,58.0,2025-07-05 04:53:57.000000220,CLEARED,2024-11
2633 Telecommunications Engineering Professionals,95,4.0,2025-02-15 06:26:14.000000182,8.0,2025-02-15 06:26:14.000000182,CLEARED,2024-11
2713 Solicitors,60,5.0,2026-01-07 04:55:44.000000088,0.0,,UNTOUCHED,2024-11
2713 Solicitors,65,8.0,2025-12-17 04:59:03.999999690,0.0,,UNTOUCHED,2024-11
2713 Solicitors,70,14.0,2025-11-28 04:55:26.000000281,0.0,,UNTOUCHED,2024-11
2713 Solicitors,75,14.0,2026-04-21 04:57:11.999999914,0.0,,UNTOUCHED,2024-11
2713 Solicitors,80,16.0,2026-02-18 04:55:07.000000239,0.0,,UNTOUCHED,2024-11
2713 Solicitors,85,28.0,2026-04-08 04:54:18.000000103,1.0,2024-05-07 04:45:58.999999754,PARTIAL,2024-11
2713 Solicitors,90,14.0,2024-11-04 04:57:00.999999855,61.0,2025-07-09 04:52:07.000000285,CLEARED,2024-11
2713 Solicitors,95,1.0,2024-09-28 09:49:15.999999493,4.0,2024-11-05 04:56:36.999999905,CLEARED,2024-11
2723 Psychologists,65,3.0,2024-10-08 11:35:06.000000282,0.0,,UNTOUCHED,2024-11
2723 Psychologists,70,5.0,2025-06-10 04:54:08.999999884,0.0,,UNTOUCHED,2024-11
2723 Psychologists,75,3.0,2024-10-17 10:19:58.999999699,13.0,2025-04-16 04:54:24.000000246,CLEARED,2024-11
2723 Psychologists,80,3.0,2024-10-19 19:58:58.999999782,5.0,2025-06-28 04:57:43.999999848,CLEARED,2024-11
2723 Psychologists,85,4.0,2024-10-24 18:23:46.000000161,6.0,2024-11-05 19:02:08.000000168,CLEARED,2024-11
2723 Psychologists,90,1.0,2024-10-18 08:20:59.999999916,2.0,2024-11-06 18:15:37.000000267,CLEARED,2024-11
2725 Social Workers,55,2.0,2026-05-05 05:01:29.000000265,0.0,,UNTOUCHED,2024-11
2725 Social Workers,65,17.0,2026-07-08 04:55:23.000000206,0.0,,UNTOUCHED,2024-11
2725 Social Workers,70,31.0,2026-06-14 05:12:00.000000046,1.0,2024-05-29 05:23:26.999999701,PARTIAL,2024-11
2725 Social Workers,75,37.0,2025-07-07 04:53:12.999999992,69.0,2025-11-09 05:02:06.000000115,CLEARED,2024-11
2725 Social Workers,80,24.0,2025-08-30 04:59:09.999999833,32.0,2025-08-30 04:59:09.999999833,CLEARED,2024-11
2725 Social Workers,85,12.0,2025-08-04 04:54:53.000000112,17.0,2025-08-04 04:54:53.000000112,CLEARED,2024-11
2725 Social Workers,90,3.0,2024-10-27 22:41:13.999999764,3.0,2024-10-27 22:41:13.999999764,CLEARED,2024-11
2725 Social Workers,100,0.0,,1.0,2024-11-05 04:56:36.999999905,PARTIAL,2024-11
3122 Civil Engineering Draftspersons and Technicians,45,1.0,2026-01-17 04:55:39.000000172,0.0,,UNTOUCHED,2024-11
3122 Civil Engineering Draftspersons and Technicians,50,7.0,2025-12-27 04:57:30.999999957,0.0,,UNTOUCHED,2024-11
3122 Civil Engineering Draftspersons and Technicians,55,23.0,2026-08-12 05:05:07.000000313,0.0,,UNTOUCHED,2024-11
3122 Civil Engineering Draftspersons and Technicians,60,43.0,2026-08-25 04:57:32.999999797,0.0,,UNTOUCHED,2024-11
3122 Civil Engineering Draftspersons and Technicians,65,172.0,2026-08-23 05:01:10.000000231,0.0,,UNTOUCHED,2024-11
3122 Civil Engineering Draftspersons and Technicians,70,188.0,2026-08-24 04:55:15.999999827,52.0,2025-06-04 04:56:22.000000165,PARTIAL,2024-11
3122 Civil Engineering Draftspersons and Technicians,75,150.0,2026-06-11 04:57:27.000000276,395.0,2026-07-21 04:59:38.000000094,CLEARED,2024-11
3122 Civil Engineering Draftspersons and Technicians,80,96.0,2026-07-21 04:59:38.000000094,158.0,2026-07-21 04:59:38.000000094,CLEARED,2024-11
3122 Civil Engineering Draftspersons and Technicians,85,21.0,2025-07-25 04:53:20.999999976,32.0,2025-07-25 04:53:20.999999976,CLEARED,2024-11
3122 Civil Engineering Draftspersons and Technicians,90,5.0,2024-10-25 20:11:31.000000179,6.0,2024-10-25 20:11:31.000000179,CLEARED,2024-11
3122 Civil Engineering Draftspersons and Technicians,95,2.0,2025-03-02 06:06:18.999999959,3.0,2025-03-02 06:06:18.999999959,CLEARED,2024-11
3123 Electrical Engineering Draftspersons and Technicians,50,2.0,2024-09-29 06:26:08.000000039,0.0,,UNTOUCHED,2024-11
3123 Electrical Engineering Draftspersons and Technicians,55,1.0,2025-09-05 04:59:39.999999935,0.0,,UNTOUCHED,2024-11
3123 Electrical Engineering Draftspersons and Technicians,60,2.0,2024-10-29 20:37:42.999999899,0.0,,UNTOUCHED,2024-11
3123 Electrical Engineering Draftspersons and Technicians,65,9.0,2026-04-27 04:54:07.000000044,0.0,,UNTOUCHED,2024-11
3123 Electrical Engineering Draftspersons and Technicians,70,11.0,2026-08-05 04:57:06.999999998,0.0,,UNTOUCHED,2024-11
3123 Electrical Engineering Draftspersons and Technicians,75,9.0,2026-06-30 04:59:01.000000245,0.0,,UNTOUCHED,2024-11
3123 Electrical Engineering Draftspersons and Technicians,80,11.0,2026-03-27 04:54:48.000000196,0.0,,UNTOUCHED,2024-11
3123 Electrical Engineering Draftspersons and Technicians,85,8.0,2026-03-08 05:01:02.000000248,0.0,,UNTOUCHED,2024-11
3123 Electrical Engineering Draftspersons and Technicians,90,0.0,,1.0,2025-06-13 04:54:00.999999901,PARTIAL,2024-11
3132 Telecommunications Technical Specialists,50,2.0,2025-02-09 06:14:17.999999399,0.0,,UNTOUCHED,2024-11
3132 Telecommunications Technical Specialists,55,3.0,2025-02-20 05:30:32.999999964,0.0,,UNTOUCHED,2024-11
3132 Telecommunications Technical Specialists,60,8.0,2026-02-15 05:03:43.999999764,0.0,,UNTOUCHED,2024-11
3132 Telecommunications Technical Specialists,65,18.0,2026-08-27 04:59:08.000000001,0.0,,UNTOUCHED,2024-11
3132 Telecommunications Technical Specialists,70,29.0,2026-08-20 04:58:58.999999782,0.0,,UNTOUCHED,2024-11
3132 Telecommunications Technical Specialists,75,10.0,2026-08-17 16:15:56.999999701,0.0,,UNTOUCHED,2024-11
3132 Telecommunications Technical Specialists,80,7.0,2025-10-08 04:54:48.000000196,0.0,,UNTOUCHED,2024-11
3132 Telecommunications Technical Specialists,85,3.0,2025-11-18 04:59:04.999999925,1.0,2024-02-21 04:46:09.999999805,PARTIAL,2024-11
3132 Telecommunications Technical Specialists,90,1.0,2024-10-15 13:38:45.999999744,4.0,2025-06-22 05:31:42.999999983,CLEARED,2024-11
3211 Automotive Electricians,65,2.0,2025-09-14 05:11:38.000000558,0.0,,UNTOUCHED,2024-11
3211 Automotive Electricians,70,2.0,2024-10-30 23:43:34.999999824,0.0,,UNTOUCHED,2024-11
3212 Motor Mechanics,55,6.0,2026-07-26 05:06:30.000000222,0.0,,UNTOUCHED,2024-11
3212 Motor Mechanics,60,11.0,2026-01-20 04:54:46.999999961,0.0,,UNTOUCHED,2024-11
3212 Motor Mechanics,65,89.0,2026-08-26 04:55:23.000000206,0.0,,UNTOUCHED,2024-11
3212 Motor Mechanics,70,60.0,2026-07-24 05:03:16.000000133,0.0,,UNTOUCHED,2024-11
3212 Motor Mechanics,75,43.0,2026-06-22 04:54:35.999999910,0.0,,UNTOUCHED,2024-11
3212 Motor Mechanics,80,23.0,2026-07-04 05:01:13.000000298,0.0,,UNTOUCHED,2024-11
3212 Motor Mechanics,85,5.0,2025-05-25 05:18:48.999999467,0.0,,UNTOUCHED,2024-11
3212 Motor Mechanics,90,4.0,2026-06-19 04:55:53.000000307,6.0,2026-06-19 04:55:53.000000307,CLEARED,2024-11
3212 Motor Mechanics,95,0.0,,4.0,2024-11-05 04:56:36.999999905,PARTIAL,2024-11
3222 Sheetmetal Trades Workers,70,0.0,,1.0,2024-04-23 04:47:13.000000076,PARTIAL,2024-11
3223 Structural Steel and Welding Trades Workers,60,3.0,2026-03-13 04:55:45.999999929,0.0,,UNTOUCHED,2024-11
3223 Structural Steel and Welding Trades Workers,65,12.0,2025-08-04 04:54:53.000000112,0.0,,UNTOUCHED,2024-11
3223 Structural Steel and Welding Trades Workers,70,9.0,2026-07-14 05:00:54.999999861,4.0,2025-03-31 05:00:37.000000054,PARTIAL,2024-11
3223 Structural Steel and Welding Trades Workers,75,12.0,2025-08-01 04:54:45.000000129,22.0,2025-08-11 04:54:24.999999851,CLEARED,2024-11
3223 Structural Steel and Welding Trades Workers,80,4.0,2024-10-29 13:25:29.999999749,9.0,2024-11-02 15:36:44.999999953,CLEARED,2024-11
3223 Structural Steel and Welding Trades Workers,85,0.0,,6.0,2024-11-05 04:56:36.999999905,PARTIAL,2024-11
3232 Metal Fitters and Machinists,50,1.0,2025-06-07 04:54:18.999999708,0.0,,UNTOUCHED,2024-11
3232 Metal Fitters and Machinists,55,3.0,2025-05-08 04:55:50.999999836,0.0,,UNTOUCHED,2024-11
3232 Metal Fitters and Machinists,60,2.0,2024-09-24 04:52:50.000000278,0.0,,UNTOUCHED,2024-11
3232 Metal Fitters and Machinists,65,9.0,2026-07-03 04:57:08.000000233,0.0,,UNTOUCHED,2024-11
3232 Metal Fitters and Machinists,70,1.0,2026-03-04 04:54:38.999999977,0.0,,UNTOUCHED,2024-11
3232 Metal Fitters and Machinists,75,4.0,2025-07-31 04:54:21.999999775,0.0,,UNTOUCHED,2024-11
3232 Metal Fitters and Machinists,80,1.0,2025-03-06 04:56:22.000000165,0.0,,UNTOUCHED,2024-11
3232 Metal Fitters and Machinists,90,0.0,,1.0,2024-06-28 05:21:14.000000042,PARTIAL,2024-11
3241 Panelbeaters,65,1.0,2024-10-25 07:25:48.000000187,0.0,,UNTOUCHED,2024-11
3311 Bricklayers and Stonemasons,60,1.0,2025-07-17 05:13:59.999999805,0.0,,UNTOUCHED,2024-11
3311 Bricklayers and Stonemasons,65,5.0,2025-08-17 04:56:06.999999803,3.0,2024-08-29 07:27:04.999999953,PARTIAL,2024-11
3311 Bricklayers and Stonemasons,70,1.0,2024-09-30 17:52:53.999999745,1.0,2024-09-30 17:52:53.999999745,CLEARED,2024-11
3311 Bricklayers and Stonemasons,75,0.0,,1.0,2024-07-20 00:13:38.999999717,PARTIAL,2024-11
3311 Bricklayers and Stonemasons,90,0.0,,1.0,2024-07-15 04:50:33.000000308,PARTIAL,2024-11
3312 Carpenters and Joiners,45,1.0,2024-09-25 22:47:02.000000016,0.0,,UNTOUCHED,2024-11
3312 Carpenters and Joiners,55,3.0,2026-03-29 05:24:47.000000174,0.0,,UNTOUCHED,2024-11
3312 Carpenters and Joiners,60,6.0,2026-04-27 04:54:07.000000044,0.0,,UNTOUCHED,2024-11
3312 Carpenters and Joiners,65,59.0,2025-10-21 04:55:41.000000013,9.0,2024-11-05 04:56:36.999999905,PARTIAL,2024-11
3312 Carpenters and Joiners,70,42.0,2024-10-31 12:54:36.999999720,46.0,2024-11-05 20:11:31.000000179,CLEARED,2024-11
3312 Carpenters and Joiners,75,11.0,2025-05-27 04:55:50.999999836,22.0,2025-05-27 04:55:50.999999836,CLEARED,2024-11
3312 Carpenters and Joiners,80,7.0,2025-03-03 05:19:08.000000140,9.0,2025-03-03 05:19:08.000000140,CLEARED,2024-11
3312 Carpenters and Joiners,85,2.0,2024-11-01 04:55:25.000000046,3.0,2024-11-01 04:55:25.000000046,CLEARED,2024-11
3312 Carpenters and Joiners,90,1.0,2024-10-18 19:31:22.999999918,1.0,2024-10-18 19:31:22.999999918,CLEARED,2024-11
3322 Painting Trades Workers,55,1.0,2024-10-01 08:19:44.999999981,0.0,,UNTOUCHED,2024-11
3322 Painting Trades Workers,60,8.0,2025-11-22 04:56:08.000000039,0.0,,UNTOUCHED,2024-11
3322 Painting Trades Workers,65,50.0,2026-08-03 04:59:30.000000111,9.0,2024-10-19 09:32:44.000000831,PARTIAL,2024-11
3322 Painting Trades Workers,70,23.0,2025-04-12 04:54:45.000000129,32.0,2025-04-12 04:54:45.000000129,CLEARED,2024-11
3322 Painting Trades Workers,75,10.0,2025-05-28 04:56:44.999999888,14.0,2025-05-28 04:56:44.999999888,CLEARED,2024-11
3322 Painting Trades Workers,80,1.0,2024-10-01 16:18:25.999999957,2.0,2024-10-01 16:18:25.999999957,CLEARED,2024-11
3322 Painting Trades Workers,90,2.0,2024-10-11 14:59:53.999999856,3.0,2024-10-11 14:59:53.999999856,CLEARED,2024-11
3332 Plasterers,60,1.0,2026-05-14 04:54:32.999999834,0.0,,UNTOUCHED,2024-11
3332 Plasterers,65,1.0,2025-10-21 04:55:41.000000013,0.0,,UNTOUCHED,2024-11
3332 Plasterers,75,1.0,2025-03-07 04:55:58.999999820,1.0,2025-03-07 04:55:58.999999820,CLEARED,2024-11
3334 Wall and Floor Tilers,60,2.0,2024-10-22 10:30:06.999999747,0.0,,UNTOUCHED,2024-11
3334 Wall and Floor Tilers,65,11.0,2025-10-21 04:55:41.000000013,3.0,2024-09-05 10:05:36.999999988,PARTIAL,2024-11
3334 Wall and Floor Tilers,70,3.0,2024-10-23 15:04:38.999999838,5.0,2024-10-23 15:04:38.999999838,CLEARED,2024-11
3334 Wall and Floor Tilers,75,1.0,2024-10-24 12:34:34.999999740,1.0,2024-10-24 12:34:34.999999740,CLEARED,2024-11
3334 Wall and Floor Tilers,80,2.0,2024-10-04 14:45:23.000000558,2.0,2024-10-04 14:45:23.000000558,CLEARED,2024-11
3341 Plumbers,65,8.0,2026-01-15 04:56:01.000000291,2.0,2024-11-05 04:56:36.999999905,PARTIAL,2024-11
3341 Plumbers,70,4.0,2025-01-10 04:59:04.999999925,4.0,2025-01-10 04:59:04.999999925,CLEARED,2024-11
3341 Plumbers,75,1.0,2024-10-18 05:07:59.999999888,3.0,2024-11-05 22:53:09.999999916,CLEARED,2024-11
3341 Plumbers,90,1.0,2025-07-30 04:54:07.000000044,1.0,2025-07-30 04:54:07.000000044,CLEARED,2024-11
3411 Electricians,50,2.0,2025-11-22 04:56:08.000000039,0.0,,UNTOUCHED,2024-11
3411 Electricians,55,1.0,2024-10-17 23:15:17.000000202,0.0,,UNTOUCHED,2024-11
3411 Electricians,60,1.0,2026-05-06 04:57:21.999999738,0.0,,UNTOUCHED,2024-11
3411 Electricians,65,10.0,2026-08-08 04:56:11.999999719,5.0,2024-11-05 04:56:36.999999905,PARTIAL,2024-11
3411 Electricians,70,3.0,2024-10-17 13:08:12.999999992,4.0,2024-11-07 04:58:15.000000185,CLEARED,2024-11
3411 Electricians,75,4.0,2025-06-25 04:52:17.000000100,6.0,2025-06-25 04:52:17.000000100,CLEARED,2024-11
3411 Electricians,100,1.0,2025-05-30 04:54:34.000000070,1.0,2025-05-30 04:54:34.000000070,CLEARED,2024-11
3421 Airconditioning and Refrigeration Mechanics,65,1.0,2024-10-01 10:03:26.999999775,0.0,,UNTOUCHED,2024-11
3421 Airconditioning and Refrigeration Mechanics,70,1.0,2024-10-01 10:27:09.000000256,0.0,,UNTOUCHED,2024-11
3421 Airconditioning and Refrigeration Mechanics,75,2.0,2025-10-29 04:54:48.999999801,0.0,,UNTOUCHED,2024-11
3421 Airconditioning and Refrigeration Mechanics,80,1.0,2026-08-04 04:59:14.000000144,0.0,,UNTOUCHED,2024-11
3423 Electronics Trades Workers,55,1.0,2024-10-07 20:45:13.999999708,0.0,,UNTOUCHED,2024-11
3423 Electronics Trades Workers,60,1.0,2024-09-08 19:06:11.999999998,0.0,,UNTOUCHED,2024-11
3423 Electronics Trades Workers,65,8.0,2026-08-17 04:55:06.000000003,0.0,,UNTOUCHED,2024-11
3423 Electronics Trades Workers,70,6.0,2026-08-30 05:07:51.000000300,0.0,,UNTOUCHED,2024-11
3423 Electronics Trades Workers,75,9.0,2026-08-25 04:57:32.999999797,0.0,,UNTOUCHED,2024-11
3423 Electronics Trades Workers,80,1.0,2024-11-16 05:03:08.999999755,0.0,,UNTOUCHED,2024-11
3423 Electronics Trades Workers,85,1.0,2024-10-30 22:25:08.000000261,0.0,,UNTOUCHED,2024-11
3513 Chefs,50,3.0,2026-01-12 04:57:43.999999848,0.0,,UNTOUCHED,2024-11
3513 Chefs,55,17.0,2026-08-30 05:07:51.000000300,0.0,,UNTOUCHED,2024-11
3513 Chefs,60,32.0,2026-07-31 04:56:47.999999964,0.0,,UNTOUCHED,2024-11
3513 Chefs,65,263.0,2026-09-02 05:00:32.000000146,0.0,,UNTOUCHED,2024-11
3513 Chefs,70,192.0,2026-08-28 04:55:18.999999903,0.0,,UNTOUCHED,2024-11
3513 Chefs,75,146.0,2026-08-13 04:57:24.999999805,0.0,,UNTOUCHED,2024-11
3513 Chefs,80,74.0,2026-05-30 04:56:19.999999703,0.0,,UNTOUCHED,2024-11
3513 Chefs,85,30.0,2026-08-04 04:59:14.000000144,1.0,2024-01-28 05:01:48.999999912,PARTIAL,2024-11
3513 Chefs,90,13.0,2026-07-29 04:55:29.999999953,53.0,2026-07-29 04:55:29.999999953,CLEARED,2024-11
3513 Chefs,95,1.0,2024-11-03 05:08:50.999999864,1.0,2024-11-03 05:08:50.999999864,CLEARED,2024-11
3513 Chefs,100,1.0,2024-09-30 10:26:31.999999784,1.0,2024-09-30 10:26:31.999999784,CLEARED,2024-11
3611 Animal Attendants and Trainers,70,1.0,2024-10-24 20:02:52.000000814,0.0,,UNTOUCHED,2024-11
3941 Cabinetmakers,50,1.0,2025-06-28 04:57:43.999999848,0.0,,UNTOUCHED,2024-11
3941 Cabinetmakers,55,1.0,2024-10-07 20:32:46.000000245,0.0,,UNTOUCHED,2024-11
3941 Cabinetmakers,65,2.0,2025-12-29 04:55:31.999999794,0.0,,UNTOUCHED,2024-11
3941 Cabinetmakers,70,3.0,2025-01-07 05:03:06.000000310,3.0,2025-01-07 05:03:06.000000310,CLEARED,2024-11
3941 Cabinetmakers,75,2.0,2024-10-25 16:55:28.999999727,2.0,2024-10-25 16:55:28.999999727,CLEARED,2024-11
3941 Cabinetmakers,85,0.0,,2.0,2024-11-05 04:56:36.999999905,PARTIAL,2024-11
3991 Boat Builders and Shipwrights,65,1.0,2024-10-12 11:27:58.999999792,0.0,,UNTOUCHED,2024-11
3991 Boat Builders and Shipwrights,70,1.0,2024-10-20 13:04:09.000000163,0.0,,UNTOUCHED,2024-11
3991 Boat Builders and Shipwrights,75,1.0,2025-08-28 04:57:48.000000159,0.0,,UNTOUCHED,2024-11
3991 Boat Builders and Shipwrights,90,0.0,,1.0,2024-02-28 04:38:23.000000029,PARTIAL,2024-11
"4523 Sports Coaches, Instructors and Officials",65,2.0,2024-10-29 04:58:23.000000168,0.0,,UNTOUCHED,2024-11
"4523 Sports Coaches, Instructors and Officials",70,2.0,2025-11-11 04:54:56.999999784,0.0,,UNTOUCHED,2024-11
1331 Construction Managers,40,1.0,2026-05-18 04:56:52.000000267,0.0,,UNTOUCHED,2025-08
1331 Construction Managers,45,1.0,2025-07-14 05:16:35.000000204,0.0,,UNTOUCHED,2025-08
1331 Construction Managers,50,8.0,2026-06-30 04:59:01.000000245,0.0,,UNTOUCHED,2025-08
1331 Construction Managers,55,17.0,2026-07-27 05:01:28.000000038,0.0,,UNTOUCHED,2025-08
1331 Construction Managers,60,34.0,2026-07-30 04:56:28.999999921,0.0,,UNTOUCHED,2025-08
1331 Construction Managers,65,199.0,2026-08-29 05:03:29.000000033,0.0,,UNTOUCHED,2025-08
1331 Construction Managers,70,208.0,2026-08-30 05:07:51.000000300,0.0,,UNTOUCHED,2025-08
1331 Construction Managers,75,210.0,2026-08-12 05:05:07.000000313,0.0,,UNTOUCHED,2025-08
1331 Construction Managers,80,103.0,2026-08-11 05:03:38.000000252,0.0,,UNTOUCHED,2025-08
1331 Construction Managers,85,55.0,2026-04-21 04:57:11.999999914,0.0,,UNTOUCHED,2025-08
1331 Construction Managers,90,11.0,2026-05-03 05:10:08.000000261,8.0,2025-08-20 04:55:26.999999886,PARTIAL,2025-08
1331 Construction Managers,95,1.0,2025-10-21 04:55:41.000000013,1.0,2025-10-21 04:55:41.000000013,CLEARED,2025-08
1331 Construction Managers,100,1.0,2025-06-14 01:08:33.000000270,1.0,2025-06-14 01:08:33.000000270,CLEARED,2025-08
1332 Engineering Managers,40,1.0,2026-01-28 04:57:18.000000057,0.0,,UNTOUCHED,2025-08
1332 Engineering Managers,45,1.0,2026-07-30 04:56:28.999999921,0.0,,UNTOUCHED,2025-08
1332 Engineering Managers,50,2.0,2025-06-14 04:54:00.000000296,0.0,,UNTOUCHED,2025-08
1332 Engineering Managers,55,4.0,2026-06-22 04:54:35.999999910,0.0,,UNTOUCHED,2025-08
1332 Engineering Managers,60,6.0,2026-06-21 05:01:56.999999896,0.0,,UNTOUCHED,2025-08
1332 Engineering Managers,65,38.0,2026-08-24 04:55:15.999999827,0.0,,UNTOUCHED,2025-08
1332 Engineering Managers,70,39.0,2026-08-14 04:55:58.999999820,0.0,,UNTOUCHED,2025-08
1332 Engineering Managers,75,37.0,2026-07-20 04:55:50.999999836,0.0,,UNTOUCHED,2025-08
1332 Engineering Managers,80,15.0,2026-08-06 04:55:26.999999886,0.0,,UNTOUCHED,2025-08
1332 Engineering Managers,85,13.0,2026-03-25 04:54:35.000000305,0.0,,UNTOUCHED,2025-08
1332 Engineering Managers,90,1.0,2025-08-06 04:54:37.000000137,1.0,2025-08-06 04:54:37.000000137,CLEARED,2025-08
1341 Child Care Centre Managers,60,1.0,2026-07-06 04:58:17.000000016,0.0,,UNTOUCHED,2025-08
1341 Child Care Centre Managers,65,3.0,2025-10-05 04:55:56.999999979,0.0,,UNTOUCHED,2025-08
1341 Child Care Centre Managers,70,6.0,2026-07-22 04:56:30.999999762,0.0,,UNTOUCHED,2025-08
1341 Child Care Centre Managers,75,1.0,2025-06-12 04:54:15.000000027,0.0,,UNTOUCHED,2025-08
1341 Child Care Centre Managers,80,1.0,2025-10-04 04:55:29.999999953,0.0,,UNTOUCHED,2025-08
1342 Health and Welfare Services Managers,60,2.0,2026-01-01 04:54:35.000000305,0.0,,UNTOUCHED,2025-08
1342 Health and Welfare Services Managers,65,6.0,2026-07-04 05:01:13.000000298,0.0,,UNTOUCHED,2025-08
1342 Health and Welfare Services Managers,70,8.0,2026-08-22 04:57:27.000000276,0.0,,UNTOUCHED,2025-08
1342 Health and Welfare Services Managers,75,3.0,2026-05-08 04:56:01.999999896,0.0,,UNTOUCHED,2025-08
1342 Health and Welfare Services Managers,80,3.0,2025-06-15 05:03:59.000000126,0.0,,UNTOUCHED,2025-08
1342 Health and Welfare Services Managers,85,3.0,2026-02-08 04:55:41.000000013,0.0,,UNTOUCHED,2025-08
1342 Health and Welfare Services Managers,90,0.0,,1.0,2025-07-22 05:16:13.999999699,PARTIAL,2025-08
1399 Other Specialist Managers,55,3.0,2026-05-02 05:09:35.000000092,0.0,,UNTOUCHED,2025-08
1399 Other Specialist Managers,60,3.0,2026-05-07 04:57:11.000000309,0.0,,UNTOUCHED,2025-08
1399 Other Specialist Managers,65,19.0,2026-06-19 04:55:53.000000307,0.0,,UNTOUCHED,2025-08
1399 Other Specialist Managers,70,15.0,2025-12-20 04:55:59.999999424,0.0,,UNTOUCHED,2025-08
1399 Other Specialist Managers,75,19.0,2026-08-20 04:58:58.999999782,0.0,,UNTOUCHED,2025-08
1399 Other Specialist Managers,80,5.0,2026-08-04 04:59:14.000000144,0.0,,UNTOUCHED,2025-08
1399 Other Specialist Managers,85,6.0,2026-03-29 05:24:47.000000174,0.0,,UNTOUCHED,2025-08
1399 Other Specialist Managers,90,3.0,2026-01-13 04:57:53.000000066,2.0,2025-10-21 04:55:41.000000013,PARTIAL,2025-08
1399 Other Specialist Managers,95,2.0,2025-08-08 04:57:19.000000293,2.0,2025-08-08 04:57:19.000000293,CLEARED,2025-08
"2111 Actors, Dancers and Other Entertainers",75,2.0,2026-03-31 04:57:27.000000276,0.0,,UNTOUCHED,2025-08
"2111 Actors, Dancers and Other Entertainers",80,2.0,2026-04-01 04:56:03.000000131,0.0,,UNTOUCHED,2025-08
2112 Music Professionals,60,1.0,2025-04-01 20:34:58.999999903,0.0,,UNTOUCHED,2025-08
2112 Music Professionals,65,1.0,2025-06-17 13:42:02.999999908,0.0,,UNTOUCHED,2025-08
2112 Music Professionals,70,1.0,2026-07-13 04:58:58.000000177,0.0,,UNTOUCHED,2025-08
2211 Accountants,35,1.0,2025-10-09 04:55:10.000000315,0.0,,UNTOUCHED,2025-08
2211 Accountants,45,5.0,2026-01-02 04:57:05.000000166,0.0,,UNTOUCHED,2025-08
2211 Accountants,50,3.0,2026-04-22 04:54:37.999999742,0.0,,UNTOUCHED,2025-08
2211 Accountants,55,14.0,2026-06-09 04:54:02.999999733,0.0,,UNTOUCHED,2025-08
2211 Accountants,60,74.0,2026-08-08 04:56:11.999999719,0.0,,UNTOUCHED,2025-08
2211 Accountants,65,480.0,2026-09-02 05:00:32.000000146,0.0,,UNTOUCHED,2025-08
2211 Accountants,70,758.0,2026-08-30 05:07:51.000000300,0.0,,UNTOUCHED,2025-08
2211 Accountants,75,738.0,2026-09-02 05:00:32.000000146,0.0,,UNTOUCHED,2025-08
2211 Accountants,80,634.0,2026-09-01 05:03:54.000000218,0.0,,UNTOUCHED,2025-08
2211 Accountants,85,617.0,2026-09-02 05:00:32.000000146,0.0,,UNTOUCHED,2025-08
2211 Accountants,90,415.0,2026-09-02 05:00:32.000000146,0.0,,UNTOUCHED,2025-08
2211 Accountants,95,169.0,2026-08-21 04:59:33.999999792,0.0,,UNTOUCHED,2025-08
2211 Accountants,100,43.0,2026-08-28 04:55:18.999999903,0.0,,UNTOUCHED,2025-08
2211 Accountants,105,2.0,2025-07-06 04:54:00.999999901,0.0,,UNTOUCHED,2025-08
"2212 Auditors, Company Secretaries and Corporate Treasurers",45,1.0,2025-09-07 05:04:34.999999740,0.0,,UNTOUCHED,2025-08
"2212 Auditors, Company Secretaries and Corporate Treasurers",50,1.0,2025-05-06 11:27:26.000000254,0.0,,UNTOUCHED,2025-08
"2212 Auditors, Company Secretaries and Corporate Treasurers",55,4.0,2026-04-14 04:56:25.999999846,0.0,,UNTOUCHED,2025-08
"2212 Auditors, Company Secretaries and Corporate Treasurers",60,54.0,2026-08-17 04:55:06.000000003,0.0,,UNTOUCHED,2025-08
"2212 Auditors, Company Secretaries and Corporate Treasurers",65,233.0,2026-08-27 04:59:08.000000001,0.0,,UNTOUCHED,2025-08
"2212 Auditors, Company Secretaries and Corporate Treasurers",70,349.0,2026-08-29 05:03:29.000000033,0.0,,UNTOUCHED,2025-08
"2212 Auditors, Company Secretaries and Corporate Treasurers",75,335.0,2026-09-02 05:00:32.000000146,0.0,,UNTOUCHED,2025-08
"2212 Auditors, Company Secretaries and Corporate Treasurers",80,340.0,2026-08-24 04:55:15.999999827,0.0,,UNTOUCHED,2025-08
"2212 Auditors, Company Secretaries and Corporate Treasurers",85,339.0,2026-08-28 04:55:18.999999903,0.0,,UNTOUCHED,2025-08
"2212 Auditors, Company Secretaries and Corporate Treasurers",90,153.0,2026-08-13 04:57:24.999999805,0.0,,UNTOUCHED,2025-08
"2212 Auditors, Company Secretaries and Corporate Treasurers",95,39.0,2026-07-15 05:00:49.999999953,0.0,,UNTOUCHED,2025-08
"2212 Auditors, Company Secretaries and Corporate Treasurers",100,1.0,2026-02-11 04:59:14.000000144,0.0,,UNTOUCHED,2025-08
"2212 Auditors, Company Secretaries and Corporate Treasurers",105,1.0,2025-07-13 05:15:55.000000287,0.0,,UNTOUCHED,2025-08
"2241 Actuaries, Mathematicians and Statisticians",40,1.0,2025-12-01 04:55:02.999999936,0.0,,UNTOUCHED,2025-08
"2241 Actuaries, Mathematicians and Statisticians",60,6.0,2026-07-29 04:55:29.999999953,0.0,,UNTOUCHED,2025-08
"2241 Actuaries, Mathematicians and Statisticians",65,21.0,2026-06-14 05:12:00.000000046,0.0,,UNTOUCHED,2025-08
"2241 Actuaries, Mathematicians and Statisticians",70,42.0,2026-07-01 04:59:06.999999766,0.0,,UNTOUCHED,2025-08
"2241 Actuaries, Mathematicians and Statisticians",75,49.0,2026-07-17 04:59:30.999999716,0.0,,UNTOUCHED,2025-08
"2241 Actuaries, Mathematicians and Statisticians",80,54.0,2026-06-28 05:05:09.000000144,0.0,,UNTOUCHED,2025-08
"2241 Actuaries, Mathematicians and Statisticians",85,80.0,2026-06-19 04:55:53.000000307,0.0,,UNTOUCHED,2025-08
"2241 Actuaries, Mathematicians and Statisticians",90,84.0,2026-03-26 04:55:58.999999820,61.0,2025-11-05 04:55:42.000000248,PARTIAL,2025-08
"2241 Actuaries, Mathematicians and Statisticians",95,28.0,2025-10-21 04:55:41.000000013,28.0,2025-10-21 04:55:41.000000013,CLEARED,2025-08
"2241 Actuaries, Mathematicians and Statisticians",100,3.0,2025-07-13 19:16:45.999999845,2.0,2025-07-13 19:16:45.999999845,CLEARED,2025-08
2243 Economists,55,1.0,2025-04-22 16:54:35.000000305,0.0,,UNTOUCHED,2025-08
2243 Economists,60,4.0,2026-07-22 04:56:30.999999762,0.0,,UNTOUCHED,2025-08
2243 Economists,65,8.0,2026-05-30 04:56:19.999999703,0.0,,UNTOUCHED,2025-08
2243 Economists,70,6.0,2026-07-04 05:01:13.000000298,0.0,,UNTOUCHED,2025-08
2243 Economists,75,15.0,2026-08-10 04:58:42.999999816,0.0,,UNTOUCHED,2025-08
2243 Economists,80,19.0,2026-08-04 04:59:14.000000144,0.0,,UNTOUCHED,2025-08
2243 Economists,85,12.0,2025-09-19 04:56:14.999999786,0.0,,UNTOUCHED,2025-08
2243 Economists,90,7.0,2025-08-12 04:54:40.999999818,4.0,2025-08-12 04:54:40.999999818,CLEARED,2025-08
2243 Economists,95,3.0,2025-06-12 03:34:51.999999942,4.0,2025-08-08 07:40:55.999999957,CLEARED,2025-08
2245 Land Economists and Valuers,60,2.0,2026-05-01 05:10:19.999999925,0.0,,UNTOUCHED,2025-08
2245 Land Economists and Valuers,65,5.0,2026-07-22 04:56:30.999999762,0.0,,UNTOUCHED,2025-08
2245 Land Economists and Valuers,70,5.0,2026-05-23 04:57:35.000000259,0.0,,UNTOUCHED,2025-08
2245 Land Economists and Valuers,75,12.0,2026-07-30 04:56:28.999999921,0.0,,UNTOUCHED,2025-08
2245 Land Economists and Valuers,80,15.0,2026-08-20 04:58:58.999999782,0.0,,UNTOUCHED,2025-08
2245 Land Economists and Valuers,85,14.0,2026-04-25 04:55:10.000000315,0.0,,UNTOUCHED,2025-08
2245 Land Economists and Valuers,90,5.0,2025-07-01 05:09:19.000000126,4.0,2025-07-01 05:09:19.000000126,CLEARED,2025-08
2247 Management and Organisation Analysts,50,1.0,2026-02-17 04:54:03.999999968,0.0,,UNTOUCHED,2025-08
2247 Management and Organisation Analysts,55,1.0,2025-04-15 15:46:56.999999691,0.0,,UNTOUCHED,2025-08
2247 Management and Organisation Analysts,60,2.0,2026-04-26 05:02:22.999999686,0.0,,UNTOUCHED,2025-08
2247 Management and Organisation Analysts,65,23.0,2026-08-17 04:55:06.000000003,0.0,,UNTOUCHED,2025-08
2247 Management and Organisation Analysts,70,25.0,2026-08-05 04:57:06.999999998,0.0,,UNTOUCHED,2025-08
2247 Management and Organisation Analysts,75,48.0,2026-08-31 05:04:37.000000211,0.0,,UNTOUCHED,2025-08
2247 Management and Organisation Analysts,80,56.0,2026-08-04 20:14:34.000000209,0.0,,UNTOUCHED,2025-08
2247 Management and Organisation Analysts,85,64.0,2026-05-24 05:14:24.999999990,0.0,,UNTOUCHED,2025-08
2247 Management and Organisation Analysts,90,38.0,2025-11-11 19:51:05.999999855,24.0,2025-11-11 19:51:05.999999855,CLEARED,2025-08
2247 Management and Organisation Analysts,95,3.0,2025-07-18 16:48:07.999999732,3.0,2025-07-18 16:48:07.999999732,CLEARED,2025-08
2321 Architects and Landscape Architects,55,3.0,2026-03-05 04:56:11.000000114,0.0,,UNTOUCHED,2025-08
2321 Architects and Landscape Architects,60,10.0,2026-07-03 04:57:08.000000233,0.0,,UNTOUCHED,2025-08
2321 Architects and Landscape Architects,65,68.0,2026-09-01 05:03:54.000000218,0.0,,UNTOUCHED,2025-08
2321 Architects and Landscape Architects,70,135.0,2026-08-28 04:55:18.999999903,0.0,,UNTOUCHED,2025-08
2321 Architects and Landscape Architects,75,139.0,2026-08-31 05:04:37.000000211,0.0,,UNTOUCHED,2025-08
2321 Architects and Landscape Architects,80,95.0,2026-08-27 04:59:08.000000001,0.0,,UNTOUCHED,2025-08
2321 Architects and Landscape Architects,85,53.0,2026-05-06 04:57:21.999999738,0.0,,UNTOUCHED,2025-08
2321 Architects and Landscape Architects,90,20.0,2026-01-13 04:57:53.000000066,9.0,2025-11-12 04:55:34.999999870,PARTIAL,2025-08
2321 Architects and Landscape Architects,110,1.0,2025-08-16 04:59:09.000000228,1.0,2025-08-16 04:59:09.000000228,CLEARED,2025-08
2322 Cartographers and Surveyors,55,1.0,2025-04-22 04:52:47.000000202,0.0,,UNTOUCHED,2025-08
2322 Cartographers and Surveyors,60,3.0,2026-03-18 04:54:37.999999742,0.0,,UNTOUCHED,2025-08
2322 Cartographers and Surveyors,65,34.0,2026-07-28 05:01:53.999999829,0.0,,UNTOUCHED,2025-08
2322 Cartographers and Surveyors,70,28.0,2026-07-24 05:03:16.000000133,0.0,,UNTOUCHED,2025-08
2322 Cartographers and Surveyors,75,26.0,2026-07-01 04:59:06.999999766,0.0,,UNTOUCHED,2025-08
2322 Cartographers and Surveyors,80,23.0,2026-08-21 04:59:33.999999792,0.0,,UNTOUCHED,2025-08
2322 Cartographers and Surveyors,85,14.0,2026-05-14 04:54:32.999999834,0.0,,UNTOUCHED,2025-08
2322 Cartographers and Surveyors,90,11.0,2025-10-12 09:19:12.000000230,7.0,2025-05-07 04:56:11.000000114,PARTIAL,2025-08
2322 Cartographers and Surveyors,95,10.0,2025-07-12 04:53:35.999999715,1.0,2025-07-07 04:53:12.999999992,PARTIAL,2025-08
2331 Chemical and Materials Engineers,45,2.0,2025-06-27 04:54:50.000000037,0.0,,UNTOUCHED,2025-08
2331 Chemical and Materials Engineers,50,2.0,2026-04-10 04:55:34.000000265,0.0,,UNTOUCHED,2025-08
2331 Chemical and Materials Engineers,55,3.0,2026-08-11 05:03:38.000000252,0.0,,UNTOUCHED,2025-08
2331 Chemical and Materials Engineers,60,16.0,2026-06-16 04:55:07.999999844,0.0,,UNTOUCHED,2025-08
2331 Chemical and Materials Engineers,65,77.0,2026-08-30 05:07:51.000000300,0.0,,UNTOUCHED,2025-08
2331 Chemical and Materials Engineers,70,99.0,2026-08-28 04:55:18.999999903,0.0,,UNTOUCHED,2025-08
2331 Chemical and Materials Engineers,75,106.0,2026-09-02 05:00:32.000000146,0.0,,UNTOUCHED,2025-08
2331 Chemical and Materials Engineers,80,122.0,2026-08-27 04:59:08.000000001,0.0,,UNTOUCHED,2025-08
2331 Chemical and Materials Engineers,85,98.0,2026-08-19 04:55:55.999999752,0.0,,UNTOUCHED,2025-08
2331 Chemical and Materials Engineers,90,59.0,2026-08-26 04:55:23.000000206,35.0,2025-10-21 04:55:41.000000013,PARTIAL,2025-08
2331 Chemical and Materials Engineers,95,22.0,2026-06-25 05:01:32.999999946,29.0,2026-06-25 05:01:32.999999946,CLEARED,2025-08
2331 Chemical and Materials Engineers,100,7.0,2025-07-31 09:52:13.000000010,9.0,2025-08-15 17:31:14.000000116,CLEARED,2025-08
2331 Chemical and Materials Engineers,105,1.0,2025-02-23 20:21:31.000000245,1.0,2025-02-23 20:21:31.000000245,CLEARED,2025-08
2332 Civil Engineering Professionals,40,2.0,2026-03-08 05:01:02.000000248,0.0,,UNTOUCHED,2025-08
2332 Civil Engineering Professionals,45,6.0,2026-07-11 04:55:42.999999853,0.0,,UNTOUCHED,2025-08
2332 Civil Engineering Professionals,50,20.0,2026-08-29 05:03:29.000000033,0.0,,UNTOUCHED,2025-08
2332 Civil Engineering Professionals,55,55.0,2026-08-15 04:55:31.000000189,0.0,,UNTOUCHED,2025-08
2332 Civil Engineering Professionals,60,121.0,2026-08-27 04:59:08.000000001,0.0,,UNTOUCHED,2025-08
2332 Civil Engineering Professionals,65,586.0,2026-09-02 05:00:32.000000146,0.0,,UNTOUCHED,2025-08
2332 Civil Engineering Professionals,70,708.0,2026-09-02 05:00:32.000000146,0.0,,UNTOUCHED,2025-08
2332 Civil Engineering Professionals,75,756.0,2026-09-02 05:00:32.000000146,0.0,,UNTOUCHED,2025-08
2332 Civil Engineering Professionals,80,612.0,2026-09-02 05:00:32.000000146,0.0,,UNTOUCHED,2025-08
2332 Civil Engineering Professionals,85,509.0,2026-08-28 04:55:18.999999903,0.0,,UNTOUCHED,2025-08
2332 Civil Engineering Professionals,90,233.0,2026-08-18 04:56:31.999999989,0.0,,UNTOUCHED,2025-08
2332 Civil Engineering Professionals,95,42.0,2026-08-15 04:55:31.000000189,0.0,,UNTOUCHED,2025-08
2332 Civil Engineering Professionals,100,10.0,2026-07-19 05:21:30.000000018,0.0,,UNTOUCHED,2025-08
2332 Civil Engineering Professionals,105,1.0,2026-01-27 05:03:16.000000133,0.0,,UNTOUCHED,2025-08
2333 Electrical Engineers,45,7.0,2026-05-25 05:00:53.000000029,0.0,,UNTOUCHED,2025-08
2333 Electrical Engineers,50,6.0,2026-02-28 04:55:44.999999693,0.0,,UNTOUCHED,2025-08
2333 Electrical Engineers,55,28.0,2026-08-17 04:55:06.000000003,0.0,,UNTOUCHED,2025-08
2333 Electrical Engineers,60,54.0,2026-08-28 04:55:18.999999903,0.0,,UNTOUCHED,2025-08
2333 Electrical Engineers,65,237.0,2026-09-01 05:03:54.000000218,0.0,,UNTOUCHED,2025-08
2333 Electrical Engineers,70,247.0,2026-09-01 05:03:54.000000218,0.0,,UNTOUCHED,2025-08
2333 Electrical Engineers,75,257.0,2026-08-19 04:55:55.999999752,0.0,,UNTOUCHED,2025-08
2333 Electrical Engineers,80,244.0,2026-08-26 04:55:23.000000206,0.0,,UNTOUCHED,2025-08
2333 Electrical Engineers,85,205.0,2026-08-30 05:07:51.000000300,0.0,,UNTOUCHED,2025-08
2333 Electrical Engineers,90,80.0,2026-08-29 05:03:29.000000033,0.0,,UNTOUCHED,2025-08
2333 Electrical Engineers,95,21.0,2026-08-23 05:01:10.000000231,0.0,,UNTOUCHED,2025-08
2333 Electrical Engineers,100,7.0,2026-04-12 05:07:00.999999929,0.0,,UNTOUCHED,2025-08
2333 Electrical Engineers,105,1.0,2025-07-21 04:53:25.000000287,0.0,,UNTOUCHED,2025-08
2334 Electronics Engineers,45,3.0,2026-06-08 04:54:29.999999759,0.0,,UNTOUCHED,2025-08
2334 Electronics Engineers,50,10.0,2026-07-03 04:57:08.000000233,0.0,,UNTOUCHED,2025-08
2334 Electronics Engineers,55,23.0,2026-07-28 05:01:53.999999829,0.0,,UNTOUCHED,2025-08
2334 Electronics Engineers,60,37.0,2026-08-10 04:58:42.999999816,0.0,,UNTOUCHED,2025-08
2334 Electronics Engineers,65,148.0,2026-08-19 04:55:55.999999752,0.0,,UNTOUCHED,2025-08
2334 Electronics Engineers,70,149.0,2026-08-13 04:57:24.999999805,0.0,,UNTOUCHED,2025-08
2334 Electronics Engineers,75,168.0,2026-09-02 05:00:32.000000146,0.0,,UNTOUCHED,2025-08
2334 Electronics Engineers,80,154.0,2026-08-30 05:07:51.000000300,0.0,,UNTOUCHED,2025-08
2334 Electronics Engineers,85,126.0,2026-08-14 04:55:58.999999820,0.0,,UNTOUCHED,2025-08
2334 Electronics Engineers,90,60.0,2026-08-18 04:56:31.999999989,0.0,,UNTOUCHED,2025-08
2334 Electronics Engineers,95,18.0,2026-03-06 04:54:35.999999910,7.0,2025-08-18 04:54:45.999999734,PARTIAL,2025-08
2334 Electronics Engineers,100,5.0,2026-01-28 04:57:18.000000057,6.0,2026-01-28 04:57:18.000000057,CLEARED,2025-08
"2335 Industrial, Mechanical and Production Engineers",40,5.0,2026-08-23 05:01:10.000000231,0.0,,UNTOUCHED,2025-08
"2335 Industrial, Mechanical and Production Engineers",45,3.0,2025-10-25 04:55:10.999999920,0.0,,UNTOUCHED,2025-08
"2335 Industrial, Mechanical and Production Engineers",50,14.0,2026-06-03 04:56:27.000000081,0.0,,UNTOUCHED,2025-08
"2335 Industrial, Mechanical and Production Engineers",55,50.0,2026-07-31 04:56:47.999999964,0.0,,UNTOUCHED,2025-08
"2335 Industrial, Mechanical and Production Engineers",60,116.0,2026-08-27 04:59:08.000000001,0.0,,UNTOUCHED,2025-08
"2335 Industrial, Mechanical and Production Engineers",65,480.0,2026-09-01 05:03:54.000000218,0.0,,UNTOUCHED,2025-08
"2335 Industrial, Mechanical and Production Engineers",70,491.0,2026-08-30 05:07:51.000000300,0.0,,UNTOUCHED,2025-08
"2335 Industrial, Mechanical and Production Engineers",75,562.0,2026-08-24 04:55:15.999999827,0.0,,UNTOUCHED,2025-08
"2335 Industrial, Mechanical and Production Engineers",80,514.0,2026-09-02 05:00:32.000000146,0.0,,UNTOUCHED,2025-08
"2335 Industrial, Mechanical and Production Engineers",85,485.0,2026-08-28 04:55:18.999999903,0.0,,UNTOUCHED,2025-08
"2335 Industrial, Mechanical and Production Engineers",90,267.0,2026-09-02 05:00:32.000000146,0.0,,UNTOUCHED,2025-08
"2335 Industrial, Mechanical and Production Engineers",95,47.0,2026-08-27 04:59:08.000000001,0.0,,UNTOUCHED,2025-08
"2335 Industrial, Mechanical and Production Engineers",100,8.0,2026-07-27 05:01:28.000000038,0.0,,UNTOUCHED,2025-08
2336 Mining Engineers,40,1.0,2026-04-17 04:58:23.999999773,0.0,,UNTOUCHED,2025-08
2336 Mining Engineers,50,3.0,2026-06-28 05:05:09.000000144,0.0,,UNTOUCHED,2025-08
2336 Mining Engineers,55,8.0,2026-07-19 05:21:30.000000018,0.0,,UNTOUCHED,2025-08
2336 Mining Engineers,60,4.0,2026-06-29 04:58:45.999999883,0.0,,UNTOUCHED,2025-08
2336 Mining Engineers,65,36.0,2026-08-28 04:55:18.999999903,0.0,,UNTOUCHED,2025-08
2336 Mining Engineers,70,41.0,2026-08-07 04:55:50.000000232,0.0,,UNTOUCHED,2025-08
2336 Mining Engineers,75,39.0,2026-08-04 04:59:14.000000144,0.0,,UNTOUCHED,2025-08
2336 Mining Engineers,80,34.0,2026-05-12 04:54:29.000000154,0.0,,UNTOUCHED,2025-08
2336 Mining Engineers,85,29.0,2026-01-13 04:57:53.000000066,0.0,,UNTOUCHED,2025-08
2336 Mining Engineers,90,11.0,2025-07-31 21:04:03.999999829,8.0,2025-07-03 05:01:40.999999929,PARTIAL,2025-08
2336 Mining Engineers,95,2.0,2025-06-23 04:53:25.000000287,3.0,2025-08-07 16:50:00.999999744,CLEARED,2025-08
2339 Other Engineering Professionals,40,1.0,2026-02-16 04:57:08.000000233,0.0,,UNTOUCHED,2025-08
2339 Other Engineering Professionals,45,3.0,2026-01-01 04:54:35.000000305,0.0,,UNTOUCHED,2025-08
2339 Other Engineering Professionals,50,16.0,2026-08-29 05:03:29.000000033,0.0,,UNTOUCHED,2025-08
2339 Other Engineering Professionals,55,50.0,2026-08-19 04:55:55.999999752,0.0,,UNTOUCHED,2025-08
2339 Other Engineering Professionals,60,86.0,2026-09-02 05:00:32.000000146,0.0,,UNTOUCHED,2025-08
2339 Other Engineering Professionals,65,440.0,2026-09-01 05:03:54.000000218,0.0,,UNTOUCHED,2025-08
2339 Other Engineering Professionals,70,478.0,2026-08-31 05:04:37.000000211,0.0,,UNTOUCHED,2025-08
2339 Other Engineering Professionals,75,488.0,2026-08-31 05:04:37.000000211,0.0,,UNTOUCHED,2025-08
2339 Other Engineering Professionals,80,479.0,2026-09-01 05:03:54.000000218,0.0,,UNTOUCHED,2025-08
2339 Other Engineering Professionals,85,482.0,2026-08-30 05:07:51.000000300,0.0,,UNTOUCHED,2025-08
2339 Other Engineering Professionals,90,220.0,2026-08-28 04:55:18.999999903,0.0,,UNTOUCHED,2025-08
2339 Other Engineering Professionals,95,40.0,2026-06-02 04:55:07.000000239,0.0,,UNTOUCHED,2025-08
2339 Other Engineering Professionals,100,9.0,2026-07-07 04:59:55.000000296,0.0,,UNTOUCHED,2025-08
2339 Other Engineering Professionals,105,2.0,2026-06-28 05:05:09.000000144,0.0,,UNTOUCHED,2025-08
2341 Agricultural and Forestry Scientists,45,1.0,2025-11-15 04:57:57.999999983,0.0,,UNTOUCHED,2025-08
2341 Agricultural and Forestry Scientists,50,1.0,2025-09-18 04:54:51.000000272,0.0,,UNTOUCHED,2025-08
2341 Agricultural and Forestry Scientists,55,13.0,2026-06-08 04:54:29.999999759,0.0,,UNTOUCHED,2025-08
2341 Agricultural and Forestry Scientists,60,13.0,2026-07-19 05:21:30.000000018,0.0,,UNTOUCHED,2025-08
2341 Agricultural and Forestry Scientists,65,79.0,2026-08-26 04:55:23.000000206,0.0,,UNTOUCHED,2025-08
2341 Agricultural and Forestry Scientists,70,56.0,2026-08-31 14:42:37.999999704,0.0,,UNTOUCHED,2025-08
2341 Agricultural and Forestry Scientists,75,62.0,2026-08-15 04:55:31.000000189,0.0,,UNTOUCHED,2025-08
2341 Agricultural and Forestry Scientists,80,52.0,2026-08-04 04:59:14.000000144,0.0,,UNTOUCHED,2025-08
2341 Agricultural and Forestry Scientists,85,29.0,2026-05-31 04:55:58.000000215,0.0,,UNTOUCHED,2025-08
2341 Agricultural and Forestry Scientists,90,31.0,2025-08-10 05:00:32.999999751,23.0,2025-07-25 04:53:20.999999976,PARTIAL,2025-08
2341 Agricultural and Forestry Scientists,95,17.0,2025-10-21 04:55:41.000000013,18.0,2025-10-21 04:55:41.000000013,CLEARED,2025-08
2341 Agricultural and Forestry Scientists,100,4.0,2025-08-11 04:54:24.999999851,4.0,2025-08-13 10:14:44.999999842,CLEARED,2025-08
"2342 Chemists, and Food and Wine Scientists",50,3.0,2026-07-27 05:01:28.000000038,0.0,,UNTOUCHED,2025-08
"2342 Chemists, and Food and Wine Scientists",55,6.0,2026-07-25 05:03:03.000000242,0.0,,UNTOUCHED,2025-08
"2342 Chemists, and Food and Wine Scientists",60,16.0,2026-06-10 04:54:56.000000180,0.0,,UNTOUCHED,2025-08
"2342 Chemists, and Food and Wine Scientists",65,66.0,2026-09-01 05:03:54.000000218,0.0,,UNTOUCHED,2025-08
"2342 Chemists, and Food and Wine Scientists",70,79.0,2026-08-29 05:03:29.000000033,0.0,,UNTOUCHED,2025-08
"2342 Chemists, and Food and Wine Scientists",75,76.0,2026-08-16 04:58:10.999999873,0.0,,UNTOUCHED,2025-08
"2342 Chemists, and Food and Wine Scientists",80,57.0,2026-08-23 05:01:10.000000231,0.0,,UNTOUCHED,2025-08
"2342 Chemists, and Food and Wine Scientists",85,60.0,2026-01-21 04:57:29.999999721,0.0,,UNTOUCHED,2025-08
"2342 Chemists, and Food and Wine Scientists",90,34.0,2026-02-14 04:56:57.999999788,19.0,2025-11-11 04:54:56.999999784,PARTIAL,2025-08
"2342 Chemists, and Food and Wine Scientists",95,8.0,2025-07-08 05:15:30.000000101,10.0,2025-08-19 15:35:39.000000246,CLEARED,2025-08
"2342 Chemists, and Food and Wine Scientists",100,6.0,2025-08-19 04:54:59.000000256,6.0,2025-08-19 04:54:59.000000256,CLEARED,2025-08
"2342 Chemists, and Food and Wine Scientists",105,1.0,2025-02-13 05:42:14.999999981,1.0,2025-02-13 05:42:14.999999981,CLEARED,2025-08
"2342 Chemists, and Food and Wine Scientists",110,1.0,2025-07-22 22:23:28.999999754,1.0,2025-07-22 22:23:28.999999754,CLEARED,2025-08
2343 Environmental Scientists,45,1.0,2025-11-10 04:55:12.999999751,0.0,,UNTOUCHED,2025-08
2343 Environmental Scientists,50,1.0,2025-05-31 05:22:32.000000044,0.0,,UNTOUCHED,2025-08
2343 Environmental Scientists,60,5.0,2026-04-02 04:55:26.999999886,0.0,,UNTOUCHED,2025-08
2343 Environmental Scientists,65,21.0,2026-09-02 05:00:32.000000146,0.0,,UNTOUCHED,2025-08
2343 Environmental Scientists,70,26.0,2026-08-03 04:59:30.000000111,0.0,,UNTOUCHED,2025-08
2343 Environmental Scientists,75,36.0,2026-08-09 05:00:56.999999701,0.0,,UNTOUCHED,2025-08
2343 Environmental Scientists,80,31.0,2026-08-23 05:01:10.000000231,0.0,,UNTOUCHED,2025-08
2343 Environmental Scientists,85,33.0,2026-06-01 04:57:11.999999914,0.0,,UNTOUCHED,2025-08
2343 Environmental Scientists,90,35.0,2026-07-21 04:59:38.000000094,22.0,2026-07-21 04:59:38.000000094,CLEARED,2025-08
2343 Environmental Scientists,95,12.0,2025-11-06 04:55:44.000000088,15.0,2025-11-06 04:55:44.000000088,CLEARED,2025-08
2343 Environmental Scientists,100,7.0,2025-07-21 04:53:25.000000287,8.0,2025-08-16 22:03:48.000000280,CLEARED,2025-08
2343 Environmental Scientists,110,1.0,2024-10-21 13:46:42.999999983,1.0,2024-10-21 13:46:42.999999983,CLEARED,2025-08
2344 Geologists Geophysicists and Hydrogeologists,55,1.0,2026-06-26 05:01:07.000000155,0.0,,UNTOUCHED,2025-08
2344 Geologists Geophysicists and Hydrogeologists,60,2.0,2026-08-22 04:57:27.000000276,0.0,,UNTOUCHED,2025-08
2344 Geologists Geophysicists and Hydrogeologists,65,9.0,2026-07-25 05:03:03.000000242,0.0,,UNTOUCHED,2025-08
2344 Geologists Geophysicists and Hydrogeologists,70,6.0,2026-02-01 04:55:31.000000189,0.0,,UNTOUCHED,2025-08
2344 Geologists Geophysicists and Hydrogeologists,75,5.0,2026-06-26 05:01:07.000000155,0.0,,UNTOUCHED,2025-08
2344 Geologists Geophysicists and Hydrogeologists,80,3.0,2025-10-29 17:21:25.000000102,0.0,,UNTOUCHED,2025-08
2344 Geologists Geophysicists and Hydrogeologists,85,4.0,2025-10-09 04:55:10.000000315,0.0,,UNTOUCHED,2025-08
2344 Geologists Geophysicists and Hydrogeologists,90,2.0,2025-02-10 13:16:05.999999920,2.0,2025-02-10 13:16:05.999999920,CLEARED,2025-08
2344 Geologists Geophysicists and Hydrogeologists,95,1.0,2025-02-06 22:48:23.999999699,1.0,2025-02-06 22:48:23.999999699,CLEARED,2025-08
2345 Life Scientists,50,4.0,2026-04-08 04:54:18.000000103,0.0,,UNTOUCHED,2025-08
2345 Life Scientists,55,10.0,2026-07-21 04:59:38.000000094,0.0,,UNTOUCHED,2025-08
2345 Life Scientists,60,15.0,2026-08-18 04:56:31.999999989,0.0,,UNTOUCHED,2025-08
2345 Life Scientists,65,67.0,2026-08-09 05:00:56.999999701,0.0,,UNTOUCHED,2025-08
2345 Life Scientists,70,71.0,2026-08-17 04:55:06.000000003,0.0,,UNTOUCHED,2025-08
2345 Life Scientists,75,76.0,2026-08-14 04:55:58.999999820,0.0,,UNTOUCHED,2025-08
2345 Life Scientists,80,45.0,2026-06-23 04:55:12.000000146,0.0,,UNTOUCHED,2025-08
2345 Life Scientists,85,65.0,2026-08-24 04:55:15.999999827,0.0,,UNTOUCHED,2025-08
2345 Life Scientists,90,52.0,2026-07-06 04:58:17.000000016,31.0,2026-02-17 04:54:03.999999968,PARTIAL,2025-08
2345 Life Scientists,95,29.0,2025-08-18 04:54:45.999999734,34.0,2025-08-18 04:54:45.999999734,CLEARED,2025-08
2345 Life Scientists,100,14.0,2025-07-31 02:18:39.999999879,15.0,2025-08-20 11:27:09.000000051,CLEARED,2025-08
2345 Life Scientists,105,5.0,2025-10-21 04:55:41.000000013,5.0,2025-10-21 04:55:41.000000013,CLEARED,2025-08
2346 Medical Laboratory Scientists,55,3.0,2026-06-14 05:12:00.000000046,0.0,,UNTOUCHED,2025-08
2346 Medical Laboratory Scientists,60,4.0,2026-05-19 04:54:53.999999717,0.0,,UNTOUCHED,2025-08
2346 Medical Laboratory Scientists,65,21.0,2026-07-16 04:59:44.000000237,0.0,,UNTOUCHED,2025-08
2346 Medical Laboratory Scientists,70,40.0,2026-07-23 04:55:36.999999710,0.0,,UNTOUCHED,2025-08
2346 Medical Laboratory Scientists,75,53.0,2026-08-30 05:07:51.000000300,0.0,,UNTOUCHED,2025-08
2346 Medical Laboratory Scientists,80,24.0,2026-08-04 04:59:14.000000144,0.0,,UNTOUCHED,2025-08
2346 Medical Laboratory Scientists,85,13.0,2026-04-27 04:54:07.000000044,0.0,,UNTOUCHED,2025-08
2346 Medical Laboratory Scientists,90,3.0,2025-03-27 04:56:36.000000300,3.0,2025-03-27 04:56:36.000000300,CLEARED,2025-08
2346 Medical Laboratory Scientists,95,1.0,2025-07-10 04:53:41.000000254,1.0,2025-07-10 04:53:41.000000254,CLEARED,2025-08
2346 Medical Laboratory Scientists,100,1.0,2025-10-21 04:55:41.000000013,1.0,2025-10-21 04:55:41.000000013,CLEARED,2025-08
2347 Veterinarians,65,10.0,2026-02-18 04:55:07.000000239,0.0,,UNTOUCHED,2025-08
2347 Veterinarians,70,5.0,2025-09-18 04:54:51.000000272,0.0,,UNTOUCHED,2025-08
2347 Veterinarians,75,16.0,2026-08-25 04:57:32.999999797,0.0,,UNTOUCHED,2025-08
2347 Veterinarians,80,19.0,2026-04-02 04:55:26.999999886,0.0,,UNTOUCHED,2025-08
2347 Veterinarians,85,22.0,2026-05-28 04:57:37.000000100,0.0,,UNTOUCHED,2025-08
2347 Veterinarians,90,14.0,2025-09-25 12:42:11.999999701,11.0,2025-07-18 04:55:55.000000148,PARTIAL,2025-08
2347 Veterinarians,95,3.0,2025-10-21 04:55:41.000000013,3.0,2025-10-21 04:55:41.000000013,CLEARED,2025-08
2349 Other Natural and Physical Science Professionals,55,3.0,2026-07-25 05:03:03.000000242,0.0,,UNTOUCHED,2025-08
2349 Other Natural and Physical Science Professionals,60,3.0,2026-02-09 05:04:48.000000270,0.0,,UNTOUCHED,2025-08
2349 Other Natural and Physical Science Professionals,65,19.0,2026-08-21 04:59:33.999999792,0.0,,UNTOUCHED,2025-08
2349 Other Natural and Physical Science Professionals,70,11.0,2026-07-04 05:01:13.000000298,0.0,,UNTOUCHED,2025-08
2349 Other Natural and Physical Science Professionals,75,18.0,2026-05-08 04:56:01.999999896,0.0,,UNTOUCHED,2025-08
2349 Other Natural and Physical Science Professionals,80,12.0,2026-05-23 04:57:35.000000259,0.0,,UNTOUCHED,2025-08
2349 Other Natural and Physical Science Professionals,85,10.0,2025-10-17 04:54:59.000000256,0.0,,UNTOUCHED,2025-08
2349 Other Natural and Physical Science Professionals,90,7.0,2025-07-13 17:44:57.999999742,4.0,2025-06-20 04:51:29.000000831,PARTIAL,2025-08
2349 Other Natural and Physical Science Professionals,95,4.0,2025-10-21 04:55:41.000000013,4.0,2025-10-21 04:55:41.000000013,CLEARED,2025-08
2349 Other Natural and Physical Science Professionals,100,6.0,2025-10-21 04:55:41.000000013,6.0,2025-10-21 04:55:41.000000013,CLEARED,2025-08
2349 Other Natural and Physical Science Professionals,115,1.0,2025-10-21 04:55:41.000000013,1.0,2025-10-21 04:55:41.000000013,CLEARED,2025-08
2411 Early Childhood (Pre-primary School) Teachers,45,1.0,2025-05-29 11:20:45.999999790,0.0,,UNTOUCHED,2025-08
2411 Early Childhood (Pre-primary School) Teachers,50,5.0,2026-05-08 04:56:01.999999896,0.0,,UNTOUCHED,2025-08
2411 Early Childhood (Pre-primary School) Teachers,55,15.0,2026-07-06 04:58:17.000000016,0.0,,UNTOUCHED,2025-08
2411 Early Childhood (Pre-primary School) Teachers,60,82.0,2026-08-26 04:55:23.000000206,0.0,,UNTOUCHED,2025-08
2411 Early Childhood (Pre-primary School) Teachers,65,540.0,2026-08-31 05:04:37.000000211,0.0,,UNTOUCHED,2025-08
2411 Early Childhood (Pre-primary School) Teachers,70,841.0,2026-09-02 05:00:32.000000146,0.0,,UNTOUCHED,2025-08
2411 Early Childhood (Pre-primary School) Teachers,75,682.0,2026-09-01 05:03:54.000000218,0.0,,UNTOUCHED,2025-08
2411 Early Childhood (Pre-primary School) Teachers,80,568.0,2026-08-31 05:04:37.000000211,0.0,,UNTOUCHED,2025-08
2411 Early Childhood (Pre-primary School) Teachers,85,360.0,2026-08-25 04:57:32.999999797,324.0,2025-11-02 05:35:59.000000098,PARTIAL,2025-08
2411 Early Childhood (Pre-primary School) Teachers,90,32.0,2025-11-07 04:54:40.000000213,38.0,2025-11-07 04:54:40.000000213,CLEARED,2025-08
2411 Early Childhood (Pre-primary School) Teachers,95,3.0,2025-05-29 16:31:14.999999926,3.0,2025-05-29 16:31:14.999999926,CLEARED,2025-08
2414 Secondary School Teachers,50,3.0,2025-09-14 05:11:38.000000558,0.0,,UNTOUCHED,2025-08
2414 Secondary School Teachers,55,3.0,2026-03-10 04:56:22.999999778,0.0,,UNTOUCHED,2025-08
2414 Secondary School Teachers,60,16.0,2026-07-16 04:59:44.000000237,0.0,,UNTOUCHED,2025-08
2414 Secondary School Teachers,65,109.0,2026-08-30 05:07:51.000000300,0.0,,UNTOUCHED,2025-08
2414 Secondary School Teachers,70,145.0,2026-08-30 05:07:51.000000300,0.0,,UNTOUCHED,2025-08
2414 Secondary School Teachers,75,148.0,2026-08-27 04:59:08.000000001,0.0,,UNTOUCHED,2025-08
2414 Secondary School Teachers,80,104.0,2026-06-04 04:55:44.999999693,0.0,,UNTOUCHED,2025-08
2414 Secondary School Teachers,85,49.0,2025-07-29 04:54:46.999999961,44.0,2025-07-29 04:54:46.999999961,CLEARED,2025-08
2414 Secondary School Teachers,90,8.0,2025-08-15 04:55:34.000000265,8.0,2025-08-15 04:55:34.000000265,CLEARED,2025-08
2415 Special Education Teachers,65,2.0,2025-10-03 04:55:29.999999953,0.0,,UNTOUCHED,2025-08
2415 Special Education Teachers,70,6.0,2025-11-01 04:56:06.000000198,0.0,,UNTOUCHED,2025-08
2415 Special Education Teachers,75,3.0,2026-01-04 04:55:34.999999870,0.0,,UNTOUCHED,2025-08
2421 University Lecturers and Tutors,55,20.0,2026-07-26 05:06:30.000000222,0.0,,UNTOUCHED,2025-08
2421 University Lecturers and Tutors,60,36.0,2026-07-12 05:07:29.000000182,0.0,,UNTOUCHED,2025-08
2421 University Lecturers and Tutors,65,140.0,2026-08-28 04:55:18.999999903,0.0,,UNTOUCHED,2025-08
2421 University Lecturers and Tutors,70,114.0,2026-08-29 05:03:29.000000033,0.0,,UNTOUCHED,2025-08
2421 University Lecturers and Tutors,75,136.0,2026-08-20 04:58:58.999999782,0.0,,UNTOUCHED,2025-08
2421 University Lecturers and Tutors,80,131.0,2026-07-14 05:00:54.999999861,0.0,,UNTOUCHED,2025-08
2421 University Lecturers and Tutors,85,84.0,2026-07-29 04:55:29.999999953,84.0,2026-07-29 04:55:29.999999953,CLEARED,2025-08
2421 University Lecturers and Tutors,90,73.0,2026-06-22 04:54:35.999999910,84.0,2026-06-22 04:54:35.999999910,CLEARED,2025-08
2421 University Lecturers and Tutors,95,31.0,2026-06-30 04:59:01.000000245,35.0,2026-06-30 04:59:01.000000245,CLEARED,2025-08
2421 University Lecturers and Tutors,100,11.0,2025-10-21 04:55:41.000000013,14.0,2025-10-21 04:55:41.000000013,CLEARED,2025-08
2421 University Lecturers and Tutors,105,5.0,2025-07-16 04:53:11.000000152,4.0,2025-08-14 17:18:34.999999963,CLEARED,2025-08
2421 University Lecturers and Tutors,110,1.0,2025-06-06 05:20:43.000000344,1.0,2025-06-06 05:20:43.000000344,CLEARED,2025-08
2512 Medical Imaging Professionals,55,2.0,2026-06-26 05:01:07.000000155,0.0,,UNTOUCHED,2025-08
2512 Medical Imaging Professionals,60,2.0,2026-05-31 04:55:58.000000215,0.0,,UNTOUCHED,2025-08
2512 Medical Imaging Professionals,65,14.0,2026-08-02 05:01:45.000000240,0.0,,UNTOUCHED,2025-08
2512 Medical Imaging Professionals,70,25.0,2026-03-17 04:55:28.000000122,0.0,,UNTOUCHED,2025-08
2512 Medical Imaging Professionals,75,37.0,2026-08-24 04:55:15.999999827,0.0,,UNTOUCHED,2025-08
2512 Medical Imaging Professionals,80,21.0,2026-05-22 04:54:29.000000154,19.0,2026-04-14 04:56:25.999999846,PARTIAL,2025-08
2512 Medical Imaging Professionals,85,12.0,2025-11-03 04:54:38.999999977,12.0,2025-11-03 04:54:38.999999977,CLEARED,2025-08
2512 Medical Imaging Professionals,90,8.0,2025-10-21 04:55:41.000000013,9.0,2025-10-21 04:55:41.000000013,CLEARED,2025-08
2512 Medical Imaging Professionals,95,3.0,2025-10-21 04:55:41.000000013,3.0,2025-10-21 04:55:41.000000013,CLEARED,2025-08
2514 Optometrists and Orthoptists,60,1.0,2025-07-26 04:55:29.999999953,0.0,,UNTOUCHED,2025-08
2514 Optometrists and Orthoptists,70,3.0,2025-07-13 19:54:16.000000263,0.0,,UNTOUCHED,2025-08
2514 Optometrists and Orthoptists,80,3.0,2025-10-21 04:55:41.000000013,3.0,2025-10-21 04:55:41.000000013,CLEARED,2025-08
2514 Optometrists and Orthoptists,85,1.0,2025-06-04 13:20:06.000000077,1.0,2025-06-04 13:20:06.000000077,CLEARED,2025-08
2519 Other Health Diagnostic and Promotion Professionals,70,1.0,2025-06-15 05:03:59.000000126,0.0,,UNTOUCHED,2025-08
2521 Chiropractors and Osteopaths,55,1.0,2026-07-06 04:58:17.000000016,0.0,,UNTOUCHED,2025-08
2521 Chiropractors and Osteopaths,60,1.0,2026-06-28 05:05:09.000000144,0.0,,UNTOUCHED,2025-08
2521 Chiropractors and Osteopaths,65,5.0,2026-05-12 04:54:29.000000154,0.0,,UNTOUCHED,2025-08
2521 Chiropractors and Osteopaths,70,7.0,2026-02-25 04:55:20.999999743,0.0,,UNTOUCHED,2025-08
2521 Chiropractors and Osteopaths,75,5.0,2025-12-28 04:58:13.000000344,0.0,,UNTOUCHED,2025-08
2521 Chiropractors and Osteopaths,80,5.0,2026-05-31 04:55:58.000000215,0.0,,UNTOUCHED,2025-08
2521 Chiropractors and Osteopaths,85,1.0,2025-07-29 12:53:56.999999803,0.0,,UNTOUCHED,2025-08
2524 Occupational Therapists,45,1.0,2025-08-29 04:54:40.999999818,0.0,,UNTOUCHED,2025-08
2524 Occupational Therapists,55,2.0,2026-05-26 04:57:32.000000184,0.0,,UNTOUCHED,2025-08
2524 Occupational Therapists,60,4.0,2026-04-01 04:56:03.000000131,0.0,,UNTOUCHED,2025-08
2524 Occupational Therapists,65,31.0,2026-07-11 04:55:42.999999853,0.0,,UNTOUCHED,2025-08
2524 Occupational Therapists,70,39.0,2026-08-05 04:57:06.999999998,0.0,,UNTOUCHED,2025-08
2524 Occupational Therapists,75,57.0,2026-06-26 05:01:07.000000155,0.0,,UNTOUCHED,2025-08
2524 Occupational Therapists,80,40.0,2025-10-21 04:55:41.000000013,36.0,2025-10-21 04:55:41.000000013,CLEARED,2025-08
2524 Occupational Therapists,85,12.0,2025-07-28 16:45:37.999999872,12.0,2025-07-28 16:45:37.999999872,CLEARED,2025-08
2524 Occupational Therapists,90,2.0,2025-10-21 04:55:41.000000013,2.0,2025-10-21 04:55:41.000000013,CLEARED,2025-08
2524 Occupational Therapists,95,1.0,2025-07-18 04:55:55.000000148,1.0,2025-07-18 04:55:55.000000148,CLEARED,2025-08
2525 Physiotherapists,40,1.0,2026-04-11 05:09:01.999999923,0.0,,UNTOUCHED,2025-08
2525 Physiotherapists,50,3.0,2026-05-31 04:55:58.000000215,0.0,,UNTOUCHED,2025-08
2525 Physiotherapists,55,5.0,2026-06-08 04:54:29.999999759,0.0,,UNTOUCHED,2025-08
2525 Physiotherapists,60,5.0,2026-04-25 04:55:10.000000315,0.0,,UNTOUCHED,2025-08
2525 Physiotherapists,65,46.0,2026-07-31 04:56:47.999999964,0.0,,UNTOUCHED,2025-08
2525 Physiotherapists,70,67.0,2026-09-01 05:03:54.000000218,0.0,,UNTOUCHED,2025-08
2525 Physiotherapists,75,87.0,2026-07-14 05:00:54.999999861,0.0,,UNTOUCHED,2025-08
2525 Physiotherapists,80,59.0,2025-10-21 04:55:41.000000013,52.0,2025-10-21 04:55:41.000000013,CLEARED,2025-08
2525 Physiotherapists,85,29.0,2025-10-27 04:54:45.000000129,34.0,2025-10-27 04:54:45.000000129,CLEARED,2025-08
2525 Physiotherapists,90,9.0,2025-10-21 04:55:41.000000013,9.0,2025-10-21 04:55:41.000000013,CLEARED,2025-08
2525 Physiotherapists,95,2.0,2025-06-16 21:26:19.999999703,2.0,2025-06-16 21:26:19.999999703,CLEARED,2025-08
2526 Podiatrists,65,2.0,2026-02-11 04:59:14.000000144,0.0,,UNTOUCHED,2025-08
2526 Podiatrists,70,3.0,2025-07-07 04:53:12.999999992,0.0,,UNTOUCHED,2025-08
2526 Podiatrists,75,5.0,2026-04-01 04:56:03.000000131,0.0,,UNTOUCHED,2025-08
2526 Podiatrists,80,1.0,2025-06-02 21:27:05.999999771,1.0,2025-06-02 21:27:05.999999771,CLEARED,2025-08
2526 Podiatrists,90,2.0,2025-06-25 04:52:17.000000100,2.0,2025-06-25 04:52:17.000000100,CLEARED,2025-08
2527 Speech Professionals and Audiologists,55,2.0,2026-07-29 04:55:29.999999953,0.0,,UNTOUCHED,2025-08
2527 Speech Professionals and Audiologists,60,4.0,2026-04-24 04:55:42.999999853,0.0,,UNTOUCHED,2025-08
2527 Speech Professionals and Audiologists,65,23.0,2026-07-27 05:01:28.000000038,0.0,,UNTOUCHED,2025-08
2527 Speech Professionals and Audiologists,70,33.0,2026-06-05 04:55:23.999999810,0.0,,UNTOUCHED,2025-08
2527 Speech Professionals and Audiologists,75,26.0,2026-06-22 04:54:35.999999910,0.0,,UNTOUCHED,2025-08
2527 Speech Professionals and Audiologists,80,23.0,2025-11-11 04:54:56.999999784,20.0,2025-11-11 04:54:56.999999784,CLEARED,2025-08
2527 Speech Professionals and Audiologists,85,17.0,2025-08-18 04:54:45.999999734,18.0,2025-08-18 04:54:45.999999734,CLEARED,2025-08
2527 Speech Professionals and Audiologists,90,4.0,2025-07-19 04:55:31.999999794,6.0,2025-08-08 19:03:37.999999834,CLEARED,2025-08
2531 General Practitioners and Resident Medical officers,50,1.0,2025-10-17 04:54:59.000000256,0.0,,UNTOUCHED,2025-08
2531 General Practitioners and Resident Medical officers,55,1.0,2025-11-03 04:54:38.999999977,0.0,,UNTOUCHED,2025-08
2531 General Practitioners and Resident Medical officers,60,5.0,2026-06-04 04:55:44.999999693,0.0,,UNTOUCHED,2025-08
2531 General Practitioners and Resident Medical officers,65,23.0,2026-07-14 05:00:54.999999861,0.0,,UNTOUCHED,2025-08
2531 General Practitioners and Resident Medical officers,70,38.0,2026-08-21 04:59:33.999999792,0.0,,UNTOUCHED,2025-08
2531 General Practitioners and Resident Medical officers,75,60.0,2026-05-09 04:55:56.999999979,0.0,,UNTOUCHED,2025-08
2531 General Practitioners and Resident Medical officers,80,99.0,2025-10-21 07:03:00.999999984,92.0,2025-10-21 07:03:00.999999984,CLEARED,2025-08
2531 General Practitioners and Resident Medical officers,85,61.0,2026-08-28 04:55:18.999999903,60.0,2026-08-28 04:55:18.999999903,CLEARED,2025-08
2531 General Practitioners and Resident Medical officers,90,17.0,2025-10-21 04:55:41.000000013,23.0,2025-10-21 04:55:41.000000013,CLEARED,2025-08
2531 General Practitioners and Resident Medical officers,95,1.0,2025-10-25 04:55:10.999999920,1.0,2025-10-25 04:55:10.999999920,CLEARED,2025-08
2533 Internal Medicine Specialists,40,1.0,2026-05-17 05:09:28.999999949,0.0,,UNTOUCHED,2025-08
2533 Internal Medicine Specialists,60,4.0,2025-10-30 04:55:34.000000265,0.0,,UNTOUCHED,2025-08
2533 Internal Medicine Specialists,65,4.0,2026-04-28 04:54:48.000000196,0.0,,UNTOUCHED,2025-08
2533 Internal Medicine Specialists,70,3.0,2026-08-27 04:59:08.000000001,0.0,,UNTOUCHED,2025-08
2533 Internal Medicine Specialists,75,2.0,2026-01-07 04:55:44.000000088,0.0,,UNTOUCHED,2025-08
2533 Internal Medicine Specialists,80,9.0,2026-03-06 04:54:35.999999910,7.0,2025-07-16 04:53:11.000000152,PARTIAL,2025-08
2533 Internal Medicine Specialists,85,1.0,2025-05-06 04:54:37.000000137,1.0,2025-05-06 04:54:37.000000137,CLEARED,2025-08
2533 Internal Medicine Specialists,90,3.0,2025-10-21 04:55:41.000000013,3.0,2025-10-21 04:55:41.000000013,CLEARED,2025-08
2534 Psychiatrists,70,2.0,2025-09-01 04:54:26.999999691,0.0,,UNTOUCHED,2025-08
2534 Psychiatrists,75,3.0,2025-10-13 04:56:08.000000039,0.0,,UNTOUCHED,2025-08
2534 Psychiatrists,80,1.0,2025-06-03 06:53:53.999999727,1.0,2025-06-03 06:53:53.999999727,CLEARED,2025-08
2534 Psychiatrists,85,2.0,2025-04-14 10:48:37.000000221,2.0,2025-04-14 10:48:37.000000221,CLEARED,2025-08
2535 Surgeons,55,1.0,2026-05-23 04:57:35.000000259,0.0,,UNTOUCHED,2025-08
2535 Surgeons,65,1.0,2025-09-09 04:55:10.999999920,0.0,,UNTOUCHED,2025-08
2535 Surgeons,75,1.0,2025-07-18 04:55:55.000000148,0.0,,UNTOUCHED,2025-08
2535 Surgeons,85,1.0,2025-07-01 05:09:19.000000126,1.0,2025-07-01 05:09:19.000000126,CLEARED,2025-08
2539 Other Medical Practitioners,50,2.0,2025-12-19 04:55:28.000000122,0.0,,UNTOUCHED,2025-08
2539 Other Medical Practitioners,55,3.0,2026-08-15 04:55:31.000000189,0.0,,UNTOUCHED,2025-08
2539 Other Medical Practitioners,60,11.0,2026-05-06 22:07:52.000000109,0.0,,UNTOUCHED,2025-08
2539 Other Medical Practitioners,65,18.0,2026-05-18 04:56:52.000000267,0.0,,UNTOUCHED,2025-08
2539 Other Medical Practitioners,70,39.0,2026-08-25 04:57:32.999999797,0.0,,UNTOUCHED,2025-08
2539 Other Medical Practitioners,75,47.0,2026-04-23 04:56:01.999999896,0.0,,UNTOUCHED,2025-08
2539 Other Medical Practitioners,80,80.0,2025-11-03 04:54:38.999999977,72.0,2025-11-03 04:54:38.999999977,CLEARED,2025-08
2539 Other Medical Practitioners,85,56.0,2026-08-28 04:55:18.999999903,59.0,2026-08-28 04:55:18.999999903,CLEARED,2025-08
2539 Other Medical Practitioners,90,14.0,2025-12-12 05:03:57.000000294,15.0,2025-12-12 05:03:57.000000294,CLEARED,2025-08
2539 Other Medical Practitioners,95,2.0,2025-02-19 14:58:00.999999845,1.0,2025-08-17 14:13:16.000000207,CLEARED,2025-08
2539 Other Medical Practitioners,100,1.0,2025-05-04 04:54:35.000000305,1.0,2025-05-04 04:54:35.000000305,CLEARED,2025-08
2541 Midwives,55,1.0,2025-03-10 05:20:29.999999814,0.0,,UNTOUCHED,2025-08
2541 Midwives,60,2.0,2025-09-27 04:55:47.000000156,0.0,,UNTOUCHED,2025-08
2541 Midwives,65,4.0,2026-07-10 04:55:47.999999769,0.0,,UNTOUCHED,2025-08
2541 Midwives,70,9.0,2026-05-04 05:07:14.999999424,0.0,,UNTOUCHED,2025-08
2541 Midwives,75,5.0,2025-11-25 04:54:21.999999775,0.0,,UNTOUCHED,2025-08
2541 Midwives,80,13.0,2025-10-21 04:55:41.000000013,12.0,2025-10-21 04:55:41.000000013,CLEARED,2025-08
2541 Midwives,85,3.0,2025-06-13 11:46:45.999999845,4.0,2025-08-01 00:43:24.999999795,CLEARED,2025-08
2544 Registered Nurses,35,2.0,2025-05-27 09:47:13.999999894,0.0,,UNTOUCHED,2025-08
2544 Registered Nurses,40,1.0,2025-01-20 04:56:52.000000267,0.0,,UNTOUCHED,2025-08
2544 Registered Nurses,45,2.0,2025-10-13 04:56:08.000000039,0.0,,UNTOUCHED,2025-08
2544 Registered Nurses,50,9.0,2026-08-28 04:55:18.999999903,0.0,,UNTOUCHED,2025-08
2544 Registered Nurses,55,58.0,2026-08-05 04:57:06.999999998,0.0,,UNTOUCHED,2025-08
2544 Registered Nurses,60,142.0,2026-08-24 04:55:15.999999827,0.0,,UNTOUCHED,2025-08
2544 Registered Nurses,65,1157.0,2026-08-31 11:36:04.000000014,0.0,,UNTOUCHED,2025-08
2544 Registered Nurses,70,1298.0,2026-08-30 05:07:51.000000300,0.0,,UNTOUCHED,2025-08
2544 Registered Nurses,75,1052.0,2026-08-18 04:56:31.999999989,0.0,,UNTOUCHED,2025-08
2544 Registered Nurses,80,709.0,2026-03-18 04:54:37.999999742,596.0,2025-12-31 04:54:27.999999927,PARTIAL,2025-08
2544 Registered Nurses,85,225.0,2026-06-27 05:03:56.000000059,269.0,2026-06-27 05:03:56.000000059,CLEARED,2025-08
2544 Registered Nurses,90,34.0,2025-11-11 04:54:56.999999784,42.0,2025-11-11 04:54:56.999999784,CLEARED,2025-08
2544 Registered Nurses,95,6.0,2025-10-21 04:55:41.000000013,6.0,2025-10-21 04:55:41.000000013,CLEARED,2025-08
2544 Registered Nurses,100,1.0,2025-07-03 05:01:40.999999929,1.0,2025-07-03 05:01:40.999999929,CLEARED,2025-08
2544 Registered Nurses,105,1.0,2025-01-07 05:03:06.000000310,1.0,2025-01-07 05:03:06.000000310,CLEARED,2025-08
2611 ICT Business and Systems Analysts,45,1.0,2025-06-24 21:29:30.999999716,0.0,,UNTOUCHED,2025-08
2611 ICT Business and Systems Analysts,50,6.0,2025-10-31 04:55:18.000000298,0.0,,UNTOUCHED,2025-08
2611 ICT Business and Systems Analysts,55,39.0,2026-08-26 04:55:23.000000206,0.0,,UNTOUCHED,2025-08
2611 ICT Business and Systems Analysts,60,90.0,2026-09-01 05:03:54.000000218,0.0,,UNTOUCHED,2025-08
2611 ICT Business and Systems Analysts,65,478.0,2026-08-31 05:04:37.000000211,0.0,,UNTOUCHED,2025-08
2611 ICT Business and Systems Analysts,70,631.0,2026-08-31 05:04:37.000000211,0.0,,UNTOUCHED,2025-08
2611 ICT Business and Systems Analysts,75,843.0,2026-09-01 05:03:54.000000218,0.0,,UNTOUCHED,2025-08
2611 ICT Business and Systems Analysts,80,845.0,2026-09-01 05:03:54.000000218,0.0,,UNTOUCHED,2025-08
2611 ICT Business and Systems Analysts,85,819.0,2026-09-01 05:03:54.000000218,0.0,,UNTOUCHED,2025-08
2611 ICT Business and Systems Analysts,90,914.0,2026-08-31 05:04:37.000000211,0.0,,UNTOUCHED,2025-08
2611 ICT Business and Systems Analysts,95,404.0,2026-08-28 04:55:18.999999903,0.0,,UNTOUCHED,2025-08
2611 ICT Business and Systems Analysts,100,90.0,2026-08-21 04:59:33.999999792,0.0,,UNTOUCHED,2025-08
2612 Multimedia Specialists and Web Developers,50,2.0,2026-03-16 04:55:09.000000079,0.0,,UNTOUCHED,2025-08
2612 Multimedia Specialists and Web Developers,55,1.0,2026-04-11 05:09:01.999999923,0.0,,UNTOUCHED,2025-08
2612 Multimedia Specialists and Web Developers,60,1.0,2026-02-21 04:58:07.999999806,0.0,,UNTOUCHED,2025-08
2612 Multimedia Specialists and Web Developers,65,9.0,2026-04-17 04:58:23.999999773,0.0,,UNTOUCHED,2025-08
2612 Multimedia Specialists and Web Developers,70,17.0,2026-08-30 05:07:51.000000300,0.0,,UNTOUCHED,2025-08
2612 Multimedia Specialists and Web Developers,75,28.0,2026-08-13 04:57:24.999999805,0.0,,UNTOUCHED,2025-08
2612 Multimedia Specialists and Web Developers,80,25.0,2026-08-18 04:56:31.999999989,0.0,,UNTOUCHED,2025-08
2612 Multimedia Specialists and Web Developers,85,21.0,2026-08-10 04:58:42.999999816,0.0,,UNTOUCHED,2025-08
2612 Multimedia Specialists and Web Developers,90,43.0,2026-08-27 04:59:08.000000001,0.0,,UNTOUCHED,2025-08
2612 Multimedia Specialists and Web Developers,95,13.0,2025-10-08 04:54:48.000000196,0.0,,UNTOUCHED,2025-08
2613 Software and Applications Programmers,45,4.0,2026-02-17 04:54:03.999999968,0.0,,UNTOUCHED,2025-08
2613 Software and Applications Programmers,50,20.0,2026-08-08 04:56:11.999999719,0.0,,UNTOUCHED,2025-08
2613 Software and Applications Programmers,55,79.0,2026-08-26 04:55:23.000000206,0.0,,UNTOUCHED,2025-08
2613 Software and Applications Programmers,60,178.0,2026-08-14 04:55:58.999999820,0.0,,UNTOUCHED,2025-08
2613 Software and Applications Programmers,65,961.0,2026-09-02 05:00:32.000000146,0.0,,UNTOUCHED,2025-08
2613 Software and Applications Programmers,70,1309.0,2026-09-01 05:03:54.000000218,0.0,,UNTOUCHED,2025-08
2613 Software and Applications Programmers,75,1474.0,2026-09-01 05:03:54.000000218,0.0,,UNTOUCHED,2025-08
2613 Software and Applications Programmers,80,1362.0,2026-09-01 05:03:54.000000218,0.0,,UNTOUCHED,2025-08
2613 Software and Applications Programmers,85,1578.0,2026-08-30 05:07:51.000000300,0.0,,UNTOUCHED,2025-08
2613 Software and Applications Programmers,90,1564.0,2026-09-02 05:00:32.000000146,0.0,,UNTOUCHED,2025-08
2613 Software and Applications Programmers,95,764.0,2026-08-30 05:07:51.000000300,0.0,,UNTOUCHED,2025-08
2613 Software and Applications Programmers,100,242.0,2026-08-31 05:04:37.000000211,0.0,,UNTOUCHED,2025-08
2613 Software and Applications Programmers,105,31.0,2026-08-01 05:01:39.999999694,0.0,,UNTOUCHED,2025-08
2613 Software and Applications Programmers,115,1.0,2026-03-27 04:54:48.000000196,0.0,,UNTOUCHED,2025-08
"2621 Database and Systems Administrators, and ICT Security Specialists",50,2.0,2026-01-02 04:57:05.000000166,0.0,,UNTOUCHED,2025-08
"2621 Database and Systems Administrators, and ICT Security Specialists",55,7.0,2026-07-03 04:57:08.000000233,0.0,,UNTOUCHED,2025-08
"2621 Database and Systems Administrators, and ICT Security Specialists",60,25.0,2026-07-01 04:59:06.999999766,0.0,,UNTOUCHED,2025-08
"2621 Database and Systems Administrators, and ICT Security Specialists",65,141.0,2026-08-18 04:56:31.999999989,0.0,,UNTOUCHED,2025-08
"2621 Database and Systems Administrators, and ICT Security Specialists",70,147.0,2026-08-30 05:07:51.000000300,0.0,,UNTOUCHED,2025-08
"2621 Database and Systems Administrators, and ICT Security Specialists",75,203.0,2026-08-27 04:59:08.000000001,0.0,,UNTOUCHED,2025-08
"2621 Database and Systems Administrators, and ICT Security Specialists",80,200.0,2026-08-15 04:55:31.000000189,0.0,,UNTOUCHED,2025-08
"2621 Database and Systems Administrators, and ICT Security Specialists",85,198.0,2026-08-28 04:55:18.999999903,0.0,,UNTOUCHED,2025-08
"2621 Database and Systems Administrators, and ICT Security Specialists",90,194.0,2026-08-31 05:04:37.000000211,0.0,,UNTOUCHED,2025-08
"2621 Database and Systems Administrators, and ICT Security Specialists",95,70.0,2026-08-23 05:01:10.000000231,0.0,,UNTOUCHED,2025-08
"2621 Database and Systems Administrators, and ICT Security Specialists",100,10.0,2026-05-24 05:14:24.999999990,0.0,,UNTOUCHED,2025-08
2631 Computer Network Professionals,40,1.0,2026-06-04 04:55:44.999999693,0.0,,UNTOUCHED,2025-08
2631 Computer Network Professionals,45,2.0,2026-05-26 04:57:32.000000184,0.0,,UNTOUCHED,2025-08
2631 Computer Network Professionals,50,5.0,2025-09-20 05:05:17.999999733,0.0,,UNTOUCHED,2025-08
2631 Computer Network Professionals,55,15.0,2026-07-26 05:06:30.000000222,0.0,,UNTOUCHED,2025-08
2631 Computer Network Professionals,60,38.0,2026-08-23 05:01:10.000000231,0.0,,UNTOUCHED,2025-08
2631 Computer Network Professionals,65,186.0,2026-09-01 05:03:54.000000218,0.0,,UNTOUCHED,2025-08
2631 Computer Network Professionals,70,209.0,2026-09-02 05:00:32.000000146,0.0,,UNTOUCHED,2025-08
2631 Computer Network Professionals,75,345.0,2026-09-01 05:03:54.000000218,0.0,,UNTOUCHED,2025-08
2631 Computer Network Professionals,80,266.0,2026-08-25 04:57:32.999999797,0.0,,UNTOUCHED,2025-08
2631 Computer Network Professionals,85,232.0,2026-08-25 04:57:32.999999797,0.0,,UNTOUCHED,2025-08
2631 Computer Network Professionals,90,214.0,2026-08-31 05:04:37.000000211,0.0,,UNTOUCHED,2025-08
2631 Computer Network Professionals,95,125.0,2026-08-11 05:03:38.000000252,0.0,,UNTOUCHED,2025-08
2631 Computer Network Professionals,100,22.0,2026-08-23 05:01:10.000000231,0.0,,UNTOUCHED,2025-08
2633 Telecommunications Engineering Professionals,45,2.0,2026-05-21 04:54:51.999999877,0.0,,UNTOUCHED,2025-08
2633 Telecommunications Engineering Professionals,50,4.0,2026-06-29 04:58:45.999999883,0.0,,UNTOUCHED,2025-08
2633 Telecommunications Engineering Professionals,55,10.0,2026-07-21 04:59:38.000000094,0.0,,UNTOUCHED,2025-08
2633 Telecommunications Engineering Professionals,60,23.0,2026-07-23 04:55:36.999999710,0.0,,UNTOUCHED,2025-08
2633 Telecommunications Engineering Professionals,65,92.0,2026-08-26 04:55:23.000000206,0.0,,UNTOUCHED,2025-08
2633 Telecommunications Engineering Professionals,70,80.0,2026-08-28 04:55:18.999999903,0.0,,UNTOUCHED,2025-08
2633 Telecommunications Engineering Professionals,75,174.0,2026-08-29 05:03:29.000000033,0.0,,UNTOUCHED,2025-08
2633 Telecommunications Engineering Professionals,80,104.0,2026-08-28 04:55:18.999999903,0.0,,UNTOUCHED,2025-08
2633 Telecommunications Engineering Professionals,85,81.0,2026-08-29 05:03:29.000000033,0.0,,UNTOUCHED,2025-08
2633 Telecommunications Engineering Professionals,90,41.0,2026-08-08 04:56:11.999999719,0.0,,UNTOUCHED,2025-08
2633 Telecommunications Engineering Professionals,95,9.0,2026-06-02 04:55:07.000000239,0.0,,UNTOUCHED,2025-08
2633 Telecommunications Engineering Professionals,100,1.0,2026-02-23 04:56:51.000000031,0.0,,UNTOUCHED,2025-08
2711 Barristers,75,1.0,2026-02-28 04:55:44.999999693,0.0,,UNTOUCHED,2025-08
2711 Barristers,80,1.0,2025-03-27 04:56:36.000000300,0.0,,UNTOUCHED,2025-08
2711 Barristers,85,1.0,2025-04-01 05:21:53.999999968,0.0,,UNTOUCHED,2025-08
2711 Barristers,95,1.0,2026-06-06 04:55:29.999999953,1.0,2026-06-06 04:55:29.999999953,CLEARED,2025-08
2713 Solicitors,50,2.0,2026-07-19 05:21:30.000000018,0.0,,UNTOUCHED,2025-08
2713 Solicitors,55,3.0,2026-02-27 04:56:30.999999762,0.0,,UNTOUCHED,2025-08
2713 Solicitors,60,8.0,2026-07-30 04:56:28.999999921,0.0,,UNTOUCHED,2025-08
2713 Solicitors,65,25.0,2026-07-24 05:03:16.000000133,0.0,,UNTOUCHED,2025-08
2713 Solicitors,70,56.0,2026-08-21 04:59:33.999999792,0.0,,UNTOUCHED,2025-08
2713 Solicitors,75,57.0,2026-08-21 04:59:33.999999792,0.0,,UNTOUCHED,2025-08
2713 Solicitors,80,59.0,2026-08-21 04:59:33.999999792,0.0,,UNTOUCHED,2025-08
2713 Solicitors,85,96.0,2026-06-04 04:55:44.999999693,0.0,,UNTOUCHED,2025-08
2713 Solicitors,90,73.0,2026-05-11 04:55:29.999999953,51.0,2025-10-21 04:55:41.000000013,PARTIAL,2025-08
2713 Solicitors,95,8.0,2025-06-27 04:54:50.000000037,8.0,2025-06-27 04:54:50.000000037,CLEARED,2025-08
2713 Solicitors,100,1.0,2025-06-07 04:54:18.999999708,1.0,2025-06-07 04:54:18.999999708,CLEARED,2025-08
2723 Psychologists,60,2.0,2025-06-05 21:55:19.999999712,0.0,,UNTOUCHED,2025-08
2723 Psychologists,65,8.0,2026-04-11 05:09:01.999999923,0.0,,UNTOUCHED,2025-08
2723 Psychologists,70,14.0,2026-05-15 04:55:07.000000239,0.0,,UNTOUCHED,2025-08
2723 Psychologists,75,13.0,2026-04-18 04:58:10.000000269,0.0,,UNTOUCHED,2025-08
2723 Psychologists,80,19.0,2026-05-29 04:55:04.000000163,0.0,,UNTOUCHED,2025-08
2723 Psychologists,85,9.0,2025-09-29 04:54:13.999999792,8.0,2025-08-14 04:55:04.000000163,PARTIAL,2025-08
2723 Psychologists,90,2.0,2025-05-17 04:56:16.000000022,1.0,2025-05-17 04:56:16.000000022,CLEARED,2025-08
2723 Psychologists,95,1.0,2025-03-18 04:34:51.000000133,1.0,2025-03-18 04:34:51.000000133,CLEARED,2025-08
2725 Social Workers,55,2.0,2026-05-05 05:01:29.000000265,0.0,,UNTOUCHED,2025-08
2725 Social Workers,60,8.0,2026-04-17 04:58:23.999999773,0.0,,UNTOUCHED,2025-08
2725 Social Workers,65,81.0,2026-08-30 05:07:51.000000300,0.0,,UNTOUCHED,2025-08
2725 Social Workers,70,95.0,2026-08-08 04:56:11.999999719,0.0,,UNTOUCHED,2025-08
2725 Social Workers,75,141.0,2026-08-04 04:59:14.000000144,0.0,,UNTOUCHED,2025-08
2725 Social Workers,80,106.0,2026-05-09 04:55:56.999999979,0.0,,UNTOUCHED,2025-08
2725 Social Workers,85,63.0,2025-10-21 04:55:41.000000013,56.0,2025-10-21 04:55:41.000000013,CLEARED,2025-08
2725 Social Workers,90,9.0,2025-10-21 04:55:41.000000013,10.0,2025-10-21 04:55:41.000000013,CLEARED,2025-08
2725 Social Workers,95,1.0,2024-12-18 15:09:06.000000022,1.0,2024-12-18 15:09:06.000000022,CLEARED,2025-08
3122 Civil Engineering Draftspersons and Technicians,45,5.0,2026-07-24 05:03:16.000000133,0.0,,UNTOUCHED,2025-08
3122 Civil Engineering Draftspersons and Technicians,50,11.0,2026-08-11 05:03:38.000000252,0.0,,UNTOUCHED,2025-08
3122 Civil Engineering Draftspersons and Technicians,55,55.0,2026-08-12 05:05:07.000000313,0.0,,UNTOUCHED,2025-08
3122 Civil Engineering Draftspersons and Technicians,60,120.0,2026-08-31 05:04:37.000000211,0.0,,UNTOUCHED,2025-08
3122 Civil Engineering Draftspersons and Technicians,65,549.0,2026-08-28 04:55:18.999999903,0.0,,UNTOUCHED,2025-08
3122 Civil Engineering Draftspersons and Technicians,70,645.0,2026-09-02 05:00:32.000000146,0.0,,UNTOUCHED,2025-08
3122 Civil Engineering Draftspersons and Technicians,75,495.0,2026-08-28 04:55:18.999999903,0.0,,UNTOUCHED,2025-08
3122 Civil Engineering Draftspersons and Technicians,80,242.0,2026-09-02 05:00:32.000000146,0.0,,UNTOUCHED,2025-08
3122 Civil Engineering Draftspersons and Technicians,85,127.0,2026-08-26 04:55:23.000000206,0.0,,UNTOUCHED,2025-08
3122 Civil Engineering Draftspersons and Technicians,90,8.0,2025-07-30 04:54:07.000000044,4.0,2025-04-30 21:53:48.999999819,PARTIAL,2025-08
3122 Civil Engineering Draftspersons and Technicians,95,3.0,2025-06-06 05:20:43.000000344,3.0,2025-08-17 09:14:33.999999996,CLEARED,2025-08
3123 Electrical Engineering Draftspersons and Technicians,55,4.0,2026-05-23 04:57:35.000000259,0.0,,UNTOUCHED,2025-08
3123 Electrical Engineering Draftspersons and Technicians,60,9.0,2026-05-06 04:57:21.999999738,0.0,,UNTOUCHED,2025-08
3123 Electrical Engineering Draftspersons and Technicians,65,33.0,2026-05-28 04:57:37.000000100,0.0,,UNTOUCHED,2025-08
3123 Electrical Engineering Draftspersons and Technicians,70,38.0,2026-08-15 04:55:31.000000189,0.0,,UNTOUCHED,2025-08
3123 Electrical Engineering Draftspersons and Technicians,75,29.0,2026-07-31 04:56:47.999999964,0.0,,UNTOUCHED,2025-08
3123 Electrical Engineering Draftspersons and Technicians,80,13.0,2026-08-04 04:59:14.000000144,0.0,,UNTOUCHED,2025-08
3123 Electrical Engineering Draftspersons and Technicians,85,23.0,2026-05-13 04:58:48.999999959,0.0,,UNTOUCHED,2025-08
3123 Electrical Engineering Draftspersons and Technicians,90,7.0,2025-06-13 04:54:00.999999901,6.0,2025-06-13 04:54:00.999999901,CLEARED,2025-08
3132 Telecommunications Technical Specialists,40,1.0,2026-08-14 04:55:58.999999820,0.0,,UNTOUCHED,2025-08
3132 Telecommunications Technical Specialists,50,3.0,2025-12-11 05:05:10.999999985,0.0,,UNTOUCHED,2025-08
3132 Telecommunications Technical Specialists,55,9.0,2026-06-28 05:05:09.000000144,0.0,,UNTOUCHED,2025-08
3132 Telecommunications Technical Specialists,60,17.0,2026-06-13 04:55:23.999999810,0.0,,UNTOUCHED,2025-08
3132 Telecommunications Technical Specialists,65,72.0,2026-08-28 04:55:18.999999903,0.0,,UNTOUCHED,2025-08
3132 Telecommunications Technical Specialists,70,69.0,2026-08-20 04:58:58.999999782,0.0,,UNTOUCHED,2025-08
3132 Telecommunications Technical Specialists,75,60.0,2026-08-21 04:59:33.999999792,0.0,,UNTOUCHED,2025-08
3132 Telecommunications Technical Specialists,80,43.0,2026-06-28 05:05:09.000000144,0.0,,UNTOUCHED,2025-08
3132 Telecommunications Technical Specialists,85,15.0,2026-07-28 05:01:53.999999829,0.0,,UNTOUCHED,2025-08
3132 Telecommunications Technical Specialists,90,5.0,2026-01-26 04:55:31.999999794,0.0,,UNTOUCHED,2025-08
3132 Telecommunications Technical Specialists,95,1.0,2025-02-13 09:10:49.999999814,0.0,,UNTOUCHED,2025-08
3211 Automotive Electricians,60,2.0,2026-05-10 05:17:42.999999751,0.0,,UNTOUCHED,2025-08
3211 Automotive Electricians,65,4.0,2026-06-03 04:56:27.000000081,0.0,,UNTOUCHED,2025-08
3211 Automotive Electricians,70,3.0,2026-07-12 05:07:29.000000182,0.0,,UNTOUCHED,2025-08
3211 Automotive Electricians,75,5.0,2026-06-25 05:01:32.999999946,0.0,,UNTOUCHED,2025-08
3211 Automotive Electricians,80,1.0,2025-09-29 04:54:13.999999792,0.0,,UNTOUCHED,2025-08
3212 Motor Mechanics,50,2.0,2026-08-18 04:56:31.999999989,0.0,,UNTOUCHED,2025-08
3212 Motor Mechanics,55,15.0,2026-07-26 05:06:30.000000222,0.0,,UNTOUCHED,2025-08
3212 Motor Mechanics,60,42.0,2026-09-01 05:03:54.000000218,0.0,,UNTOUCHED,2025-08
3212 Motor Mechanics,65,209.0,2026-08-28 04:55:18.999999903,0.0,,UNTOUCHED,2025-08
3212 Motor Mechanics,70,176.0,2026-08-18 04:56:31.999999989,0.0,,UNTOUCHED,2025-08
3212 Motor Mechanics,75,149.0,2026-08-30 05:07:51.000000300,0.0,,UNTOUCHED,2025-08
3212 Motor Mechanics,80,85.0,2026-08-25 04:57:32.999999797,0.0,,UNTOUCHED,2025-08
3212 Motor Mechanics,85,31.0,2026-08-17 04:55:06.000000003,0.0,,UNTOUCHED,2025-08
3212 Motor Mechanics,90,21.0,2026-07-17 04:59:30.999999716,0.0,,UNTOUCHED,2025-08
3212 Motor Mechanics,95,4.0,2026-02-28 04:55:44.999999693,0.0,,UNTOUCHED,2025-08
3222 Sheetmetal Trades Workers,65,1.0,2025-04-27 13:56:51.000000031,0.0,,UNTOUCHED,2025-08
3222 Sheetmetal Trades Workers,75,1.0,2025-10-16 04:54:07.000000044,0.0,,UNTOUCHED,2025-08
3223 Structural Steel and Welding Trades Workers,45,1.0,2026-03-04 04:54:38.999999977,0.0,,UNTOUCHED,2025-08
3223 Structural Steel and Welding Trades Workers,50,2.0,2026-06-01 04:57:11.999999914,0.0,,UNTOUCHED,2025-08
3223 Structural Steel and Welding Trades Workers,55,1.0,2025-05-06 19:48:37.000000221,0.0,,UNTOUCHED,2025-08
3223 Structural Steel and Welding Trades Workers,60,10.0,2026-07-25 05:03:03.000000242,0.0,,UNTOUCHED,2025-08
3223 Structural Steel and Welding Trades Workers,65,42.0,2026-08-28 04:55:18.999999903,0.0,,UNTOUCHED,2025-08
3223 Structural Steel and Welding Trades Workers,70,43.0,2026-07-14 05:00:54.999999861,0.0,,UNTOUCHED,2025-08
3223 Structural Steel and Welding Trades Workers,75,35.0,2026-08-04 04:59:14.000000144,0.0,,UNTOUCHED,2025-08
3223 Structural Steel and Welding Trades Workers,80,20.0,2026-08-04 04:59:14.000000144,0.0,,UNTOUCHED,2025-08
3223 Structural Steel and Welding Trades Workers,85,4.0,2026-05-08 04:56:01.999999896,0.0,,UNTOUCHED,2025-08
3223 Structural Steel and Welding Trades Workers,90,1.0,2025-04-23 04:53:57.999999825,1.0,2025-04-23 04:53:57.999999825,CLEARED,2025-08
3232 Metal Fitters and Machinists,45,3.0,2026-03-28 04:57:05.000000166,0.0,,UNTOUCHED,2025-08
3232 Metal Fitters and Machinists,50,1.0,2025-06-07 04:54:18.999999708,0.0,,UNTOUCHED,2025-08
3232 Metal Fitters and Machinists,55,4.0,2026-04-29 04:55:04.000000163,0.0,,UNTOUCHED,2025-08
3232 Metal Fitters and Machinists,60,3.0,2025-10-20 04:55:26.000000281,0.0,,UNTOUCHED,2025-08
3232 Metal Fitters and Machinists,65,27.0,2026-07-26 05:06:30.000000222,0.0,,UNTOUCHED,2025-08
3232 Metal Fitters and Machinists,70,15.0,2026-07-11 04:55:42.999999853,0.0,,UNTOUCHED,2025-08
3232 Metal Fitters and Machinists,75,13.0,2026-07-17 04:59:30.999999716,0.0,,UNTOUCHED,2025-08
3232 Metal Fitters and Machinists,80,1.0,2026-03-30 04:56:06.999999803,0.0,,UNTOUCHED,2025-08
3232 Metal Fitters and Machinists,85,2.0,2025-06-28 04:57:43.999999848,0.0,,UNTOUCHED,2025-08
3233 Precision Metal Trades Workers,55,1.0,2026-04-08 04:54:18.000000103,0.0,,UNTOUCHED,2025-08
3233 Precision Metal Trades Workers,70,1.0,2026-03-27 04:54:48.000000196,0.0,,UNTOUCHED,2025-08
3241 Panelbeaters,70,1.0,2025-10-22 04:55:15.000000222,0.0,,UNTOUCHED,2025-08
3241 Panelbeaters,90,2.0,2025-06-18 18:12:58.999999792,1.0,2025-06-12 04:54:15.000000027,PARTIAL,2025-08
3311 Bricklayers and Stonemasons,55,1.0,2026-04-13 05:04:42.000000119,0.0,,UNTOUCHED,2025-08
3311 Bricklayers and Stonemasons,60,4.0,2026-07-20 04:55:50.999999836,0.0,,UNTOUCHED,2025-08
3311 Bricklayers and Stonemasons,65,25.0,2025-10-21 04:55:41.000000013,24.0,2025-10-21 04:55:41.000000013,CLEARED,2025-08
3311 Bricklayers and Stonemasons,70,12.0,2025-10-21 04:55:41.000000013,15.0,2025-10-21 04:55:41.000000013,CLEARED,2025-08
3311 Bricklayers and Stonemasons,75,6.0,2026-01-01 04:54:35.000000305,6.0,2026-01-01 04:54:35.000000305,CLEARED,2025-08
3311 Bricklayers and Stonemasons,80,3.0,2025-07-21 15:04:05.000000064,3.0,2025-07-21 15:04:05.000000064,CLEARED,2025-08
3311 Bricklayers and Stonemasons,85,1.0,2025-03-31 18:59:46.000000291,1.0,2025-03-31 18:59:46.000000291,CLEARED,2025-08
3311 Bricklayers and Stonemasons,90,1.0,2025-02-21 10:17:49.999999712,1.0,2025-02-21 10:17:49.999999712,CLEARED,2025-08
3312 Carpenters and Joiners,35,1.0,2025-01-11 05:00:16.999999784,0.0,,UNTOUCHED,2025-08
3312 Carpenters and Joiners,45,1.0,2026-06-22 04:54:35.999999910,0.0,,UNTOUCHED,2025-08
3312 Carpenters and Joiners,50,2.0,2026-02-09 05:04:48.000000270,0.0,,UNTOUCHED,2025-08
3312 Carpenters and Joiners,55,6.0,2026-07-27 05:01:28.000000038,0.0,,UNTOUCHED,2025-08
3312 Carpenters and Joiners,60,16.0,2026-06-24 05:03:57.000000294,0.0,,UNTOUCHED,2025-08
3312 Carpenters and Joiners,65,172.0,2026-06-27 05:03:56.000000059,141.0,2026-06-27 05:03:56.000000059,CLEARED,2025-08
3312 Carpenters and Joiners,70,143.0,2025-11-06 04:55:44.000000088,153.0,2025-11-06 04:55:44.000000088,CLEARED,2025-08
3312 Carpenters and Joiners,75,71.0,2025-10-21 04:55:41.000000013,75.0,2025-10-21 04:55:41.000000013,CLEARED,2025-08
3312 Carpenters and Joiners,80,28.0,2025-10-21 04:55:41.000000013,28.0,2025-10-21 04:55:41.000000013,CLEARED,2025-08
3312 Carpenters and Joiners,85,8.0,2025-10-21 04:55:41.000000013,9.0,2025-10-21 04:55:41.000000013,CLEARED,2025-08
3312 Carpenters and Joiners,90,1.0,2025-05-27 13:33:09.999999777,1.0,2025-05-27 13:33:09.999999777,CLEARED,2025-08
3322 Painting Trades Workers,55,1.0,2025-11-10 04:55:12.999999751,0.0,,UNTOUCHED,2025-08
3322 Painting Trades Workers,60,9.0,2026-07-28 05:01:53.999999829,0.0,,UNTOUCHED,2025-08
3322 Painting Trades Workers,65,121.0,2026-08-25 04:57:32.999999797,0.0,,UNTOUCHED,2025-08
3322 Painting Trades Workers,70,67.0,2026-08-25 04:57:32.999999797,42.0,2025-10-22 04:55:15.000000222,PARTIAL,2025-08
3322 Painting Trades Workers,75,36.0,2025-10-28 04:58:58.000000177,39.0,2025-10-28 04:58:58.000000177,CLEARED,2025-08
3322 Painting Trades Workers,80,11.0,2026-01-26 04:55:31.999999794,12.0,2026-01-26 04:55:31.999999794,CLEARED,2025-08
3322 Painting Trades Workers,85,3.0,2025-08-20 04:55:26.999999886,3.0,2025-08-20 04:55:26.999999886,CLEARED,2025-08
3331 Glaziers,60,1.0,2025-12-30 04:54:40.000000213,0.0,,UNTOUCHED,2025-08
3331 Glaziers,65,6.0,2025-10-21 04:55:41.000000013,6.0,2025-10-21 04:55:41.000000013,CLEARED,2025-08
3331 Glaziers,70,1.0,2025-10-21 04:55:41.000000013,1.0,2025-10-21 04:55:41.000000013,CLEARED,2025-08
3331 Glaziers,75,1.0,2025-08-06 04:54:37.000000137,1.0,2025-08-06 04:54:37.000000137,CLEARED,2025-08
3332 Plasterers,60,4.0,2026-05-14 04:54:32.999999834,0.0,,UNTOUCHED,2025-08
3332 Plasterers,65,6.0,2025-10-21 04:55:41.000000013,6.0,2025-10-21 04:55:41.000000013,CLEARED,2025-08
3332 Plasterers,75,4.0,2025-10-21 04:55:41.000000013,4.0,2025-10-21 04:55:41.000000013,CLEARED,2025-08
3334 Wall and Floor Tilers,55,1.0,2026-07-16 04:59:44.000000237,0.0,,UNTOUCHED,2025-08
3334 Wall and Floor Tilers,65,33.0,2025-10-21 04:55:41.000000013,37.0,2025-10-21 04:55:41.000000013,CLEARED,2025-08
3334 Wall and Floor Tilers,70,11.0,2026-02-08 04:55:41.000000013,13.0,2026-02-08 04:55:41.000000013,CLEARED,2025-08
3334 Wall and Floor Tilers,75,2.0,2025-05-20 04:54:02.000000128,1.0,2025-05-20 04:54:02.000000128,CLEARED,2025-08
3334 Wall and Floor Tilers,80,1.0,2026-05-20 04:54:34.000000070,1.0,2026-05-20 04:54:34.000000070,CLEARED,2025-08
3334 Wall and Floor Tilers,85,1.0,2025-06-23 04:53:25.000000287,1.0,2025-06-23 04:53:25.000000287,CLEARED,2025-08
3341 Plumbers,60,1.0,2026-01-06 04:55:06.000000003,0.0,,UNTOUCHED,2025-08
3341 Plumbers,65,24.0,2026-01-15 04:56:01.000000291,29.0,2026-01-15 04:56:01.000000291,CLEARED,2025-08
3341 Plumbers,70,14.0,2025-08-18 04:54:45.999999734,14.0,2025-08-18 04:54:45.999999734,CLEARED,2025-08
3341 Plumbers,75,6.0,2025-07-22 00:15:30.999999493,8.0,2025-08-18 09:26:30.000000157,CLEARED,2025-08
3341 Plumbers,80,3.0,2025-10-21 04:55:41.000000013,3.0,2025-10-21 04:55:41.000000013,CLEARED,2025-08
3341 Plumbers,85,2.0,2025-10-21 04:55:41.000000013,2.0,2025-10-21 04:55:41.000000013,CLEARED,2025-08
3341 Plumbers,90,1.0,2025-07-30 04:54:07.000000044,1.0,2025-07-30 04:54:07.000000044,CLEARED,2025-08
3411 Electricians,50,1.0,2025-11-22 04:56:08.000000039,0.0,,UNTOUCHED,2025-08
3411 Electricians,55,3.0,2026-01-17 04:55:39.000000172,0.0,,UNTOUCHED,2025-08
3411 Electricians,60,3.0,2026-05-06 04:57:21.999999738,0.0,,UNTOUCHED,2025-08
3411 Electricians,65,33.0,2026-08-08 04:56:11.999999719,36.0,2026-03-09 04:56:41.000000208,PARTIAL,2025-08
3411 Electricians,70,16.0,2025-11-14 04:56:41.000000208,18.0,2025-08-20 15:50:43.000000344,PARTIAL,2025-08
3411 Electricians,75,12.0,2025-10-24 04:54:40.000000213,12.0,2025-10-24 04:54:40.000000213,CLEARED,2025-08
3411 Electricians,80,5.0,2025-07-14 22:31:40.999999725,6.0,2025-08-12 20:48:35.999999781,CLEARED,2025-08
3411 Electricians,85,1.0,2025-03-30 12:02:32.999999936,1.0,2025-03-30 12:02:32.999999936,CLEARED,2025-08
3411 Electricians,100,1.0,2025-05-30 04:54:34.000000070,1.0,2025-05-30 04:54:34.000000070,CLEARED,2025-08
3421 Airconditioning and Refrigeration Mechanics,50,1.0,2026-06-18 04:55:59.999999424,0.0,,UNTOUCHED,2025-08
3421 Airconditioning and Refrigeration Mechanics,60,1.0,2026-03-09 04:56:41.000000208,0.0,,UNTOUCHED,2025-08
3421 Airconditioning and Refrigeration Mechanics,65,9.0,2026-06-17 04:54:18.000000103,0.0,,UNTOUCHED,2025-08
3421 Airconditioning and Refrigeration Mechanics,70,4.0,2026-06-13 04:55:23.999999810,0.0,,UNTOUCHED,2025-08
3421 Airconditioning and Refrigeration Mechanics,75,1.0,2025-10-29 04:54:48.999999801,0.0,,UNTOUCHED,2025-08
3421 Airconditioning and Refrigeration Mechanics,80,1.0,2026-08-04 04:59:14.000000144,0.0,,UNTOUCHED,2025-08
3422 Electrical Distribution Trades Workers,65,1.0,2025-04-23 05:12:39.999999962,0.0,,UNTOUCHED,2025-08
3422 Electrical Distribution Trades Workers,70,1.0,2025-07-11 03:04:14.000000283,0.0,,UNTOUCHED,2025-08
3423 Electronics Trades Workers,45,1.0,2026-03-18 04:54:37.999999742,0.0,,UNTOUCHED,2025-08
3423 Electronics Trades Workers,55,3.0,2026-04-20 05:02:06.000000115,0.0,,UNTOUCHED,2025-08
3423 Electronics Trades Workers,60,6.0,2026-07-07 04:59:55.000000296,0.0,,UNTOUCHED,2025-08
3423 Electronics Trades Workers,65,34.0,2026-08-28 04:55:18.999999903,0.0,,UNTOUCHED,2025-08
3423 Electronics Trades Workers,70,33.0,2026-08-30 05:07:51.000000300,0.0,,UNTOUCHED,2025-08
3423 Electronics Trades Workers,75,24.0,2026-08-25 04:57:32.999999797,0.0,,UNTOUCHED,2025-08
3423 Electronics Trades Workers,80,8.0,2026-03-29 05:24:47.000000174,0.0,,UNTOUCHED,2025-08
3423 Electronics Trades Workers,85,4.0,2026-04-06 04:55:23.000000206,0.0,,UNTOUCHED,2025-08
3423 Electronics Trades Workers,110,1.0,2025-03-18 14:47:20.999999855,1.0,2025-03-18 14:47:20.999999855,CLEARED,2025-08
3513 Chefs,45,5.0,2026-05-21 04:54:51.999999877,0.0,,UNTOUCHED,2025-08
3513 Chefs,50,15.0,2026-06-22 04:54:35.999999910,0.0,,UNTOUCHED,2025-08
3513 Chefs,55,40.0,2026-08-31 05:04:37.000000211,0.0,,UNTOUCHED,2025-08
3513 Chefs,60,108.0,2026-08-17 04:55:06.000000003,0.0,,UNTOUCHED,2025-08
3513 Chefs,65,630.0,2026-09-02 05:00:32.000000146,0.0,,UNTOUCHED,2025-08
3513 Chefs,70,637.0,2026-09-02 05:00:32.000000146,0.0,,UNTOUCHED,2025-08
3513 Chefs,75,480.0,2026-09-01 05:03:54.000000218,0.0,,UNTOUCHED,2025-08
3513 Chefs,80,257.0,2026-09-02 05:00:32.000000146,0.0,,UNTOUCHED,2025-08
3513 Chefs,85,139.0,2026-08-24 04:55:15.999999827,0.0,,UNTOUCHED,2025-08
3513 Chefs,90,61.0,2026-08-06 04:55:26.999999886,0.0,,UNTOUCHED,2025-08
3513 Chefs,95,15.0,2026-08-22 04:57:27.000000276,0.0,,UNTOUCHED,2025-08
3513 Chefs,100,1.0,2026-06-01 04:57:11.999999914,0.0,,UNTOUCHED,2025-08
3513 Chefs,105,3.0,2026-06-20 04:54:59.999999860,0.0,,UNTOUCHED,2025-08
3611 Animal Attendants and Trainers,65,1.0,2025-12-05 04:57:00.000000250,0.0,,UNTOUCHED,2025-08
3611 Animal Attendants and Trainers,70,1.0,2024-10-24 20:02:52.000000814,0.0,,UNTOUCHED,2025-08
3941 Cabinetmakers,50,2.0,2025-09-01 04:54:26.999999691,0.0,,UNTOUCHED,2025-08
3941 Cabinetmakers,55,1.0,2026-05-29 04:55:04.000000163,0.0,,UNTOUCHED,2025-08
3941 Cabinetmakers,65,15.0,2026-08-08 04:56:11.999999719,0.0,,UNTOUCHED,2025-08
3941 Cabinetmakers,70,8.0,2026-06-28 05:05:09.000000144,0.0,,UNTOUCHED,2025-08
3941 Cabinetmakers,75,1.0,2025-08-05 04:55:15.999999827,0.0,,UNTOUCHED,2025-08
3941 Cabinetmakers,80,1.0,2025-08-22 04:54:16.999999237,0.0,,UNTOUCHED,2025-08
3941 Cabinetmakers,85,1.0,2025-08-20 04:55:26.999999886,0.0,,UNTOUCHED,2025-08
3991 Boat Builders and Shipwrights,65,2.0,2025-09-03 04:55:04.000000163,0.0,,UNTOUCHED,2025-08
3991 Boat Builders and Shipwrights,75,3.0,2025-08-28 04:57:48.000000159,0.0,,UNTOUCHED,2025-08
3991 Boat Builders and Shipwrights,80,1.0,2025-03-09 05:21:50.000000287,0.0,,UNTOUCHED,2025-08
3991 Boat Builders and Shipwrights,90,2.0,2025-07-25 11:49:21.999999849,1.0,2025-04-22 04:52:47.000000202,PARTIAL,2025-08
"4523 Sports Coaches, Instructors and Officials",60,1.0,2026-03-27 04:54:48.000000196,0.0,,UNTOUCHED,2025-08
"4523 Sports Coaches, Instructors and Officials",65,2.0,2024-10-29 04:58:23.000000168,0.0,,UNTOUCHED,2025-08
"4523 Sports Coaches, Instructors and Officials",70,1.0,2025-11-11 04:54:56.999999784,0.0,,UNTOUCHED,2025-08
"4523 Sports Coaches, Instructors and Officials",85,1.0,2026-01-13 04:57:53.000000066,0.0,,UNTOUCHED,2025-08
"4523 Sports Coaches, Instructors and Officials",90,1.0,2026-03-06 04:54:35.999999910,0.0,,UNTOUCHED,2025-08
"4523 Sports Coaches, Instructors and Officials",95,1.0,2025-06-13 12:31:59.999999972,1.0,2025-06-13 12:31:59.999999972,CLEARED,2025-08
1331 Construction Managers,40,2.0,2026-05-18 04:56:52.000000267,0.0,,UNTOUCHED,2025-11
1331 Construction Managers,45,3.0,2026-01-24 04:57:40.999999780,0.0,,UNTOUCHED,2025-11
1331 Construction Managers,50,12.0,2026-06-30 04:59:01.000000245,0.0,,UNTOUCHED,2025-11
1331 Construction Managers,55,37.0,2026-08-28 04:55:18.999999903,0.0,,UNTOUCHED,2025-11
1331 Construction Managers,60,43.0,2026-08-25 04:57:32.999999797,0.0,,UNTOUCHED,2025-11
1331 Construction Managers,65,245.0,2026-08-29 05:03:29.000000033,0.0,,UNTOUCHED,2025-11
1331 Construction Managers,70,256.0,2026-08-30 05:07:51.000000300,0.0,,UNTOUCHED,2025-11
1331 Construction Managers,75,255.0,2026-09-01 05:03:54.000000218,0.0,,UNTOUCHED,2025-11
1331 Construction Managers,80,146.0,2026-08-14 04:55:58.999999820,0.0,,UNTOUCHED,2025-11
1331 Construction Managers,85,68.0,2026-05-16 04:54:59.000000256,57.0,2026-04-28 04:54:48.000000196,PARTIAL,2025-11
1331 Construction Managers,90,15.0,2026-05-03 05:10:08.000000261,18.0,2026-05-03 05:10:08.000000261,CLEARED,2025-11
1331 Construction Managers,95,1.0,2025-10-21 04:55:41.000000013,3.0,2026-01-24 04:57:40.999999780,CLEARED,2025-11
1331 Construction Managers,100,1.0,2025-06-14 01:08:33.000000270,0.0,,UNTOUCHED,2025-11
1332 Engineering Managers,40,1.0,2026-01-28 04:57:18.000000057,0.0,,UNTOUCHED,2025-11
1332 Engineering Managers,45,2.0,2026-07-30 04:56:28.999999921,0.0,,UNTOUCHED,2025-11
1332 Engineering Managers,50,1.0,2025-06-14 04:54:00.000000296,0.0,,UNTOUCHED,2025-11
1332 Engineering Managers,55,12.0,2026-08-25 04:57:32.999999797,0.0,,UNTOUCHED,2025-11
1332 Engineering Managers,60,8.0,2026-06-21 05:01:56.999999896,0.0,,UNTOUCHED,2025-11
1332 Engineering Managers,65,48.0,2026-08-29 05:03:29.000000033,0.0,,UNTOUCHED,2025-11
1332 Engineering Managers,70,47.0,2026-08-15 04:55:31.000000189,0.0,,UNTOUCHED,2025-11
1332 Engineering Managers,75,45.0,2026-08-31 05:04:37.000000211,0.0,,UNTOUCHED,2025-11
1332 Engineering Managers,80,14.0,2026-08-24 04:55:15.999999827,0.0,,UNTOUCHED,2025-11
1332 Engineering Managers,85,17.0,2026-08-04 04:59:14.000000144,18.0,2026-04-11 05:09:01.999999923,PARTIAL,2025-11
1332 Engineering Managers,90,1.0,2025-10-14 17:59:21.999999914,1.0,2025-10-14 17:59:21.999999914,CLEARED,2025-11
1332 Engineering Managers,95,0.0,,1.0,2026-01-23 04:57:35.000000259,PARTIAL,2025-11
1341 Child Care Centre Managers,60,1.0,2026-07-06 04:58:17.000000016,0.0,,UNTOUCHED,2025-11
1341 Child Care Centre Managers,65,4.0,2026-03-18 04:54:37.999999742,0.0,,UNTOUCHED,2025-11
1341 Child Care Centre Managers,70,7.0,2026-07-22 04:56:30.999999762,0.0,,UNTOUCHED,2025-11
1341 Child Care Centre Managers,75,1.0,2025-06-12 04:54:15.000000027,1.0,2025-06-12 04:54:15.000000027,CLEARED,2025-11
1341 Child Care Centre Managers,80,1.0,2025-10-04 04:55:29.999999953,1.0,2025-10-04 04:55:29.999999953,CLEARED,2025-11
1342 Health and Welfare Services Managers,55,2.0,2025-10-24 04:54:40.000000213,0.0,,UNTOUCHED,2025-11
1342 Health and Welfare Services Managers,60,3.0,2026-01-01 04:54:35.000000305,0.0,,UNTOUCHED,2025-11
1342 Health and Welfare Services Managers,65,9.0,2026-07-28 05:01:53.999999829,0.0,,UNTOUCHED,2025-11
1342 Health and Welfare Services Managers,70,9.0,2026-08-22 04:57:27.000000276,0.0,,UNTOUCHED,2025-11
1342 Health and Welfare Services Managers,75,3.0,2026-05-08 04:56:01.999999896,0.0,,UNTOUCHED,2025-11
1342 Health and Welfare Services Managers,80,3.0,2026-08-04 04:59:14.000000144,0.0,,UNTOUCHED,2025-11
1342 Health and Welfare Services Managers,85,1.0,2026-02-08 04:55:41.000000013,1.0,2026-02-08 04:55:41.000000013,CLEARED,2025-11
1342 Health and Welfare Services Managers,90,2.0,2025-11-08 04:56:19.999999703,2.0,2025-11-08 04:56:19.999999703,CLEARED,2025-11
1399 Other Specialist Managers,55,4.0,2026-08-21 04:59:33.999999792,0.0,,UNTOUCHED,2025-11
1399 Other Specialist Managers,60,5.0,2026-08-05 04:57:06.999999998,0.0,,UNTOUCHED,2025-11
1399 Other Specialist Managers,65,20.0,2026-06-19 04:55:53.000000307,0.0,,UNTOUCHED,2025-11
1399 Other Specialist Managers,70,19.0,2026-02-08 04:55:41.000000013,0.0,,UNTOUCHED,2025-11
1399 Other Specialist Managers,75,20.0,2026-08-20 04:58:58.999999782,0.0,,UNTOUCHED,2025-11
1399 Other Specialist Managers,80,10.0,2026-08-04 04:59:14.000000144,0.0,,UNTOUCHED,2025-11
1399 Other Specialist Managers,85,4.0,2026-03-29 05:24:47.000000174,7.0,2026-03-29 05:24:47.000000174,CLEARED,2025-11
1399 Other Specialist Managers,90,7.0,2026-01-13 04:57:53.000000066,7.0,2026-01-13 04:57:53.000000066,CLEARED,2025-11
1399 Other Specialist Managers,95,2.0,2025-10-30 17:29:16.999999794,2.0,2025-10-30 17:29:16.999999794,CLEARED,2025-11
"2111 Actors, Dancers and Other Entertainers",75,1.0,2026-03-31 04:57:27.000000276,0.0,,UNTOUCHED,2025-11
"2111 Actors, Dancers and Other Entertainers",80,2.0,2026-04-01 04:56:03.000000131,0.0,,UNTOUCHED,2025-11
2112 Music Professionals,65,1.0,2025-06-17 13:42:02.999999908,0.0,,UNTOUCHED,2025-11
2112 Music Professionals,70,1.0,2026-07-13 04:58:58.000000177,0.0,,UNTOUCHED,2025-11
2211 Accountants,35,1.0,2025-10-09 04:55:10.000000315,0.0,,UNTOUCHED,2025-11
2211 Accountants,45,5.0,2026-01-02 04:57:05.000000166,0.0,,UNTOUCHED,2025-11
2211 Accountants,50,3.0,2026-04-22 04:54:37.999999742,0.0,,UNTOUCHED,2025-11
2211 Accountants,55,20.0,2026-07-27 05:01:28.000000038,0.0,,UNTOUCHED,2025-11
2211 Accountants,60,86.0,2026-08-18 04:56:31.999999989,0.0,,UNTOUCHED,2025-11
2211 Accountants,65,533.0,2026-09-02 05:00:32.000000146,0.0,,UNTOUCHED,2025-11
2211 Accountants,70,850.0,2026-09-01 05:03:54.000000218,0.0,,UNTOUCHED,2025-11
2211 Accountants,75,805.0,2026-09-02 05:00:32.000000146,0.0,,UNTOUCHED,2025-11
2211 Accountants,80,685.0,2026-09-01 05:03:54.000000218,0.0,,UNTOUCHED,2025-11
2211 Accountants,85,729.0,2026-09-02 05:00:32.000000146,0.0,,UNTOUCHED,2025-11
2211 Accountants,90,477.0,2026-09-02 05:00:32.000000146,0.0,,UNTOUCHED,2025-11
2211 Accountants,95,200.0,2026-09-01 05:03:54.000000218,0.0,,UNTOUCHED,2025-11
2211 Accountants,100,59.0,2026-08-28 04:55:18.999999903,0.0,,UNTOUCHED,2025-11
2211 Accountants,105,2.0,2025-07-06 04:54:00.999999901,0.0,,UNTOUCHED,2025-11
"2212 Auditors, Company Secretaries and Corporate Treasurers",45,1.0,2025-09-07 05:04:34.999999740,0.0,,UNTOUCHED,2025-11
"2212 Auditors, Company Secretaries and Corporate Treasurers",50,1.0,2025-11-12 04:55:34.999999870,0.0,,UNTOUCHED,2025-11
"2212 Auditors, Company Secretaries and Corporate Treasurers",55,9.0,2026-04-14 04:56:25.999999846,0.0,,UNTOUCHED,2025-11
"2212 Auditors, Company Secretaries and Corporate Treasurers",60,49.0,2026-08-17 04:55:06.000000003,0.0,,UNTOUCHED,2025-11
"2212 Auditors, Company Secretaries and Corporate Treasurers",65,259.0,2026-08-27 04:59:08.000000001,0.0,,UNTOUCHED,2025-11
"2212 Auditors, Company Secretaries and Corporate Treasurers",70,388.0,2026-09-01 05:03:54.000000218,0.0,,UNTOUCHED,2025-11
"2212 Auditors, Company Secretaries and Corporate Treasurers",75,367.0,2026-09-02 05:00:32.000000146,0.0,,UNTOUCHED,2025-11
"2212 Auditors, Company Secretaries and Corporate Treasurers",80,384.0,2026-08-28 04:55:18.999999903,0.0,,UNTOUCHED,2025-11
"2212 Auditors, Company Secretaries and Corporate Treasurers",85,377.0,2026-08-28 04:55:18.999999903,0.0,,UNTOUCHED,2025-11
"2212 Auditors, Company Secretaries and Corporate Treasurers",90,192.0,2026-08-13 04:57:24.999999805,0.0,,UNTOUCHED,2025-11
"2212 Auditors, Company Secretaries and Corporate Treasurers",95,39.0,2026-08-03 04:59:30.000000111,0.0,,UNTOUCHED,2025-11
"2212 Auditors, Company Secretaries and Corporate Treasurers",100,3.0,2026-02-11 04:59:14.000000144,0.0,,UNTOUCHED,2025-11
"2212 Auditors, Company Secretaries and Corporate Treasurers",105,1.0,2025-07-13 05:15:55.000000287,0.0,,UNTOUCHED,2025-11
"2241 Actuaries, Mathematicians and Statisticians",40,1.0,2025-12-01 04:55:02.999999936,0.0,,UNTOUCHED,2025-11
"2241 Actuaries, Mathematicians and Statisticians",50,1.0,2025-10-24 00:41:13.999999977,0.0,,UNTOUCHED,2025-11
"2241 Actuaries, Mathematicians and Statisticians",60,8.0,2026-08-20 04:58:58.999999782,0.0,,UNTOUCHED,2025-11
"2241 Actuaries, Mathematicians and Statisticians",65,31.0,2026-06-14 05:12:00.000000046,0.0,,UNTOUCHED,2025-11
"2241 Actuaries, Mathematicians and Statisticians",70,46.0,2026-08-25 04:57:32.999999797,0.0,,UNTOUCHED,2025-11
"2241 Actuaries, Mathematicians and Statisticians",75,51.0,2026-07-17 04:59:30.999999716,0.0,,UNTOUCHED,2025-11
"2241 Actuaries, Mathematicians and Statisticians",80,65.0,2026-08-26 04:55:23.000000206,0.0,,UNTOUCHED,2025-11
"2241 Actuaries, Mathematicians and Statisticians",85,85.0,2026-06-19 04:55:53.000000307,79.0,2026-06-19 04:55:53.000000307,CLEARED,2025-11
"2241 Actuaries, Mathematicians and Statisticians",90,91.0,2026-03-26 04:55:58.999999820,98.0,2026-03-26 04:55:58.999999820,CLEARED,2025-11
"2241 Actuaries, Mathematicians and Statisticians",95,9.0,2025-10-30 09:53:08.999999894,10.0,2025-11-11 15:56:00.000000268,CLEARED,2025-11
"2241 Actuaries, Mathematicians and Statisticians",100,1.0,2025-04-22 16:58:17.000000016,1.0,2025-04-22 16:58:17.000000016,CLEARED,2025-11
2243 Economists,55,2.0,2025-08-28 16:22:40.999999846,0.0,,UNTOUCHED,2025-11
2243 Economists,60,4.0,2026-07-22 04:56:30.999999762,0.0,,UNTOUCHED,2025-11
2243 Economists,65,14.0,2026-07-26 05:06:30.000000222,0.0,,UNTOUCHED,2025-11
2243 Economists,70,8.0,2026-08-20 04:58:58.999999782,0.0,,UNTOUCHED,2025-11
2243 Economists,75,15.0,2026-08-10 04:58:42.999999816,0.0,,UNTOUCHED,2025-11
2243 Economists,80,18.0,2026-08-04 04:59:14.000000144,0.0,,UNTOUCHED,2025-11
2243 Economists,85,16.0,2025-11-07 04:54:40.000000213,13.0,2025-11-07 04:54:40.000000213,CLEARED,2025-11
2243 Economists,90,5.0,2025-10-16 07:52:44.000000126,6.0,2025-11-12 09:35:15.999999901,CLEARED,2025-11
2243 Economists,95,1.0,2025-09-16 22:02:51.999999766,1.0,2025-09-16 22:02:51.999999766,CLEARED,2025-11
2245 Land Economists and Valuers,60,2.0,2026-05-01 05:10:19.999999925,0.0,,UNTOUCHED,2025-11
2245 Land Economists and Valuers,65,6.0,2026-07-22 04:56:30.999999762,0.0,,UNTOUCHED,2025-11
2245 Land Economists and Valuers,70,12.0,2026-05-23 04:57:35.000000259,0.0,,UNTOUCHED,2025-11
2245 Land Economists and Valuers,75,15.0,2026-08-14 04:55:58.999999820,0.0,,UNTOUCHED,2025-11
2245 Land Economists and Valuers,80,15.0,2026-08-20 04:58:58.999999782,0.0,,UNTOUCHED,2025-11
2245 Land Economists and Valuers,85,20.0,2026-08-11 05:03:38.000000252,16.0,2026-04-25 04:55:10.000000315,PARTIAL,2025-11
2245 Land Economists and Valuers,90,2.0,2025-09-16 20:55:27.999999909,2.0,2025-09-16 20:55:27.999999909,CLEARED,2025-11
2247 Management and Organisation Analysts,50,1.0,2026-02-17 04:54:03.999999968,0.0,,UNTOUCHED,2025-11
2247 Management and Organisation Analysts,55,1.0,2025-09-27 04:55:47.000000156,0.0,,UNTOUCHED,2025-11
2247 Management and Organisation Analysts,60,2.0,2026-07-21 04:59:38.000000094,0.0,,UNTOUCHED,2025-11
2247 Management and Organisation Analysts,65,28.0,2026-08-23 05:01:10.000000231,0.0,,UNTOUCHED,2025-11
2247 Management and Organisation Analysts,70,36.0,2026-08-27 04:59:08.000000001,0.0,,UNTOUCHED,2025-11
2247 Management and Organisation Analysts,75,53.0,2026-08-31 05:04:37.000000211,0.0,,UNTOUCHED,2025-11
2247 Management and Organisation Analysts,80,64.0,2026-08-04 20:14:34.000000209,0.0,,UNTOUCHED,2025-11
2247 Management and Organisation Analysts,85,69.0,2026-08-04 04:59:14.000000144,67.0,2026-05-24 05:14:24.999999990,PARTIAL,2025-11
2247 Management and Organisation Analysts,90,44.0,2026-04-03 04:54:53.999999717,49.0,2026-04-08 04:54:18.000000103,CLEARED,2025-11
2247 Management and Organisation Analysts,95,6.0,2025-10-29 18:58:11.000000087,6.0,2025-10-29 18:58:11.000000087,CLEARED,2025-11
2321 Architects and Landscape Architects,55,3.0,2026-03-05 04:56:11.000000114,0.0,,UNTOUCHED,2025-11
2321 Architects and Landscape Architects,60,16.0,2026-08-06 04:55:26.999999886,0.0,,UNTOUCHED,2025-11
2321 Architects and Landscape Architects,65,98.0,2026-09-01 05:03:54.000000218,0.0,,UNTOUCHED,2025-11
2321 Architects and Landscape Architects,70,145.0,2026-08-29 05:03:29.000000033,0.0,,UNTOUCHED,2025-11
2321 Architects and Landscape Architects,75,156.0,2026-09-01 05:03:54.000000218,0.0,,UNTOUCHED,2025-11
2321 Architects and Landscape Architects,80,111.0,2026-08-27 04:59:08.000000001,0.0,,UNTOUCHED,2025-11
2321 Architects and Landscape Architects,85,79.0,2026-05-06 04:57:21.999999738,53.0,2026-05-06 04:57:21.999999738,CLEARED,2025-11
2321 Architects and Landscape Architects,90,25.0,2026-01-13 04:57:53.000000066,30.0,2026-04-11 05:09:01.999999923,CLEARED,2025-11
2321 Architects and Landscape Architects,110,1.0,2025-08-16 04:59:09.000000228,1.0,2025-08-16 04:59:09.000000228,CLEARED,2025-11
2322 Cartographers and Surveyors,55,3.0,2025-11-18 04:59:04.999999925,0.0,,UNTOUCHED,2025-11
2322 Cartographers and Surveyors,60,5.0,2026-03-18 04:54:37.999999742,0.0,,UNTOUCHED,2025-11
2322 Cartographers and Surveyors,65,39.0,2026-08-06 04:55:26.999999886,0.0,,UNTOUCHED,2025-11
2322 Cartographers and Surveyors,70,30.0,2026-08-31 05:04:37.000000211,0.0,,UNTOUCHED,2025-11
2322 Cartographers and Surveyors,75,32.0,2026-08-11 05:03:38.000000252,0.0,,UNTOUCHED,2025-11
2322 Cartographers and Surveyors,80,18.0,2026-08-21 04:59:33.999999792,0.0,,UNTOUCHED,2025-11
2322 Cartographers and Surveyors,85,25.0,2026-05-14 04:54:32.999999834,18.0,2026-05-14 04:54:32.999999834,CLEARED,2025-11
2322 Cartographers and Surveyors,90,8.0,2025-10-12 09:19:12.000000230,10.0,2025-10-12 09:19:12.000000230,CLEARED,2025-11
2322 Cartographers and Surveyors,95,3.0,2025-09-30 04:55:18.000000298,3.0,2025-09-30 04:55:18.000000298,CLEARED,2025-11
2322 Cartographers and Surveyors,100,0.0,,1.0,2025-11-07 16:32:39.000000079,PARTIAL,2025-11
2331 Chemical and Materials Engineers,40,1.0,2026-07-17 04:59:30.999999716,0.0,,UNTOUCHED,2025-11
2331 Chemical and Materials Engineers,45,1.0,2025-10-28 14:20:02.999999797,0.0,,UNTOUCHED,2025-11
2331 Chemical and Materials Engineers,50,2.0,2026-05-18 04:56:52.000000267,0.0,,UNTOUCHED,2025-11
2331 Chemical and Materials Engineers,55,11.0,2026-08-11 05:03:38.000000252,0.0,,UNTOUCHED,2025-11
2331 Chemical and Materials Engineers,60,18.0,2026-08-27 04:59:08.000000001,0.0,,UNTOUCHED,2025-11
2331 Chemical and Materials Engineers,65,99.0,2026-09-02 05:00:32.000000146,0.0,,UNTOUCHED,2025-11
2331 Chemical and Materials Engineers,70,111.0,2026-08-28 04:55:18.999999903,0.0,,UNTOUCHED,2025-11
2331 Chemical and Materials Engineers,75,122.0,2026-09-02 05:00:32.000000146,0.0,,UNTOUCHED,2025-11
2331 Chemical and Materials Engineers,80,137.0,2026-08-27 04:59:08.000000001,0.0,,UNTOUCHED,2025-11
2331 Chemical and Materials Engineers,85,121.0,2026-08-29 05:03:29.000000033,106.0,2026-08-19 04:55:55.999999752,PARTIAL,2025-11
2331 Chemical and Materials Engineers,90,52.0,2026-08-26 04:55:23.000000206,57.0,2026-08-26 04:55:23.000000206,CLEARED,2025-11
2331 Chemical and Materials Engineers,95,10.0,2026-06-25 05:01:32.999999946,12.0,2026-06-09 04:54:02.999999733,PARTIAL,2025-11
2331 Chemical and Materials Engineers,100,2.0,2025-09-01 11:09:28.000000344,2.0,2025-09-01 11:09:28.000000344,CLEARED,2025-11
2331 Chemical and Materials Engineers,105,1.0,2025-02-23 20:21:31.000000245,1.0,2025-02-23 20:21:31.000000245,CLEARED,2025-11
2332 Civil Engineering Professionals,40,2.0,2026-03-08 05:01:02.000000248,0.0,,UNTOUCHED,2025-11
2332 Civil Engineering Professionals,45,6.0,2026-09-01 05:03:54.000000218,0.0,,UNTOUCHED,2025-11
2332 Civil Engineering Professionals,50,21.0,2026-08-29 05:03:29.000000033,0.0,,UNTOUCHED,2025-11
2332 Civil Engineering Professionals,55,68.0,2026-08-15 04:55:31.000000189,0.0,,UNTOUCHED,2025-11
2332 Civil Engineering Professionals,60,140.0,2026-08-27 04:59:08.000000001,0.0,,UNTOUCHED,2025-11
2332 Civil Engineering Professionals,65,694.0,2026-09-02 05:00:32.000000146,0.0,,UNTOUCHED,2025-11
2332 Civil Engineering Professionals,70,811.0,2026-09-02 05:00:32.000000146,0.0,,UNTOUCHED,2025-11
2332 Civil Engineering Professionals,75,876.0,2026-09-02 05:00:32.000000146,0.0,,UNTOUCHED,2025-11
2332 Civil Engineering Professionals,80,721.0,2026-09-02 05:00:32.000000146,0.0,,UNTOUCHED,2025-11
2332 Civil Engineering Professionals,85,595.0,2026-09-02 05:00:32.000000146,0.0,,UNTOUCHED,2025-11
2332 Civil Engineering Professionals,90,291.0,2026-08-22 04:57:27.000000276,0.0,,UNTOUCHED,2025-11
2332 Civil Engineering Professionals,95,59.0,2026-08-15 04:55:31.000000189,0.0,,UNTOUCHED,2025-11
2332 Civil Engineering Professionals,100,17.0,2026-07-27 05:01:28.000000038,0.0,,UNTOUCHED,2025-11
2332 Civil Engineering Professionals,105,1.0,2026-01-27 05:03:16.000000133,0.0,,UNTOUCHED,2025-11
2333 Electrical Engineers,45,5.0,2026-05-25 05:00:53.000000029,0.0,,UNTOUCHED,2025-11
2333 Electrical Engineers,50,9.0,2026-06-07 05:05:34.999999935,0.0,,UNTOUCHED,2025-11
2333 Electrical Engineers,55,31.0,2026-08-17 04:55:06.000000003,0.0,,UNTOUCHED,2025-11
2333 Electrical Engineers,60,84.0,2026-08-28 04:55:18.999999903,0.0,,UNTOUCHED,2025-11
2333 Electrical Engineers,65,278.0,2026-09-01 05:03:54.000000218,0.0,,UNTOUCHED,2025-11
2333 Electrical Engineers,70,301.0,2026-09-02 05:00:32.000000146,0.0,,UNTOUCHED,2025-11
2333 Electrical Engineers,75,311.0,2026-08-22 04:57:27.000000276,0.0,,UNTOUCHED,2025-11
2333 Electrical Engineers,80,290.0,2026-08-31 05:04:37.000000211,0.0,,UNTOUCHED,2025-11
2333 Electrical Engineers,85,226.0,2026-08-30 05:07:51.000000300,0.0,,UNTOUCHED,2025-11
2333 Electrical Engineers,90,106.0,2026-09-02 05:00:32.000000146,0.0,,UNTOUCHED,2025-11
2333 Electrical Engineers,95,39.0,2026-08-24 04:55:15.999999827,0.0,,UNTOUCHED,2025-11
2333 Electrical Engineers,100,9.0,2026-06-04 04:55:44.999999693,0.0,,UNTOUCHED,2025-11
2334 Electronics Engineers,45,4.0,2026-06-08 04:54:29.999999759,0.0,,UNTOUCHED,2025-11
2334 Electronics Engineers,50,13.0,2026-08-19 04:55:55.999999752,0.0,,UNTOUCHED,2025-11
2334 Electronics Engineers,55,21.0,2026-08-27 04:59:08.000000001,0.0,,UNTOUCHED,2025-11
2334 Electronics Engineers,60,50.0,2026-08-17 04:55:06.000000003,0.0,,UNTOUCHED,2025-11
2334 Electronics Engineers,65,171.0,2026-08-28 04:55:18.999999903,0.0,,UNTOUCHED,2025-11
2334 Electronics Engineers,70,167.0,2026-08-29 05:03:29.000000033,0.0,,UNTOUCHED,2025-11
2334 Electronics Engineers,75,193.0,2026-09-02 05:00:32.000000146,0.0,,UNTOUCHED,2025-11
2334 Electronics Engineers,80,175.0,2026-08-30 05:07:51.000000300,0.0,,UNTOUCHED,2025-11
2334 Electronics Engineers,85,142.0,2026-09-01 05:03:54.000000218,0.0,,UNTOUCHED,2025-11
2334 Electronics Engineers,90,76.0,2026-08-31 05:04:37.000000211,0.0,,UNTOUCHED,2025-11
2334 Electronics Engineers,95,18.0,2026-08-21 04:59:33.999999792,0.0,,UNTOUCHED,2025-11
2334 Electronics Engineers,100,3.0,2026-01-28 04:57:18.000000057,0.0,,UNTOUCHED,2025-11
"2335 Industrial, Mechanical and Production Engineers",40,5.0,2026-08-23 05:01:10.000000231,0.0,,UNTOUCHED,2025-11
"2335 Industrial, Mechanical and Production Engineers",45,3.0,2025-11-30 04:58:01.000000050,0.0,,UNTOUCHED,2025-11
"2335 Industrial, Mechanical and Production Engineers",50,20.0,2026-08-04 04:59:14.000000144,0.0,,UNTOUCHED,2025-11
"2335 Industrial, Mechanical and Production Engineers",55,67.0,2026-08-26 04:55:23.000000206,0.0,,UNTOUCHED,2025-11
"2335 Industrial, Mechanical and Production Engineers",60,153.0,2026-09-02 05:00:32.000000146,0.0,,UNTOUCHED,2025-11
"2335 Industrial, Mechanical and Production Engineers",65,563.0,2026-09-01 05:03:54.000000218,0.0,,UNTOUCHED,2025-11
"2335 Industrial, Mechanical and Production Engineers",70,605.0,2026-09-02 05:00:32.000000146,0.0,,UNTOUCHED,2025-11
"2335 Industrial, Mechanical and Production Engineers",75,657.0,2026-09-01 05:03:54.000000218,0.0,,UNTOUCHED,2025-11
"2335 Industrial, Mechanical and Production Engineers",80,572.0,2026-09-02 05:00:32.000000146,0.0,,UNTOUCHED,2025-11
"2335 Industrial, Mechanical and Production Engineers",85,545.0,2026-09-01 05:03:54.000000218,0.0,,UNTOUCHED,2025-11
"2335 Industrial, Mechanical and Production Engineers",90,318.0,2026-09-02 05:00:32.000000146,0.0,,UNTOUCHED,2025-11
"2335 Industrial, Mechanical and Production Engineers",95,67.0,2026-08-27 04:59:08.000000001,0.0,,UNTOUCHED,2025-11
"2335 Industrial, Mechanical and Production Engineers",100,13.0,2026-08-10 04:58:42.999999816,0.0,,UNTOUCHED,2025-11
"2335 Industrial, Mechanical and Production Engineers",105,2.0,2026-06-28 05:05:09.000000144,0.0,,UNTOUCHED,2025-11
2336 Mining Engineers,40,1.0,2026-04-17 04:58:23.999999773,0.0,,UNTOUCHED,2025-11
2336 Mining Engineers,45,2.0,2025-10-15 00:15:40.999999947,0.0,,UNTOUCHED,2025-11
2336 Mining Engineers,50,4.0,2026-06-28 05:05:09.000000144,0.0,,UNTOUCHED,2025-11
2336 Mining Engineers,55,9.0,2026-07-19 05:21:30.000000018,0.0,,UNTOUCHED,2025-11
2336 Mining Engineers,60,7.0,2026-08-15 04:55:31.000000189,0.0,,UNTOUCHED,2025-11
2336 Mining Engineers,65,44.0,2026-08-28 04:55:18.999999903,0.0,,UNTOUCHED,2025-11
2336 Mining Engineers,70,49.0,2026-08-23 05:01:10.000000231,0.0,,UNTOUCHED,2025-11
2336 Mining Engineers,75,50.0,2026-08-29 05:03:29.000000033,0.0,,UNTOUCHED,2025-11
2336 Mining Engineers,80,37.0,2026-05-12 04:54:29.000000154,0.0,,UNTOUCHED,2025-11
2336 Mining Engineers,85,32.0,2026-08-04 04:59:14.000000144,22.0,2026-04-17 04:58:23.999999773,PARTIAL,2025-11
2336 Mining Engineers,90,12.0,2025-10-26 12:31:15.999999744,14.0,2025-11-11 11:43:40.999999975,CLEARED,2025-11
2336 Mining Engineers,95,1.0,2025-10-21 18:41:15.999999817,2.0,2025-11-10 20:51:25.000000315,CLEARED,2025-11
2336 Mining Engineers,100,0.0,,1.0,2025-11-10 16:47:03.999999857,PARTIAL,2025-11
2339 Other Engineering Professionals,40,2.0,2026-02-16 04:57:08.000000233,0.0,,UNTOUCHED,2025-11
2339 Other Engineering Professionals,45,4.0,2026-05-04 05:07:14.999999424,0.0,,UNTOUCHED,2025-11
2339 Other Engineering Professionals,50,17.0,2026-08-29 05:03:29.000000033,0.0,,UNTOUCHED,2025-11
2339 Other Engineering Professionals,55,66.0,2026-08-23 05:01:10.000000231,0.0,,UNTOUCHED,2025-11
2339 Other Engineering Professionals,60,114.0,2026-09-02 05:00:32.000000146,0.0,,UNTOUCHED,2025-11
2339 Other Engineering Professionals,65,508.0,2026-09-02 05:00:32.000000146,0.0,,UNTOUCHED,2025-11
2339 Other Engineering Professionals,70,588.0,2026-09-02 05:00:32.000000146,0.0,,UNTOUCHED,2025-11
2339 Other Engineering Professionals,75,599.0,2026-08-31 05:04:37.000000211,0.0,,UNTOUCHED,2025-11
2339 Other Engineering Professionals,80,549.0,2026-09-01 05:03:54.000000218,0.0,,UNTOUCHED,2025-11
2339 Other Engineering Professionals,85,569.0,2026-08-31 05:04:37.000000211,0.0,,UNTOUCHED,2025-11
2339 Other Engineering Professionals,90,310.0,2026-09-02 05:00:32.000000146,0.0,,UNTOUCHED,2025-11
2339 Other Engineering Professionals,95,82.0,2026-08-14 04:55:58.999999820,0.0,,UNTOUCHED,2025-11
2339 Other Engineering Professionals,100,16.0,2026-08-10 04:58:42.999999816,0.0,,UNTOUCHED,2025-11
2339 Other Engineering Professionals,105,3.0,2026-08-14 04:55:58.999999820,0.0,,UNTOUCHED,2025-11
2341 Agricultural and Forestry Scientists,45,1.0,2025-11-15 04:57:57.999999983,0.0,,UNTOUCHED,2025-11
2341 Agricultural and Forestry Scientists,50,1.0,2025-09-18 04:54:51.000000272,0.0,,UNTOUCHED,2025-11
2341 Agricultural and Forestry Scientists,55,11.0,2026-06-08 04:54:29.999999759,0.0,,UNTOUCHED,2025-11
2341 Agricultural and Forestry Scientists,60,18.0,2026-08-08 04:56:11.999999719,0.0,,UNTOUCHED,2025-11
2341 Agricultural and Forestry Scientists,65,91.0,2026-09-01 05:03:54.000000218,0.0,,UNTOUCHED,2025-11
2341 Agricultural and Forestry Scientists,70,67.0,2026-08-31 14:42:37.999999704,0.0,,UNTOUCHED,2025-11
2341 Agricultural and Forestry Scientists,75,73.0,2026-08-15 04:55:31.000000189,0.0,,UNTOUCHED,2025-11
2341 Agricultural and Forestry Scientists,80,61.0,2026-08-13 04:57:24.999999805,0.0,,UNTOUCHED,2025-11
2341 Agricultural and Forestry Scientists,85,40.0,2026-08-16 04:58:10.999999873,28.0,2026-05-31 04:55:58.000000215,PARTIAL,2025-11
2341 Agricultural and Forestry Scientists,90,26.0,2025-11-10 04:55:12.999999751,33.0,2025-11-11 01:20:41.999999691,CLEARED,2025-11
2341 Agricultural and Forestry Scientists,95,7.0,2025-10-24 16:37:26.000000532,5.0,2025-10-24 16:37:26.000000532,CLEARED,2025-11
2341 Agricultural and Forestry Scientists,100,1.0,2025-03-21 05:59:23.999999755,1.0,2025-03-21 05:59:23.999999755,CLEARED,2025-11
2341 Agricultural and Forestry Scientists,105,1.0,2025-10-14 04:55:58.000000215,1.0,2025-10-14 04:55:58.000000215,CLEARED,2025-11
"2342 Chemists, and Food and Wine Scientists",50,5.0,2026-07-27 05:01:28.000000038,0.0,,UNTOUCHED,2025-11
"2342 Chemists, and Food and Wine Scientists",55,13.0,2026-08-08 04:56:11.999999719,0.0,,UNTOUCHED,2025-11
"2342 Chemists, and Food and Wine Scientists",60,20.0,2026-08-12 05:05:07.000000313,0.0,,UNTOUCHED,2025-11
"2342 Chemists, and Food and Wine Scientists",65,85.0,2026-09-01 05:03:54.000000218,0.0,,UNTOUCHED,2025-11
"2342 Chemists, and Food and Wine Scientists",70,101.0,2026-08-29 05:03:29.000000033,0.0,,UNTOUCHED,2025-11
"2342 Chemists, and Food and Wine Scientists",75,99.0,2026-08-16 04:58:10.999999873,0.0,,UNTOUCHED,2025-11
"2342 Chemists, and Food and Wine Scientists",80,80.0,2026-08-23 05:01:10.000000231,0.0,,UNTOUCHED,2025-11
"2342 Chemists, and Food and Wine Scientists",85,59.0,2026-05-26 04:57:32.000000184,57.0,2026-01-21 04:57:29.999999721,PARTIAL,2025-11
"2342 Chemists, and Food and Wine Scientists",90,41.0,2026-02-14 04:56:57.999999788,50.0,2026-02-14 04:56:57.999999788,CLEARED,2025-11
"2342 Chemists, and Food and Wine Scientists",95,7.0,2026-01-13 04:57:53.000000066,7.0,2026-01-13 04:57:53.000000066,CLEARED,2025-11
"2342 Chemists, and Food and Wine Scientists",100,3.0,2026-02-08 04:55:41.000000013,3.0,2026-02-08 04:55:41.000000013,CLEARED,2025-11
"2342 Chemists, and Food and Wine Scientists",105,3.0,2025-10-18 08:40:04.999999768,3.0,2025-10-18 08:40:04.999999768,CLEARED,2025-11
2343 Environmental Scientists,45,1.0,2025-11-10 04:55:12.999999751,0.0,,UNTOUCHED,2025-11
2343 Environmental Scientists,50,2.0,2025-10-15 12:54:44.000000098,0.0,,UNTOUCHED,2025-11
2343 Environmental Scientists,55,1.0,2025-09-11 04:54:13.000000187,0.0,,UNTOUCHED,2025-11
2343 Environmental Scientists,60,8.0,2026-04-02 04:55:26.999999886,0.0,,UNTOUCHED,2025-11
2343 Environmental Scientists,65,29.0,2026-09-02 05:00:32.000000146,0.0,,UNTOUCHED,2025-11
2343 Environmental Scientists,70,36.0,2026-08-24 04:55:15.999999827,0.0,,UNTOUCHED,2025-11
2343 Environmental Scientists,75,39.0,2026-08-09 05:00:56.999999701,0.0,,UNTOUCHED,2025-11
2343 Environmental Scientists,80,28.0,2026-08-23 05:01:10.000000231,0.0,,UNTOUCHED,2025-11
2343 Environmental Scientists,85,40.0,2026-06-01 04:57:11.999999914,38.0,2026-06-01 04:57:11.999999914,CLEARED,2025-11
2343 Environmental Scientists,90,40.0,2026-02-10 05:00:56.000000096,42.0,2026-02-10 05:00:56.000000096,CLEARED,2025-11
2343 Environmental Scientists,95,10.0,2025-11-06 04:55:44.000000088,16.0,2026-03-13 04:55:45.999999929,CLEARED,2025-11
2343 Environmental Scientists,100,1.0,2025-07-21 04:53:25.000000287,1.0,2025-07-21 04:53:25.000000287,CLEARED,2025-11
2344 Geologists Geophysicists and Hydrogeologists,55,1.0,2026-06-26 05:01:07.000000155,0.0,,UNTOUCHED,2025-11
2344 Geologists Geophysicists and Hydrogeologists,60,2.0,2026-08-22 04:57:27.000000276,0.0,,UNTOUCHED,2025-11
2344 Geologists Geophysicists and Hydrogeologists,65,9.0,2026-07-25 05:03:03.000000242,0.0,,UNTOUCHED,2025-11
2344 Geologists Geophysicists and Hydrogeologists,70,7.0,2026-02-01 04:55:31.000000189,0.0,,UNTOUCHED,2025-11
2344 Geologists Geophysicists and Hydrogeologists,75,10.0,2026-08-31 05:04:37.000000211,0.0,,UNTOUCHED,2025-11
2344 Geologists Geophysicists and Hydrogeologists,80,3.0,2025-10-29 17:21:25.000000102,0.0,,UNTOUCHED,2025-11
2344 Geologists Geophysicists and Hydrogeologists,85,4.0,2026-01-27 05:03:16.000000133,2.0,2025-10-09 04:55:10.000000315,PARTIAL,2025-11
2344 Geologists Geophysicists and Hydrogeologists,90,2.0,2025-09-10 04:56:33.999999829,2.0,2025-09-10 04:56:33.999999829,CLEARED,2025-11
2345 Life Scientists,50,5.0,2026-04-08 04:54:18.000000103,0.0,,UNTOUCHED,2025-11
2345 Life Scientists,55,12.0,2026-07-21 04:59:38.000000094,0.0,,UNTOUCHED,2025-11
2345 Life Scientists,60,17.0,2026-09-01 05:03:54.000000218,0.0,,UNTOUCHED,2025-11
2345 Life Scientists,65,89.0,2026-09-02 05:00:32.000000146,0.0,,UNTOUCHED,2025-11
2345 Life Scientists,70,83.0,2026-08-21 04:59:33.999999792,0.0,,UNTOUCHED,2025-11
2345 Life Scientists,75,90.0,2026-08-23 05:01:10.000000231,0.0,,UNTOUCHED,2025-11
2345 Life Scientists,80,62.0,2026-08-03 04:59:30.000000111,0.0,,UNTOUCHED,2025-11
2345 Life Scientists,85,88.0,2026-08-24 04:55:15.999999827,67.0,2026-08-24 04:55:15.999999827,CLEARED,2025-11
2345 Life Scientists,90,46.0,2026-09-02 05:00:32.000000146,54.0,2026-09-02 05:00:32.000000146,CLEARED,2025-11
2345 Life Scientists,95,20.0,2026-05-01 05:10:19.999999925,19.0,2026-05-01 05:10:19.999999925,CLEARED,2025-11
2345 Life Scientists,100,8.0,2025-10-04 11:22:27.000000137,9.0,2025-11-06 04:55:44.000000088,CLEARED,2025-11
2345 Life Scientists,105,3.0,2025-10-21 04:55:41.000000013,3.0,2025-10-21 04:55:41.000000013,CLEARED,2025-11
2345 Life Scientists,110,1.0,2025-09-13 15:12:12.000000119,1.0,2025-09-13 15:12:12.000000119,CLEARED,2025-11
2346 Medical Laboratory Scientists,55,3.0,2026-06-14 05:12:00.000000046,0.0,,UNTOUCHED,2025-11
2346 Medical Laboratory Scientists,60,6.0,2026-05-19 04:54:53.999999717,0.0,,UNTOUCHED,2025-11
2346 Medical Laboratory Scientists,65,21.0,2026-08-09 05:00:56.999999701,0.0,,UNTOUCHED,2025-11
2346 Medical Laboratory Scientists,70,42.0,2026-07-23 04:55:36.999999710,0.0,,UNTOUCHED,2025-11
2346 Medical Laboratory Scientists,75,56.0,2026-08-30 05:07:51.000000300,0.0,,UNTOUCHED,2025-11
2346 Medical Laboratory Scientists,80,31.0,2026-08-04 04:59:14.000000144,0.0,,UNTOUCHED,2025-11
2346 Medical Laboratory Scientists,85,14.0,2026-04-27 04:54:07.000000044,11.0,2026-04-27 04:54:07.000000044,CLEARED,2025-11
2346 Medical Laboratory Scientists,90,3.0,2025-10-13 14:12:25.999999836,5.0,2025-11-13 07:49:18.999999986,CLEARED,2025-11
2346 Medical Laboratory Scientists,95,1.0,2025-11-05 04:55:42.000000248,2.0,2025-11-10 04:51:08.999999922,CLEARED,2025-11
2346 Medical Laboratory Scientists,100,1.0,2025-10-21 04:55:41.000000013,1.0,2025-10-21 04:55:41.000000013,CLEARED,2025-11
2347 Veterinarians,55,1.0,2026-05-20 04:54:34.000000070,0.0,,UNTOUCHED,2025-11
2347 Veterinarians,60,2.0,2025-09-26 04:55:01.999999701,0.0,,UNTOUCHED,2025-11
2347 Veterinarians,65,10.0,2026-02-18 04:55:07.000000239,0.0,,UNTOUCHED,2025-11
2347 Veterinarians,70,4.0,2025-09-18 04:54:51.000000272,0.0,,UNTOUCHED,2025-11
2347 Veterinarians,75,20.0,2026-08-28 04:55:18.999999903,0.0,,UNTOUCHED,2025-11
2347 Veterinarians,80,20.0,2026-04-02 04:55:26.999999886,0.0,,UNTOUCHED,2025-11
2347 Veterinarians,85,30.0,2026-08-04 04:59:14.000000144,33.0,2026-05-28 04:57:37.000000100,PARTIAL,2025-11
2347 Veterinarians,90,14.0,2025-10-22 02:12:04.999999953,15.0,2026-01-13 04:57:53.000000066,CLEARED,2025-11
2347 Veterinarians,95,2.0,2025-10-21 04:55:41.000000013,3.0,2026-01-13 04:57:53.000000066,CLEARED,2025-11
2347 Veterinarians,100,2.0,2026-02-06 04:55:31.999999794,2.0,2026-02-06 04:55:31.999999794,CLEARED,2025-11
2349 Other Natural and Physical Science Professionals,55,4.0,2026-07-25 05:03:03.000000242,0.0,,UNTOUCHED,2025-11
2349 Other Natural and Physical Science Professionals,60,5.0,2026-08-06 04:55:26.999999886,0.0,,UNTOUCHED,2025-11
2349 Other Natural and Physical Science Professionals,65,26.0,2026-08-21 04:59:33.999999792,0.0,,UNTOUCHED,2025-11
2349 Other Natural and Physical Science Professionals,70,16.0,2026-07-04 05:01:13.000000298,0.0,,UNTOUCHED,2025-11
2349 Other Natural and Physical Science Professionals,75,21.0,2026-05-08 04:56:01.999999896,0.0,,UNTOUCHED,2025-11
2349 Other Natural and Physical Science Professionals,80,12.0,2026-08-04 04:59:14.000000144,0.0,,UNTOUCHED,2025-11
2349 Other Natural and Physical Science Professionals,85,11.0,2026-02-27 04:56:30.999999762,11.0,2025-10-17 04:54:59.000000256,PARTIAL,2025-11
2349 Other Natural and Physical Science Professionals,90,6.0,2025-09-16 11:39:30.999999994,8.0,2025-11-08 17:12:30.999999744,CLEARED,2025-11
2349 Other Natural and Physical Science Professionals,95,5.0,2026-01-13 04:57:53.000000066,4.0,2026-01-13 04:57:53.000000066,CLEARED,2025-11
2349 Other Natural and Physical Science Professionals,100,1.0,2025-05-11 08:48:11.999999831,0.0,,UNTOUCHED,2025-11
2349 Other Natural and Physical Science Professionals,115,1.0,2025-10-21 04:55:41.000000013,1.0,2025-10-21 04:55:41.000000013,CLEARED,2025-11
2411 Early Childhood (Pre-primary School) Teachers,40,1.0,2026-03-08 05:01:02.000000248,0.0,,UNTOUCHED,2025-11
2411 Early Childhood (Pre-primary School) Teachers,45,1.0,2025-05-29 11:20:45.999999790,0.0,,UNTOUCHED,2025-11
2411 Early Childhood (Pre-primary School) Teachers,50,5.0,2026-05-08 04:56:01.999999896,0.0,,UNTOUCHED,2025-11
2411 Early Childhood (Pre-primary School) Teachers,55,22.0,2026-07-06 04:58:17.000000016,0.0,,UNTOUCHED,2025-11
2411 Early Childhood (Pre-primary School) Teachers,60,110.0,2026-08-26 04:55:23.000000206,0.0,,UNTOUCHED,2025-11
2411 Early Childhood (Pre-primary School) Teachers,65,609.0,2026-09-01 05:03:54.000000218,0.0,,UNTOUCHED,2025-11
2411 Early Childhood (Pre-primary School) Teachers,70,1014.0,2026-09-02 05:00:32.000000146,0.0,,UNTOUCHED,2025-11
2411 Early Childhood (Pre-primary School) Teachers,75,830.0,2026-09-01 05:03:54.000000218,0.0,,UNTOUCHED,2025-11
2411 Early Childhood (Pre-primary School) Teachers,80,720.0,2026-08-31 05:04:37.000000211,0.0,,UNTOUCHED,2025-11
2411 Early Childhood (Pre-primary School) Teachers,85,434.0,2026-09-01 14:51:08.000000112,205.0,2026-08-25 04:57:32.999999797,PARTIAL,2025-11
2411 Early Childhood (Pre-primary School) Teachers,90,30.0,2026-01-23 04:57:35.000000259,40.0,2026-07-15 05:00:49.999999953,CLEARED,2025-11
2411 Early Childhood (Pre-primary School) Teachers,95,2.0,2025-10-17 17:25:36.999999914,2.0,2025-10-17 17:25:36.999999914,CLEARED,2025-11
2414 Secondary School Teachers,50,3.0,2025-09-14 05:11:38.000000558,0.0,,UNTOUCHED,2025-11
2414 Secondary School Teachers,55,5.0,2026-03-10 04:56:22.999999778,0.0,,UNTOUCHED,2025-11
2414 Secondary School Teachers,60,19.0,2026-07-16 04:59:44.000000237,0.0,,UNTOUCHED,2025-11
2414 Secondary School Teachers,65,136.0,2026-08-31 05:04:37.000000211,0.0,,UNTOUCHED,2025-11
2414 Secondary School Teachers,70,195.0,2026-09-01 05:03:54.000000218,0.0,,UNTOUCHED,2025-11
2414 Secondary School Teachers,75,187.0,2026-08-31 05:04:37.000000211,57.0,2026-05-25 05:00:53.000000029,PARTIAL,2025-11
2414 Secondary School Teachers,80,159.0,2026-06-04 04:55:44.999999693,163.0,2026-06-04 04:55:44.999999693,CLEARED,2025-11
2414 Secondary School Teachers,85,48.0,2025-11-11 04:54:56.999999784,56.0,2026-01-13 04:57:53.000000066,CLEARED,2025-11
2414 Secondary School Teachers,90,2.0,2025-10-22 13:13:13.999999949,2.0,2025-10-22 13:13:13.999999949,CLEARED,2025-11
2414 Secondary School Teachers,95,1.0,2025-10-30 21:29:01.999999849,1.0,2025-10-30 21:29:01.999999849,CLEARED,2025-11
2414 Secondary School Teachers,100,1.0,2026-03-05 04:56:11.000000114,1.0,2026-03-05 04:56:11.000000114,CLEARED,2025-11
2415 Special Education Teachers,55,1.0,2025-09-08 04:55:28.999999727,0.0,,UNTOUCHED,2025-11
2415 Special Education Teachers,60,1.0,2026-03-03 05:00:51.000000189,0.0,,UNTOUCHED,2025-11
2415 Special Education Teachers,65,1.0,2025-10-03 04:55:29.999999953,0.0,,UNTOUCHED,2025-11
2415 Special Education Teachers,70,5.0,2025-11-01 04:56:06.000000198,0.0,,UNTOUCHED,2025-11
2415 Special Education Teachers,75,4.0,2026-01-04 04:55:34.999999870,3.0,2025-10-22 04:55:15.000000222,PARTIAL,2025-11
2415 Special Education Teachers,80,1.0,2025-09-30 23:43:20.000000092,1.0,2025-09-30 23:43:20.000000092,CLEARED,2025-11
2421 University Lecturers and Tutors,50,3.0,2026-06-18 04:55:59.999999424,0.0,,UNTOUCHED,2025-11
2421 University Lecturers and Tutors,55,16.0,2026-08-01 05:01:39.999999694,0.0,,UNTOUCHED,2025-11
2421 University Lecturers and Tutors,60,40.0,2026-08-02 05:01:45.000000240,0.0,,UNTOUCHED,2025-11
2421 University Lecturers and Tutors,65,169.0,2026-08-28 04:55:18.999999903,0.0,,UNTOUCHED,2025-11
2421 University Lecturers and Tutors,70,151.0,2026-09-02 05:00:32.000000146,0.0,,UNTOUCHED,2025-11
2421 University Lecturers and Tutors,75,166.0,2026-08-28 04:55:18.999999903,0.0,,UNTOUCHED,2025-11
2421 University Lecturers and Tutors,80,148.0,2026-08-29 05:03:29.000000033,0.0,,UNTOUCHED,2025-11
2421 University Lecturers and Tutors,85,71.0,2026-07-29 04:55:29.999999953,0.0,,UNTOUCHED,2025-11
2421 University Lecturers and Tutors,90,47.0,2026-07-15 05:00:49.999999953,0.0,,UNTOUCHED,2025-11
2421 University Lecturers and Tutors,95,15.0,2026-08-07 04:55:50.000000232,0.0,,UNTOUCHED,2025-11
2421 University Lecturers and Tutors,100,6.0,2026-05-12 04:54:29.000000154,0.0,,UNTOUCHED,2025-11
2421 University Lecturers and Tutors,105,3.0,2025-10-09 14:40:29.999999953,0.0,,UNTOUCHED,2025-11
2421 University Lecturers and Tutors,110,1.0,2025-06-06 05:20:43.000000344,0.0,,UNTOUCHED,2025-11
2512 Medical Imaging Professionals,55,2.0,2026-06-26 05:01:07.000000155,0.0,,UNTOUCHED,2025-11
2512 Medical Imaging Professionals,60,2.0,2026-05-31 04:55:58.000000215,0.0,,UNTOUCHED,2025-11
2512 Medical Imaging Professionals,65,18.0,2026-08-31 05:04:37.000000211,0.0,,UNTOUCHED,2025-11
2512 Medical Imaging Professionals,70,24.0,2026-07-01 04:59:06.999999766,0.0,,UNTOUCHED,2025-11
2512 Medical Imaging Professionals,75,38.0,2026-08-24 04:55:15.999999827,17.0,2025-10-21 04:55:41.000000013,PARTIAL,2025-11
2512 Medical Imaging Professionals,80,13.0,2026-05-22 04:54:29.000000154,12.0,2026-05-22 04:54:29.000000154,CLEARED,2025-11
2512 Medical Imaging Professionals,85,10.0,2025-11-03 04:54:38.999999977,10.0,2025-11-03 04:54:38.999999977,CLEARED,2025-11
2512 Medical Imaging Professionals,90,7.0,2025-10-21 04:55:41.000000013,7.0,2025-10-21 04:55:41.000000013,CLEARED,2025-11
2512 Medical Imaging Professionals,95,4.0,2025-10-21 04:55:41.000000013,4.0,2025-10-21 04:55:41.000000013,CLEARED,2025-11
2514 Optometrists and Orthoptists,70,3.0,2025-12-20 04:55:59.999999424,0.0,,UNTOUCHED,2025-11
2514 Optometrists and Orthoptists,75,5.0,2026-07-19 05:21:30.000000018,1.0,2025-10-27 04:54:45.000000129,PARTIAL,2025-11
2514 Optometrists and Orthoptists,80,2.0,2025-10-30 13:39:42.999999871,1.0,2025-10-30 13:39:42.999999871,CLEARED,2025-11
2519 Other Health Diagnostic and Promotion Professionals,70,1.0,2025-06-15 05:03:59.000000126,0.0,,UNTOUCHED,2025-11
2521 Chiropractors and Osteopaths,55,1.0,2026-07-06 04:58:17.000000016,0.0,,UNTOUCHED,2025-11
2521 Chiropractors and Osteopaths,60,1.0,2026-06-28 05:05:09.000000144,0.0,,UNTOUCHED,2025-11
2521 Chiropractors and Osteopaths,65,5.0,2026-05-12 04:54:29.000000154,0.0,,UNTOUCHED,2025-11
2521 Chiropractors and Osteopaths,70,8.0,2026-02-25 04:55:20.999999743,0.0,,UNTOUCHED,2025-11
2521 Chiropractors and Osteopaths,75,8.0,2026-03-01 05:11:47.999999751,0.0,,UNTOUCHED,2025-11
2521 Chiropractors and Osteopaths,80,6.0,2026-08-04 04:59:14.000000144,0.0,,UNTOUCHED,2025-11
2521 Chiropractors and Osteopaths,85,1.0,2025-07-29 12:53:56.999999803,1.0,2025-07-29 12:53:56.999999803,CLEARED,2025-11
2524 Occupational Therapists,45,2.0,2026-01-27 05:03:16.000000133,0.0,,UNTOUCHED,2025-11
2524 Occupational Therapists,55,2.0,2026-05-26 04:57:32.000000184,0.0,,UNTOUCHED,2025-11
2524 Occupational Therapists,60,5.0,2026-04-01 04:56:03.000000131,0.0,,UNTOUCHED,2025-11
2524 Occupational Therapists,65,32.0,2026-07-11 04:55:42.999999853,0.0,,UNTOUCHED,2025-11
2524 Occupational Therapists,70,48.0,2026-08-27 04:59:08.000000001,0.0,,UNTOUCHED,2025-11
2524 Occupational Therapists,75,70.0,2026-08-14 04:55:58.999999820,33.0,2026-02-10 05:00:56.000000096,PARTIAL,2025-11
2524 Occupational Therapists,80,22.0,2025-11-02 05:35:59.000000098,24.0,2026-04-23 04:56:01.999999896,CLEARED,2025-11
2524 Occupational Therapists,85,7.0,2025-10-24 14:05:50.000000305,9.0,2025-11-11 22:21:19.000000163,CLEARED,2025-11
2524 Occupational Therapists,90,5.0,2025-10-21 04:55:41.000000013,5.0,2025-10-21 04:55:41.000000013,CLEARED,2025-11
2525 Physiotherapists,40,1.0,2026-04-11 05:09:01.999999923,0.0,,UNTOUCHED,2025-11
2525 Physiotherapists,50,3.0,2026-05-31 04:55:58.000000215,0.0,,UNTOUCHED,2025-11
2525 Physiotherapists,55,5.0,2026-06-08 04:54:29.999999759,0.0,,UNTOUCHED,2025-11
2525 Physiotherapists,60,7.0,2026-04-25 04:55:10.000000315,0.0,,UNTOUCHED,2025-11
2525 Physiotherapists,65,44.0,2026-07-31 04:56:47.999999964,0.0,,UNTOUCHED,2025-11
2525 Physiotherapists,70,78.0,2026-09-01 05:03:54.000000218,0.0,,UNTOUCHED,2025-11
2525 Physiotherapists,75,85.0,2026-08-14 04:55:58.999999820,44.0,2026-02-04 04:56:27.999999686,PARTIAL,2025-11
2525 Physiotherapists,80,47.0,2026-05-19 04:54:53.999999717,51.0,2026-05-19 04:54:53.999999717,CLEARED,2025-11
2525 Physiotherapists,85,15.0,2026-02-14 04:56:57.999999788,17.0,2026-02-14 04:56:57.999999788,CLEARED,2025-11
2525 Physiotherapists,90,4.0,2025-10-21 04:55:41.000000013,4.0,2025-11-11 20:32:05.999999697,CLEARED,2025-11
2526 Podiatrists,65,3.0,2026-02-11 04:59:14.000000144,0.0,,UNTOUCHED,2025-11
2526 Podiatrists,70,1.0,2025-07-07 04:53:12.999999992,0.0,,UNTOUCHED,2025-11
2526 Podiatrists,75,7.0,2026-04-01 04:56:03.000000131,3.0,2025-10-02 04:55:58.000000215,PARTIAL,2025-11
2526 Podiatrists,80,1.0,2025-10-01 04:24:25.000000269,1.0,2025-10-01 04:24:25.000000269,CLEARED,2025-11
2527 Speech Professionals and Audiologists,55,3.0,2026-07-29 04:55:29.999999953,0.0,,UNTOUCHED,2025-11
2527 Speech Professionals and Audiologists,60,3.0,2026-04-24 04:55:42.999999853,0.0,,UNTOUCHED,2025-11
2527 Speech Professionals and Audiologists,65,22.0,2026-07-27 05:01:28.000000038,0.0,,UNTOUCHED,2025-11
2527 Speech Professionals and Audiologists,70,36.0,2026-08-30 05:07:51.000000300,0.0,,UNTOUCHED,2025-11
2527 Speech Professionals and Audiologists,75,30.0,2026-06-22 04:54:35.999999910,15.0,2026-02-19 04:55:26.999999886,PARTIAL,2025-11
2527 Speech Professionals and Audiologists,80,7.0,2025-11-11 04:54:56.999999784,10.0,2026-01-24 04:57:40.999999780,CLEARED,2025-11
2527 Speech Professionals and Audiologists,85,3.0,2025-10-01 07:25:44.000000506,3.0,2025-10-01 07:25:44.000000506,CLEARED,2025-11
2527 Speech Professionals and Audiologists,90,2.0,2025-09-28 21:01:11.000000254,2.0,2025-09-28 21:01:11.000000254,CLEARED,2025-11
2531 General Practitioners and Resident Medical officers,50,1.0,2025-10-17 04:54:59.000000256,0.0,,UNTOUCHED,2025-11
2531 General Practitioners and Resident Medical officers,55,3.0,2026-08-26 04:55:23.000000206,0.0,,UNTOUCHED,2025-11
2531 General Practitioners and Resident Medical officers,60,8.0,2026-06-04 04:55:44.999999693,0.0,,UNTOUCHED,2025-11
2531 General Practitioners and Resident Medical officers,65,24.0,2026-07-14 05:00:54.999999861,0.0,,UNTOUCHED,2025-11
2531 General Practitioners and Resident Medical officers,70,42.0,2026-08-21 04:59:33.999999792,0.0,,UNTOUCHED,2025-11
2531 General Practitioners and Resident Medical officers,75,66.0,2026-08-10 04:58:42.999999816,27.0,2026-05-09 04:55:56.999999979,PARTIAL,2025-11
2531 General Practitioners and Resident Medical officers,80,68.0,2026-05-24 05:14:24.999999990,69.0,2026-05-24 05:14:24.999999990,CLEARED,2025-11
2531 General Practitioners and Resident Medical officers,85,27.0,2025-11-06 04:55:44.000000088,29.0,2025-11-12 16:21:09.999999944,CLEARED,2025-11
2531 General Practitioners and Resident Medical officers,90,10.0,2026-05-28 04:57:37.000000100,14.0,2026-05-28 04:57:37.000000100,CLEARED,2025-11
2531 General Practitioners and Resident Medical officers,95,1.0,2025-10-25 04:55:10.999999920,1.0,2025-10-25 04:55:10.999999920,CLEARED,2025-11
2533 Internal Medicine Specialists,40,1.0,2026-05-17 05:09:28.999999949,0.0,,UNTOUCHED,2025-11
2533 Internal Medicine Specialists,60,2.0,2026-07-22 04:56:30.999999762,0.0,,UNTOUCHED,2025-11
2533 Internal Medicine Specialists,65,5.0,2026-04-28 04:54:48.000000196,0.0,,UNTOUCHED,2025-11
2533 Internal Medicine Specialists,70,3.0,2026-08-27 04:59:08.000000001,0.0,,UNTOUCHED,2025-11
2533 Internal Medicine Specialists,75,2.0,2026-01-07 04:55:44.000000088,0.0,,UNTOUCHED,2025-11
2533 Internal Medicine Specialists,80,9.0,2026-03-06 04:54:35.999999910,9.0,2026-03-06 04:54:35.999999910,CLEARED,2025-11
2533 Internal Medicine Specialists,90,2.0,2025-07-23 05:14:50.999999781,2.0,2025-07-23 05:14:50.999999781,CLEARED,2025-11
2534 Psychiatrists,75,2.0,2025-10-26 08:49:50.000000111,1.0,2025-07-26 04:55:29.999999953,PARTIAL,2025-11
2534 Psychiatrists,80,1.0,2025-09-14 05:11:38.000000558,2.0,2025-11-13 07:06:07.999999686,CLEARED,2025-11
2534 Psychiatrists,85,1.0,2025-09-17 21:05:24.000000302,1.0,2025-09-17 21:05:24.000000302,CLEARED,2025-11
2535 Surgeons,50,1.0,2025-09-11 04:54:13.000000187,0.0,,UNTOUCHED,2025-11
2535 Surgeons,55,1.0,2026-05-23 04:57:35.000000259,0.0,,UNTOUCHED,2025-11
2535 Surgeons,65,1.0,2025-09-09 04:55:10.999999920,0.0,,UNTOUCHED,2025-11
2535 Surgeons,75,1.0,2025-07-18 04:55:55.000000148,1.0,2025-06-11 04:55:12.999999751,PARTIAL,2025-11
2535 Surgeons,80,1.0,2025-09-14 21:52:17.999999918,1.0,2025-09-14 21:52:17.999999918,CLEARED,2025-11
2535 Surgeons,85,1.0,2025-07-01 05:09:19.000000126,1.0,2025-07-01 05:09:19.000000126,CLEARED,2025-11
2539 Other Medical Practitioners,45,1.0,2025-10-18 13:42:58.999999792,0.0,,UNTOUCHED,2025-11
2539 Other Medical Practitioners,50,2.0,2025-12-19 04:55:28.000000122,0.0,,UNTOUCHED,2025-11
2539 Other Medical Practitioners,55,3.0,2026-08-15 04:55:31.000000189,0.0,,UNTOUCHED,2025-11
2539 Other Medical Practitioners,60,9.0,2026-05-06 22:07:52.000000109,0.0,,UNTOUCHED,2025-11
2539 Other Medical Practitioners,65,24.0,2026-08-13 04:57:24.999999805,0.0,,UNTOUCHED,2025-11
2539 Other Medical Practitioners,70,46.0,2026-08-25 04:57:32.999999797,0.0,,UNTOUCHED,2025-11
2539 Other Medical Practitioners,75,51.0,2026-07-19 05:21:30.000000018,18.0,2026-04-23 04:56:01.999999896,PARTIAL,2025-11
2539 Other Medical Practitioners,80,52.0,2026-05-31 04:55:58.000000215,61.0,2026-05-31 04:55:58.000000215,CLEARED,2025-11
2539 Other Medical Practitioners,85,29.0,2025-12-12 05:03:57.000000294,29.0,2026-01-16 04:57:21.000000133,CLEARED,2025-11
2539 Other Medical Practitioners,90,11.0,2025-12-12 05:03:57.000000294,10.0,2025-11-07 04:54:40.000000213,PARTIAL,2025-11
2539 Other Medical Practitioners,95,2.0,2025-10-04 11:23:12.000000600,2.0,2025-10-04 11:23:12.000000600,CLEARED,2025-11
2541 Midwives,55,1.0,2025-03-10 05:20:29.999999814,0.0,,UNTOUCHED,2025-11
2541 Midwives,60,2.0,2025-09-27 04:55:47.000000156,0.0,,UNTOUCHED,2025-11
2541 Midwives,65,6.0,2026-07-10 04:55:47.999999769,0.0,,UNTOUCHED,2025-11
2541 Midwives,70,10.0,2026-05-04 05:07:14.999999424,0.0,,UNTOUCHED,2025-11
2541 Midwives,75,9.0,2026-07-02 04:56:52.999999872,2.0,2025-09-22 05:03:35.999999781,PARTIAL,2025-11
2541 Midwives,80,9.0,2025-10-22 12:13:49.999999768,10.0,2026-04-08 04:54:18.000000103,CLEARED,2025-11
2541 Midwives,85,2.0,2026-06-02 04:55:07.000000239,3.0,2026-06-02 04:55:07.000000239,CLEARED,2025-11
2544 Registered Nurses,35,1.0,2025-05-01 22:27:52.999999862,0.0,,UNTOUCHED,2025-11
2544 Registered Nurses,45,3.0,2026-01-20 04:54:46.999999961,0.0,,UNTOUCHED,2025-11
2544 Registered Nurses,50,11.0,2026-08-28 04:55:18.999999903,0.0,,UNTOUCHED,2025-11
2544 Registered Nurses,55,79.0,2026-08-29 05:03:29.000000033,0.0,,UNTOUCHED,2025-11
2544 Registered Nurses,60,200.0,2026-09-02 05:00:32.000000146,0.0,,UNTOUCHED,2025-11
2544 Registered Nurses,65,1291.0,2026-09-02 05:00:32.000000146,0.0,,UNTOUCHED,2025-11
2544 Registered Nurses,70,1457.0,2026-09-02 05:00:32.000000146,0.0,,UNTOUCHED,2025-11
2544 Registered Nurses,75,1280.0,2026-09-02 05:00:32.000000146,634.0,2026-05-20 04:54:34.000000070,PARTIAL,2025-11
2544 Registered Nurses,80,497.0,2026-05-29 13:41:24.999999823,539.0,2026-05-29 13:41:24.999999823,CLEARED,2025-11
2544 Registered Nurses,85,162.0,2026-06-20 04:54:59.999999860,176.0,2026-05-30 04:56:19.999999703,PARTIAL,2025-11
2544 Registered Nurses,90,22.0,2025-11-11 04:54:56.999999784,25.0,2026-03-07 04:56:03.000000131,CLEARED,2025-11
2544 Registered Nurses,95,2.0,2025-10-21 04:55:41.000000013,2.0,2025-10-21 04:55:41.000000013,CLEARED,2025-11
2544 Registered Nurses,100,1.0,2025-07-03 05:01:40.999999929,1.0,2025-07-03 05:01:40.999999929,CLEARED,2025-11
2611 ICT Business and Systems Analysts,45,1.0,2025-06-24 21:29:30.999999716,0.0,,UNTOUCHED,2025-11
2611 ICT Business and Systems Analysts,50,7.0,2026-08-23 05:01:10.000000231,0.0,,UNTOUCHED,2025-11
2611 ICT Business and Systems Analysts,55,42.0,2026-08-26 04:55:23.000000206,0.0,,UNTOUCHED,2025-11
2611 ICT Business and Systems Analysts,60,90.0,2026-09-02 05:00:32.000000146,0.0,,UNTOUCHED,2025-11
2611 ICT Business and Systems Analysts,65,560.0,2026-09-02 05:00:32.000000146,0.0,,UNTOUCHED,2025-11
2611 ICT Business and Systems Analysts,70,710.0,2026-08-31 05:04:37.000000211,0.0,,UNTOUCHED,2025-11
2611 ICT Business and Systems Analysts,75,1005.0,2026-09-02 05:00:32.000000146,0.0,,UNTOUCHED,2025-11
2611 ICT Business and Systems Analysts,80,988.0,2026-09-01 05:03:54.000000218,0.0,,UNTOUCHED,2025-11
2611 ICT Business and Systems Analysts,85,950.0,2026-09-01 05:03:54.000000218,0.0,,UNTOUCHED,2025-11
2611 ICT Business and Systems Analysts,90,1057.0,2026-08-31 05:04:37.000000211,0.0,,UNTOUCHED,2025-11
2611 ICT Business and Systems Analysts,95,517.0,2026-08-30 05:07:51.000000300,0.0,,UNTOUCHED,2025-11
2611 ICT Business and Systems Analysts,100,136.0,2026-08-21 04:59:33.999999792,0.0,,UNTOUCHED,2025-11
2612 Multimedia Specialists and Web Developers,50,2.0,2026-03-16 04:55:09.000000079,0.0,,UNTOUCHED,2025-11
2612 Multimedia Specialists and Web Developers,55,2.0,2026-04-11 05:09:01.999999923,0.0,,UNTOUCHED,2025-11
2612 Multimedia Specialists and Web Developers,60,1.0,2026-02-21 04:58:07.999999806,0.0,,UNTOUCHED,2025-11
2612 Multimedia Specialists and Web Developers,65,12.0,2026-04-17 04:58:23.999999773,0.0,,UNTOUCHED,2025-11
2612 Multimedia Specialists and Web Developers,70,21.0,2026-08-30 05:07:51.000000300,0.0,,UNTOUCHED,2025-11
2612 Multimedia Specialists and Web Developers,75,34.0,2026-08-31 05:04:37.000000211,0.0,,UNTOUCHED,2025-11
2612 Multimedia Specialists and Web Developers,80,27.0,2026-08-18 04:56:31.999999989,0.0,,UNTOUCHED,2025-11
2612 Multimedia Specialists and Web Developers,85,30.0,2026-08-12 05:05:07.000000313,0.0,,UNTOUCHED,2025-11
2612 Multimedia Specialists and Web Developers,90,60.0,2026-08-27 04:59:08.000000001,14.0,2026-07-21 04:59:38.000000094,PARTIAL,2025-11
2612 Multimedia Specialists and Web Developers,95,19.0,2025-10-31 19:53:40.000000018,19.0,2025-11-13 02:20:48.999999857,CLEARED,2025-11
2612 Multimedia Specialists and Web Developers,100,1.0,2025-10-13 22:17:47.999999880,1.0,2025-10-13 22:17:47.999999880,CLEARED,2025-11
2613 Software and Applications Programmers,45,7.0,2026-04-29 04:55:04.000000163,0.0,,UNTOUCHED,2025-11
2613 Software and Applications Programmers,50,25.0,2026-08-13 04:57:24.999999805,0.0,,UNTOUCHED,2025-11
2613 Software and Applications Programmers,55,94.0,2026-08-26 04:55:23.000000206,0.0,,UNTOUCHED,2025-11
2613 Software and Applications Programmers,60,238.0,2026-08-28 04:55:18.999999903,0.0,,UNTOUCHED,2025-11
2613 Software and Applications Programmers,65,1200.0,2026-09-02 05:00:32.000000146,0.0,,UNTOUCHED,2025-11
2613 Software and Applications Programmers,70,1498.0,2026-09-01 05:03:54.000000218,0.0,,UNTOUCHED,2025-11
2613 Software and Applications Programmers,75,1850.0,2026-09-02 05:00:32.000000146,0.0,,UNTOUCHED,2025-11
2613 Software and Applications Programmers,80,1620.0,2026-09-01 05:03:54.000000218,0.0,,UNTOUCHED,2025-11
2613 Software and Applications Programmers,85,1918.0,2026-09-02 05:00:32.000000146,0.0,,UNTOUCHED,2025-11
2613 Software and Applications Programmers,90,1975.0,2026-09-02 05:00:32.000000146,0.0,,UNTOUCHED,2025-11
2613 Software and Applications Programmers,95,1093.0,2026-08-30 05:07:51.000000300,0.0,,UNTOUCHED,2025-11
2613 Software and Applications Programmers,100,296.0,2026-08-31 05:04:37.000000211,0.0,,UNTOUCHED,2025-11
2613 Software and Applications Programmers,105,45.0,2026-08-15 04:55:31.000000189,0.0,,UNTOUCHED,2025-11
2613 Software and Applications Programmers,110,5.0,2025-11-07 13:14:38.000000094,0.0,,UNTOUCHED,2025-11
2613 Software and Applications Programmers,115,1.0,2026-03-27 04:54:48.000000196,0.0,,UNTOUCHED,2025-11
"2621 Database and Systems Administrators, and ICT Security Specialists",50,4.0,2026-01-29 04:59:39.999999935,0.0,,UNTOUCHED,2025-11
"2621 Database and Systems Administrators, and ICT Security Specialists",55,11.0,2026-08-21 04:59:33.999999792,0.0,,UNTOUCHED,2025-11
"2621 Database and Systems Administrators, and ICT Security Specialists",60,29.0,2026-08-12 05:05:07.000000313,0.0,,UNTOUCHED,2025-11
"2621 Database and Systems Administrators, and ICT Security Specialists",65,160.0,2026-08-26 04:55:23.000000206,0.0,,UNTOUCHED,2025-11
"2621 Database and Systems Administrators, and ICT Security Specialists",70,173.0,2026-08-30 05:07:51.000000300,0.0,,UNTOUCHED,2025-11
"2621 Database and Systems Administrators, and ICT Security Specialists",75,217.0,2026-08-27 04:59:08.000000001,0.0,,UNTOUCHED,2025-11
"2621 Database and Systems Administrators, and ICT Security Specialists",80,234.0,2026-08-21 04:59:33.999999792,0.0,,UNTOUCHED,2025-11
"2621 Database and Systems Administrators, and ICT Security Specialists",85,223.0,2026-08-28 04:55:18.999999903,0.0,,UNTOUCHED,2025-11
"2621 Database and Systems Administrators, and ICT Security Specialists",90,223.0,2026-08-31 05:04:37.000000211,0.0,,UNTOUCHED,2025-11
"2621 Database and Systems Administrators, and ICT Security Specialists",95,92.0,2026-08-25 04:57:32.999999797,0.0,,UNTOUCHED,2025-11
"2621 Database and Systems Administrators, and ICT Security Specialists",100,17.0,2026-07-04 05:01:13.000000298,0.0,,UNTOUCHED,2025-11
2631 Computer Network Professionals,30,1.0,2025-10-16 12:46:00.999999168,0.0,,UNTOUCHED,2025-11
2631 Computer Network Professionals,40,1.0,2026-06-04 04:55:44.999999693,0.0,,UNTOUCHED,2025-11
2631 Computer Network Professionals,45,1.0,2026-05-26 04:57:32.000000184,0.0,,UNTOUCHED,2025-11
2631 Computer Network Professionals,50,4.0,2025-09-20 05:05:17.999999733,0.0,,UNTOUCHED,2025-11
2631 Computer Network Professionals,55,21.0,2026-08-23 05:01:10.000000231,0.0,,UNTOUCHED,2025-11
2631 Computer Network Professionals,60,48.0,2026-08-25 04:57:32.999999797,0.0,,UNTOUCHED,2025-11
2631 Computer Network Professionals,65,201.0,2026-09-01 05:03:54.000000218,0.0,,UNTOUCHED,2025-11
2631 Computer Network Professionals,70,232.0,2026-09-02 05:00:32.000000146,0.0,,UNTOUCHED,2025-11
2631 Computer Network Professionals,75,398.0,2026-09-01 05:03:54.000000218,0.0,,UNTOUCHED,2025-11
2631 Computer Network Professionals,80,278.0,2026-08-30 05:07:51.000000300,0.0,,UNTOUCHED,2025-11
2631 Computer Network Professionals,85,275.0,2026-08-29 05:03:29.000000033,0.0,,UNTOUCHED,2025-11
2631 Computer Network Professionals,90,266.0,2026-08-31 05:04:37.000000211,0.0,,UNTOUCHED,2025-11
2631 Computer Network Professionals,95,133.0,2026-08-25 04:57:32.999999797,0.0,,UNTOUCHED,2025-11
2631 Computer Network Professionals,100,45.0,2026-08-23 05:01:10.000000231,0.0,,UNTOUCHED,2025-11
2633 Telecommunications Engineering Professionals,45,2.0,2026-05-21 04:54:51.999999877,0.0,,UNTOUCHED,2025-11
2633 Telecommunications Engineering Professionals,50,4.0,2026-06-29 04:58:45.999999883,0.0,,UNTOUCHED,2025-11
2633 Telecommunications Engineering Professionals,55,11.0,2026-07-21 04:59:38.000000094,0.0,,UNTOUCHED,2025-11
2633 Telecommunications Engineering Professionals,60,29.0,2026-07-23 04:55:36.999999710,0.0,,UNTOUCHED,2025-11
2633 Telecommunications Engineering Professionals,65,104.0,2026-08-26 04:55:23.000000206,0.0,,UNTOUCHED,2025-11
2633 Telecommunications Engineering Professionals,70,87.0,2026-08-28 04:55:18.999999903,0.0,,UNTOUCHED,2025-11
2633 Telecommunications Engineering Professionals,75,177.0,2026-08-31 05:04:37.000000211,0.0,,UNTOUCHED,2025-11
2633 Telecommunications Engineering Professionals,80,108.0,2026-09-01 05:03:54.000000218,0.0,,UNTOUCHED,2025-11
2633 Telecommunications Engineering Professionals,85,111.0,2026-09-01 05:03:54.000000218,0.0,,UNTOUCHED,2025-11
2633 Telecommunications Engineering Professionals,90,53.0,2026-08-08 04:56:11.999999719,9.0,2026-01-13 04:57:53.000000066,PARTIAL,2025-11
2633 Telecommunications Engineering Professionals,95,14.0,2026-06-02 04:55:07.000000239,17.0,2026-06-02 04:55:07.000000239,CLEARED,2025-11
2633 Telecommunications Engineering Professionals,100,2.0,2026-02-23 04:56:51.000000031,3.0,2026-02-23 04:56:51.000000031,CLEARED,2025-11
2711 Barristers,75,1.0,2026-02-28 04:55:44.999999693,0.0,,UNTOUCHED,2025-11
2711 Barristers,80,2.0,2025-11-17 04:54:16.000000263,0.0,,UNTOUCHED,2025-11
2711 Barristers,85,1.0,2025-09-11 01:14:44.000000237,0.0,,UNTOUCHED,2025-11
2711 Barristers,90,2.0,2025-10-28 04:58:58.000000177,2.0,2025-10-28 04:58:58.000000177,CLEARED,2025-11
2711 Barristers,95,1.0,2026-06-06 04:55:29.999999953,0.0,,UNTOUCHED,2025-11
2713 Solicitors,50,2.0,2026-07-19 05:21:30.000000018,0.0,,UNTOUCHED,2025-11
2713 Solicitors,55,3.0,2026-02-27 04:56:30.999999762,0.0,,UNTOUCHED,2025-11
2713 Solicitors,60,10.0,2026-07-30 04:56:28.999999921,0.0,,UNTOUCHED,2025-11
2713 Solicitors,65,27.0,2026-07-24 05:03:16.000000133,0.0,,UNTOUCHED,2025-11
2713 Solicitors,70,61.0,2026-08-26 04:55:23.000000206,0.0,,UNTOUCHED,2025-11
2713 Solicitors,75,57.0,2026-08-21 04:59:33.999999792,0.0,,UNTOUCHED,2025-11
2713 Solicitors,80,83.0,2026-08-21 04:59:33.999999792,0.0,,UNTOUCHED,2025-11
2713 Solicitors,85,104.0,2026-06-04 04:55:44.999999693,88.0,2026-06-04 04:55:44.999999693,CLEARED,2025-11
2713 Solicitors,90,56.0,2026-05-11 04:55:29.999999953,73.0,2026-05-11 04:55:29.999999953,CLEARED,2025-11
2713 Solicitors,95,2.0,2025-10-05 04:55:56.999999979,2.0,2025-10-05 04:55:56.999999979,CLEARED,2025-11
2723 Psychologists,60,2.0,2025-09-11 04:54:13.000000187,0.0,,UNTOUCHED,2025-11
2723 Psychologists,65,12.0,2026-04-11 05:09:01.999999923,0.0,,UNTOUCHED,2025-11
2723 Psychologists,70,12.0,2026-05-15 04:55:07.000000239,0.0,,UNTOUCHED,2025-11
2723 Psychologists,75,15.0,2026-06-21 05:01:56.999999896,3.0,2026-03-25 04:54:35.000000305,PARTIAL,2025-11
2723 Psychologists,80,24.0,2026-05-29 04:55:04.000000163,26.0,2026-05-29 04:55:04.000000163,CLEARED,2025-11
2723 Psychologists,85,7.0,2025-11-03 04:54:38.999999977,9.0,2026-02-17 04:54:03.999999968,CLEARED,2025-11
2723 Psychologists,90,2.0,2025-09-01 22:30:30.999999706,2.0,2025-09-01 22:30:30.999999706,CLEARED,2025-11
2723 Psychologists,95,1.0,2025-09-17 04:54:54.999999944,1.0,2025-09-17 04:54:54.999999944,CLEARED,2025-11
2725 Social Workers,55,3.0,2026-06-22 04:54:35.999999910,0.0,,UNTOUCHED,2025-11
2725 Social Workers,60,13.0,2026-04-17 04:58:23.999999773,0.0,,UNTOUCHED,2025-11
2725 Social Workers,65,91.0,2026-08-30 05:07:51.000000300,0.0,,UNTOUCHED,2025-11
2725 Social Workers,70,111.0,2026-08-17 04:55:06.000000003,0.0,,UNTOUCHED,2025-11
2725 Social Workers,75,168.0,2026-08-04 04:59:14.000000144,44.0,2026-04-17 04:58:23.999999773,PARTIAL,2025-11
2725 Social Workers,80,148.0,2026-05-09 04:55:56.999999979,161.0,2026-05-09 04:55:56.999999979,CLEARED,2025-11
2725 Social Workers,85,59.0,2026-05-27 04:55:23.000000206,62.0,2026-05-30 04:56:19.999999703,CLEARED,2025-11
2725 Social Workers,90,14.0,2025-11-08 04:56:19.999999703,16.0,2026-07-02 04:56:52.999999872,CLEARED,2025-11
2725 Social Workers,95,0.0,,1.0,2025-11-12 19:00:28.000000048,PARTIAL,2025-11
3122 Civil Engineering Draftspersons and Technicians,40,1.0,2026-08-05 04:57:06.999999998,0.0,,UNTOUCHED,2025-11
3122 Civil Engineering Draftspersons and Technicians,45,6.0,2026-07-24 05:03:16.000000133,0.0,,UNTOUCHED,2025-11
3122 Civil Engineering Draftspersons and Technicians,50,20.0,2026-08-11 05:03:38.000000252,0.0,,UNTOUCHED,2025-11
3122 Civil Engineering Draftspersons and Technicians,55,82.0,2026-08-29 05:03:29.000000033,0.0,,UNTOUCHED,2025-11
3122 Civil Engineering Draftspersons and Technicians,60,154.0,2026-09-01 05:03:54.000000218,0.0,,UNTOUCHED,2025-11
3122 Civil Engineering Draftspersons and Technicians,65,680.0,2026-09-01 05:03:54.000000218,0.0,,UNTOUCHED,2025-11
3122 Civil Engineering Draftspersons and Technicians,70,738.0,2026-09-02 05:00:32.000000146,0.0,,UNTOUCHED,2025-11
3122 Civil Engineering Draftspersons and Technicians,75,639.0,2026-09-01 05:03:54.000000218,0.0,,UNTOUCHED,2025-11
3122 Civil Engineering Draftspersons and Technicians,80,360.0,2026-09-02 05:00:32.000000146,0.0,,UNTOUCHED,2025-11
3122 Civil Engineering Draftspersons and Technicians,85,194.0,2026-08-26 04:55:23.000000206,128.0,2026-08-26 04:55:23.000000206,CLEARED,2025-11
3122 Civil Engineering Draftspersons and Technicians,90,29.0,2026-08-25 04:57:32.999999797,39.0,2026-08-25 04:57:32.999999797,CLEARED,2025-11
3122 Civil Engineering Draftspersons and Technicians,95,4.0,2025-11-07 04:54:40.000000213,6.0,2025-11-09 00:43:53.000000057,CLEARED,2025-11
3123 Electrical Engineering Draftspersons and Technicians,55,5.0,2026-05-23 04:57:35.000000259,0.0,,UNTOUCHED,2025-11
3123 Electrical Engineering Draftspersons and Technicians,60,13.0,2026-05-13 04:58:48.999999959,0.0,,UNTOUCHED,2025-11
3123 Electrical Engineering Draftspersons and Technicians,65,42.0,2026-08-08 04:56:11.999999719,0.0,,UNTOUCHED,2025-11
3123 Electrical Engineering Draftspersons and Technicians,70,37.0,2026-08-15 04:55:31.000000189,0.0,,UNTOUCHED,2025-11
3123 Electrical Engineering Draftspersons and Technicians,75,35.0,2026-07-31 04:56:47.999999964,0.0,,UNTOUCHED,2025-11
3123 Electrical Engineering Draftspersons and Technicians,80,17.0,2026-08-04 04:59:14.000000144,0.0,,UNTOUCHED,2025-11
3123 Electrical Engineering Draftspersons and Technicians,85,19.0,2026-05-13 04:58:48.999999959,18.0,2026-05-13 04:58:48.999999959,CLEARED,2025-11
3123 Electrical Engineering Draftspersons and Technicians,90,11.0,2026-03-23 04:57:16.000000217,11.0,2026-03-23 04:57:16.000000217,CLEARED,2025-11
3132 Telecommunications Technical Specialists,40,1.0,2026-08-14 04:55:58.999999820,0.0,,UNTOUCHED,2025-11
3132 Telecommunications Technical Specialists,45,1.0,2025-09-29 15:21:26.000000124,0.0,,UNTOUCHED,2025-11
3132 Telecommunications Technical Specialists,50,4.0,2025-12-11 05:05:10.999999985,0.0,,UNTOUCHED,2025-11
3132 Telecommunications Technical Specialists,55,10.0,2026-06-28 05:05:09.000000144,0.0,,UNTOUCHED,2025-11
3132 Telecommunications Technical Specialists,60,20.0,2026-08-28 04:55:18.999999903,0.0,,UNTOUCHED,2025-11
3132 Telecommunications Technical Specialists,65,75.0,2026-08-28 04:55:18.999999903,0.0,,UNTOUCHED,2025-11
3132 Telecommunications Technical Specialists,70,83.0,2026-08-21 04:59:33.999999792,0.0,,UNTOUCHED,2025-11
3132 Telecommunications Technical Specialists,75,76.0,2026-08-21 04:59:33.999999792,0.0,,UNTOUCHED,2025-11
3132 Telecommunications Technical Specialists,80,49.0,2026-08-08 04:56:11.999999719,0.0,,UNTOUCHED,2025-11
3132 Telecommunications Technical Specialists,85,20.0,2026-09-02 05:00:32.000000146,0.0,,UNTOUCHED,2025-11
3132 Telecommunications Technical Specialists,90,10.0,2026-02-26 04:55:23.000000206,2.0,2025-10-01 04:56:35.000000064,PARTIAL,2025-11
3132 Telecommunications Technical Specialists,95,1.0,2025-02-13 09:10:49.999999814,2.0,2025-11-03 12:42:52.000000257,CLEARED,2025-11
3211 Automotive Electricians,60,2.0,2026-05-10 05:17:42.999999751,0.0,,UNTOUCHED,2025-11
3211 Automotive Electricians,65,4.0,2026-06-03 04:56:27.000000081,0.0,,UNTOUCHED,2025-11
3211 Automotive Electricians,70,2.0,2026-07-12 05:07:29.000000182,0.0,,UNTOUCHED,2025-11
3211 Automotive Electricians,75,5.0,2026-06-25 05:01:32.999999946,0.0,,UNTOUCHED,2025-11
3211 Automotive Electricians,80,2.0,2025-11-06 04:55:44.000000088,0.0,,UNTOUCHED,2025-11
3211 Automotive Electricians,85,0.0,,1.0,2026-01-13 04:57:53.000000066,PARTIAL,2025-11
3212 Motor Mechanics,45,1.0,2026-06-11 04:57:27.000000276,0.0,,UNTOUCHED,2025-11
3212 Motor Mechanics,50,3.0,2026-08-18 04:56:31.999999989,0.0,,UNTOUCHED,2025-11
3212 Motor Mechanics,55,16.0,2026-07-26 05:06:30.000000222,0.0,,UNTOUCHED,2025-11
3212 Motor Mechanics,60,47.0,2026-09-01 05:03:54.000000218,0.0,,UNTOUCHED,2025-11
3212 Motor Mechanics,65,241.0,2026-09-02 05:00:32.000000146,0.0,,UNTOUCHED,2025-11
3212 Motor Mechanics,70,217.0,2026-08-26 04:55:23.000000206,0.0,,UNTOUCHED,2025-11
3212 Motor Mechanics,75,167.0,2026-08-30 05:07:51.000000300,0.0,,UNTOUCHED,2025-11
3212 Motor Mechanics,80,115.0,2026-08-30 05:07:51.000000300,0.0,,UNTOUCHED,2025-11
3212 Motor Mechanics,85,33.0,2026-08-17 04:55:06.000000003,0.0,,UNTOUCHED,2025-11
3212 Motor Mechanics,90,21.0,2026-07-17 04:59:30.999999716,0.0,,UNTOUCHED,2025-11
3212 Motor Mechanics,95,10.0,2026-07-06 04:58:17.000000016,0.0,,UNTOUCHED,2025-11
3222 Sheetmetal Trades Workers,75,1.0,2025-10-16 04:54:07.000000044,0.0,,UNTOUCHED,2025-11
3223 Structural Steel and Welding Trades Workers,45,1.0,2026-03-04 04:54:38.999999977,0.0,,UNTOUCHED,2025-11
3223 Structural Steel and Welding Trades Workers,50,2.0,2026-06-01 04:57:11.999999914,0.0,,UNTOUCHED,2025-11
3223 Structural Steel and Welding Trades Workers,55,1.0,2025-10-03 17:45:48.999999718,0.0,,UNTOUCHED,2025-11
3223 Structural Steel and Welding Trades Workers,60,14.0,2026-08-18 04:56:31.999999989,0.0,,UNTOUCHED,2025-11
3223 Structural Steel and Welding Trades Workers,65,57.0,2026-08-28 04:55:18.999999903,0.0,,UNTOUCHED,2025-11
3223 Structural Steel and Welding Trades Workers,70,54.0,2026-08-16 04:58:10.999999873,0.0,,UNTOUCHED,2025-11
3223 Structural Steel and Welding Trades Workers,75,39.0,2026-08-11 05:03:38.000000252,0.0,,UNTOUCHED,2025-11
3223 Structural Steel and Welding Trades Workers,80,24.0,2026-08-04 04:59:14.000000144,0.0,,UNTOUCHED,2025-11
3223 Structural Steel and Welding Trades Workers,85,11.0,2026-05-08 04:56:01.999999896,5.0,2026-05-08 04:56:01.999999896,CLEARED,2025-11
3223 Structural Steel and Welding Trades Workers,90,1.0,2026-01-13 04:57:53.000000066,1.0,2026-01-13 04:57:53.000000066,CLEARED,2025-11
3223 Structural Steel and Welding Trades Workers,95,1.0,2025-10-21 04:55:41.000000013,1.0,2025-10-21 04:55:41.000000013,CLEARED,2025-11
3232 Metal Fitters and Machinists,40,2.0,2025-12-19 04:55:28.000000122,0.0,,UNTOUCHED,2025-11
3232 Metal Fitters and Machinists,45,1.0,2026-03-28 04:57:05.000000166,0.0,,UNTOUCHED,2025-11
3232 Metal Fitters and Machinists,50,3.0,2026-04-24 04:55:42.999999853,0.0,,UNTOUCHED,2025-11
3232 Metal Fitters and Machinists,55,6.0,2026-04-29 04:55:04.000000163,0.0,,UNTOUCHED,2025-11
3232 Metal Fitters and Machinists,60,5.0,2025-12-29 04:55:31.999999794,0.0,,UNTOUCHED,2025-11
3232 Metal Fitters and Machinists,65,29.0,2026-07-26 05:06:30.000000222,0.0,,UNTOUCHED,2025-11
3232 Metal Fitters and Machinists,70,25.0,2026-08-14 04:55:58.999999820,0.0,,UNTOUCHED,2025-11
3232 Metal Fitters and Machinists,75,18.0,2026-07-17 04:59:30.999999716,0.0,,UNTOUCHED,2025-11
3232 Metal Fitters and Machinists,80,2.0,2026-03-30 04:56:06.999999803,0.0,,UNTOUCHED,2025-11
3232 Metal Fitters and Machinists,85,4.0,2025-11-21 04:55:10.000000315,2.0,2025-06-28 04:57:43.999999848,PARTIAL,2025-11
3233 Precision Metal Trades Workers,55,1.0,2026-04-08 04:54:18.000000103,0.0,,UNTOUCHED,2025-11
3233 Precision Metal Trades Workers,70,3.0,2026-03-27 04:54:48.000000196,0.0,,UNTOUCHED,2025-11
3241 Panelbeaters,65,1.0,2026-02-24 04:54:40.999999818,0.0,,UNTOUCHED,2025-11
3241 Panelbeaters,70,1.0,2025-10-22 04:55:15.000000222,0.0,,UNTOUCHED,2025-11
3241 Panelbeaters,75,1.0,2025-09-12 15:57:28.999999699,0.0,,UNTOUCHED,2025-11
3311 Bricklayers and Stonemasons,55,2.0,2026-08-25 04:57:32.999999797,0.0,,UNTOUCHED,2025-11
3311 Bricklayers and Stonemasons,60,10.0,2026-08-02 05:01:45.000000240,0.0,,UNTOUCHED,2025-11
3311 Bricklayers and Stonemasons,65,23.0,2026-04-07 04:54:40.999999818,23.0,2026-04-07 04:54:40.999999818,CLEARED,2025-11
3311 Bricklayers and Stonemasons,70,7.0,2025-10-21 16:19:27.999999992,10.0,2026-01-18 04:59:27.000000035,CLEARED,2025-11
3311 Bricklayers and Stonemasons,75,7.0,2026-01-01 04:54:35.000000305,7.0,2025-11-06 17:01:53.000000224,PARTIAL,2025-11
3311 Bricklayers and Stonemasons,80,4.0,2025-10-24 13:22:26.000000114,1.0,2025-10-14 21:39:43.000000076,PARTIAL,2025-11
3311 Bricklayers and Stonemasons,85,1.0,2026-01-17 04:55:39.000000172,1.0,2026-01-17 04:55:39.000000172,CLEARED,2025-11
3311 Bricklayers and Stonemasons,90,1.0,2025-02-21 10:17:49.999999712,1.0,2025-02-21 10:17:49.999999712,CLEARED,2025-11
3312 Carpenters and Joiners,35,1.0,2025-01-11 05:00:16.999999784,0.0,,UNTOUCHED,2025-11
3312 Carpenters and Joiners,40,1.0,2026-03-21 04:55:28.000000122,0.0,,UNTOUCHED,2025-11
3312 Carpenters and Joiners,45,2.0,2026-06-22 04:54:35.999999910,0.0,,UNTOUCHED,2025-11
3312 Carpenters and Joiners,50,3.0,2026-05-13 04:58:48.999999959,0.0,,UNTOUCHED,2025-11
3312 Carpenters and Joiners,55,10.0,2026-07-27 05:01:28.000000038,0.0,,UNTOUCHED,2025-11
3312 Carpenters and Joiners,60,21.0,2026-08-27 04:59:08.000000001,0.0,,UNTOUCHED,2025-11
3312 Carpenters and Joiners,65,142.0,2026-06-27 05:03:56.000000059,140.0,2026-05-08 04:56:01.999999896,PARTIAL,2025-11
3312 Carpenters and Joiners,70,105.0,2026-04-20 05:02:06.000000115,120.0,2026-05-19 04:54:53.999999717,CLEARED,2025-11
3312 Carpenters and Joiners,75,40.0,2026-04-19 04:57:56.999999747,42.0,2026-05-23 04:57:35.000000259,CLEARED,2025-11
3312 Carpenters and Joiners,80,24.0,2026-02-07 04:56:47.999999964,27.0,2026-02-07 04:56:47.999999964,CLEARED,2025-11
3312 Carpenters and Joiners,85,4.0,2025-10-21 04:55:41.000000013,3.0,2026-01-13 04:57:53.000000066,CLEARED,2025-11
3312 Carpenters and Joiners,90,0.0,,1.0,2025-11-10 17:44:36.000000254,PARTIAL,2025-11
3322 Painting Trades Workers,50,1.0,2025-10-26 05:11:45.999999911,0.0,,UNTOUCHED,2025-11
3322 Painting Trades Workers,55,1.0,2025-11-10 04:55:12.999999751,0.0,,UNTOUCHED,2025-11
3322 Painting Trades Workers,60,16.0,2026-07-28 05:01:53.999999829,0.0,,UNTOUCHED,2025-11
3322 Painting Trades Workers,65,132.0,2026-08-28 04:55:18.999999903,0.0,,UNTOUCHED,2025-11
3322 Painting Trades Workers,70,88.0,2026-08-25 04:57:32.999999797,35.0,2026-08-25 04:57:32.999999797,CLEARED,2025-11
3322 Painting Trades Workers,75,32.0,2026-06-18 04:55:59.999999424,39.0,2026-06-18 04:55:59.999999424,CLEARED,2025-11
3322 Painting Trades Workers,80,12.0,2026-01-26 04:55:31.999999794,13.0,2026-05-21 04:54:51.999999877,CLEARED,2025-11
3322 Painting Trades Workers,85,2.0,2025-11-07 04:54:40.000000213,2.0,2025-11-07 04:54:40.000000213,CLEARED,2025-11
3322 Painting Trades Workers,90,1.0,2026-01-13 04:57:53.000000066,1.0,2026-01-13 04:57:53.000000066,CLEARED,2025-11
3331 Glaziers,60,1.0,2025-12-30 04:54:40.000000213,0.0,,UNTOUCHED,2025-11
3331 Glaziers,65,2.0,2025-10-21 04:55:41.000000013,3.0,2025-10-21 04:55:41.000000013,CLEARED,2025-11
3331 Glaziers,70,2.0,2025-10-21 04:55:41.000000013,2.0,2025-10-21 04:55:41.000000013,CLEARED,2025-11
3331 Glaziers,75,1.0,2025-08-06 04:54:37.000000137,1.0,2025-08-06 04:54:37.000000137,CLEARED,2025-11
3332 Plasterers,60,5.0,2026-05-14 04:54:32.999999834,0.0,,UNTOUCHED,2025-11
3332 Plasterers,65,3.0,2026-01-13 04:57:53.000000066,2.0,2026-01-13 04:57:53.000000066,CLEARED,2025-11
3334 Wall and Floor Tilers,55,1.0,2026-07-16 04:59:44.000000237,0.0,,UNTOUCHED,2025-11
3334 Wall and Floor Tilers,60,2.0,2026-08-08 04:56:11.999999719,0.0,,UNTOUCHED,2025-11
3334 Wall and Floor Tilers,65,27.0,2026-03-08 05:01:02.000000248,27.0,2026-03-08 05:01:02.000000248,CLEARED,2025-11
3334 Wall and Floor Tilers,70,9.0,2026-03-11 04:56:41.000000208,9.0,2026-03-11 04:56:41.000000208,CLEARED,2025-11
3334 Wall and Floor Tilers,75,1.0,2025-05-20 04:54:02.000000128,2.0,2025-11-02 19:21:21.000000003,CLEARED,2025-11
3334 Wall and Floor Tilers,80,1.0,2026-05-20 04:54:34.000000070,0.0,,UNTOUCHED,2025-11
3341 Plumbers,60,2.0,2026-05-29 04:55:04.000000163,0.0,,UNTOUCHED,2025-11
3341 Plumbers,65,20.0,2026-02-23 04:56:51.000000031,19.0,2026-02-23 04:56:51.000000031,CLEARED,2025-11
3341 Plumbers,70,11.0,2026-01-28 04:57:18.000000057,12.0,2026-01-28 04:57:18.000000057,CLEARED,2025-11
3341 Plumbers,75,5.0,2025-10-07 21:45:30.999999706,6.0,2026-01-23 04:57:35.000000259,CLEARED,2025-11
3341 Plumbers,80,5.0,2025-10-21 04:55:41.000000013,5.0,2025-10-21 04:55:41.000000013,CLEARED,2025-11
3341 Plumbers,85,2.0,2025-10-21 04:55:41.000000013,2.0,2025-10-21 04:55:41.000000013,CLEARED,2025-11
3341 Plumbers,95,1.0,2025-08-30 00:30:30.000000306,1.0,2025-08-30 00:30:30.000000306,CLEARED,2025-11
3411 Electricians,50,1.0,2025-11-22 04:56:08.000000039,0.0,,UNTOUCHED,2025-11
3411 Electricians,55,5.0,2026-01-17 04:55:39.000000172,0.0,,UNTOUCHED,2025-11
3411 Electricians,60,5.0,2026-05-06 04:57:21.999999738,0.0,,UNTOUCHED,2025-11
3411 Electricians,65,25.0,2026-08-08 04:56:11.999999719,23.0,2026-02-25 04:55:20.999999743,PARTIAL,2025-11
3411 Electricians,70,15.0,2026-02-12 04:58:13.999999949,15.0,2026-02-12 04:58:13.999999949,CLEARED,2025-11
3411 Electricians,75,12.0,2025-10-24 04:54:40.000000213,14.0,2025-11-11 18:03:38.000000039,CLEARED,2025-11
3411 Electricians,80,3.0,2025-09-12 13:48:42.999999742,4.0,2026-01-13 04:57:53.000000066,CLEARED,2025-11
3421 Airconditioning and Refrigeration Mechanics,50,1.0,2026-06-18 04:55:59.999999424,0.0,,UNTOUCHED,2025-11
3421 Airconditioning and Refrigeration Mechanics,60,1.0,2026-03-09 04:56:41.000000208,0.0,,UNTOUCHED,2025-11
3421 Airconditioning and Refrigeration Mechanics,65,9.0,2026-06-17 04:54:18.000000103,0.0,,UNTOUCHED,2025-11
3421 Airconditioning and Refrigeration Mechanics,70,5.0,2026-06-13 04:55:23.999999810,0.0,,UNTOUCHED,2025-11
3421 Airconditioning and Refrigeration Mechanics,75,2.0,2025-10-29 04:54:48.999999801,0.0,,UNTOUCHED,2025-11
3421 Airconditioning and Refrigeration Mechanics,80,1.0,2026-08-04 04:59:14.000000144,0.0,,UNTOUCHED,2025-11
3422 Electrical Distribution Trades Workers,60,1.0,2026-08-25 04:57:32.999999797,0.0,,UNTOUCHED,2025-11
3422 Electrical Distribution Trades Workers,70,1.0,2025-07-11 03:04:14.000000283,0.0,,UNTOUCHED,2025-11
3423 Electronics Trades Workers,45,1.0,2026-03-18 04:54:37.999999742,0.0,,UNTOUCHED,2025-11
3423 Electronics Trades Workers,55,6.0,2026-04-20 05:02:06.000000115,0.0,,UNTOUCHED,2025-11
3423 Electronics Trades Workers,60,10.0,2026-08-26 04:55:23.000000206,0.0,,UNTOUCHED,2025-11
3423 Electronics Trades Workers,65,39.0,2026-08-28 04:55:18.999999903,0.0,,UNTOUCHED,2025-11
3423 Electronics Trades Workers,70,38.0,2026-08-31 05:04:37.000000211,0.0,,UNTOUCHED,2025-11
3423 Electronics Trades Workers,75,34.0,2026-08-25 04:57:32.999999797,0.0,,UNTOUCHED,2025-11
3423 Electronics Trades Workers,80,5.0,2026-03-29 05:24:47.000000174,0.0,,UNTOUCHED,2025-11
3423 Electronics Trades Workers,85,7.0,2026-04-12 05:07:00.999999929,7.0,2026-04-06 04:55:23.000000206,PARTIAL,2025-11
3423 Electronics Trades Workers,90,0.0,,1.0,2025-11-06 19:14:49.000000153,PARTIAL,2025-11
3423 Electronics Trades Workers,110,1.0,2025-03-18 14:47:20.999999855,1.0,2025-03-18 14:47:20.999999855,CLEARED,2025-11
3513 Chefs,40,2.0,2026-02-12 04:58:13.999999949,0.0,,UNTOUCHED,2025-11
3513 Chefs,45,5.0,2026-05-21 04:54:51.999999877,0.0,,UNTOUCHED,2025-11
3513 Chefs,50,18.0,2026-08-16 04:58:10.999999873,0.0,,UNTOUCHED,2025-11
3513 Chefs,55,41.0,2026-08-31 05:04:37.000000211,0.0,,UNTOUCHED,2025-11
3513 Chefs,60,130.0,2026-08-20 04:58:58.999999782,0.0,,UNTOUCHED,2025-11
3513 Chefs,65,669.0,2026-09-02 05:00:32.000000146,0.0,,UNTOUCHED,2025-11
3513 Chefs,70,728.0,2026-09-02 05:00:32.000000146,0.0,,UNTOUCHED,2025-11
3513 Chefs,75,563.0,2026-09-02 05:00:32.000000146,0.0,,UNTOUCHED,2025-11
3513 Chefs,80,312.0,2026-09-02 05:00:32.000000146,0.0,,UNTOUCHED,2025-11
3513 Chefs,85,162.0,2026-08-24 04:55:15.999999827,0.0,,UNTOUCHED,2025-11
3513 Chefs,90,85.0,2026-08-20 04:58:58.999999782,0.0,,UNTOUCHED,2025-11
3513 Chefs,95,22.0,2026-08-22 04:57:27.000000276,0.0,,UNTOUCHED,2025-11
3513 Chefs,100,1.0,2026-06-01 04:57:11.999999914,0.0,,UNTOUCHED,2025-11
3513 Chefs,105,3.0,2026-06-20 04:54:59.999999860,0.0,,UNTOUCHED,2025-11
3611 Animal Attendants and Trainers,65,2.0,2025-12-05 04:57:00.000000250,0.0,,UNTOUCHED,2025-11
3941 Cabinetmakers,50,4.0,2026-01-22 04:57:00.000000250,0.0,,UNTOUCHED,2025-11
3941 Cabinetmakers,55,1.0,2026-05-29 04:55:04.000000163,0.0,,UNTOUCHED,2025-11
3941 Cabinetmakers,60,2.0,2025-10-16 04:54:07.000000044,0.0,,UNTOUCHED,2025-11
3941 Cabinetmakers,65,12.0,2026-08-08 04:56:11.999999719,0.0,,UNTOUCHED,2025-11
3941 Cabinetmakers,70,11.0,2026-06-28 05:05:09.000000144,0.0,,UNTOUCHED,2025-11
3941 Cabinetmakers,75,1.0,2025-08-05 04:55:15.999999827,0.0,,UNTOUCHED,2025-11
3941 Cabinetmakers,80,1.0,2025-08-22 04:54:16.999999237,0.0,,UNTOUCHED,2025-11
3941 Cabinetmakers,85,1.0,2025-08-20 04:55:26.999999886,0.0,,UNTOUCHED,2025-11
3991 Boat Builders and Shipwrights,65,1.0,2025-09-03 04:55:04.000000163,0.0,,UNTOUCHED,2025-11
3991 Boat Builders and Shipwrights,70,1.0,2025-09-23 04:59:44.999999842,0.0,,UNTOUCHED,2025-11
3991 Boat Builders and Shipwrights,75,2.0,2025-08-28 04:57:48.000000159,0.0,,UNTOUCHED,2025-11
3991 Boat Builders and Shipwrights,80,2.0,2025-08-06 11:22:00.999999716,0.0,,UNTOUCHED,2025-11
3991 Boat Builders and Shipwrights,90,1.0,2025-07-25 11:49:21.999999849,1.0,2025-07-25 11:49:21.999999849,CLEARED,2025-11
"4523 Sports Coaches, Instructors and Officials",60,1.0,2026-03-27 04:54:48.000000196,0.0,,UNTOUCHED,2025-11
"4523 Sports Coaches, Instructors and Officials",65,1.0,2025-10-29 04:54:48.999999801,0.0,,UNTOUCHED,2025-11
"4523 Sports Coaches, Instructors and Officials",70,1.0,2025-11-11 04:54:56.999999784,0.0,,UNTOUCHED,2025-11
"4523 Sports Coaches, Instructors and Officials",85,1.0,2026-01-13 04:57:53.000000066,1.0,2026-01-13 04:57:53.000000066,CLEARED,2025-11
"4523 Sports Coaches, Instructors and Officials",90,1.0,2026-03-06 04:54:35.999999910,1.0,2026-03-06 04:54:35.999999910,CLEARED,2025-11
1331 Construction Managers,40,3.0,2026-07-14 05:00:54.999999861,0.0,,UNTOUCHED,2026-06
1331 Construction Managers,45,7.0,2026-03-24 04:57:35.999999864,0.0,,UNTOUCHED,2026-06
1331 Construction Managers,50,13.0,2026-07-06 04:58:17.000000016,0.0,,UNTOUCHED,2026-06
1331 Construction Managers,55,46.0,2026-08-28 04:55:18.999999903,0.0,,UNTOUCHED,2026-06
1331 Construction Managers,60,63.0,2026-08-25 04:57:32.999999797,0.0,,UNTOUCHED,2026-06
1331 Construction Managers,65,289.0,2026-08-31 05:04:37.000000211,0.0,,UNTOUCHED,2026-06
1331 Construction Managers,70,287.0,2026-09-02 05:00:32.000000146,0.0,,UNTOUCHED,2026-06
1331 Construction Managers,75,320.0,2026-09-01 05:03:54.000000218,0.0,,UNTOUCHED,2026-06
1331 Construction Managers,80,165.0,2026-09-02 05:00:32.000000146,142.0,2026-08-14 04:55:58.999999820,PARTIAL,2026-06
1331 Construction Managers,85,93.0,2026-08-08 04:56:11.999999719,95.0,2026-08-08 04:56:11.999999719,CLEARED,2026-06
1331 Construction Managers,90,34.0,2026-08-04 04:59:14.000000144,35.0,2026-08-04 04:59:14.000000144,CLEARED,2026-06
1331 Construction Managers,95,5.0,2026-06-03 04:56:27.000000081,8.0,2026-06-04 01:33:14.999999693,CLEARED,2026-06
1331 Construction Managers,100,0.0,,1.0,2026-06-03 01:38:34.000000080,PARTIAL,2026-06
1332 Engineering Managers,40,1.0,2026-01-28 04:57:18.000000057,0.0,,UNTOUCHED,2026-06
1332 Engineering Managers,45,3.0,2026-07-30 04:56:28.999999921,0.0,,UNTOUCHED,2026-06
1332 Engineering Managers,50,1.0,2025-06-14 04:54:00.000000296,0.0,,UNTOUCHED,2026-06
1332 Engineering Managers,55,17.0,2026-08-30 05:07:51.000000300,0.0,,UNTOUCHED,2026-06
1332 Engineering Managers,60,13.0,2026-06-21 05:01:56.999999896,0.0,,UNTOUCHED,2026-06
1332 Engineering Managers,65,56.0,2026-08-29 05:03:29.000000033,0.0,,UNTOUCHED,2026-06
1332 Engineering Managers,70,51.0,2026-08-14 04:55:58.999999820,0.0,,UNTOUCHED,2026-06
1332 Engineering Managers,75,49.0,2026-08-31 05:04:37.000000211,0.0,,UNTOUCHED,2026-06
1332 Engineering Managers,80,14.0,2026-08-24 04:55:15.999999827,15.0,2026-08-24 04:55:15.999999827,CLEARED,2026-06
1332 Engineering Managers,85,15.0,2026-08-04 04:59:14.000000144,15.0,2026-08-04 04:59:14.000000144,CLEARED,2026-06
1332 Engineering Managers,90,2.0,2026-05-23 04:57:35.000000259,3.0,2026-06-04 02:13:35.999999855,CLEARED,2026-06
1332 Engineering Managers,95,1.0,2026-01-23 04:57:35.000000259,1.0,2026-01-23 04:57:35.000000259,CLEARED,2026-06
1341 Child Care Centre Managers,60,2.0,2026-07-30 04:56:28.999999921,0.0,,UNTOUCHED,2026-06
1341 Child Care Centre Managers,65,2.0,2026-03-18 04:54:37.999999742,0.0,,UNTOUCHED,2026-06
1341 Child Care Centre Managers,70,6.0,2026-07-22 04:56:30.999999762,0.0,,UNTOUCHED,2026-06
1341 Child Care Centre Managers,80,2.0,2026-01-28 17:05:47.000000230,2.0,2026-01-28 17:05:47.000000230,CLEARED,2026-06
1342 Health and Welfare Services Managers,50,1.0,2025-11-08 03:48:06.999999710,0.0,,UNTOUCHED,2026-06
1342 Health and Welfare Services Managers,55,3.0,2026-03-15 05:02:04.000000274,0.0,,UNTOUCHED,2026-06
1342 Health and Welfare Services Managers,60,7.0,2026-05-20 04:54:34.000000070,0.0,,UNTOUCHED,2026-06
1342 Health and Welfare Services Managers,65,13.0,2026-07-28 05:01:53.999999829,0.0,,UNTOUCHED,2026-06
1342 Health and Welfare Services Managers,70,7.0,2026-08-22 04:57:27.000000276,0.0,,UNTOUCHED,2026-06
1342 Health and Welfare Services Managers,75,6.0,2026-07-21 04:59:38.000000094,0.0,,UNTOUCHED,2026-06
1342 Health and Welfare Services Managers,80,2.0,2026-08-04 04:59:14.000000144,2.0,2026-08-04 04:59:14.000000144,CLEARED,2026-06
1342 Health and Welfare Services Managers,85,3.0,2026-05-13 16:10:34.999999870,3.0,2026-05-13 16:10:34.999999870,CLEARED,2026-06
1342 Health and Welfare Services Managers,90,1.0,2025-11-08 04:56:19.999999703,1.0,2025-11-08 04:56:19.999999703,CLEARED,2026-06
1399 Other Specialist Managers,50,1.0,2026-05-31 21:23:36.999999942,0.0,,UNTOUCHED,2026-06
1399 Other Specialist Managers,55,5.0,2026-08-21 04:59:33.999999792,0.0,,UNTOUCHED,2026-06
1399 Other Specialist Managers,60,5.0,2026-08-05 04:57:06.999999998,0.0,,UNTOUCHED,2026-06
1399 Other Specialist Managers,65,21.0,2026-08-19 04:55:55.999999752,0.0,,UNTOUCHED,2026-06
1399 Other Specialist Managers,70,19.0,2026-08-28 04:55:18.999999903,0.0,,UNTOUCHED,2026-06
1399 Other Specialist Managers,75,27.0,2026-08-20 04:58:58.999999782,0.0,,UNTOUCHED,2026-06
1399 Other Specialist Managers,80,11.0,2026-08-04 04:59:14.000000144,12.0,2026-08-04 04:59:14.000000144,CLEARED,2026-06
1399 Other Specialist Managers,85,8.0,2026-08-04 04:59:14.000000144,9.0,2026-08-04 04:59:14.000000144,CLEARED,2026-06
1399 Other Specialist Managers,90,7.0,2026-05-26 16:35:50.999999697,7.0,2026-05-26 16:35:50.999999697,CLEARED,2026-06
"2111 Actors, Dancers and Other Entertainers",65,1.0,2026-02-17 20:41:06.000000198,0.0,,UNTOUCHED,2026-06
"2111 Actors, Dancers and Other Entertainers",75,2.0,2026-06-14 05:12:00.000000046,0.0,,UNTOUCHED,2026-06
"2111 Actors, Dancers and Other Entertainers",80,3.0,2026-04-01 04:56:03.000000131,3.0,2026-04-01 04:56:03.000000131,CLEARED,2026-06
"2111 Actors, Dancers and Other Entertainers",85,1.0,2026-04-03 01:01:47.999999890,1.0,2026-04-03 01:01:47.999999890,CLEARED,2026-06
2112 Music Professionals,65,1.0,2026-09-02 05:00:32.000000146,0.0,,UNTOUCHED,2026-06
2112 Music Professionals,70,1.0,2026-07-13 04:58:58.000000177,0.0,,UNTOUCHED,2026-06
2112 Music Professionals,90,2.0,2026-05-23 04:57:35.000000259,1.0,2026-05-23 04:57:35.000000259,CLEARED,2026-06
2112 Music Professionals,95,0.0,,1.0,2026-06-03 18:17:22.999999899,PARTIAL,2026-06
2112 Music Professionals,100,1.0,2026-03-22 18:53:35.999999920,1.0,2026-03-22 18:53:35.999999920,CLEARED,2026-06
2211 Accountants,35,1.0,2025-10-09 04:55:10.000000315,0.0,,UNTOUCHED,2026-06
2211 Accountants,45,7.0,2026-07-27 05:01:28.000000038,0.0,,UNTOUCHED,2026-06
2211 Accountants,50,9.0,2026-07-10 04:55:47.999999769,0.0,,UNTOUCHED,2026-06
2211 Accountants,55,32.0,2026-08-21 04:59:33.999999792,0.0,,UNTOUCHED,2026-06
2211 Accountants,60,123.0,2026-09-02 05:00:32.000000146,0.0,,UNTOUCHED,2026-06
2211 Accountants,65,569.0,2026-09-02 05:00:32.000000146,0.0,,UNTOUCHED,2026-06
2211 Accountants,70,904.0,2026-09-01 05:03:54.000000218,0.0,,UNTOUCHED,2026-06
2211 Accountants,75,862.0,2026-09-02 05:00:32.000000146,0.0,,UNTOUCHED,2026-06
2211 Accountants,80,718.0,2026-09-01 05:03:54.000000218,0.0,,UNTOUCHED,2026-06
2211 Accountants,85,755.0,2026-09-02 05:00:32.000000146,0.0,,UNTOUCHED,2026-06
2211 Accountants,90,516.0,2026-09-02 05:00:32.000000146,0.0,,UNTOUCHED,2026-06
2211 Accountants,95,280.0,2026-09-01 05:03:54.000000218,0.0,,UNTOUCHED,2026-06
2211 Accountants,100,97.0,2026-08-28 04:55:18.999999903,0.0,,UNTOUCHED,2026-06
2211 Accountants,105,4.0,2026-06-11 04:57:27.000000276,0.0,,UNTOUCHED,2026-06
2211 Accountants,110,1.0,2026-08-12 05:05:07.000000313,0.0,,UNTOUCHED,2026-06
"2212 Auditors, Company Secretaries and Corporate Treasurers",45,1.0,2025-09-07 05:04:34.999999740,0.0,,UNTOUCHED,2026-06
"2212 Auditors, Company Secretaries and Corporate Treasurers",50,2.0,2026-05-16 21:24:03.999999968,0.0,,UNTOUCHED,2026-06
"2212 Auditors, Company Secretaries and Corporate Treasurers",55,13.0,2026-05-16 04:54:59.000000256,0.0,,UNTOUCHED,2026-06
"2212 Auditors, Company Secretaries and Corporate Treasurers",60,68.0,2026-09-02 05:00:32.000000146,0.0,,UNTOUCHED,2026-06
"2212 Auditors, Company Secretaries and Corporate Treasurers",65,301.0,2026-08-27 04:59:08.000000001,0.0,,UNTOUCHED,2026-06
"2212 Auditors, Company Secretaries and Corporate Treasurers",70,403.0,2026-09-01 05:03:54.000000218,0.0,,UNTOUCHED,2026-06
"2212 Auditors, Company Secretaries and Corporate Treasurers",75,383.0,2026-09-02 05:00:32.000000146,0.0,,UNTOUCHED,2026-06
"2212 Auditors, Company Secretaries and Corporate Treasurers",80,390.0,2026-08-28 04:55:18.999999903,0.0,,UNTOUCHED,2026-06
"2212 Auditors, Company Secretaries and Corporate Treasurers",85,392.0,2026-08-30 05:07:51.000000300,0.0,,UNTOUCHED,2026-06
"2212 Auditors, Company Secretaries and Corporate Treasurers",90,230.0,2026-09-01 05:03:54.000000218,0.0,,UNTOUCHED,2026-06
"2212 Auditors, Company Secretaries and Corporate Treasurers",95,50.0,2026-08-03 04:59:30.000000111,0.0,,UNTOUCHED,2026-06
"2212 Auditors, Company Secretaries and Corporate Treasurers",100,14.0,2026-06-08 04:54:29.999999759,0.0,,UNTOUCHED,2026-06
"2241 Actuaries, Mathematicians and Statisticians",45,1.0,2026-02-25 04:55:20.999999743,0.0,,UNTOUCHED,2026-06
"2241 Actuaries, Mathematicians and Statisticians",50,1.0,2026-07-23 04:55:36.999999710,0.0,,UNTOUCHED,2026-06
"2241 Actuaries, Mathematicians and Statisticians",55,4.0,2026-07-20 04:55:50.999999836,0.0,,UNTOUCHED,2026-06
"2241 Actuaries, Mathematicians and Statisticians",60,13.0,2026-08-21 04:59:33.999999792,0.0,,UNTOUCHED,2026-06
"2241 Actuaries, Mathematicians and Statisticians",65,35.0,2026-07-25 05:03:03.000000242,0.0,,UNTOUCHED,2026-06
"2241 Actuaries, Mathematicians and Statisticians",70,51.0,2026-08-25 04:57:32.999999797,0.0,,UNTOUCHED,2026-06
"2241 Actuaries, Mathematicians and Statisticians",75,81.0,2026-09-02 05:00:32.000000146,0.0,,UNTOUCHED,2026-06
"2241 Actuaries, Mathematicians and Statisticians",80,72.0,2026-08-26 04:55:23.000000206,0.0,,UNTOUCHED,2026-06
"2241 Actuaries, Mathematicians and Statisticians",85,108.0,2026-09-02 05:00:32.000000146,0.0,,UNTOUCHED,2026-06
"2241 Actuaries, Mathematicians and Statisticians",90,85.0,2026-08-19 04:55:55.999999752,78.0,2026-08-19 04:55:55.999999752,CLEARED,2026-06
"2241 Actuaries, Mathematicians and Statisticians",95,25.0,2026-08-19 04:55:55.999999752,25.0,2026-08-19 04:55:55.999999752,CLEARED,2026-06
"2241 Actuaries, Mathematicians and Statisticians",100,3.0,2026-06-04 04:55:44.999999693,3.0,2026-06-04 04:55:44.999999693,CLEARED,2026-06
"2241 Actuaries, Mathematicians and Statisticians",105,3.0,2026-04-25 04:55:10.000000315,3.0,2026-04-25 04:55:10.000000315,CLEARED,2026-06
2243 Economists,45,1.0,2026-02-26 17:33:04.000000052,0.0,,UNTOUCHED,2026-06
2243 Economists,60,5.0,2026-07-22 04:56:30.999999762,0.0,,UNTOUCHED,2026-06
2243 Economists,65,18.0,2026-08-28 04:55:18.999999903,0.0,,UNTOUCHED,2026-06
2243 Economists,70,7.0,2026-08-20 04:58:58.999999782,0.0,,UNTOUCHED,2026-06
2243 Economists,75,20.0,2026-08-10 04:58:42.999999816,0.0,,UNTOUCHED,2026-06
2243 Economists,80,18.0,2026-08-04 04:59:14.000000144,18.0,2026-08-04 04:59:14.000000144,CLEARED,2026-06
2243 Economists,85,21.0,2026-05-30 04:56:19.999999703,21.0,2026-05-30 04:56:19.999999703,CLEARED,2026-06
2243 Economists,90,10.0,2026-05-28 04:57:37.000000100,10.0,2026-05-28 04:57:37.000000100,CLEARED,2026-06
2245 Land Economists and Valuers,30,1.0,2025-11-11 17:16:14.999999926,0.0,,UNTOUCHED,2026-06
2245 Land Economists and Valuers,60,2.0,2026-04-25 04:55:10.000000315,0.0,,UNTOUCHED,2026-06
2245 Land Economists and Valuers,65,7.0,2026-07-22 04:56:30.999999762,0.0,,UNTOUCHED,2026-06
2245 Land Economists and Valuers,70,8.0,2026-05-30 04:56:19.999999703,0.0,,UNTOUCHED,2026-06
2245 Land Economists and Valuers,75,15.0,2026-08-14 04:55:58.999999820,0.0,,UNTOUCHED,2026-06
2245 Land Economists and Valuers,80,23.0,2026-08-23 05:01:10.000000231,20.0,2026-08-23 05:01:10.000000231,CLEARED,2026-06
2245 Land Economists and Valuers,85,12.0,2026-08-11 05:03:38.000000252,12.0,2026-08-11 05:03:38.000000252,CLEARED,2026-06
2245 Land Economists and Valuers,90,3.0,2026-03-03 05:00:51.000000189,3.0,2026-03-03 05:00:51.000000189,CLEARED,2026-06
2247 Management and Organisation Analysts,45,1.0,2026-07-20 04:55:50.999999836,0.0,,UNTOUCHED,2026-06
2247 Management and Organisation Analysts,50,1.0,2026-02-17 04:54:03.999999968,0.0,,UNTOUCHED,2026-06
2247 Management and Organisation Analysts,55,1.0,2025-11-25 01:22:50.000000064,0.0,,UNTOUCHED,2026-06
2247 Management and Organisation Analysts,60,13.0,2026-07-21 04:59:38.000000094,0.0,,UNTOUCHED,2026-06
2247 Management and Organisation Analysts,65,27.0,2026-08-29 05:03:29.000000033,0.0,,UNTOUCHED,2026-06
2247 Management and Organisation Analysts,70,46.0,2026-08-27 04:59:08.000000001,0.0,,UNTOUCHED,2026-06
2247 Management and Organisation Analysts,75,76.0,2026-09-02 05:00:32.000000146,0.0,,UNTOUCHED,2026-06
2247 Management and Organisation Analysts,80,70.0,2026-08-18 04:56:31.999999989,60.0,2026-08-04 20:14:34.000000209,PARTIAL,2026-06
2247 Management and Organisation Analysts,85,70.0,2026-08-24 04:55:15.999999827,73.0,2026-08-24 04:55:15.999999827,CLEARED,2026-06
2247 Management and Organisation Analysts,90,40.0,2026-08-04 04:59:14.000000144,42.0,2026-08-24 04:55:15.999999827,CLEARED,2026-06
2247 Management and Organisation Analysts,95,3.0,2026-05-29 22:40:44.999999898,4.0,2026-08-04 04:59:14.000000144,CLEARED,2026-06
2321 Architects and Landscape Architects,55,8.0,2026-06-08 04:54:29.999999759,0.0,,UNTOUCHED,2026-06
2321 Architects and Landscape Architects,60,33.0,2026-08-18 04:56:31.999999989,0.0,,UNTOUCHED,2026-06
2321 Architects and Landscape Architects,65,103.0,2026-09-01 05:03:54.000000218,0.0,,UNTOUCHED,2026-06
2321 Architects and Landscape Architects,70,145.0,2026-08-29 05:03:29.000000033,0.0,,UNTOUCHED,2026-06
2321 Architects and Landscape Architects,75,175.0,2026-09-01 05:03:54.000000218,0.0,,UNTOUCHED,2026-06
2321 Architects and Landscape Architects,80,113.0,2026-09-02 05:00:32.000000146,0.0,,UNTOUCHED,2026-06
2321 Architects and Landscape Architects,85,113.0,2026-08-28 04:55:18.999999903,39.0,2026-05-28 04:57:37.000000100,PARTIAL,2026-06
2321 Architects and Landscape Architects,90,32.0,2026-08-04 04:59:14.000000144,32.0,2026-08-04 04:59:14.000000144,CLEARED,2026-06
2321 Architects and Landscape Architects,95,4.0,2026-08-04 04:59:14.000000144,5.0,2026-08-04 04:59:14.000000144,CLEARED,2026-06
2322 Cartographers and Surveyors,55,6.0,2026-06-06 04:55:29.999999953,0.0,,UNTOUCHED,2026-06
2322 Cartographers and Surveyors,60,6.0,2026-05-31 04:55:58.000000215,0.0,,UNTOUCHED,2026-06
2322 Cartographers and Surveyors,65,34.0,2026-08-06 04:55:26.999999886,0.0,,UNTOUCHED,2026-06
2322 Cartographers and Surveyors,70,27.0,2026-08-31 05:04:37.000000211,0.0,,UNTOUCHED,2026-06
2322 Cartographers and Surveyors,75,38.0,2026-08-28 04:55:18.999999903,0.0,,UNTOUCHED,2026-06
2322 Cartographers and Surveyors,80,16.0,2026-08-25 04:57:32.999999797,13.0,2026-08-21 04:59:33.999999792,PARTIAL,2026-06
2322 Cartographers and Surveyors,85,24.0,2026-08-04 04:59:14.000000144,25.0,2026-08-04 04:59:14.000000144,CLEARED,2026-06
2322 Cartographers and Surveyors,90,4.0,2026-08-04 04:59:14.000000144,4.0,2026-08-04 04:59:14.000000144,CLEARED,2026-06
2322 Cartographers and Surveyors,95,1.0,2026-04-27 11:37:12.999999797,1.0,2026-04-27 11:37:12.999999797,CLEARED,2026-06
2331 Chemical and Materials Engineers,40,1.0,2026-07-17 04:59:30.999999716,0.0,,UNTOUCHED,2026-06
2331 Chemical and Materials Engineers,45,1.0,2026-07-16 04:59:44.000000237,0.0,,UNTOUCHED,2026-06
2331 Chemical and Materials Engineers,50,4.0,2026-07-15 05:00:49.999999953,0.0,,UNTOUCHED,2026-06
2331 Chemical and Materials Engineers,55,13.0,2026-08-11 05:03:38.000000252,0.0,,UNTOUCHED,2026-06
2331 Chemical and Materials Engineers,60,32.0,2026-08-27 04:59:08.000000001,0.0,,UNTOUCHED,2026-06
2331 Chemical and Materials Engineers,65,104.0,2026-09-02 05:00:32.000000146,0.0,,UNTOUCHED,2026-06
2331 Chemical and Materials Engineers,70,140.0,2026-08-28 04:55:18.999999903,0.0,,UNTOUCHED,2026-06
2331 Chemical and Materials Engineers,75,155.0,2026-09-02 05:00:32.000000146,0.0,,UNTOUCHED,2026-06
2331 Chemical and Materials Engineers,80,142.0,2026-08-28 04:55:18.999999903,0.0,,UNTOUCHED,2026-06
2331 Chemical and Materials Engineers,85,89.0,2026-08-29 05:03:29.000000033,0.0,,UNTOUCHED,2026-06
2331 Chemical and Materials Engineers,90,50.0,2026-08-26 04:55:23.000000206,0.0,,UNTOUCHED,2026-06
2331 Chemical and Materials Engineers,95,12.0,2026-09-02 05:00:32.000000146,0.0,,UNTOUCHED,2026-06
2331 Chemical and Materials Engineers,100,2.0,2026-08-27 04:59:08.000000001,0.0,,UNTOUCHED,2026-06
2332 Civil Engineering Professionals,30,1.0,2026-06-04 04:55:44.999999693,0.0,,UNTOUCHED,2026-06
2332 Civil Engineering Professionals,40,2.0,2026-03-08 05:01:02.000000248,0.0,,UNTOUCHED,2026-06
2332 Civil Engineering Professionals,45,8.0,2026-09-01 05:03:54.000000218,0.0,,UNTOUCHED,2026-06
2332 Civil Engineering Professionals,50,25.0,2026-08-29 05:03:29.000000033,0.0,,UNTOUCHED,2026-06
2332 Civil Engineering Professionals,55,81.0,2026-08-31 05:04:37.000000211,0.0,,UNTOUCHED,2026-06
2332 Civil Engineering Professionals,60,194.0,2026-09-02 05:00:32.000000146,0.0,,UNTOUCHED,2026-06
2332 Civil Engineering Professionals,65,849.0,2026-09-02 05:00:32.000000146,0.0,,UNTOUCHED,2026-06
2332 Civil Engineering Professionals,70,907.0,2026-09-02 05:00:32.000000146,0.0,,UNTOUCHED,2026-06
2332 Civil Engineering Professionals,75,994.0,2026-09-02 05:00:32.000000146,0.0,,UNTOUCHED,2026-06
2332 Civil Engineering Professionals,80,830.0,2026-09-02 05:00:32.000000146,0.0,,UNTOUCHED,2026-06
2332 Civil Engineering Professionals,85,690.0,2026-09-02 05:00:32.000000146,0.0,,UNTOUCHED,2026-06
2332 Civil Engineering Professionals,90,373.0,2026-08-29 05:03:29.000000033,0.0,,UNTOUCHED,2026-06
2332 Civil Engineering Professionals,95,129.0,2026-08-30 05:07:51.000000300,0.0,,UNTOUCHED,2026-06
2332 Civil Engineering Professionals,100,33.0,2026-07-27 05:01:28.000000038,0.0,,UNTOUCHED,2026-06
2332 Civil Engineering Professionals,105,1.0,2026-01-03 04:57:06.999999998,0.0,,UNTOUCHED,2026-06
2332 Civil Engineering Professionals,110,1.0,2026-02-27 04:56:30.999999762,0.0,,UNTOUCHED,2026-06
2333 Electrical Engineers,45,11.0,2026-05-25 05:00:53.000000029,0.0,,UNTOUCHED,2026-06
2333 Electrical Engineers,50,8.0,2026-06-07 05:05:34.999999935,0.0,,UNTOUCHED,2026-06
2333 Electrical Engineers,55,43.0,2026-08-24 04:55:15.999999827,0.0,,UNTOUCHED,2026-06
2333 Electrical Engineers,60,104.0,2026-08-31 05:04:37.000000211,0.0,,UNTOUCHED,2026-06
2333 Electrical Engineers,65,308.0,2026-09-01 05:03:54.000000218,0.0,,UNTOUCHED,2026-06
2333 Electrical Engineers,70,352.0,2026-09-02 05:00:32.000000146,0.0,,UNTOUCHED,2026-06
2333 Electrical Engineers,75,380.0,2026-08-25 04:57:32.999999797,0.0,,UNTOUCHED,2026-06
2333 Electrical Engineers,80,311.0,2026-09-02 05:00:32.000000146,0.0,,UNTOUCHED,2026-06
2333 Electrical Engineers,85,263.0,2026-09-02 05:00:32.000000146,0.0,,UNTOUCHED,2026-06
2333 Electrical Engineers,90,141.0,2026-09-02 05:00:32.000000146,0.0,,UNTOUCHED,2026-06
2333 Electrical Engineers,95,53.0,2026-08-28 04:55:18.999999903,0.0,,UNTOUCHED,2026-06
2333 Electrical Engineers,100,12.0,2026-06-04 04:55:44.999999693,0.0,,UNTOUCHED,2026-06
2333 Electrical Engineers,105,1.0,2025-12-08 18:44:17.000000007,0.0,,UNTOUCHED,2026-06
2334 Electronics Engineers,25,1.0,2026-08-14 04:55:58.999999820,0.0,,UNTOUCHED,2026-06
2334 Electronics Engineers,45,5.0,2026-06-08 04:54:29.999999759,0.0,,UNTOUCHED,2026-06
2334 Electronics Engineers,50,14.0,2026-08-19 04:55:55.999999752,0.0,,UNTOUCHED,2026-06
2334 Electronics Engineers,55,27.0,2026-08-27 04:59:08.000000001,0.0,,UNTOUCHED,2026-06
2334 Electronics Engineers,60,72.0,2026-08-28 04:55:18.999999903,0.0,,UNTOUCHED,2026-06
2334 Electronics Engineers,65,219.0,2026-08-31 05:04:37.000000211,0.0,,UNTOUCHED,2026-06
2334 Electronics Engineers,70,217.0,2026-08-30 05:07:51.000000300,0.0,,UNTOUCHED,2026-06
2334 Electronics Engineers,75,205.0,2026-09-02 05:00:32.000000146,0.0,,UNTOUCHED,2026-06
2334 Electronics Engineers,80,179.0,2026-08-30 05:07:51.000000300,0.0,,UNTOUCHED,2026-06
2334 Electronics Engineers,85,171.0,2026-09-01 05:03:54.000000218,0.0,,UNTOUCHED,2026-06
2334 Electronics Engineers,90,90.0,2026-08-31 05:04:37.000000211,0.0,,UNTOUCHED,2026-06
2334 Electronics Engineers,95,32.0,2026-09-02 05:00:32.000000146,3.0,2026-01-20 04:54:46.999999961,PARTIAL,2026-06
2334 Electronics Engineers,100,5.0,2026-05-06 10:52:50.000000278,5.0,2026-05-06 10:52:50.000000278,CLEARED,2026-06
2334 Electronics Engineers,105,1.0,2026-05-05 09:00:35.000000009,1.0,2026-05-05 09:00:35.000000009,CLEARED,2026-06
"2335 Industrial, Mechanical and Production Engineers",40,5.0,2026-08-23 05:01:10.000000231,0.0,,UNTOUCHED,2026-06
"2335 Industrial, Mechanical and Production Engineers",45,4.0,2026-01-25 04:54:46.999999961,0.0,,UNTOUCHED,2026-06
"2335 Industrial, Mechanical and Production Engineers",50,31.0,2026-08-09 05:00:56.999999701,0.0,,UNTOUCHED,2026-06
"2335 Industrial, Mechanical and Production Engineers",55,98.0,2026-09-01 05:03:54.000000218,0.0,,UNTOUCHED,2026-06
"2335 Industrial, Mechanical and Production Engineers",60,225.0,2026-09-02 05:00:32.000000146,0.0,,UNTOUCHED,2026-06
"2335 Industrial, Mechanical and Production Engineers",65,642.0,2026-09-01 05:03:54.000000218,0.0,,UNTOUCHED,2026-06
"2335 Industrial, Mechanical and Production Engineers",70,699.0,2026-09-02 05:00:32.000000146,0.0,,UNTOUCHED,2026-06
"2335 Industrial, Mechanical and Production Engineers",75,775.0,2026-09-02 05:00:32.000000146,0.0,,UNTOUCHED,2026-06
"2335 Industrial, Mechanical and Production Engineers",80,605.0,2026-09-02 05:00:32.000000146,0.0,,UNTOUCHED,2026-06
"2335 Industrial, Mechanical and Production Engineers",85,631.0,2026-09-02 05:00:32.000000146,0.0,,UNTOUCHED,2026-06
"2335 Industrial, Mechanical and Production Engineers",90,383.0,2026-09-02 05:00:32.000000146,0.0,,UNTOUCHED,2026-06
"2335 Industrial, Mechanical and Production Engineers",95,109.0,2026-09-02 05:00:32.000000146,0.0,,UNTOUCHED,2026-06
"2335 Industrial, Mechanical and Production Engineers",100,24.0,2026-08-31 05:04:37.000000211,0.0,,UNTOUCHED,2026-06
"2335 Industrial, Mechanical and Production Engineers",105,2.0,2026-06-28 05:05:09.000000144,0.0,,UNTOUCHED,2026-06
2336 Mining Engineers,40,1.0,2026-04-17 04:58:23.999999773,0.0,,UNTOUCHED,2026-06
2336 Mining Engineers,45,2.0,2025-10-15 00:15:40.999999947,0.0,,UNTOUCHED,2026-06
2336 Mining Engineers,50,5.0,2026-06-28 05:05:09.000000144,0.0,,UNTOUCHED,2026-06
2336 Mining Engineers,55,9.0,2026-07-19 05:21:30.000000018,0.0,,UNTOUCHED,2026-06
2336 Mining Engineers,60,14.0,2026-08-17 04:55:06.000000003,0.0,,UNTOUCHED,2026-06
2336 Mining Engineers,65,56.0,2026-08-28 04:55:18.999999903,0.0,,UNTOUCHED,2026-06
2336 Mining Engineers,70,64.0,2026-08-23 05:01:10.000000231,0.0,,UNTOUCHED,2026-06
2336 Mining Engineers,75,61.0,2026-08-29 05:03:29.000000033,0.0,,UNTOUCHED,2026-06
2336 Mining Engineers,80,44.0,2026-08-17 04:55:06.000000003,35.0,2026-08-17 04:55:06.000000003,CLEARED,2026-06
2336 Mining Engineers,85,49.0,2026-08-26 04:55:23.000000206,49.0,2026-08-26 04:55:23.000000206,CLEARED,2026-06
2336 Mining Engineers,90,7.0,2026-05-29 22:50:06.000000282,6.0,2026-05-29 22:50:06.000000282,CLEARED,2026-06
2336 Mining Engineers,95,4.0,2026-08-04 04:59:14.000000144,6.0,2026-08-04 04:59:14.000000144,CLEARED,2026-06
2336 Mining Engineers,105,1.0,2026-05-27 14:11:58.000000205,1.0,2026-05-27 14:11:58.000000205,CLEARED,2026-06
2339 Other Engineering Professionals,30,1.0,2026-06-02 04:55:07.000000239,0.0,,UNTOUCHED,2026-06
2339 Other Engineering Professionals,40,1.0,2026-02-16 04:57:08.000000233,0.0,,UNTOUCHED,2026-06
2339 Other Engineering Professionals,45,7.0,2026-05-08 04:56:01.999999896,0.0,,UNTOUCHED,2026-06
2339 Other Engineering Professionals,50,26.0,2026-08-29 05:03:29.000000033,0.0,,UNTOUCHED,2026-06
2339 Other Engineering Professionals,55,77.0,2026-08-23 05:01:10.000000231,0.0,,UNTOUCHED,2026-06
2339 Other Engineering Professionals,60,166.0,2026-09-02 05:00:32.000000146,0.0,,UNTOUCHED,2026-06
2339 Other Engineering Professionals,65,649.0,2026-09-02 05:00:32.000000146,0.0,,UNTOUCHED,2026-06
2339 Other Engineering Professionals,70,733.0,2026-09-02 05:00:32.000000146,0.0,,UNTOUCHED,2026-06
2339 Other Engineering Professionals,75,713.0,2026-08-31 05:04:37.000000211,0.0,,UNTOUCHED,2026-06
2339 Other Engineering Professionals,80,650.0,2026-09-01 05:03:54.000000218,0.0,,UNTOUCHED,2026-06
2339 Other Engineering Professionals,85,667.0,2026-09-02 05:00:32.000000146,0.0,,UNTOUCHED,2026-06
2339 Other Engineering Professionals,90,392.0,2026-09-02 05:00:32.000000146,0.0,,UNTOUCHED,2026-06
2339 Other Engineering Professionals,95,146.0,2026-08-27 17:13:00.999999845,0.0,,UNTOUCHED,2026-06
2339 Other Engineering Professionals,100,40.0,2026-09-01 05:03:54.000000218,0.0,,UNTOUCHED,2026-06
2339 Other Engineering Professionals,105,3.0,2026-08-14 04:55:58.999999820,0.0,,UNTOUCHED,2026-06
2341 Agricultural and Forestry Scientists,45,1.0,2025-11-15 04:57:57.999999983,0.0,,UNTOUCHED,2026-06
2341 Agricultural and Forestry Scientists,50,5.0,2026-08-10 04:58:42.999999816,0.0,,UNTOUCHED,2026-06
2341 Agricultural and Forestry Scientists,55,18.0,2026-07-25 05:03:03.000000242,0.0,,UNTOUCHED,2026-06
2341 Agricultural and Forestry Scientists,60,28.0,2026-08-08 04:56:11.999999719,0.0,,UNTOUCHED,2026-06
2341 Agricultural and Forestry Scientists,65,121.0,2026-09-01 05:03:54.000000218,0.0,,UNTOUCHED,2026-06
2341 Agricultural and Forestry Scientists,70,99.0,2026-08-31 14:42:37.999999704,0.0,,UNTOUCHED,2026-06
2341 Agricultural and Forestry Scientists,75,88.0,2026-08-27 04:59:08.000000001,0.0,,UNTOUCHED,2026-06
2341 Agricultural and Forestry Scientists,80,71.0,2026-08-13 04:57:24.999999805,49.0,2026-08-13 04:57:24.999999805,CLEARED,2026-06
2341 Agricultural and Forestry Scientists,85,49.0,2026-08-18 04:56:31.999999989,52.0,2026-08-18 04:56:31.999999989,CLEARED,2026-06
2341 Agricultural and Forestry Scientists,90,21.0,2026-08-18 04:56:31.999999989,20.0,2026-08-18 04:56:31.999999989,CLEARED,2026-06
2341 Agricultural and Forestry Scientists,95,5.0,2026-05-28 21:41:47.000000146,5.0,2026-05-28 21:41:47.000000146,CLEARED,2026-06
2341 Agricultural and Forestry Scientists,100,3.0,2026-05-01 00:17:08.999999773,3.0,2026-05-01 00:17:08.999999773,CLEARED,2026-06
"2342 Chemists, and Food and Wine Scientists",45,1.0,2026-07-14 05:00:54.999999861,0.0,,UNTOUCHED,2026-06
"2342 Chemists, and Food and Wine Scientists",50,5.0,2026-07-27 05:01:28.000000038,0.0,,UNTOUCHED,2026-06
"2342 Chemists, and Food and Wine Scientists",55,16.0,2026-08-08 04:56:11.999999719,0.0,,UNTOUCHED,2026-06
"2342 Chemists, and Food and Wine Scientists",60,33.0,2026-08-23 05:01:10.000000231,0.0,,UNTOUCHED,2026-06
"2342 Chemists, and Food and Wine Scientists",65,117.0,2026-09-01 05:03:54.000000218,0.0,,UNTOUCHED,2026-06
"2342 Chemists, and Food and Wine Scientists",70,117.0,2026-08-29 05:03:29.000000033,0.0,,UNTOUCHED,2026-06
"2342 Chemists, and Food and Wine Scientists",75,140.0,2026-09-01 05:03:54.000000218,0.0,,UNTOUCHED,2026-06
"2342 Chemists, and Food and Wine Scientists",80,109.0,2026-08-30 05:07:51.000000300,0.0,,UNTOUCHED,2026-06
"2342 Chemists, and Food and Wine Scientists",85,62.0,2026-08-30 05:07:51.000000300,9.0,2026-05-26 04:57:32.000000184,PARTIAL,2026-06
"2342 Chemists, and Food and Wine Scientists",90,51.0,2026-08-06 04:55:26.999999886,49.0,2026-08-06 04:55:26.999999886,CLEARED,2026-06
"2342 Chemists, and Food and Wine Scientists",95,9.0,2026-05-31 00:11:59.999999832,10.0,2026-06-02 15:44:45.999999873,CLEARED,2026-06
"2342 Chemists, and Food and Wine Scientists",100,4.0,2026-05-13 15:48:36.000000198,4.0,2026-05-13 15:48:36.000000198,CLEARED,2026-06
"2342 Chemists, and Food and Wine Scientists",105,2.0,2026-03-20 04:55:42.999999853,2.0,2026-03-20 04:55:42.999999853,CLEARED,2026-06
2343 Environmental Scientists,45,1.0,2025-11-10 04:55:12.999999751,0.0,,UNTOUCHED,2026-06
2343 Environmental Scientists,55,3.0,2026-05-31 04:55:58.000000215,0.0,,UNTOUCHED,2026-06
2343 Environmental Scientists,60,10.0,2026-06-04 04:55:44.999999693,0.0,,UNTOUCHED,2026-06
2343 Environmental Scientists,65,39.0,2026-09-02 05:00:32.000000146,0.0,,UNTOUCHED,2026-06
2343 Environmental Scientists,70,40.0,2026-09-01 05:03:54.000000218,0.0,,UNTOUCHED,2026-06
2343 Environmental Scientists,75,50.0,2026-08-28 04:55:18.999999903,0.0,,UNTOUCHED,2026-06
2343 Environmental Scientists,80,42.0,2026-08-23 05:01:10.000000231,33.0,2026-08-23 05:01:10.000000231,CLEARED,2026-06
2343 Environmental Scientists,85,44.0,2026-08-04 04:59:14.000000144,45.0,2026-08-04 04:59:14.000000144,CLEARED,2026-06
2343 Environmental Scientists,90,29.0,2026-05-29 16:48:21.999999859,28.0,2026-08-04 04:59:14.000000144,CLEARED,2026-06
2343 Environmental Scientists,95,3.0,2026-05-04 05:07:14.999999424,4.0,2026-06-01 17:36:47.000000007,CLEARED,2026-06
2343 Environmental Scientists,100,3.0,2026-05-28 04:57:37.000000100,3.0,2026-05-28 04:57:37.000000100,CLEARED,2026-06
2343 Environmental Scientists,105,2.0,2026-04-30 13:05:40.000000064,2.0,2026-04-30 13:05:40.000000064,CLEARED,2026-06
2344 Geologists Geophysicists and Hydrogeologists,55,1.0,2026-06-26 05:01:07.000000155,0.0,,UNTOUCHED,2026-06
2344 Geologists Geophysicists and Hydrogeologists,60,3.0,2026-08-22 04:57:27.000000276,0.0,,UNTOUCHED,2026-06
2344 Geologists Geophysicists and Hydrogeologists,65,9.0,2026-07-25 05:03:03.000000242,0.0,,UNTOUCHED,2026-06
2344 Geologists Geophysicists and Hydrogeologists,70,5.0,2026-07-31 04:56:47.999999964,0.0,,UNTOUCHED,2026-06
2344 Geologists Geophysicists and Hydrogeologists,75,6.0,2026-08-31 05:04:37.000000211,0.0,,UNTOUCHED,2026-06
2344 Geologists Geophysicists and Hydrogeologists,80,5.0,2026-05-30 04:56:19.999999703,4.0,2026-03-23 23:08:26.999999914,PARTIAL,2026-06
2344 Geologists Geophysicists and Hydrogeologists,85,3.0,2026-01-31 22:08:12.999999992,3.0,2026-01-31 22:08:12.999999992,CLEARED,2026-06
2344 Geologists Geophysicists and Hydrogeologists,90,2.0,2026-05-03 00:04:13.000000048,3.0,2026-06-01 20:21:42.999999909,CLEARED,2026-06
2344 Geologists Geophysicists and Hydrogeologists,100,1.0,2026-05-31 10:41:43.000000261,1.0,2026-05-31 10:41:43.000000261,CLEARED,2026-06
2345 Life Scientists,50,6.0,2026-09-02 05:00:32.000000146,0.0,,UNTOUCHED,2026-06
2345 Life Scientists,55,18.0,2026-08-10 04:58:42.999999816,0.0,,UNTOUCHED,2026-06
2345 Life Scientists,60,26.0,2026-09-01 05:03:54.000000218,0.0,,UNTOUCHED,2026-06
2345 Life Scientists,65,100.0,2026-09-02 05:00:32.000000146,0.0,,UNTOUCHED,2026-06
2345 Life Scientists,70,84.0,2026-08-30 05:07:51.000000300,0.0,,UNTOUCHED,2026-06
2345 Life Scientists,75,109.0,2026-08-23 05:01:10.000000231,0.0,,UNTOUCHED,2026-06
2345 Life Scientists,80,75.0,2026-09-02 05:00:32.000000146,0.0,,UNTOUCHED,2026-06
2345 Life Scientists,85,89.0,2026-08-24 04:55:15.999999827,0.0,,UNTOUCHED,2026-06
2345 Life Scientists,90,52.0,2026-09-02 05:00:32.000000146,0.0,,UNTOUCHED,2026-06
2345 Life Scientists,95,20.0,2026-08-04 04:59:14.000000144,10.0,2026-08-04 04:59:14.000000144,CLEARED,2026-06
2345 Life Scientists,100,13.0,2026-05-31 15:45:54.000000051,11.0,2026-05-18 15:21:18.999999745,PARTIAL,2026-06
2345 Life Scientists,105,1.0,2026-04-19 21:17:24.000000135,1.0,2026-04-19 21:17:24.000000135,CLEARED,2026-06
2346 Medical Laboratory Scientists,55,3.0,2026-06-14 05:12:00.000000046,0.0,,UNTOUCHED,2026-06
2346 Medical Laboratory Scientists,60,9.0,2026-05-19 04:54:53.999999717,0.0,,UNTOUCHED,2026-06
2346 Medical Laboratory Scientists,65,48.0,2026-08-14 04:55:58.999999820,0.0,,UNTOUCHED,2026-06
2346 Medical Laboratory Scientists,70,65.0,2026-08-16 04:58:10.999999873,0.0,,UNTOUCHED,2026-06
2346 Medical Laboratory Scientists,75,80.0,2026-08-30 05:07:51.000000300,0.0,,UNTOUCHED,2026-06
2346 Medical Laboratory Scientists,80,46.0,2026-08-29 05:03:29.000000033,38.0,2026-08-29 05:03:29.000000033,CLEARED,2026-06
2346 Medical Laboratory Scientists,85,24.0,2026-08-20 04:58:58.999999782,24.0,2026-08-20 04:58:58.999999782,CLEARED,2026-06
2346 Medical Laboratory Scientists,90,9.0,2026-05-29 04:55:04.000000163,10.0,2026-06-02 04:55:07.000000239,CLEARED,2026-06
2347 Veterinarians,55,1.0,2026-05-20 04:54:34.000000070,0.0,,UNTOUCHED,2026-06
2347 Veterinarians,65,9.0,2026-06-20 04:54:59.999999860,0.0,,UNTOUCHED,2026-06
2347 Veterinarians,70,8.0,2026-06-04 08:08:47.000000183,0.0,,UNTOUCHED,2026-06
2347 Veterinarians,75,23.0,2026-09-02 05:00:32.000000146,0.0,,UNTOUCHED,2026-06
2347 Veterinarians,80,19.0,2026-08-04 04:59:14.000000144,15.0,2026-08-04 04:59:14.000000144,CLEARED,2026-06
2347 Veterinarians,85,26.0,2026-08-04 04:59:14.000000144,28.0,2026-08-04 04:59:14.000000144,CLEARED,2026-06
2347 Veterinarians,90,15.0,2026-08-04 04:59:14.000000144,16.0,2026-08-04 04:59:14.000000144,CLEARED,2026-06
2347 Veterinarians,95,4.0,2026-02-23 04:56:51.000000031,4.0,2026-02-23 04:56:51.000000031,CLEARED,2026-06
2347 Veterinarians,100,1.0,2026-02-06 04:55:31.999999794,1.0,2026-02-06 04:55:31.999999794,CLEARED,2026-06
2349 Other Natural and Physical Science Professionals,55,4.0,2026-07-25 05:03:03.000000242,0.0,,UNTOUCHED,2026-06
2349 Other Natural and Physical Science Professionals,60,6.0,2026-08-06 04:55:26.999999886,0.0,,UNTOUCHED,2026-06
2349 Other Natural and Physical Science Professionals,65,26.0,2026-08-21 04:59:33.999999792,0.0,,UNTOUCHED,2026-06
2349 Other Natural and Physical Science Professionals,70,18.0,2026-08-23 05:01:10.000000231,0.0,,UNTOUCHED,2026-06
2349 Other Natural and Physical Science Professionals,75,20.0,2026-06-11 04:57:27.000000276,0.0,,UNTOUCHED,2026-06
2349 Other Natural and Physical Science Professionals,80,11.0,2026-08-04 04:59:14.000000144,11.0,2026-08-04 04:59:14.000000144,CLEARED,2026-06
2349 Other Natural and Physical Science Professionals,85,10.0,2026-08-04 04:59:14.000000144,11.0,2026-08-04 04:59:14.000000144,CLEARED,2026-06
2349 Other Natural and Physical Science Professionals,90,4.0,2026-05-31 14:56:47.000000146,4.0,2026-05-31 14:56:47.000000146,CLEARED,2026-06
2349 Other Natural and Physical Science Professionals,95,3.0,2026-02-21 00:57:45.000000296,3.0,2026-02-21 00:57:45.000000296,CLEARED,2026-06
2349 Other Natural and Physical Science Professionals,100,4.0,2026-05-07 09:06:23.999999866,4.0,2026-05-07 09:06:23.999999866,CLEARED,2026-06
2349 Other Natural and Physical Science Professionals,105,2.0,2026-05-07 09:20:33.000000308,2.0,2026-05-07 09:20:33.000000308,CLEARED,2026-06
2411 Early Childhood (Pre-primary School) Teachers,40,2.0,2026-05-05 17:30:37.000000267,0.0,,UNTOUCHED,2026-06
2411 Early Childhood (Pre-primary School) Teachers,45,3.0,2026-07-18 05:00:43.999999810,0.0,,UNTOUCHED,2026-06
2411 Early Childhood (Pre-primary School) Teachers,50,21.0,2026-08-26 04:55:23.000000206,0.0,,UNTOUCHED,2026-06
2411 Early Childhood (Pre-primary School) Teachers,55,61.0,2026-08-25 04:57:32.999999797,0.0,,UNTOUCHED,2026-06
2411 Early Childhood (Pre-primary School) Teachers,60,224.0,2026-09-01 05:03:54.000000218,0.0,,UNTOUCHED,2026-06
2411 Early Childhood (Pre-primary School) Teachers,65,851.0,2026-09-02 05:00:32.000000146,0.0,,UNTOUCHED,2026-06
2411 Early Childhood (Pre-primary School) Teachers,70,1265.0,2026-09-02 05:00:32.000000146,0.0,,UNTOUCHED,2026-06
2411 Early Childhood (Pre-primary School) Teachers,75,1108.0,2026-09-02 05:00:32.000000146,0.0,,UNTOUCHED,2026-06
2411 Early Childhood (Pre-primary School) Teachers,80,1014.0,2026-09-01 05:03:54.000000218,0.0,,UNTOUCHED,2026-06
2411 Early Childhood (Pre-primary School) Teachers,85,1067.0,2026-09-02 05:00:32.000000146,0.0,,UNTOUCHED,2026-06
2411 Early Childhood (Pre-primary School) Teachers,90,155.0,2026-09-01 05:03:54.000000218,0.0,,UNTOUCHED,2026-06
2411 Early Childhood (Pre-primary School) Teachers,95,3.0,2026-05-10 11:11:18.999999885,0.0,,UNTOUCHED,2026-06
2411 Early Childhood (Pre-primary School) Teachers,100,1.0,2026-06-14 05:12:00.000000046,0.0,,UNTOUCHED,2026-06
2411 Early Childhood (Pre-primary School) Teachers,125,1.0,2026-05-29 22:35:23.000000066,0.0,,UNTOUCHED,2026-06
2414 Secondary School Teachers,40,1.0,2026-03-10 04:56:22.999999778,0.0,,UNTOUCHED,2026-06
2414 Secondary School Teachers,45,2.0,2026-04-07 16:55:55.999999752,0.0,,UNTOUCHED,2026-06
2414 Secondary School Teachers,50,4.0,2026-05-06 04:57:21.999999738,0.0,,UNTOUCHED,2026-06
2414 Secondary School Teachers,55,14.0,2026-08-20 04:58:58.999999782,0.0,,UNTOUCHED,2026-06
2414 Secondary School Teachers,60,38.0,2026-09-01 05:03:54.000000218,0.0,,UNTOUCHED,2026-06
2414 Secondary School Teachers,65,210.0,2026-09-01 05:03:54.000000218,0.0,,UNTOUCHED,2026-06
2414 Secondary School Teachers,70,287.0,2026-09-01 05:03:54.000000218,0.0,,UNTOUCHED,2026-06
2414 Secondary School Teachers,75,273.0,2026-09-01 05:03:54.000000218,31.0,2026-08-27 04:59:08.000000001,PARTIAL,2026-06
2414 Secondary School Teachers,80,165.0,2026-08-12 05:05:07.000000313,170.0,2026-08-12 05:05:07.000000313,CLEARED,2026-06
2414 Secondary School Teachers,85,81.0,2026-08-27 04:59:08.000000001,86.0,2026-08-27 04:59:08.000000001,CLEARED,2026-06
2414 Secondary School Teachers,90,16.0,2026-08-04 04:59:14.000000144,17.0,2026-08-04 04:59:14.000000144,CLEARED,2026-06
2414 Secondary School Teachers,95,1.0,2026-04-12 10:29:31.000000133,2.0,2026-06-04 00:42:25.999999836,CLEARED,2026-06
2414 Secondary School Teachers,100,1.0,2026-03-05 04:56:11.000000114,2.0,2026-06-04 00:08:23.000000029,CLEARED,2026-06
2415 Special Education Teachers,55,1.0,2025-09-08 04:55:28.999999727,0.0,,UNTOUCHED,2026-06
2415 Special Education Teachers,60,1.0,2026-03-03 05:00:51.000000189,0.0,,UNTOUCHED,2026-06
2415 Special Education Teachers,65,5.0,2026-06-09 04:54:02.999999733,0.0,,UNTOUCHED,2026-06
2415 Special Education Teachers,70,7.0,2026-08-13 04:57:24.999999805,0.0,,UNTOUCHED,2026-06
2415 Special Education Teachers,75,6.0,2026-08-22 04:57:27.000000276,1.0,2026-01-04 04:55:34.999999870,PARTIAL,2026-06
2415 Special Education Teachers,80,2.0,2026-03-15 20:12:38.999999727,2.0,2026-03-15 20:12:38.999999727,CLEARED,2026-06
2415 Special Education Teachers,85,1.0,2026-01-13 04:57:53.000000066,1.0,2026-01-13 04:57:53.000000066,CLEARED,2026-06
2421 University Lecturers and Tutors,45,1.0,2025-11-25 04:54:21.999999775,0.0,,UNTOUCHED,2026-06
2421 University Lecturers and Tutors,50,9.0,2026-06-25 05:01:32.999999946,0.0,,UNTOUCHED,2026-06
2421 University Lecturers and Tutors,55,21.0,2026-08-01 05:01:39.999999694,0.0,,UNTOUCHED,2026-06
2421 University Lecturers and Tutors,60,59.0,2026-08-29 05:03:29.000000033,0.0,,UNTOUCHED,2026-06
2421 University Lecturers and Tutors,65,208.0,2026-08-28 04:55:18.999999903,0.0,,UNTOUCHED,2026-06
2421 University Lecturers and Tutors,70,180.0,2026-09-02 05:00:32.000000146,0.0,,UNTOUCHED,2026-06
2421 University Lecturers and Tutors,75,185.0,2026-08-28 04:55:18.999999903,0.0,,UNTOUCHED,2026-06
2421 University Lecturers and Tutors,80,165.0,2026-08-29 05:03:29.000000033,0.0,,UNTOUCHED,2026-06
2421 University Lecturers and Tutors,85,116.0,2026-08-29 05:03:29.000000033,0.0,,UNTOUCHED,2026-06
2421 University Lecturers and Tutors,90,97.0,2026-09-02 05:00:32.000000146,0.0,,UNTOUCHED,2026-06
2421 University Lecturers and Tutors,95,43.0,2026-08-16 04:58:10.999999873,0.0,,UNTOUCHED,2026-06
2421 University Lecturers and Tutors,100,21.0,2026-08-26 04:55:23.000000206,0.0,,UNTOUCHED,2026-06
2421 University Lecturers and Tutors,105,10.0,2026-06-17 04:54:18.000000103,0.0,,UNTOUCHED,2026-06
2512 Medical Imaging Professionals,55,2.0,2026-06-26 05:01:07.000000155,0.0,,UNTOUCHED,2026-06
2512 Medical Imaging Professionals,60,2.0,2026-05-31 04:55:58.000000215,0.0,,UNTOUCHED,2026-06
2512 Medical Imaging Professionals,65,21.0,2026-08-31 05:04:37.000000211,0.0,,UNTOUCHED,2026-06
2512 Medical Imaging Professionals,70,18.0,2026-07-01 04:59:06.999999766,0.0,,UNTOUCHED,2026-06
2512 Medical Imaging Professionals,75,40.0,2026-08-31 05:04:37.000000211,0.0,,UNTOUCHED,2026-06
2512 Medical Imaging Professionals,80,26.0,2026-08-04 04:59:14.000000144,28.0,2026-08-04 04:59:14.000000144,CLEARED,2026-06
2512 Medical Imaging Professionals,85,3.0,2026-05-17 05:09:28.999999949,3.0,2026-05-17 05:09:28.999999949,CLEARED,2026-06
2512 Medical Imaging Professionals,90,1.0,2026-02-18 16:49:42.999999936,1.0,2026-02-18 16:49:42.999999936,CLEARED,2026-06
2514 Optometrists and Orthoptists,65,2.0,2026-04-07 04:54:40.999999818,0.0,,UNTOUCHED,2026-06
2514 Optometrists and Orthoptists,70,2.0,2026-03-08 16:30:52.000000211,0.0,,UNTOUCHED,2026-06
2514 Optometrists and Orthoptists,75,9.0,2026-07-26 05:06:30.000000222,0.0,,UNTOUCHED,2026-06
2514 Optometrists and Orthoptists,80,3.0,2026-05-19 20:11:50.000000222,4.0,2026-06-01 13:32:45.999999827,CLEARED,2026-06
2514 Optometrists and Orthoptists,85,1.0,2026-03-05 04:56:11.000000114,1.0,2026-03-05 04:56:11.000000114,CLEARED,2026-06
2514 Optometrists and Orthoptists,90,1.0,2026-04-01 15:23:46.999999766,0.0,,UNTOUCHED,2026-06
2514 Optometrists and Orthoptists,95,0.0,,1.0,2026-06-04 00:24:35.999999910,PARTIAL,2026-06
2519 Other Health Diagnostic and Promotion Professionals,65,2.0,2026-03-06 18:02:58.999999727,0.0,,UNTOUCHED,2026-06
2519 Other Health Diagnostic and Promotion Professionals,70,1.0,2025-11-20 19:46:58.999999949,0.0,,UNTOUCHED,2026-06
2519 Other Health Diagnostic and Promotion Professionals,75,1.0,2026-06-15 04:54:56.000000180,0.0,,UNTOUCHED,2026-06
2521 Chiropractors and Osteopaths,55,1.0,2026-07-06 04:58:17.000000016,0.0,,UNTOUCHED,2026-06
2521 Chiropractors and Osteopaths,60,1.0,2026-06-28 05:05:09.000000144,0.0,,UNTOUCHED,2026-06
2521 Chiropractors and Osteopaths,65,4.0,2026-05-12 04:54:29.000000154,0.0,,UNTOUCHED,2026-06
2521 Chiropractors and Osteopaths,70,7.0,2026-08-10 04:58:42.999999816,0.0,,UNTOUCHED,2026-06
2521 Chiropractors and Osteopaths,75,10.0,2026-08-14 04:55:58.999999820,0.0,,UNTOUCHED,2026-06
2521 Chiropractors and Osteopaths,80,52.0,2026-08-04 04:59:14.000000144,8.0,2026-08-04 04:59:14.000000144,CLEARED,2026-06
2521 Chiropractors and Osteopaths,85,6.0,2026-05-26 04:57:32.000000184,6.0,2026-05-26 04:57:32.000000184,CLEARED,2026-06
2521 Chiropractors and Osteopaths,90,1.0,2026-04-13 14:21:44.000000144,1.0,2026-04-13 14:21:44.000000144,CLEARED,2026-06
2524 Occupational Therapists,45,1.0,2026-01-27 05:03:16.000000133,0.0,,UNTOUCHED,2026-06
2524 Occupational Therapists,50,2.0,2026-08-29 05:03:29.000000033,0.0,,UNTOUCHED,2026-06
2524 Occupational Therapists,55,2.0,2026-05-26 04:57:32.000000184,0.0,,UNTOUCHED,2026-06
2524 Occupational Therapists,60,6.0,2026-06-01 04:57:11.999999914,0.0,,UNTOUCHED,2026-06
2524 Occupational Therapists,65,36.0,2026-07-11 04:55:42.999999853,0.0,,UNTOUCHED,2026-06
2524 Occupational Therapists,70,53.0,2026-08-27 04:59:08.000000001,0.0,,UNTOUCHED,2026-06
2524 Occupational Therapists,75,67.0,2026-08-14 04:55:58.999999820,6.0,2026-02-10 05:00:56.000000096,PARTIAL,2026-06
2524 Occupational Therapists,80,35.0,2026-08-11 05:03:38.000000252,36.0,2026-08-11 05:03:38.000000252,CLEARED,2026-06
2524 Occupational Therapists,85,12.0,2026-08-06 04:55:26.999999886,12.0,2026-08-06 04:55:26.999999886,CLEARED,2026-06
2524 Occupational Therapists,90,1.0,2026-05-02 05:09:35.000000092,2.0,2026-06-01 07:47:40.999999706,CLEARED,2026-06
2525 Physiotherapists,40,1.0,2026-04-11 05:09:01.999999923,0.0,,UNTOUCHED,2026-06
2525 Physiotherapists,50,3.0,2026-05-31 04:55:58.000000215,0.0,,UNTOUCHED,2026-06
2525 Physiotherapists,55,9.0,2026-08-23 05:01:10.000000231,0.0,,UNTOUCHED,2026-06
2525 Physiotherapists,60,10.0,2026-06-18 04:55:59.999999424,0.0,,UNTOUCHED,2026-06
2525 Physiotherapists,65,36.0,2026-08-06 04:55:26.999999886,0.0,,UNTOUCHED,2026-06
2525 Physiotherapists,70,86.0,2026-09-01 05:03:54.000000218,0.0,,UNTOUCHED,2026-06
2525 Physiotherapists,75,71.0,2026-08-14 04:55:58.999999820,7.0,2026-01-28 04:57:18.000000057,PARTIAL,2026-06
2525 Physiotherapists,80,60.0,2026-06-03 04:56:27.000000081,63.0,2026-06-03 18:03:01.999999794,CLEARED,2026-06
2525 Physiotherapists,85,23.0,2026-08-04 04:59:14.000000144,23.0,2026-08-04 04:59:14.000000144,CLEARED,2026-06
2525 Physiotherapists,90,4.0,2026-08-04 04:59:14.000000144,4.0,2026-08-04 04:59:14.000000144,CLEARED,2026-06
2525 Physiotherapists,95,1.0,2026-04-03 04:54:53.999999717,1.0,2026-04-03 04:54:53.999999717,CLEARED,2026-06
2525 Physiotherapists,100,0.0,,1.0,2026-06-04 00:04:08.999999745,PARTIAL,2026-06
2526 Podiatrists,65,2.0,2026-02-11 04:59:14.000000144,0.0,,UNTOUCHED,2026-06
2526 Podiatrists,70,3.0,2026-08-13 04:57:24.999999805,0.0,,UNTOUCHED,2026-06
2526 Podiatrists,75,6.0,2026-07-09 04:54:48.000000196,1.0,2025-06-08 05:16:59.000000154,PARTIAL,2026-06
2526 Podiatrists,80,3.0,2026-04-23 11:46:12.000000063,3.0,2026-04-23 11:46:12.000000063,CLEARED,2026-06
2526 Podiatrists,85,2.0,2026-04-21 04:57:11.999999914,2.0,2026-04-21 04:57:11.999999914,CLEARED,2026-06
2527 Speech Professionals and Audiologists,55,5.0,2026-07-29 04:55:29.999999953,0.0,,UNTOUCHED,2026-06
2527 Speech Professionals and Audiologists,60,5.0,2026-08-22 04:57:27.000000276,0.0,,UNTOUCHED,2026-06
2527 Speech Professionals and Audiologists,65,31.0,2026-08-14 04:55:58.999999820,0.0,,UNTOUCHED,2026-06
2527 Speech Professionals and Audiologists,70,31.0,2026-08-30 05:07:51.000000300,0.0,,UNTOUCHED,2026-06
2527 Speech Professionals and Audiologists,75,37.0,2026-08-28 04:55:18.999999903,2.0,2026-02-19 04:55:26.999999886,PARTIAL,2026-06
2527 Speech Professionals and Audiologists,80,45.0,2026-08-31 05:04:37.000000211,46.0,2026-08-31 05:04:37.000000211,CLEARED,2026-06
2527 Speech Professionals and Audiologists,85,23.0,2026-08-04 04:59:14.000000144,24.0,2026-08-04 04:59:14.000000144,CLEARED,2026-06
2527 Speech Professionals and Audiologists,90,3.0,2026-05-01 05:10:19.999999925,3.0,2026-05-01 05:10:19.999999925,CLEARED,2026-06
2527 Speech Professionals and Audiologists,100,0.0,,1.0,2026-06-03 17:54:09.000000302,PARTIAL,2026-06
2531 General Practitioners and Resident Medical officers,50,3.0,2026-09-02 05:00:32.000000146,0.0,,UNTOUCHED,2026-06
2531 General Practitioners and Resident Medical officers,55,8.0,2026-08-26 04:55:23.000000206,0.0,,UNTOUCHED,2026-06
2531 General Practitioners and Resident Medical officers,60,7.0,2026-07-11 04:55:42.999999853,0.0,,UNTOUCHED,2026-06
2531 General Practitioners and Resident Medical officers,65,35.0,2026-07-26 05:06:30.000000222,0.0,,UNTOUCHED,2026-06
2531 General Practitioners and Resident Medical officers,70,66.0,2026-08-21 04:59:33.999999792,0.0,,UNTOUCHED,2026-06
2531 General Practitioners and Resident Medical officers,75,93.0,2026-08-25 04:57:32.999999797,9.0,2026-05-09 04:55:56.999999979,PARTIAL,2026-06
2531 General Practitioners and Resident Medical officers,80,93.0,2026-09-01 05:03:54.000000218,98.0,2026-09-01 05:03:54.000000218,CLEARED,2026-06
2531 General Practitioners and Resident Medical officers,85,59.0,2026-08-04 04:59:14.000000144,60.0,2026-08-04 04:59:14.000000144,CLEARED,2026-06
2531 General Practitioners and Resident Medical officers,90,13.0,2026-08-16 04:58:10.999999873,13.0,2026-08-16 04:58:10.999999873,CLEARED,2026-06
2531 General Practitioners and Resident Medical officers,95,2.0,2026-04-26 05:02:22.999999686,2.0,2026-04-26 05:02:22.999999686,CLEARED,2026-06
2533 Internal Medicine Specialists,40,1.0,2026-05-17 05:09:28.999999949,0.0,,UNTOUCHED,2026-06
2533 Internal Medicine Specialists,55,1.0,2026-07-15 05:00:49.999999953,0.0,,UNTOUCHED,2026-06
2533 Internal Medicine Specialists,60,4.0,2026-07-22 04:56:30.999999762,0.0,,UNTOUCHED,2026-06
2533 Internal Medicine Specialists,65,8.0,2026-06-29 04:58:45.999999883,0.0,,UNTOUCHED,2026-06
2533 Internal Medicine Specialists,70,4.0,2026-08-27 04:59:08.000000001,0.0,,UNTOUCHED,2026-06
2533 Internal Medicine Specialists,75,5.0,2026-08-11 05:03:38.000000252,0.0,,UNTOUCHED,2026-06
2533 Internal Medicine Specialists,80,7.0,2026-08-04 04:59:14.000000144,7.0,2026-08-04 04:59:14.000000144,CLEARED,2026-06
2533 Internal Medicine Specialists,85,1.0,2026-04-11 05:09:01.999999923,1.0,2026-04-11 05:09:01.999999923,CLEARED,2026-06
2533 Internal Medicine Specialists,95,1.0,2026-03-11 08:44:29.000000506,1.0,2026-03-11 08:44:29.000000506,CLEARED,2026-06
2534 Psychiatrists,55,1.0,2025-11-10 23:53:00.999999493,0.0,,UNTOUCHED,2026-06
2534 Psychiatrists,60,1.0,2025-11-10 23:23:32.000000248,0.0,,UNTOUCHED,2026-06
2534 Psychiatrists,75,1.0,2025-10-26 08:49:50.000000111,0.0,,UNTOUCHED,2026-06
2534 Psychiatrists,85,1.0,2026-05-19 23:15:23.999999950,1.0,2026-05-19 23:15:23.999999950,CLEARED,2026-06
2534 Psychiatrists,90,1.0,2026-05-26 20:21:55.000000203,1.0,2026-05-26 20:21:55.000000203,CLEARED,2026-06
2535 Surgeons,50,1.0,2025-09-11 04:54:13.000000187,0.0,,UNTOUCHED,2026-06
2535 Surgeons,55,1.0,2026-05-23 04:57:35.000000259,0.0,,UNTOUCHED,2026-06
2535 Surgeons,65,3.0,2026-04-28 21:42:14.999999777,0.0,,UNTOUCHED,2026-06
2535 Surgeons,70,1.0,2026-04-21 04:57:11.999999914,0.0,,UNTOUCHED,2026-06
2535 Surgeons,75,1.0,2026-08-16 04:58:10.999999873,0.0,,UNTOUCHED,2026-06
2535 Surgeons,85,1.0,2026-02-05 04:56:33.000000224,1.0,2026-02-05 04:56:33.000000224,CLEARED,2026-06
2535 Surgeons,100,0.0,,1.0,2026-06-04 00:08:05.000000222,PARTIAL,2026-06
2539 Other Medical Practitioners,50,2.0,2026-05-14 09:19:15.999999911,0.0,,UNTOUCHED,2026-06
2539 Other Medical Practitioners,55,5.0,2026-08-15 04:55:31.000000189,0.0,,UNTOUCHED,2026-06
2539 Other Medical Practitioners,60,8.0,2026-08-18 04:56:31.999999989,0.0,,UNTOUCHED,2026-06
2539 Other Medical Practitioners,65,45.0,2026-08-19 04:55:55.999999752,0.0,,UNTOUCHED,2026-06
2539 Other Medical Practitioners,70,49.0,2026-08-25 04:57:32.999999797,0.0,,UNTOUCHED,2026-06
2539 Other Medical Practitioners,75,71.0,2026-08-28 04:55:18.999999903,4.0,2026-04-23 04:56:01.999999896,PARTIAL,2026-06
2539 Other Medical Practitioners,80,70.0,2026-08-27 04:59:08.000000001,75.0,2026-08-27 04:59:08.000000001,CLEARED,2026-06
2539 Other Medical Practitioners,85,52.0,2026-08-04 04:59:14.000000144,52.0,2026-08-04 04:59:14.000000144,CLEARED,2026-06
2539 Other Medical Practitioners,90,13.0,2026-08-28 04:55:18.999999903,13.0,2026-08-28 04:55:18.999999903,CLEARED,2026-06
2541 Midwives,45,1.0,2026-04-13 15:17:45.000000018,0.0,,UNTOUCHED,2026-06
2541 Midwives,65,8.0,2026-08-09 05:00:56.999999701,0.0,,UNTOUCHED,2026-06
2541 Midwives,70,9.0,2026-05-19 23:33:56.999999868,0.0,,UNTOUCHED,2026-06
2541 Midwives,75,11.0,2026-08-17 04:55:06.000000003,0.0,,UNTOUCHED,2026-06
2541 Midwives,80,10.0,2026-08-04 04:59:14.000000144,10.0,2026-08-04 04:59:14.000000144,CLEARED,2026-06
2541 Midwives,85,3.0,2026-08-04 04:59:14.000000144,3.0,2026-08-04 04:59:14.000000144,CLEARED,2026-06
2541 Midwives,90,0.0,,1.0,2026-08-21 04:59:33.999999792,PARTIAL,2026-06
2544 Registered Nurses,40,2.0,2026-07-12 05:07:29.000000182,0.0,,UNTOUCHED,2026-06
2544 Registered Nurses,45,12.0,2026-07-16 04:59:44.000000237,0.0,,UNTOUCHED,2026-06
2544 Registered Nurses,50,39.0,2026-08-28 04:55:18.999999903,0.0,,UNTOUCHED,2026-06
2544 Registered Nurses,55,152.0,2026-08-29 05:03:29.000000033,0.0,,UNTOUCHED,2026-06
2544 Registered Nurses,60,277.0,2026-09-02 05:00:32.000000146,0.0,,UNTOUCHED,2026-06
2544 Registered Nurses,65,1512.0,2026-09-02 05:00:32.000000146,0.0,,UNTOUCHED,2026-06
2544 Registered Nurses,70,1650.0,2026-09-02 05:00:32.000000146,0.0,,UNTOUCHED,2026-06
2544 Registered Nurses,75,1608.0,2026-09-02 05:00:32.000000146,108.0,2026-08-17 04:55:06.000000003,PARTIAL,2026-06
2544 Registered Nurses,80,873.0,2026-08-31 05:04:37.000000211,916.0,2026-09-02 05:00:32.000000146,CLEARED,2026-06
2544 Registered Nurses,85,307.0,2026-08-28 04:55:18.999999903,320.0,2026-08-28 04:55:18.999999903,CLEARED,2026-06
2544 Registered Nurses,90,44.0,2026-08-11 05:03:38.000000252,44.0,2026-08-11 05:03:38.000000252,CLEARED,2026-06
2544 Registered Nurses,95,0.0,,1.0,2026-06-01 04:57:11.999999914,PARTIAL,2026-06
2544 Registered Nurses,100,1.0,2025-10-06 14:05:45.999999994,2.0,2026-06-04 00:13:00.000000027,CLEARED,2026-06
2544 Registered Nurses,105,1.0,2026-05-31 12:59:46.000000291,1.0,2026-05-31 12:59:46.000000291,CLEARED,2026-06
2544 Registered Nurses,110,1.0,2026-08-04 04:59:14.000000144,1.0,2026-08-04 04:59:14.000000144,CLEARED,2026-06
2611 ICT Business and Systems Analysts,40,1.0,2026-03-06 02:33:07.999999732,0.0,,UNTOUCHED,2026-06
2611 ICT Business and Systems Analysts,45,1.0,2025-11-09 05:02:06.000000115,0.0,,UNTOUCHED,2026-06
2611 ICT Business and Systems Analysts,50,20.0,2026-08-23 05:01:10.000000231,0.0,,UNTOUCHED,2026-06
2611 ICT Business and Systems Analysts,55,54.0,2026-08-26 04:55:23.000000206,0.0,,UNTOUCHED,2026-06
2611 ICT Business and Systems Analysts,60,131.0,2026-09-02 05:00:32.000000146,0.0,,UNTOUCHED,2026-06
2611 ICT Business and Systems Analysts,65,678.0,2026-09-02 05:00:32.000000146,0.0,,UNTOUCHED,2026-06
2611 ICT Business and Systems Analysts,70,832.0,2026-08-31 05:04:37.000000211,0.0,,UNTOUCHED,2026-06
2611 ICT Business and Systems Analysts,75,1083.0,2026-09-02 05:00:32.000000146,0.0,,UNTOUCHED,2026-06
2611 ICT Business and Systems Analysts,80,1160.0,2026-09-02 05:00:32.000000146,0.0,,UNTOUCHED,2026-06
2611 ICT Business and Systems Analysts,85,1008.0,2026-09-01 05:03:54.000000218,0.0,,UNTOUCHED,2026-06
2611 ICT Business and Systems Analysts,90,1155.0,2026-09-02 05:00:32.000000146,0.0,,UNTOUCHED,2026-06
2611 ICT Business and Systems Analysts,95,646.0,2026-09-02 05:00:32.000000146,0.0,,UNTOUCHED,2026-06
2611 ICT Business and Systems Analysts,100,230.0,2026-08-29 05:03:29.000000033,0.0,,UNTOUCHED,2026-06
2611 ICT Business and Systems Analysts,105,11.0,2026-06-11 04:57:27.000000276,0.0,,UNTOUCHED,2026-06
2611 ICT Business and Systems Analysts,110,1.0,2026-08-27 04:59:08.000000001,0.0,,UNTOUCHED,2026-06
2612 Multimedia Specialists and Web Developers,50,2.0,2026-03-16 04:55:09.000000079,0.0,,UNTOUCHED,2026-06
2612 Multimedia Specialists and Web Developers,55,2.0,2026-04-11 05:09:01.999999923,0.0,,UNTOUCHED,2026-06
2612 Multimedia Specialists and Web Developers,60,1.0,2026-02-21 04:58:07.999999806,0.0,,UNTOUCHED,2026-06
2612 Multimedia Specialists and Web Developers,65,15.0,2026-08-30 05:07:51.000000300,0.0,,UNTOUCHED,2026-06
2612 Multimedia Specialists and Web Developers,70,29.0,2026-08-30 05:07:51.000000300,0.0,,UNTOUCHED,2026-06
2612 Multimedia Specialists and Web Developers,75,36.0,2026-08-31 05:04:37.000000211,0.0,,UNTOUCHED,2026-06
2612 Multimedia Specialists and Web Developers,80,30.0,2026-09-02 05:00:32.000000146,0.0,,UNTOUCHED,2026-06
2612 Multimedia Specialists and Web Developers,85,44.0,2026-08-20 04:58:58.999999782,0.0,,UNTOUCHED,2026-06
2612 Multimedia Specialists and Web Developers,90,64.0,2026-08-27 04:59:08.000000001,0.0,,UNTOUCHED,2026-06
2612 Multimedia Specialists and Web Developers,95,24.0,2026-08-04 04:59:14.000000144,12.0,2026-08-04 04:59:14.000000144,CLEARED,2026-06
2612 Multimedia Specialists and Web Developers,100,6.0,2026-05-27 08:55:35.999999892,6.0,2026-05-27 08:55:35.999999892,CLEARED,2026-06
2612 Multimedia Specialists and Web Developers,105,1.0,2026-02-13 10:25:56.999999775,1.0,2026-02-13 10:25:56.999999775,CLEARED,2026-06
2612 Multimedia Specialists and Web Developers,110,1.0,2026-04-07 23:53:02.999999964,1.0,2026-04-07 23:53:02.999999964,CLEARED,2026-06
2613 Software and Applications Programmers,25,1.0,2026-04-14 21:21:16.999999905,0.0,,UNTOUCHED,2026-06
2613 Software and Applications Programmers,30,2.0,2026-01-17 15:47:59.999999953,0.0,,UNTOUCHED,2026-06
2613 Software and Applications Programmers,45,8.0,2026-07-22 04:56:30.999999762,0.0,,UNTOUCHED,2026-06
2613 Software and Applications Programmers,50,43.0,2026-08-21 04:59:33.999999792,0.0,,UNTOUCHED,2026-06
2613 Software and Applications Programmers,55,127.0,2026-08-26 04:55:23.000000206,0.0,,UNTOUCHED,2026-06
2613 Software and Applications Programmers,60,323.0,2026-08-31 05:04:37.000000211,0.0,,UNTOUCHED,2026-06
2613 Software and Applications Programmers,65,1401.0,2026-09-02 05:00:32.000000146,0.0,,UNTOUCHED,2026-06
2613 Software and Applications Programmers,70,1842.0,2026-09-02 05:00:32.000000146,0.0,,UNTOUCHED,2026-06
2613 Software and Applications Programmers,75,2113.0,2026-09-02 05:00:32.000000146,0.0,,UNTOUCHED,2026-06
2613 Software and Applications Programmers,80,1950.0,2026-09-02 05:00:32.000000146,0.0,,UNTOUCHED,2026-06
2613 Software and Applications Programmers,85,2149.0,2026-09-02 05:00:32.000000146,0.0,,UNTOUCHED,2026-06
2613 Software and Applications Programmers,90,2365.0,2026-09-02 05:00:32.000000146,0.0,,UNTOUCHED,2026-06
2613 Software and Applications Programmers,95,1339.0,2026-09-02 05:00:32.000000146,0.0,,UNTOUCHED,2026-06
2613 Software and Applications Programmers,100,527.0,2026-08-31 05:04:37.000000211,0.0,,UNTOUCHED,2026-06
2613 Software and Applications Programmers,105,61.0,2026-08-15 04:55:31.000000189,0.0,,UNTOUCHED,2026-06
2613 Software and Applications Programmers,110,4.0,2026-04-04 04:56:25.000000241,0.0,,UNTOUCHED,2026-06
2613 Software and Applications Programmers,115,1.0,2026-03-27 04:54:48.000000196,0.0,,UNTOUCHED,2026-06
"2621 Database and Systems Administrators, and ICT Security Specialists",50,6.0,2026-05-28 15:48:14.000000088,0.0,,UNTOUCHED,2026-06
"2621 Database and Systems Administrators, and ICT Security Specialists",55,20.0,2026-08-25 04:57:32.999999797,0.0,,UNTOUCHED,2026-06
"2621 Database and Systems Administrators, and ICT Security Specialists",60,36.0,2026-08-28 04:55:18.999999903,0.0,,UNTOUCHED,2026-06
"2621 Database and Systems Administrators, and ICT Security Specialists",65,190.0,2026-08-28 04:55:18.999999903,0.0,,UNTOUCHED,2026-06
"2621 Database and Systems Administrators, and ICT Security Specialists",70,209.0,2026-08-30 05:07:51.000000300,0.0,,UNTOUCHED,2026-06
"2621 Database and Systems Administrators, and ICT Security Specialists",75,237.0,2026-08-29 05:03:29.000000033,0.0,,UNTOUCHED,2026-06
"2621 Database and Systems Administrators, and ICT Security Specialists",80,260.0,2026-09-01 05:03:54.000000218,0.0,,UNTOUCHED,2026-06
"2621 Database and Systems Administrators, and ICT Security Specialists",85,222.0,2026-08-28 04:55:18.999999903,0.0,,UNTOUCHED,2026-06
"2621 Database and Systems Administrators, and ICT Security Specialists",90,228.0,2026-08-31 05:04:37.000000211,0.0,,UNTOUCHED,2026-06
"2621 Database and Systems Administrators, and ICT Security Specialists",95,128.0,2026-08-30 05:07:51.000000300,0.0,,UNTOUCHED,2026-06
"2621 Database and Systems Administrators, and ICT Security Specialists",100,32.0,2026-08-08 04:56:11.999999719,0.0,,UNTOUCHED,2026-06
"2621 Database and Systems Administrators, and ICT Security Specialists",105,1.0,2025-12-26 04:55:55.000000148,0.0,,UNTOUCHED,2026-06
2631 Computer Network Professionals,30,1.0,2025-10-16 12:46:00.999999168,0.0,,UNTOUCHED,2026-06
2631 Computer Network Professionals,40,1.0,2026-06-04 04:55:44.999999693,0.0,,UNTOUCHED,2026-06
2631 Computer Network Professionals,45,1.0,2026-05-26 04:57:32.000000184,0.0,,UNTOUCHED,2026-06
2631 Computer Network Professionals,50,8.0,2026-06-04 04:55:44.999999693,0.0,,UNTOUCHED,2026-06
2631 Computer Network Professionals,55,34.0,2026-08-24 04:55:15.999999827,0.0,,UNTOUCHED,2026-06
2631 Computer Network Professionals,60,54.0,2026-08-25 04:57:32.999999797,0.0,,UNTOUCHED,2026-06
2631 Computer Network Professionals,65,222.0,2026-09-01 05:03:54.000000218,0.0,,UNTOUCHED,2026-06
2631 Computer Network Professionals,70,260.0,2026-09-02 05:00:32.000000146,0.0,,UNTOUCHED,2026-06
2631 Computer Network Professionals,75,398.0,2026-09-01 05:03:54.000000218,0.0,,UNTOUCHED,2026-06
2631 Computer Network Professionals,80,308.0,2026-08-30 05:07:51.000000300,0.0,,UNTOUCHED,2026-06
2631 Computer Network Professionals,85,271.0,2026-08-29 05:03:29.000000033,0.0,,UNTOUCHED,2026-06
2631 Computer Network Professionals,90,278.0,2026-08-31 05:04:37.000000211,0.0,,UNTOUCHED,2026-06
2631 Computer Network Professionals,95,133.0,2026-08-25 04:57:32.999999797,0.0,,UNTOUCHED,2026-06
2631 Computer Network Professionals,100,70.0,2026-08-23 05:01:10.000000231,0.0,,UNTOUCHED,2026-06
2631 Computer Network Professionals,105,1.0,2026-03-17 11:38:00.999999706,0.0,,UNTOUCHED,2026-06
2633 Telecommunications Engineering Professionals,45,3.0,2026-05-21 04:54:51.999999877,0.0,,UNTOUCHED,2026-06
2633 Telecommunications Engineering Professionals,50,3.0,2026-06-29 04:58:45.999999883,0.0,,UNTOUCHED,2026-06
2633 Telecommunications Engineering Professionals,55,18.0,2026-07-21 04:59:38.000000094,0.0,,UNTOUCHED,2026-06
2633 Telecommunications Engineering Professionals,60,35.0,2026-08-16 04:58:10.999999873,0.0,,UNTOUCHED,2026-06
2633 Telecommunications Engineering Professionals,65,116.0,2026-08-30 05:07:51.000000300,0.0,,UNTOUCHED,2026-06
2633 Telecommunications Engineering Professionals,70,99.0,2026-08-28 04:55:18.999999903,0.0,,UNTOUCHED,2026-06
2633 Telecommunications Engineering Professionals,75,196.0,2026-09-01 05:03:54.000000218,0.0,,UNTOUCHED,2026-06
2633 Telecommunications Engineering Professionals,80,120.0,2026-09-01 05:03:54.000000218,0.0,,UNTOUCHED,2026-06
2633 Telecommunications Engineering Professionals,85,102.0,2026-09-01 05:03:54.000000218,0.0,,UNTOUCHED,2026-06
2633 Telecommunications Engineering Professionals,90,59.0,2026-09-02 05:00:32.000000146,0.0,,UNTOUCHED,2026-06
2633 Telecommunications Engineering Professionals,95,19.0,2026-08-10 04:58:42.999999816,10.0,2026-08-04 04:59:14.000000144,PARTIAL,2026-06
2633 Telecommunications Engineering Professionals,100,2.0,2026-05-24 05:14:24.999999990,3.0,2026-06-03 15:19:53.999999996,CLEARED,2026-06
2711 Barristers,70,1.0,2026-03-27 04:54:48.000000196,0.0,,UNTOUCHED,2026-06
2711 Barristers,75,2.0,2026-08-10 04:58:42.999999816,0.0,,UNTOUCHED,2026-06
2711 Barristers,80,1.0,2026-02-18 11:30:23.000000140,1.0,2026-02-18 11:30:23.000000140,CLEARED,2026-06
2711 Barristers,85,1.0,2026-02-18 11:17:48.999999903,1.0,2026-02-18 11:17:48.999999903,CLEARED,2026-06
2713 Solicitors,45,1.0,2025-12-21 06:24:40.999999818,0.0,,UNTOUCHED,2026-06
2713 Solicitors,50,1.0,2026-07-19 05:21:30.000000018,0.0,,UNTOUCHED,2026-06
2713 Solicitors,55,3.0,2026-08-03 04:59:30.000000111,0.0,,UNTOUCHED,2026-06
2713 Solicitors,60,17.0,2026-08-02 05:01:45.000000240,0.0,,UNTOUCHED,2026-06
2713 Solicitors,65,39.0,2026-07-29 04:55:29.999999953,0.0,,UNTOUCHED,2026-06
2713 Solicitors,70,63.0,2026-08-26 04:55:23.000000206,0.0,,UNTOUCHED,2026-06
2713 Solicitors,75,72.0,2026-09-01 05:03:54.000000218,0.0,,UNTOUCHED,2026-06
2713 Solicitors,80,103.0,2026-08-30 05:07:51.000000300,89.0,2026-08-21 04:59:33.999999792,PARTIAL,2026-06
2713 Solicitors,85,98.0,2026-08-21 12:21:27.999999964,98.0,2026-08-21 12:21:27.999999964,CLEARED,2026-06
2713 Solicitors,90,50.0,2026-06-03 11:47:14.999999703,50.0,2026-06-03 11:47:14.999999703,CLEARED,2026-06
2713 Solicitors,95,3.0,2026-05-17 05:09:28.999999949,3.0,2026-05-17 05:09:28.999999949,CLEARED,2026-06
2723 Psychologists,55,1.0,2025-11-19 04:57:02.999999695,0.0,,UNTOUCHED,2026-06
2723 Psychologists,60,1.0,2025-09-11 04:54:13.000000187,0.0,,UNTOUCHED,2026-06
2723 Psychologists,65,15.0,2026-05-22 18:59:16.999999794,0.0,,UNTOUCHED,2026-06
2723 Psychologists,70,18.0,2026-08-05 04:57:06.999999998,0.0,,UNTOUCHED,2026-06
2723 Psychologists,75,18.0,2026-07-23 04:55:36.999999710,2.0,2026-04-18 04:58:10.000000269,PARTIAL,2026-06
2723 Psychologists,80,28.0,2026-05-29 04:55:04.000000163,28.0,2026-06-03 19:31:57.999999927,CLEARED,2026-06
2723 Psychologists,85,16.0,2026-05-08 04:56:01.999999896,16.0,2026-06-01 04:57:11.999999914,CLEARED,2026-06
2723 Psychologists,90,2.0,2026-04-29 04:55:04.000000163,3.0,2026-06-01 04:57:11.999999914,CLEARED,2026-06
2723 Psychologists,95,1.0,2026-04-29 21:21:59.000000293,2.0,2026-06-04 00:46:21.000000077,CLEARED,2026-06
2725 Social Workers,50,1.0,2026-04-02 04:30:31.999999933,0.0,,UNTOUCHED,2026-06
2725 Social Workers,55,7.0,2026-06-22 04:54:35.999999910,0.0,,UNTOUCHED,2026-06
2725 Social Workers,60,14.0,2026-05-20 09:33:21.000000049,0.0,,UNTOUCHED,2026-06
2725 Social Workers,65,105.0,2026-08-30 05:07:51.000000300,0.0,,UNTOUCHED,2026-06
2725 Social Workers,70,195.0,2026-08-29 05:03:29.000000033,0.0,,UNTOUCHED,2026-06
2725 Social Workers,75,220.0,2026-08-25 04:57:32.999999797,39.0,2026-08-04 04:59:14.000000144,PARTIAL,2026-06
2725 Social Workers,80,146.0,2026-08-13 04:57:24.999999805,153.0,2026-08-28 04:55:18.999999903,CLEARED,2026-06
2725 Social Workers,85,68.0,2026-08-21 04:59:33.999999792,70.0,2026-08-21 04:59:33.999999792,CLEARED,2026-06
2725 Social Workers,90,17.0,2026-05-22 04:54:29.000000154,15.0,2026-05-19 11:53:20.000000166,PARTIAL,2026-06
3122 Civil Engineering Draftspersons and Technicians,40,5.0,2026-08-05 04:57:06.999999998,0.0,,UNTOUCHED,2026-06
3122 Civil Engineering Draftspersons and Technicians,45,15.0,2026-07-24 05:03:16.000000133,0.0,,UNTOUCHED,2026-06
3122 Civil Engineering Draftspersons and Technicians,50,30.0,2026-08-31 05:04:37.000000211,0.0,,UNTOUCHED,2026-06
3122 Civil Engineering Draftspersons and Technicians,55,107.0,2026-08-29 05:03:29.000000033,0.0,,UNTOUCHED,2026-06
3122 Civil Engineering Draftspersons and Technicians,60,215.0,2026-09-01 05:03:54.000000218,0.0,,UNTOUCHED,2026-06
3122 Civil Engineering Draftspersons and Technicians,65,784.0,2026-09-01 05:03:54.000000218,0.0,,UNTOUCHED,2026-06
3122 Civil Engineering Draftspersons and Technicians,70,853.0,2026-09-02 05:00:32.000000146,0.0,,UNTOUCHED,2026-06
3122 Civil Engineering Draftspersons and Technicians,75,766.0,2026-09-01 05:03:54.000000218,0.0,,UNTOUCHED,2026-06
3122 Civil Engineering Draftspersons and Technicians,80,493.0,2026-09-02 05:00:32.000000146,0.0,,UNTOUCHED,2026-06
3122 Civil Engineering Draftspersons and Technicians,85,306.0,2026-09-01 05:03:54.000000218,0.0,,UNTOUCHED,2026-06
3122 Civil Engineering Draftspersons and Technicians,90,86.0,2026-08-30 05:07:51.000000300,0.0,,UNTOUCHED,2026-06
3122 Civil Engineering Draftspersons and Technicians,95,16.0,2026-07-28 05:01:53.999999829,0.0,,UNTOUCHED,2026-06
3122 Civil Engineering Draftspersons and Technicians,105,1.0,2026-03-30 11:31:44.000000209,0.0,,UNTOUCHED,2026-06
3123 Electrical Engineering Draftspersons and Technicians,40,1.0,2025-11-13 20:12:57.999999769,0.0,,UNTOUCHED,2026-06
3123 Electrical Engineering Draftspersons and Technicians,55,5.0,2026-05-23 04:57:35.000000259,0.0,,UNTOUCHED,2026-06
3123 Electrical Engineering Draftspersons and Technicians,60,16.0,2026-08-08 04:56:11.999999719,0.0,,UNTOUCHED,2026-06
3123 Electrical Engineering Draftspersons and Technicians,65,50.0,2026-09-01 05:03:54.000000218,0.0,,UNTOUCHED,2026-06
3123 Electrical Engineering Draftspersons and Technicians,70,44.0,2026-08-15 04:55:31.000000189,0.0,,UNTOUCHED,2026-06
3123 Electrical Engineering Draftspersons and Technicians,75,49.0,2026-09-01 05:03:54.000000218,0.0,,UNTOUCHED,2026-06
3123 Electrical Engineering Draftspersons and Technicians,80,22.0,2026-08-25 04:57:32.999999797,17.0,2026-08-04 04:59:14.000000144,PARTIAL,2026-06
3123 Electrical Engineering Draftspersons and Technicians,85,35.0,2026-05-19 20:40:02.999999936,35.0,2026-05-19 20:40:02.999999936,CLEARED,2026-06
3123 Electrical Engineering Draftspersons and Technicians,90,26.0,2026-06-01 04:57:11.999999914,26.0,2026-06-01 04:57:11.999999914,CLEARED,2026-06
3132 Telecommunications Technical Specialists,35,1.0,2026-07-08 04:55:23.000000206,0.0,,UNTOUCHED,2026-06
3132 Telecommunications Technical Specialists,40,2.0,2026-08-14 04:55:58.999999820,0.0,,UNTOUCHED,2026-06
3132 Telecommunications Technical Specialists,45,2.0,2026-05-18 04:56:52.000000267,0.0,,UNTOUCHED,2026-06
3132 Telecommunications Technical Specialists,50,12.0,2026-08-21 04:59:33.999999792,0.0,,UNTOUCHED,2026-06
3132 Telecommunications Technical Specialists,55,14.0,2026-07-16 04:59:44.000000237,0.0,,UNTOUCHED,2026-06
3132 Telecommunications Technical Specialists,60,32.0,2026-08-28 04:55:18.999999903,0.0,,UNTOUCHED,2026-06
3132 Telecommunications Technical Specialists,65,84.0,2026-08-28 04:55:18.999999903,0.0,,UNTOUCHED,2026-06
3132 Telecommunications Technical Specialists,70,96.0,2026-08-21 04:59:33.999999792,0.0,,UNTOUCHED,2026-06
3132 Telecommunications Technical Specialists,75,94.0,2026-08-21 04:59:33.999999792,0.0,,UNTOUCHED,2026-06
3132 Telecommunications Technical Specialists,80,50.0,2026-08-08 04:56:11.999999719,0.0,,UNTOUCHED,2026-06
3132 Telecommunications Technical Specialists,85,30.0,2026-09-02 05:00:32.000000146,0.0,,UNTOUCHED,2026-06
3132 Telecommunications Technical Specialists,90,24.0,2026-07-28 05:01:53.999999829,0.0,,UNTOUCHED,2026-06
3211 Automotive Electricians,60,2.0,2026-05-10 05:17:42.999999751,0.0,,UNTOUCHED,2026-06
3211 Automotive Electricians,65,9.0,2026-06-03 04:56:27.000000081,0.0,,UNTOUCHED,2026-06
3211 Automotive Electricians,70,7.0,2026-07-12 05:07:29.000000182,0.0,,UNTOUCHED,2026-06
3211 Automotive Electricians,75,5.0,2026-08-18 04:56:31.999999989,0.0,,UNTOUCHED,2026-06
3211 Automotive Electricians,80,5.0,2026-05-27 04:55:23.000000206,4.0,2026-03-21 04:55:28.000000122,PARTIAL,2026-06
3211 Automotive Electricians,85,1.0,2026-04-24 18:32:23.999999922,1.0,2026-04-24 18:32:23.999999922,CLEARED,2026-06
3212 Motor Mechanics,30,1.0,2026-02-28 04:55:44.999999693,0.0,,UNTOUCHED,2026-06
3212 Motor Mechanics,45,2.0,2026-06-11 04:57:27.000000276,0.0,,UNTOUCHED,2026-06
3212 Motor Mechanics,50,4.0,2026-08-18 04:56:31.999999989,0.0,,UNTOUCHED,2026-06
3212 Motor Mechanics,55,26.0,2026-07-26 05:06:30.000000222,0.0,,UNTOUCHED,2026-06
3212 Motor Mechanics,60,65.0,2026-09-01 05:03:54.000000218,0.0,,UNTOUCHED,2026-06
3212 Motor Mechanics,65,265.0,2026-09-02 05:00:32.000000146,0.0,,UNTOUCHED,2026-06
3212 Motor Mechanics,70,277.0,2026-08-26 04:55:23.000000206,0.0,,UNTOUCHED,2026-06
3212 Motor Mechanics,75,243.0,2026-08-30 05:07:51.000000300,0.0,,UNTOUCHED,2026-06
3212 Motor Mechanics,80,137.0,2026-08-30 05:07:51.000000300,0.0,,UNTOUCHED,2026-06
3212 Motor Mechanics,85,71.0,2026-08-17 04:55:06.000000003,0.0,,UNTOUCHED,2026-06
3212 Motor Mechanics,90,28.0,2026-08-03 04:59:30.000000111,0.0,,UNTOUCHED,2026-06
3212 Motor Mechanics,95,12.0,2026-08-14 04:55:58.999999820,0.0,,UNTOUCHED,2026-06
3222 Sheetmetal Trades Workers,65,1.0,2026-04-08 18:06:23.999999866,0.0,,UNTOUCHED,2026-06
3222 Sheetmetal Trades Workers,75,1.0,2025-10-16 04:54:07.000000044,0.0,,UNTOUCHED,2026-06
3223 Structural Steel and Welding Trades Workers,45,3.0,2026-07-23 04:55:36.999999710,0.0,,UNTOUCHED,2026-06
3223 Structural Steel and Welding Trades Workers,50,3.0,2026-06-01 04:57:11.999999914,0.0,,UNTOUCHED,2026-06
3223 Structural Steel and Welding Trades Workers,55,7.0,2026-07-30 04:56:28.999999921,0.0,,UNTOUCHED,2026-06
3223 Structural Steel and Welding Trades Workers,60,24.0,2026-08-18 04:56:31.999999989,0.0,,UNTOUCHED,2026-06
3223 Structural Steel and Welding Trades Workers,65,79.0,2026-09-01 05:03:54.000000218,0.0,,UNTOUCHED,2026-06
3223 Structural Steel and Welding Trades Workers,70,75.0,2026-08-28 04:55:18.999999903,0.0,,UNTOUCHED,2026-06
3223 Structural Steel and Welding Trades Workers,75,65.0,2026-08-11 05:03:38.000000252,0.0,,UNTOUCHED,2026-06
3223 Structural Steel and Welding Trades Workers,80,44.0,2026-08-04 04:59:14.000000144,39.0,2026-08-04 04:59:14.000000144,CLEARED,2026-06
3223 Structural Steel and Welding Trades Workers,85,9.0,2026-05-08 04:56:01.999999896,12.0,2026-09-02 05:00:32.000000146,CLEARED,2026-06
3223 Structural Steel and Welding Trades Workers,90,6.0,2026-02-04 18:14:21.999999710,6.0,2026-02-04 18:14:21.999999710,CLEARED,2026-06
3232 Metal Fitters and Machinists,35,1.0,2026-08-30 05:07:51.000000300,0.0,,UNTOUCHED,2026-06
3232 Metal Fitters and Machinists,40,2.0,2026-03-27 04:54:48.000000196,0.0,,UNTOUCHED,2026-06
3232 Metal Fitters and Machinists,45,2.0,2026-03-29 05:24:47.000000174,0.0,,UNTOUCHED,2026-06
3232 Metal Fitters and Machinists,50,2.0,2026-04-24 04:55:42.999999853,0.0,,UNTOUCHED,2026-06
3232 Metal Fitters and Machinists,55,5.0,2026-04-29 04:55:04.000000163,0.0,,UNTOUCHED,2026-06
3232 Metal Fitters and Machinists,60,10.0,2026-07-03 04:57:08.000000233,0.0,,UNTOUCHED,2026-06
3232 Metal Fitters and Machinists,65,34.0,2026-08-11 05:03:38.000000252,0.0,,UNTOUCHED,2026-06
3232 Metal Fitters and Machinists,70,26.0,2026-08-14 04:55:58.999999820,0.0,,UNTOUCHED,2026-06
3232 Metal Fitters and Machinists,75,20.0,2026-08-01 05:01:39.999999694,0.0,,UNTOUCHED,2026-06
3232 Metal Fitters and Machinists,80,6.0,2026-05-29 04:55:04.000000163,4.0,2026-01-13 04:57:53.000000066,PARTIAL,2026-06
3232 Metal Fitters and Machinists,85,4.0,2026-05-25 22:09:54.999999944,4.0,2026-05-25 22:09:54.999999944,CLEARED,2026-06
3233 Precision Metal Trades Workers,55,1.0,2026-04-08 04:54:18.000000103,0.0,,UNTOUCHED,2026-06
3233 Precision Metal Trades Workers,70,2.0,2026-03-27 04:54:48.000000196,0.0,,UNTOUCHED,2026-06
3233 Precision Metal Trades Workers,75,1.0,2025-11-04 05:54:19.000000126,0.0,,UNTOUCHED,2026-06
3241 Panelbeaters,60,1.0,2026-06-22 04:54:35.999999910,0.0,,UNTOUCHED,2026-06
3241 Panelbeaters,65,5.0,2026-06-25 05:01:32.999999946,0.0,,UNTOUCHED,2026-06
3241 Panelbeaters,70,2.0,2026-04-02 18:24:46.999999961,0.0,,UNTOUCHED,2026-06
3241 Panelbeaters,80,2.0,2026-08-18 04:56:31.999999989,2.0,2026-08-18 04:56:31.999999989,CLEARED,2026-06
3241 Panelbeaters,85,1.0,2026-08-04 04:59:14.000000144,1.0,2026-08-04 04:59:14.000000144,CLEARED,2026-06
3311 Bricklayers and Stonemasons,45,1.0,2025-12-19 04:55:28.000000122,0.0,,UNTOUCHED,2026-06
3311 Bricklayers and Stonemasons,55,6.0,2026-08-25 04:57:32.999999797,0.0,,UNTOUCHED,2026-06
3311 Bricklayers and Stonemasons,60,8.0,2026-08-02 05:01:45.000000240,0.0,,UNTOUCHED,2026-06
3311 Bricklayers and Stonemasons,65,40.0,2026-08-26 04:55:23.000000206,35.0,2026-08-26 04:55:23.000000206,CLEARED,2026-06
3311 Bricklayers and Stonemasons,70,10.0,2026-08-04 04:59:14.000000144,12.0,2026-08-04 04:59:14.000000144,CLEARED,2026-06
3311 Bricklayers and Stonemasons,75,10.0,2026-08-04 04:59:14.000000144,10.0,2026-08-04 04:59:14.000000144,CLEARED,2026-06
3311 Bricklayers and Stonemasons,80,2.0,2026-08-04 04:59:14.000000144,3.0,2026-08-04 04:59:14.000000144,CLEARED,2026-06
3311 Bricklayers and Stonemasons,85,1.0,2026-01-17 04:55:39.000000172,1.0,2026-01-17 04:55:39.000000172,CLEARED,2026-06
3311 Bricklayers and Stonemasons,90,0.0,,1.0,2026-06-03 18:00:36.999999849,PARTIAL,2026-06
3312 Carpenters and Joiners,30,1.0,2026-04-27 04:54:07.000000044,0.0,,UNTOUCHED,2026-06
3312 Carpenters and Joiners,40,1.0,2026-03-21 04:55:28.000000122,0.0,,UNTOUCHED,2026-06
3312 Carpenters and Joiners,45,2.0,2026-06-22 04:54:35.999999910,0.0,,UNTOUCHED,2026-06
3312 Carpenters and Joiners,50,11.0,2026-05-29 07:52:25.999999697,0.0,,UNTOUCHED,2026-06
3312 Carpenters and Joiners,55,16.0,2026-07-27 05:01:28.000000038,0.0,,UNTOUCHED,2026-06
3312 Carpenters and Joiners,60,52.0,2026-08-30 05:07:51.000000300,0.0,,UNTOUCHED,2026-06
3312 Carpenters and Joiners,65,193.0,2026-08-31 05:04:37.000000211,148.0,2026-08-31 05:04:37.000000211,CLEARED,2026-06
3312 Carpenters and Joiners,70,129.0,2026-08-28 04:55:18.999999903,143.0,2026-08-28 04:55:18.999999903,CLEARED,2026-06
3312 Carpenters and Joiners,75,63.0,2026-08-25 04:57:32.999999797,64.0,2026-08-25 04:57:32.999999797,CLEARED,2026-06
3312 Carpenters and Joiners,80,18.0,2026-08-28 04:55:18.999999903,19.0,2026-08-28 04:55:18.999999903,CLEARED,2026-06
3312 Carpenters and Joiners,85,5.0,2026-08-14 04:55:58.999999820,6.0,2026-08-14 04:55:58.999999820,CLEARED,2026-06
3312 Carpenters and Joiners,90,2.0,2026-08-04 04:59:14.000000144,3.0,2026-08-04 04:59:14.000000144,CLEARED,2026-06
3312 Carpenters and Joiners,100,1.0,2026-08-04 04:59:14.000000144,1.0,2026-08-04 04:59:14.000000144,CLEARED,2026-06
3322 Painting Trades Workers,50,3.0,2026-07-07 04:59:55.000000296,0.0,,UNTOUCHED,2026-06
3322 Painting Trades Workers,55,8.0,2026-05-12 04:54:29.000000154,0.0,,UNTOUCHED,2026-06
3322 Painting Trades Workers,60,29.0,2026-08-23 05:01:10.000000231,0.0,,UNTOUCHED,2026-06
3322 Painting Trades Workers,65,171.0,2026-08-28 04:55:18.999999903,0.0,,UNTOUCHED,2026-06
3322 Painting Trades Workers,70,135.0,2026-08-31 05:04:37.000000211,0.0,,UNTOUCHED,2026-06
3322 Painting Trades Workers,75,69.0,2026-08-22 04:57:27.000000276,0.0,,UNTOUCHED,2026-06
3322 Painting Trades Workers,80,23.0,2026-08-05 04:57:06.999999998,0.0,,UNTOUCHED,2026-06
3322 Painting Trades Workers,85,1.0,2026-04-04 04:56:25.000000241,0.0,,UNTOUCHED,2026-06
3322 Painting Trades Workers,90,1.0,2026-01-13 04:57:53.000000066,0.0,,UNTOUCHED,2026-06
3331 Glaziers,60,1.0,2025-12-30 04:54:40.000000213,0.0,,UNTOUCHED,2026-06
3331 Glaziers,65,3.0,2026-05-10 05:17:42.999999751,2.0,2026-01-24 23:33:53.999999801,PARTIAL,2026-06
3331 Glaziers,75,1.0,2026-05-16 04:54:59.000000256,1.0,2026-05-16 04:54:59.000000256,CLEARED,2026-06
3332 Plasterers,60,4.0,2026-05-14 04:54:32.999999834,0.0,,UNTOUCHED,2026-06
3332 Plasterers,65,5.0,2026-08-04 04:59:14.000000144,4.0,2026-08-04 04:59:14.000000144,CLEARED,2026-06
3332 Plasterers,70,3.0,2026-05-13 19:04:25.999999734,4.0,2026-06-02 13:01:44.999999814,CLEARED,2026-06
3332 Plasterers,75,0.0,,1.0,2026-06-03 23:14:23.000000150,PARTIAL,2026-06
3332 Plasterers,85,1.0,2026-05-18 20:27:37.999999918,1.0,2026-05-18 20:27:37.999999918,CLEARED,2026-06
3332 Plasterers,95,0.0,,1.0,2026-06-03 17:47:06.999999720,PARTIAL,2026-06
3334 Wall and Floor Tilers,55,3.0,2026-07-16 04:59:44.000000237,0.0,,UNTOUCHED,2026-06
3334 Wall and Floor Tilers,60,5.0,2026-08-08 04:56:11.999999719,0.0,,UNTOUCHED,2026-06
3334 Wall and Floor Tilers,65,25.0,2026-08-04 04:59:14.000000144,22.0,2026-08-04 04:59:14.000000144,CLEARED,2026-06
3334 Wall and Floor Tilers,70,15.0,2026-09-01 05:03:54.000000218,16.0,2026-09-01 05:03:54.000000218,CLEARED,2026-06
3334 Wall and Floor Tilers,75,5.0,2026-08-04 04:59:14.000000144,5.0,2026-08-04 04:59:14.000000144,CLEARED,2026-06
3334 Wall and Floor Tilers,80,1.0,2026-05-04 05:07:14.999999424,1.0,2026-05-04 05:07:14.999999424,CLEARED,2026-06
3334 Wall and Floor Tilers,85,1.0,2026-02-09 18:15:58.999999754,1.0,2026-02-09 18:15:58.999999754,CLEARED,2026-06
3341 Plumbers,40,1.0,2026-03-16 13:40:08.000000057,0.0,,UNTOUCHED,2026-06
3341 Plumbers,55,2.0,2026-01-28 04:57:18.000000057,0.0,,UNTOUCHED,2026-06
3341 Plumbers,60,3.0,2026-05-29 04:55:04.000000163,0.0,,UNTOUCHED,2026-06
3341 Plumbers,65,19.0,2026-08-04 04:59:14.000000144,15.0,2026-08-04 04:59:14.000000144,CLEARED,2026-06
3341 Plumbers,70,7.0,2026-05-26 04:57:32.000000184,8.0,2026-06-03 14:01:04.999999684,CLEARED,2026-06
3341 Plumbers,75,3.0,2026-04-24 20:32:35.999999799,3.0,2026-04-24 20:32:35.999999799,CLEARED,2026-06
3341 Plumbers,80,1.0,2026-05-13 09:39:44.999999916,5.0,2026-06-04 02:04:43.999999959,CLEARED,2026-06
3341 Plumbers,85,1.0,2026-01-24 19:20:33.000000103,1.0,2026-01-24 19:20:33.000000103,CLEARED,2026-06
3341 Plumbers,95,1.0,2025-08-30 00:30:30.000000306,2.0,2026-06-04 00:15:53.999999838,CLEARED,2026-06
3411 Electricians,45,2.0,2026-07-24 05:03:16.000000133,0.0,,UNTOUCHED,2026-06
3411 Electricians,50,2.0,2026-09-01 05:03:54.000000218,0.0,,UNTOUCHED,2026-06
3411 Electricians,55,7.0,2026-09-02 05:00:32.000000146,0.0,,UNTOUCHED,2026-06
3411 Electricians,60,6.0,2026-05-19 21:30:21.999999692,0.0,,UNTOUCHED,2026-06
3411 Electricians,65,32.0,2026-08-30 05:07:51.000000300,16.0,2026-08-04 04:59:14.000000144,PARTIAL,2026-06
3411 Electricians,70,17.0,2026-05-23 16:18:02.000000007,19.0,2026-06-04 02:03:30.999999873,CLEARED,2026-06
3411 Electricians,75,5.0,2026-08-04 04:59:14.000000144,6.0,2026-08-04 04:59:14.000000144,CLEARED,2026-06
3411 Electricians,80,4.0,2026-05-21 04:54:51.999999877,10.0,2026-08-04 04:59:14.000000144,CLEARED,2026-06
3421 Airconditioning and Refrigeration Mechanics,50,1.0,2026-06-18 04:55:59.999999424,0.0,,UNTOUCHED,2026-06
3421 Airconditioning and Refrigeration Mechanics,55,2.0,2026-06-10 04:54:56.000000180,0.0,,UNTOUCHED,2026-06
3421 Airconditioning and Refrigeration Mechanics,60,1.0,2026-03-09 04:56:41.000000208,0.0,,UNTOUCHED,2026-06
3421 Airconditioning and Refrigeration Mechanics,65,7.0,2026-08-13 04:57:24.999999805,0.0,,UNTOUCHED,2026-06
3421 Airconditioning and Refrigeration Mechanics,70,7.0,2026-06-13 04:55:23.999999810,0.0,,UNTOUCHED,2026-06
3421 Airconditioning and Refrigeration Mechanics,75,1.0,2026-02-08 04:55:41.000000013,0.0,,UNTOUCHED,2026-06
3421 Airconditioning and Refrigeration Mechanics,80,1.0,2026-08-04 04:59:14.000000144,1.0,2026-08-04 04:59:14.000000144,CLEARED,2026-06
3422 Electrical Distribution Trades Workers,60,1.0,2026-08-25 04:57:32.999999797,0.0,,UNTOUCHED,2026-06
3422 Electrical Distribution Trades Workers,65,1.0,2025-12-30 04:54:40.000000213,0.0,,UNTOUCHED,2026-06
3423 Electronics Trades Workers,45,1.0,2026-03-18 04:54:37.999999742,0.0,,UNTOUCHED,2026-06
3423 Electronics Trades Workers,55,11.0,2026-05-26 04:57:32.000000184,0.0,,UNTOUCHED,2026-06
3423 Electronics Trades Workers,60,14.0,2026-08-26 04:55:23.000000206,0.0,,UNTOUCHED,2026-06
3423 Electronics Trades Workers,65,55.0,2026-08-28 04:55:18.999999903,0.0,,UNTOUCHED,2026-06
3423 Electronics Trades Workers,70,48.0,2026-08-31 05:04:37.000000211,0.0,,UNTOUCHED,2026-06
3423 Electronics Trades Workers,75,28.0,2026-08-25 04:57:32.999999797,0.0,,UNTOUCHED,2026-06
3423 Electronics Trades Workers,80,13.0,2026-08-04 04:59:14.000000144,11.0,2026-08-04 04:59:14.000000144,CLEARED,2026-06
3423 Electronics Trades Workers,85,7.0,2026-08-04 04:59:14.000000144,6.0,2026-08-04 04:59:14.000000144,CLEARED,2026-06
3423 Electronics Trades Workers,90,0.0,,1.0,2026-08-04 04:59:14.000000144,PARTIAL,2026-06
3513 Chefs,40,2.0,2026-02-12 04:58:13.999999949,0.0,,UNTOUCHED,2026-06
3513 Chefs,45,5.0,2026-05-31 04:55:58.000000215,0.0,,UNTOUCHED,2026-06
3513 Chefs,50,29.0,2026-08-16 04:58:10.999999873,0.0,,UNTOUCHED,2026-06
3513 Chefs,55,64.0,2026-08-31 05:04:37.000000211,0.0,,UNTOUCHED,2026-06
3513 Chefs,60,177.0,2026-08-29 05:03:29.000000033,0.0,,UNTOUCHED,2026-06
3513 Chefs,65,766.0,2026-09-02 05:00:32.000000146,0.0,,UNTOUCHED,2026-06
3513 Chefs,70,843.0,2026-09-02 05:00:32.000000146,0.0,,UNTOUCHED,2026-06
3513 Chefs,75,684.0,2026-09-02 05:00:32.000000146,0.0,,UNTOUCHED,2026-06
3513 Chefs,80,425.0,2026-09-02 05:00:32.000000146,0.0,,UNTOUCHED,2026-06
3513 Chefs,85,207.0,2026-08-26 04:55:23.000000206,0.0,,UNTOUCHED,2026-06
3513 Chefs,90,136.0,2026-08-21 04:59:33.999999792,0.0,,UNTOUCHED,2026-06
3513 Chefs,95,33.0,2026-08-22 04:57:27.000000276,0.0,,UNTOUCHED,2026-06
3513 Chefs,100,3.0,2026-08-08 04:56:11.999999719,0.0,,UNTOUCHED,2026-06
3513 Chefs,105,3.0,2026-06-20 04:54:59.999999860,0.0,,UNTOUCHED,2026-06
3611 Animal Attendants and Trainers,65,2.0,2025-12-05 04:57:00.000000250,0.0,,UNTOUCHED,2026-06
3611 Animal Attendants and Trainers,80,1.0,2026-05-06 04:57:21.999999738,0.0,,UNTOUCHED,2026-06
3941 Cabinetmakers,45,1.0,2025-12-30 04:54:40.000000213,0.0,,UNTOUCHED,2026-06
3941 Cabinetmakers,50,2.0,2026-09-01 05:03:54.000000218,0.0,,UNTOUCHED,2026-06
3941 Cabinetmakers,55,1.0,2026-05-29 04:55:04.000000163,0.0,,UNTOUCHED,2026-06
3941 Cabinetmakers,60,7.0,2026-08-21 04:59:33.999999792,0.0,,UNTOUCHED,2026-06
3941 Cabinetmakers,65,16.0,2026-08-12 05:05:07.000000313,0.0,,UNTOUCHED,2026-06
3941 Cabinetmakers,70,15.0,2026-06-28 05:05:09.000000144,0.0,,UNTOUCHED,2026-06
3941 Cabinetmakers,75,9.0,2026-08-20 04:58:58.999999782,0.0,,UNTOUCHED,2026-06
3941 Cabinetmakers,80,3.0,2026-08-11 05:03:38.000000252,2.0,2026-02-02 23:46:13.000000298,PARTIAL,2026-06
3941 Cabinetmakers,85,2.0,2026-08-20 04:58:58.999999782,2.0,2026-08-20 04:58:58.999999782,CLEARED,2026-06
3991 Boat Builders and Shipwrights,65,1.0,2025-09-03 04:55:04.000000163,0.0,,UNTOUCHED,2026-06
3991 Boat Builders and Shipwrights,70,1.0,2025-09-23 04:59:44.999999842,0.0,,UNTOUCHED,2026-06
3991 Boat Builders and Shipwrights,75,2.0,2026-05-09 04:55:56.999999979,0.0,,UNTOUCHED,2026-06
3991 Boat Builders and Shipwrights,80,1.0,2025-12-11 05:05:10.999999985,1.0,2025-12-11 05:05:10.999999985,CLEARED,2026-06
3991 Boat Builders and Shipwrights,85,2.0,2026-03-09 04:56:41.000000208,2.0,2026-03-09 04:56:41.000000208,CLEARED,2026-06
"4523 Sports Coaches, Instructors and Officials",60,1.0,2026-03-27 04:54:48.000000196,0.0,,UNTOUCHED,2026-06
"4523 Sports Coaches, Instructors and Officials",65,2.0,2026-02-01 04:55:31.000000189,0.0,,UNTOUCHED,2026-06
"4523 Sports Coaches, Instructors and Officials",70,1.0,2025-11-11 04:54:56.999999784,0.0,,UNTOUCHED,2026-06
"4523 Sports Coaches, Instructors and Officials",75,3.0,2026-08-01 05:01:39.999999694,0.0,,UNTOUCHED,2026-06
"4523 Sports Coaches, Instructors and Officials",85,2.0,2026-02-04 04:56:27.999999686,2.0,2026-02-04 04:56:27.999999686,CLEARED,2026-06
"4523 Sports Coaches, Instructors and Officials",90,1.0,2026-03-06 04:54:35.999999910,1.0,2026-03-06 04:54:35.999999910,CLEARED,2026-06
4524 Sportspersons,70,1.0,2026-08-24 04:55:15.999999827,0.0,,UNTOUCHED,2026-06
