OccGroup,Score,pool_n,pool_max,n,inv_max,round,state
1331 Construction Managers,50,1.0,2024-09-17 22:38:28.867000116,0.0,,2024-09,UNTOUCHED
1331 Construction Managers,55,3.0,2024-09-21 22:13:46.583000014,0.0,,2024-09,UNTOUCHED
1331 Construction Managers,60,5.0,2024-09-29 16:52:21.689999304,0.0,,2024-09,UNTOUCHED
1331 Construction Managers,65,39.0,2024-09-30 17:58:04.366999663,0.0,,2024-09,UNTOUCHED
1331 Construction Managers,70,25.0,2024-09-30 15:53:35.223000011,0.0,,2024-09,UNTOUCHED
1331 Construction Managers,75,28.0,2024-09-28 18:51:50.726999842,74.0,2023-11-19 05:33:03.223000143,2024-09,PARTIAL
1331 Construction Managers,80,9.0,2024-09-25 23:26:26.097000259,120.0,2024-09-01 20:15:15.176999756,2024-09,PARTIAL
1331 Construction Managers,85,7.0,2024-09-25 11:10:16.659999684,38.0,2024-09-03 02:56:53.122999899,2024-09,PARTIAL
1331 Construction Managers,90,0.0,,12.0,2024-08-23 14:58:25.330000146,2024-09,PARTIAL
1331 Construction Managers,95,0.0,,1.0,2023-09-26 05:16:14.416999795,2024-09,PARTIAL
1331 Construction Managers,100,0.0,,2.0,2024-08-07 21:34:29.523000181,2024-09,PARTIAL
1332 Engineering Managers,60,2.0,2024-09-26 18:32:36.073000095,0.0,,2024-09,UNTOUCHED
1332 Engineering Managers,65,5.0,2024-09-30 09:37:38.809999657,0.0,,2024-09,UNTOUCHED
1332 Engineering Managers,70,2.0,2024-09-15 18:47:46.132999883,0.0,,2024-09,UNTOUCHED
1332 Engineering Managers,75,5.0,2024-09-17 18:21:40.383000218,0.0,,2024-09,UNTOUCHED
1332 Engineering Managers,80,2.0,2024-09-29 21:21:28.949999837,0.0,,2024-09,UNTOUCHED
1341 Child Care Centre Managers,65,2.0,2024-09-12 15:15:27.277000554,0.0,,2024-09,UNTOUCHED
1341 Child Care Centre Managers,75,1.0,2024-09-11 12:53:50.753000264,0.0,,2024-09,UNTOUCHED
1341 Child Care Centre Managers,80,0.0,,1.0,2023-09-23 09:54:12.359999969,2024-09,PARTIAL
1341 Child Care Centre Managers,85,0.0,,1.0,2024-07-17 12:18:12.216999968,2024-09,PARTIAL
1341 Child Care Centre Managers,90,0.0,,1.0,2024-07-03 19:27:30.409999675,2024-09,PARTIAL
1342 Health and Welfare Services Managers,65,3.0,2024-09-23 22:10:59.939999878,0.0,,2024-09,UNTOUCHED
1342 Health and Welfare Services Managers,70,2.0,2024-09-19 14:09:42.297000220,0.0,,2024-09,UNTOUCHED
1342 Health and Welfare Services Managers,85,2.0,2024-09-16 19:45:24.719999984,0.0,,2024-09,UNTOUCHED
1399 Other Specialist Managers,65,2.0,2024-09-17 20:05:27.189999677,0.0,,2024-09,UNTOUCHED
1399 Other Specialist Managers,75,3.0,2024-09-22 18:28:52.299999661,0.0,,2024-09,UNTOUCHED
1399 Other Specialist Managers,80,3.0,2024-09-25 12:46:10.230000283,0.0,,2024-09,UNTOUCHED
1399 Other Specialist Managers,95,3.0,2024-03-14 20:07:52.562999766,0.0,,2024-09,UNTOUCHED
2112 Music Professionals,70,1.0,2023-08-26 04:20:27.852999624,0.0,,2024-09,UNTOUCHED
"2121 Artistic Directors, and Media Producers and Presenters",80,1.0,2024-09-24 22:08:01.717000059,0.0,,2024-09,UNTOUCHED
2211 Accountants,55,6.0,2024-09-11 04:40:21.510000200,0.0,,2024-09,UNTOUCHED
2211 Accountants,60,18.0,2024-09-25 22:38:22.129999964,0.0,,2024-09,UNTOUCHED
2211 Accountants,65,88.0,2024-09-30 15:50:34.862999614,0.0,,2024-09,UNTOUCHED
2211 Accountants,70,115.0,2024-09-30 16:04:17.987000050,0.0,,2024-09,UNTOUCHED
2211 Accountants,75,112.0,2024-09-30 22:19:59.239999778,0.0,,2024-09,UNTOUCHED
2211 Accountants,80,132.0,2024-09-30 11:27:10.689999811,0.0,,2024-09,UNTOUCHED
2211 Accountants,85,88.0,2024-09-29 23:47:12.402999864,0.0,,2024-09,UNTOUCHED
2211 Accountants,90,78.0,2024-09-30 19:31:09.976999863,9.0,2023-02-24 20:22:23.397000291,2024-09,PARTIAL
2211 Accountants,95,40.0,2024-09-26 15:46:13.296999835,26.0,2024-09-03 13:41:18.046999921,2024-09,PARTIAL
2211 Accountants,100,9.0,2024-09-30 12:44:50.077000115,101.0,2024-08-09 19:14:21.216999825,2024-09,PARTIAL
2211 Accountants,105,0.0,,13.0,2024-05-06 01:35:11.162999921,2024-09,PARTIAL
2211 Accountants,110,0.0,,1.0,2023-06-08 04:40:24.452999976,2024-09,PARTIAL
"2212 Auditors, Company Secretaries and Corporate Treasurers",55,1.0,2023-04-10 09:33:12.917000364,0.0,,2024-09,UNTOUCHED
"2212 Auditors, Company Secretaries and Corporate Treasurers",60,7.0,2024-09-26 17:27:21.880000218,0.0,,2024-09,UNTOUCHED
"2212 Auditors, Company Secretaries and Corporate Treasurers",65,36.0,2024-09-30 15:39:22.539999908,0.0,,2024-09,UNTOUCHED
"2212 Auditors, Company Secretaries and Corporate Treasurers",70,62.0,2024-09-29 01:11:07.813000199,0.0,,2024-09,UNTOUCHED
"2212 Auditors, Company Secretaries and Corporate Treasurers",75,50.0,2024-09-30 16:59:09.807000861,0.0,,2024-09,UNTOUCHED
"2212 Auditors, Company Secretaries and Corporate Treasurers",80,49.0,2024-09-30 19:03:56.616999909,0.0,,2024-09,UNTOUCHED
"2212 Auditors, Company Secretaries and Corporate Treasurers",85,50.0,2024-09-29 23:31:03.142999937,0.0,,2024-09,UNTOUCHED
"2212 Auditors, Company Secretaries and Corporate Treasurers",90,20.0,2024-09-28 03:51:18.376999920,54.0,2023-02-25 15:26:11.589999552,2024-09,PARTIAL
"2212 Auditors, Company Secretaries and Corporate Treasurers",95,5.0,2024-09-24 10:59:34.997000141,48.0,2024-07-26 11:52:55.086999735,2024-09,PARTIAL
"2212 Auditors, Company Secretaries and Corporate Treasurers",100,0.0,,8.0,2023-12-01 19:54:38.789999991,2024-09,PARTIAL
"2212 Auditors, Company Secretaries and Corporate Treasurers",105,0.0,,2.0,2023-02-08 16:06:05.710000043,2024-09,PARTIAL
"2241 Actuaries, Mathematicians and Statisticians",65,6.0,2024-09-29 20:31:49.236999697,0.0,,2024-09,UNTOUCHED
"2241 Actuaries, Mathematicians and Statisticians",70,11.0,2024-09-25 01:00:17.690000143,0.0,,2024-09,UNTOUCHED
"2241 Actuaries, Mathematicians and Statisticians",75,9.0,2024-09-27 16:08:25.183000075,0.0,,2024-09,UNTOUCHED
"2241 Actuaries, Mathematicians and Statisticians",80,19.0,2024-09-27 20:11:45.717000037,0.0,,2024-09,UNTOUCHED
"2241 Actuaries, Mathematicians and Statisticians",85,13.0,2024-09-30 13:10:58.742999987,0.0,,2024-09,UNTOUCHED
"2241 Actuaries, Mathematicians and Statisticians",90,6.0,2024-09-16 17:36:14.017000222,3.0,2023-03-03 17:02:52.589999621,2024-09,PARTIAL
"2241 Actuaries, Mathematicians and Statisticians",95,4.0,2024-09-13 14:36:59.437000036,7.0,2023-10-04 18:04:20.346999908,2024-09,PARTIAL
"2241 Actuaries, Mathematicians and Statisticians",105,0.0,,1.0,2023-05-21 19:15:18.650000266,2024-09,PARTIAL
2243 Economists,60,2.0,2024-07-18 19:47:40.447000291,0.0,,2024-09,UNTOUCHED
2243 Economists,65,1.0,2024-07-07 08:31:29.923000152,0.0,,2024-09,UNTOUCHED
2243 Economists,70,1.0,2023-06-19 17:42:59.332999815,0.0,,2024-09,UNTOUCHED
2243 Economists,75,1.0,2024-04-23 05:11:02.413000366,0.0,,2024-09,UNTOUCHED
2243 Economists,80,2.0,2024-08-29 13:53:56.800000049,0.0,,2024-09,UNTOUCHED
2243 Economists,85,1.0,2023-10-20 20:49:54.599999675,0.0,,2024-09,UNTOUCHED
2243 Economists,90,2.0,2023-10-13 18:00:37.629999826,1.0,2023-02-10 05:37:21.803000352,2024-09,PARTIAL
2243 Economists,95,0.0,,2.0,2024-04-07 12:36:24.077000010,2024-09,PARTIAL
2243 Economists,100,0.0,,1.0,2023-09-07 06:50:23.822999655,2024-09,PARTIAL
2245 Land Economists and Valuers,65,2.0,2024-09-29 23:44:29.867000055,0.0,,2024-09,UNTOUCHED
2245 Land Economists and Valuers,70,1.0,2024-09-17 14:29:53.590000107,0.0,,2024-09,UNTOUCHED
2245 Land Economists and Valuers,75,7.0,2024-09-11 13:43:30.497000041,0.0,,2024-09,UNTOUCHED
2245 Land Economists and Valuers,80,1.0,2024-07-02 13:23:22.856999732,0.0,,2024-09,UNTOUCHED
2245 Land Economists and Valuers,85,2.0,2024-08-14 10:37:23.650000703,0.0,,2024-09,UNTOUCHED
2245 Land Economists and Valuers,95,0.0,,1.0,2023-08-17 16:12:27.246999663,2024-09,PARTIAL
2247 Management and Organisation Analysts,65,2.0,2024-09-18 15:48:26.243000340,0.0,,2024-09,UNTOUCHED
2247 Management and Organisation Analysts,70,1.0,2023-09-12 19:22:36.526999944,0.0,,2024-09,UNTOUCHED
2247 Management and Organisation Analysts,75,6.0,2024-09-28 20:28:56.956999730,0.0,,2024-09,UNTOUCHED
2247 Management and Organisation Analysts,80,9.0,2024-09-30 05:58:09.117000298,0.0,,2024-09,UNTOUCHED
2247 Management and Organisation Analysts,85,12.0,2024-09-16 08:18:14.480000248,0.0,,2024-09,UNTOUCHED
2247 Management and Organisation Analysts,90,5.0,2024-09-20 12:34:33.566999822,1.0,2022-12-09 07:58:21.622999736,2024-09,PARTIAL
2247 Management and Organisation Analysts,95,1.0,2024-09-05 10:49:01.317000190,2.0,2023-11-15 19:03:36.392999768,2024-09,PARTIAL
2321 Architects and Landscape Architects,60,4.0,2024-09-30 18:09:57.857000353,0.0,,2024-09,UNTOUCHED
2321 Architects and Landscape Architects,65,16.0,2024-09-26 19:29:22.979999880,0.0,,2024-09,UNTOUCHED
2321 Architects and Landscape Architects,70,27.0,2024-09-29 01:29:31.707000049,0.0,,2024-09,UNTOUCHED
2321 Architects and Landscape Architects,75,31.0,2024-09-30 17:02:14.422999966,62.0,2023-11-16 15:20:01.552999790,2024-09,PARTIAL
2321 Architects and Landscape Architects,80,11.0,2024-09-26 18:47:31.973000124,140.0,2024-09-03 11:40:18.372999803,2024-09,PARTIAL
2321 Architects and Landscape Architects,85,11.0,2024-09-28 18:25:34.557000363,86.0,2024-08-30 11:42:34.919999812,2024-09,PARTIAL
2321 Architects and Landscape Architects,90,0.0,,40.0,2024-08-21 13:23:25.107000097,2024-09,PARTIAL
2321 Architects and Landscape Architects,95,1.0,2024-09-11 20:40:33.172999993,6.0,2023-08-28 17:45:23.559999912,2024-09,PARTIAL
2321 Architects and Landscape Architects,105,0.0,,1.0,2024-08-23 07:11:01.810000170,2024-09,PARTIAL
2322 Cartographers and Surveyors,65,5.0,2024-09-25 12:46:49.997000058,0.0,,2024-09,UNTOUCHED
2322 Cartographers and Surveyors,70,1.0,2024-07-26 20:28:05.706999851,0.0,,2024-09,UNTOUCHED
2322 Cartographers and Surveyors,75,6.0,2024-09-25 21:36:45.640000385,0.0,,2024-09,UNTOUCHED
2322 Cartographers and Surveyors,80,5.0,2024-09-13 15:14:05.826999770,0.0,,2024-09,UNTOUCHED
2322 Cartographers and Surveyors,85,1.0,2024-09-06 18:56:51.342999665,0.0,,2024-09,UNTOUCHED
2322 Cartographers and Surveyors,90,1.0,2023-11-14 10:52:19.100000026,0.0,,2024-09,UNTOUCHED
2322 Cartographers and Surveyors,95,0.0,,2.0,2024-04-14 07:18:33.196999368,2024-09,PARTIAL
2322 Cartographers and Surveyors,100,0.0,,2.0,2023-03-22 20:31:45.459999713,2024-09,PARTIAL
2331 Chemical and Materials Engineers,45,1.0,2023-09-19 15:21:41.696999956,0.0,,2024-09,UNTOUCHED
2331 Chemical and Materials Engineers,55,1.0,2022-11-20 22:15:03.579999903,0.0,,2024-09,UNTOUCHED
2331 Chemical and Materials Engineers,60,2.0,2024-09-23 17:44:30.292999808,0.0,,2024-09,UNTOUCHED
2331 Chemical and Materials Engineers,65,19.0,2024-09-27 21:43:28.233000013,0.0,,2024-09,UNTOUCHED
2331 Chemical and Materials Engineers,70,28.0,2024-09-27 07:31:22.712999983,0.0,,2024-09,UNTOUCHED
2331 Chemical and Materials Engineers,75,16.0,2024-09-27 18:18:25.590000634,0.0,,2024-09,UNTOUCHED
2331 Chemical and Materials Engineers,80,30.0,2024-09-26 08:25:29.207000040,0.0,,2024-09,UNTOUCHED
2331 Chemical and Materials Engineers,85,13.0,2024-09-23 15:40:35.803000237,0.0,,2024-09,UNTOUCHED
2331 Chemical and Materials Engineers,90,6.0,2024-09-27 21:53:15.212999918,10.0,2023-03-01 15:08:59.472999864,2024-09,PARTIAL
2331 Chemical and Materials Engineers,95,5.0,2024-09-15 23:54:21.547000241,16.0,2024-08-29 14:47:43.959999661,2024-09,PARTIAL
2331 Chemical and Materials Engineers,100,1.0,2024-09-20 13:34:06.789999910,4.0,2024-08-27 11:22:15.550000003,2024-09,PARTIAL
2331 Chemical and Materials Engineers,105,0.0,,3.0,2023-04-26 22:42:33.613000225,2024-09,PARTIAL
2332 Civil Engineering Professionals,45,1.0,2024-09-26 18:58:51.690000158,0.0,,2024-09,UNTOUCHED
2332 Civil Engineering Professionals,50,3.0,2024-09-17 12:47:45.733000171,0.0,,2024-09,UNTOUCHED
2332 Civil Engineering Professionals,55,12.0,2024-09-24 22:36:59.802999825,0.0,,2024-09,UNTOUCHED
2332 Civil Engineering Professionals,60,16.0,2024-09-29 20:26:37.719999726,0.0,,2024-09,UNTOUCHED
2332 Civil Engineering Professionals,65,104.0,2024-09-30 13:50:10.693000003,0.0,,2024-09,UNTOUCHED
2332 Civil Engineering Professionals,70,129.0,2024-09-30 23:59:08.549999949,0.0,,2024-09,UNTOUCHED
2332 Civil Engineering Professionals,75,158.0,2024-09-29 22:34:18.440000215,71.0,2023-11-16 00:07:54.532999940,2024-09,PARTIAL
2332 Civil Engineering Professionals,80,130.0,2024-09-30 18:03:37.430000239,173.0,2024-08-26 14:20:05.239999717,2024-09,PARTIAL
2332 Civil Engineering Professionals,85,74.0,2024-09-29 11:08:01.059999671,107.0,2024-09-05 01:47:06.950000201,2024-09,PARTIAL
2332 Civil Engineering Professionals,90,32.0,2024-09-30 17:49:57.033000459,58.0,2024-08-02 13:29:16.822999982,2024-09,PARTIAL
2332 Civil Engineering Professionals,95,2.0,2024-05-13 21:00:16.693000007,63.0,2024-08-23 10:32:25.890000279,2024-09,CLEARED
2332 Civil Engineering Professionals,100,0.0,,15.0,2024-08-27 17:11:29.850000126,2024-09,PARTIAL
2332 Civil Engineering Professionals,105,0.0,,3.0,2024-08-03 21:57:07.360000015,2024-09,PARTIAL
2333 Electrical Engineers,50,1.0,2024-09-25 14:37:24.416999952,0.0,,2024-09,UNTOUCHED
2333 Electrical Engineers,55,4.0,2024-09-27 16:06:27.402999958,0.0,,2024-09,UNTOUCHED
2333 Electrical Engineers,60,14.0,2024-09-26 20:51:30.287000148,0.0,,2024-09,UNTOUCHED
2333 Electrical Engineers,65,46.0,2024-09-30 17:25:29.566999853,0.0,,2024-09,UNTOUCHED
2333 Electrical Engineers,70,44.0,2024-09-30 12:34:52.163000091,0.0,,2024-09,UNTOUCHED
2333 Electrical Engineers,75,56.0,2024-09-30 20:57:47.817000158,0.0,,2024-09,UNTOUCHED
2333 Electrical Engineers,80,44.0,2024-09-29 18:44:21.777000218,0.0,,2024-09,UNTOUCHED
2333 Electrical Engineers,85,31.0,2024-09-20 16:04:04.327000089,0.0,,2024-09,UNTOUCHED
2333 Electrical Engineers,90,10.0,2024-09-30 23:24:51.800000541,20.0,2023-02-21 20:09:10.039999815,2024-09,PARTIAL
2333 Electrical Engineers,95,4.0,2024-09-24 15:41:36.247000104,25.0,2023-12-10 11:31:50.210000348,2024-09,PARTIAL
2333 Electrical Engineers,100,0.0,,4.0,2024-07-03 16:09:52.640000300,2024-09,PARTIAL
2333 Electrical Engineers,110,0.0,,1.0,2023-09-27 18:04:54.947000196,2024-09,PARTIAL
2334 Electronics Engineers,50,1.0,2024-09-06 00:30:28.570000265,0.0,,2024-09,UNTOUCHED
2334 Electronics Engineers,55,2.0,2024-09-18 15:42:13.137000053,0.0,,2024-09,UNTOUCHED
2334 Electronics Engineers,60,9.0,2024-09-27 19:48:15.243000076,0.0,,2024-09,UNTOUCHED
2334 Electronics Engineers,65,34.0,2024-09-29 21:05:54.356999691,0.0,,2024-09,UNTOUCHED
2334 Electronics Engineers,70,23.0,2024-09-25 11:58:08.659999655,0.0,,2024-09,UNTOUCHED
2334 Electronics Engineers,75,27.0,2024-09-24 15:54:52.689999614,0.0,,2024-09,UNTOUCHED
2334 Electronics Engineers,80,36.0,2024-09-28 12:42:00.016999799,0.0,,2024-09,UNTOUCHED
2334 Electronics Engineers,85,24.0,2024-09-12 20:25:24.186999864,0.0,,2024-09,UNTOUCHED
2334 Electronics Engineers,90,11.0,2024-09-27 16:11:53.706999788,12.0,2023-02-03 14:27:42.210000216,2024-09,PARTIAL
2334 Electronics Engineers,95,5.0,2024-09-09 20:46:51.470000097,12.0,2024-09-01 12:42:07.969999305,2024-09,PARTIAL
2334 Electronics Engineers,100,0.0,,2.0,2023-12-06 11:17:55.030000139,2024-09,PARTIAL
2334 Electronics Engineers,105,0.0,,2.0,2024-03-26 20:43:41.536999804,2024-09,PARTIAL
"2335 Industrial, Mechanical and Production Engineers",40,1.0,2024-09-25 18:44:21.196999973,0.0,,2024-09,UNTOUCHED
"2335 Industrial, Mechanical and Production Engineers",50,1.0,2023-12-01 22:50:55.832999830,0.0,,2024-09,UNTOUCHED
"2335 Industrial, Mechanical and Production Engineers",55,7.0,2024-09-28 00:36:53.036999968,0.0,,2024-09,UNTOUCHED
"2335 Industrial, Mechanical and Production Engineers",60,14.0,2024-09-24 19:49:43.690000091,0.0,,2024-09,UNTOUCHED
"2335 Industrial, Mechanical and Production Engineers",65,98.0,2024-09-30 16:47:18.153000317,0.0,,2024-09,UNTOUCHED
"2335 Industrial, Mechanical and Production Engineers",70,105.0,2024-09-30 12:44:00.333000032,0.0,,2024-09,UNTOUCHED
"2335 Industrial, Mechanical and Production Engineers",75,123.0,2024-09-29 22:23:48.466999625,0.0,,2024-09,UNTOUCHED
"2335 Industrial, Mechanical and Production Engineers",80,78.0,2024-09-29 21:35:48.232999976,0.0,,2024-09,UNTOUCHED
"2335 Industrial, Mechanical and Production Engineers",85,76.0,2024-09-27 11:49:37.329999931,0.0,,2024-09,UNTOUCHED
"2335 Industrial, Mechanical and Production Engineers",90,33.0,2024-09-28 04:34:46.036999617,58.0,2023-02-27 18:42:08.817000477,2024-09,PARTIAL
"2335 Industrial, Mechanical and Production Engineers",95,10.0,2024-09-30 11:23:44.522999856,54.0,2024-07-25 09:56:05.490000159,2024-09,PARTIAL
"2335 Industrial, Mechanical and Production Engineers",100,1.0,2024-09-11 17:18:19.282999870,6.0,2024-07-18 11:31:22.980000066,2024-09,PARTIAL
2336 Mining Engineers,40,1.0,2024-09-05 14:01:50.930000382,0.0,,2024-09,UNTOUCHED
2336 Mining Engineers,55,1.0,2024-09-03 06:59:25.363000098,0.0,,2024-09,UNTOUCHED
2336 Mining Engineers,65,11.0,2024-09-30 22:43:55.110000216,0.0,,2024-09,UNTOUCHED
2336 Mining Engineers,70,7.0,2024-09-20 11:06:44.150000166,0.0,,2024-09,UNTOUCHED
2336 Mining Engineers,75,2.0,2024-09-19 23:04:42.460000017,0.0,,2024-09,UNTOUCHED
2336 Mining Engineers,80,4.0,2024-09-27 19:34:36.140000387,0.0,,2024-09,UNTOUCHED
2336 Mining Engineers,85,5.0,2024-09-24 15:52:56.946999990,0.0,,2024-09,UNTOUCHED
2336 Mining Engineers,90,5.0,2024-08-26 02:56:30.499999742,0.0,,2024-09,UNTOUCHED
2336 Mining Engineers,95,0.0,,2.0,2023-06-15 00:13:28.162999807,2024-09,PARTIAL
2336 Mining Engineers,100,0.0,,2.0,2024-08-25 22:16:23.536999951,2024-09,PARTIAL
2336 Mining Engineers,105,0.0,,1.0,2024-08-20 19:27:54.779999883,2024-09,PARTIAL
2336 Mining Engineers,115,0.0,,1.0,2023-01-16 05:02:02.072999690,2024-09,PARTIAL
2339 Other Engineering Professionals,50,2.0,2024-09-10 11:35:40.542999656,0.0,,2024-09,UNTOUCHED
2339 Other Engineering Professionals,55,7.0,2024-09-27 15:13:17.100000315,0.0,,2024-09,UNTOUCHED
2339 Other Engineering Professionals,60,15.0,2024-09-23 21:09:53.497000238,0.0,,2024-09,UNTOUCHED
2339 Other Engineering Professionals,65,79.0,2024-09-30 19:25:47.316999970,0.0,,2024-09,UNTOUCHED
2339 Other Engineering Professionals,70,85.0,2024-09-30 16:55:33.986999933,0.0,,2024-09,UNTOUCHED
2339 Other Engineering Professionals,75,102.0,2024-09-30 00:10:28.990000116,0.0,,2024-09,UNTOUCHED
2339 Other Engineering Professionals,80,76.0,2024-09-26 02:33:59.102999680,0.0,,2024-09,UNTOUCHED
2339 Other Engineering Professionals,85,66.0,2024-09-30 22:06:02.723000299,0.0,,2024-09,UNTOUCHED
2339 Other Engineering Professionals,90,34.0,2024-09-30 18:59:36.549999997,35.0,2023-02-18 06:19:37.582999924,2024-09,PARTIAL
2339 Other Engineering Professionals,95,1.0,2024-09-18 16:07:43.257000362,61.0,2024-08-30 16:16:59.596999743,2024-09,PARTIAL
2339 Other Engineering Professionals,100,0.0,,9.0,2024-07-09 16:37:19.263000388,2024-09,PARTIAL
2339 Other Engineering Professionals,105,0.0,,4.0,2024-08-27 11:36:11.472999992,2024-09,PARTIAL
2341 Agricultural and Forestry Scientists,50,1.0,2024-09-19 03:02:48.402999896,0.0,,2024-09,UNTOUCHED
2341 Agricultural and Forestry Scientists,60,3.0,2024-09-19 00:02:21.139999635,0.0,,2024-09,UNTOUCHED
2341 Agricultural and Forestry Scientists,65,16.0,2024-09-30 19:39:39.010000006,0.0,,2024-09,UNTOUCHED
2341 Agricultural and Forestry Scientists,70,14.0,2024-09-26 19:30:11.112999845,0.0,,2024-09,UNTOUCHED
2341 Agricultural and Forestry Scientists,75,8.0,2024-05-28 16:39:57.846999908,0.0,,2024-09,UNTOUCHED
2341 Agricultural and Forestry Scientists,80,6.0,2024-09-02 06:44:35.746999638,0.0,,2024-09,UNTOUCHED
2341 Agricultural and Forestry Scientists,85,4.0,2024-09-11 11:47:22.749999792,0.0,,2024-09,UNTOUCHED
2341 Agricultural and Forestry Scientists,90,3.0,2024-09-01 20:56:32.946999780,0.0,,2024-09,UNTOUCHED
2341 Agricultural and Forestry Scientists,95,2.0,2024-09-19 06:45:45.960000160,3.0,2024-07-16 12:58:17.999999834,2024-09,PARTIAL
2341 Agricultural and Forestry Scientists,100,1.0,2024-09-25 03:03:20.560000216,4.0,2024-06-29 23:48:23.556999980,2024-09,PARTIAL
2341 Agricultural and Forestry Scientists,105,0.0,,1.0,2024-05-01 12:15:29.769999624,2024-09,PARTIAL
"2342 Chemists, and Food and Wine Scientists",55,1.0,2024-08-09 15:55:39.962999968,0.0,,2024-09,UNTOUCHED
"2342 Chemists, and Food and Wine Scientists",60,2.0,2024-09-23 13:51:35.969999863,0.0,,2024-09,UNTOUCHED
"2342 Chemists, and Food and Wine Scientists",65,18.0,2024-09-29 01:24:53.486999997,0.0,,2024-09,UNTOUCHED
"2342 Chemists, and Food and Wine Scientists",70,19.0,2024-09-24 15:18:50.219999930,0.0,,2024-09,UNTOUCHED
"2342 Chemists, and Food and Wine Scientists",75,12.0,2024-09-23 17:42:23.499999771,0.0,,2024-09,UNTOUCHED
"2342 Chemists, and Food and Wine Scientists",80,9.0,2024-09-26 10:05:26.156999685,0.0,,2024-09,UNTOUCHED
"2342 Chemists, and Food and Wine Scientists",85,14.0,2024-09-20 01:03:03.969999967,0.0,,2024-09,UNTOUCHED
"2342 Chemists, and Food and Wine Scientists",90,7.0,2024-09-18 21:27:48.219999969,1.0,2022-12-08 22:24:44.990000092,2024-09,PARTIAL
"2342 Chemists, and Food and Wine Scientists",95,0.0,,6.0,2024-08-14 20:12:37.142999766,2024-09,PARTIAL
"2342 Chemists, and Food and Wine Scientists",100,1.0,2024-04-15 22:08:57.192999823,1.0,2023-10-11 17:41:02.723000020,2024-09,PARTIAL
"2342 Chemists, and Food and Wine Scientists",105,0.0,,1.0,2023-08-28 01:44:26.392999796,2024-09,PARTIAL
2343 Environmental Scientists,45,1.0,2024-09-18 22:28:03.356999604,0.0,,2024-09,UNTOUCHED
2343 Environmental Scientists,65,6.0,2024-09-26 11:28:05.650000181,0.0,,2024-09,UNTOUCHED
2343 Environmental Scientists,70,7.0,2024-09-30 18:25:04.803000113,0.0,,2024-09,UNTOUCHED
2343 Environmental Scientists,75,5.0,2024-09-16 21:15:27.897000076,0.0,,2024-09,UNTOUCHED
2343 Environmental Scientists,80,3.0,2024-09-06 17:16:38.829999797,0.0,,2024-09,UNTOUCHED
2343 Environmental Scientists,85,7.0,2024-09-19 21:23:44.920000109,0.0,,2024-09,UNTOUCHED
2343 Environmental Scientists,90,1.0,2024-09-25 02:20:37.472999792,0.0,,2024-09,UNTOUCHED
2343 Environmental Scientists,95,1.0,2024-09-24 12:47:28.657000204,3.0,2024-05-30 16:54:28.156999674,2024-09,PARTIAL
2343 Environmental Scientists,100,0.0,,2.0,2024-01-11 12:57:59.459999690,2024-09,PARTIAL
2343 Environmental Scientists,105,1.0,2024-09-20 14:48:24.073000004,1.0,2024-07-29 13:49:53.253000171,2024-09,PARTIAL
2344 Geologists Geophysicists and Hydrogeologists,65,2.0,2024-09-09 01:41:22.070000379,0.0,,2024-09,UNTOUCHED
2344 Geologists Geophysicists and Hydrogeologists,70,1.0,2024-08-03 12:41:24.953000190,0.0,,2024-09,UNTOUCHED
2344 Geologists Geophysicists and Hydrogeologists,75,5.0,2024-09-25 16:36:21.512999928,0.0,,2024-09,UNTOUCHED
2344 Geologists Geophysicists and Hydrogeologists,80,1.0,2024-09-08 14:30:49.902999958,0.0,,2024-09,UNTOUCHED
2344 Geologists Geophysicists and Hydrogeologists,85,2.0,2024-09-16 00:01:43.086999941,0.0,,2024-09,UNTOUCHED
2344 Geologists Geophysicists and Hydrogeologists,90,2.0,2024-09-28 16:48:16.756999986,0.0,,2024-09,UNTOUCHED
2345 Life Scientists,60,3.0,2024-09-16 15:24:17.610000206,0.0,,2024-09,UNTOUCHED
2345 Life Scientists,65,10.0,2024-09-20 11:47:11.190000379,0.0,,2024-09,UNTOUCHED
2345 Life Scientists,70,10.0,2024-09-27 02:04:43.383000313,0.0,,2024-09,UNTOUCHED
2345 Life Scientists,75,8.0,2024-09-22 14:36:30.586999988,0.0,,2024-09,UNTOUCHED
2345 Life Scientists,80,12.0,2024-09-18 11:48:35.513000314,0.0,,2024-09,UNTOUCHED
2345 Life Scientists,85,9.0,2024-09-30 12:08:22.223000120,0.0,,2024-09,UNTOUCHED
2345 Life Scientists,90,9.0,2024-09-27 14:40:24.097000019,5.0,2023-01-24 17:58:38.600000209,2024-09,PARTIAL
2345 Life Scientists,95,4.0,2024-09-13 11:47:23.589999755,10.0,2024-08-25 21:23:21.699999954,2024-09,PARTIAL
2345 Life Scientists,100,3.0,2024-09-08 16:33:05.540000207,3.0,2024-07-18 23:43:02.306999850,2024-09,PARTIAL
2345 Life Scientists,105,0.0,,1.0,2023-08-21 22:53:09.330000031,2024-09,PARTIAL
2345 Life Scientists,110,0.0,,1.0,2022-12-16 17:43:14.410000116,2024-09,PARTIAL
2346 Medical Laboratory Scientists,65,2.0,2024-07-03 17:27:34.070000230,0.0,,2024-09,UNTOUCHED
2346 Medical Laboratory Scientists,70,3.0,2024-09-12 12:20:19.027000389,0.0,,2024-09,UNTOUCHED
2346 Medical Laboratory Scientists,75,4.0,2024-09-20 15:01:46.049999986,0.0,,2024-09,UNTOUCHED
2346 Medical Laboratory Scientists,80,3.0,2024-09-25 23:19:35.303000301,11.0,2024-08-29 17:32:28.946999803,2024-09,PARTIAL
2346 Medical Laboratory Scientists,85,0.0,,4.0,2024-08-20 15:05:37.513000331,2024-09,PARTIAL
2346 Medical Laboratory Scientists,90,1.0,2024-09-05 20:52:32.019999896,0.0,,2024-09,UNTOUCHED
2347 Veterinarians,70,1.0,2024-09-10 15:50:56.313000202,0.0,,2024-09,UNTOUCHED
2347 Veterinarians,75,3.0,2024-09-27 11:42:42.389999904,0.0,,2024-09,UNTOUCHED
2347 Veterinarians,80,2.0,2024-02-22 05:56:12.726999692,0.0,,2024-09,UNTOUCHED
2347 Veterinarians,95,0.0,,4.0,2024-06-05 21:35:08.020000178,2024-09,PARTIAL
2347 Veterinarians,115,0.0,,2.0,2024-08-11 16:50:42.522999849,2024-09,PARTIAL
2349 Other Natural and Physical Science Professionals,65,1.0,2024-09-14 22:43:27.580000298,0.0,,2024-09,UNTOUCHED
2349 Other Natural and Physical Science Professionals,70,3.0,2024-06-04 19:48:19.150000231,0.0,,2024-09,UNTOUCHED
2349 Other Natural and Physical Science Professionals,75,7.0,2024-09-26 20:20:02.019999831,0.0,,2024-09,UNTOUCHED
2349 Other Natural and Physical Science Professionals,80,1.0,2024-09-26 12:50:04.470000368,0.0,,2024-09,UNTOUCHED
2349 Other Natural and Physical Science Professionals,85,2.0,2024-09-09 13:27:18.090000115,0.0,,2024-09,UNTOUCHED
2349 Other Natural and Physical Science Professionals,95,0.0,,2.0,2023-12-01 20:06:39.027000018,2024-09,PARTIAL
2349 Other Natural and Physical Science Professionals,100,1.0,2024-07-29 13:03:06.239999972,1.0,2024-08-25 22:39:41.300000288,2024-09,CLEARED
2411 Early Childhood (Pre-primary School) Teachers,45,1.0,2023-04-12 00:52:12.530000297,0.0,,2024-09,UNTOUCHED
2411 Early Childhood (Pre-primary School) Teachers,50,3.0,2024-09-30 15:15:59.529999646,0.0,,2024-09,UNTOUCHED
2411 Early Childhood (Pre-primary School) Teachers,55,1.0,2024-09-17 15:01:32.170000215,0.0,,2024-09,UNTOUCHED
2411 Early Childhood (Pre-primary School) Teachers,60,10.0,2024-09-30 22:56:57.320000079,0.0,,2024-09,UNTOUCHED
2411 Early Childhood (Pre-primary School) Teachers,65,87.0,2024-09-28 21:38:54.172999904,0.0,,2024-09,UNTOUCHED
2411 Early Childhood (Pre-primary School) Teachers,70,110.0,2024-09-30 17:49:36.082999678,0.0,,2024-09,UNTOUCHED
2411 Early Childhood (Pre-primary School) Teachers,75,104.0,2024-09-30 17:27:27.033000459,11.0,2023-11-07 17:10:52.717000221,2024-09,PARTIAL
2411 Early Childhood (Pre-primary School) Teachers,80,75.0,2024-09-30 11:14:02.399999988,186.0,2024-09-04 08:02:57.453000051,2024-09,PARTIAL
2411 Early Childhood (Pre-primary School) Teachers,85,11.0,2024-09-25 19:37:21.900000135,58.0,2024-09-01 22:41:43.549999791,2024-09,PARTIAL
2411 Early Childhood (Pre-primary School) Teachers,90,0.0,,6.0,2024-08-26 19:22:28.776999864,2024-09,PARTIAL
2414 Secondary School Teachers,55,1.0,2024-09-19 01:01:53.762999839,0.0,,2024-09,UNTOUCHED
2414 Secondary School Teachers,60,3.0,2024-09-24 22:33:40.942999814,0.0,,2024-09,UNTOUCHED
2414 Secondary School Teachers,65,16.0,2024-09-26 15:56:24.870000275,0.0,,2024-09,UNTOUCHED
2414 Secondary School Teachers,70,13.0,2024-09-24 05:27:58.327000021,0.0,,2024-09,UNTOUCHED
2414 Secondary School Teachers,75,11.0,2024-09-28 04:47:29.687000320,8.0,2023-11-01 08:18:26.409999911,2024-09,PARTIAL
2414 Secondary School Teachers,80,7.0,2024-09-24 15:43:19.122999885,63.0,2024-08-29 14:27:42.073000099,2024-09,PARTIAL
2414 Secondary School Teachers,85,2.0,2024-09-30 17:07:35.859999944,16.0,2024-08-28 18:24:31.023000149,2024-09,PARTIAL
2415 Special Education Teachers,65,1.0,2024-09-26 04:39:37.887000168,0.0,,2024-09,UNTOUCHED
2415 Special Education Teachers,80,0.0,,2.0,2024-08-26 00:50:35.507000097,2024-09,PARTIAL
2421 University Lecturers and Tutors,45,1.0,2024-09-24 11:41:18.200000034,0.0,,2024-09,UNTOUCHED
2421 University Lecturers and Tutors,55,4.0,2024-09-14 17:25:26.923000160,0.0,,2024-09,UNTOUCHED
2421 University Lecturers and Tutors,60,9.0,2024-09-22 02:36:06.009999670,0.0,,2024-09,UNTOUCHED
2421 University Lecturers and Tutors,65,23.0,2024-09-30 00:27:45.156999839,0.0,,2024-09,UNTOUCHED
2421 University Lecturers and Tutors,70,16.0,2024-09-24 16:52:56.939999848,0.0,,2024-09,UNTOUCHED
2421 University Lecturers and Tutors,75,17.0,2024-09-23 02:25:56.069999958,0.0,,2024-09,UNTOUCHED
2421 University Lecturers and Tutors,80,18.0,2024-09-29 04:47:56.786999801,0.0,,2024-09,UNTOUCHED
2421 University Lecturers and Tutors,85,13.0,2024-09-23 17:32:34.982999802,0.0,,2024-09,UNTOUCHED
2421 University Lecturers and Tutors,90,14.0,2024-09-29 17:25:39.426999674,4.0,2023-02-19 22:27:18.109999753,2024-09,PARTIAL
2421 University Lecturers and Tutors,95,5.0,2024-09-28 14:05:31.509999885,13.0,2024-08-26 16:44:36.969999979,2024-09,PARTIAL
2421 University Lecturers and Tutors,100,1.0,2023-12-20 12:35:15.640000088,12.0,2024-08-02 16:53:10.989999706,2024-09,CLEARED
2421 University Lecturers and Tutors,105,0.0,,1.0,2023-05-27 12:37:08.316999696,2024-09,PARTIAL
2512 Medical Imaging Professionals,65,3.0,2024-09-26 22:24:54.963000339,0.0,,2024-09,UNTOUCHED
2512 Medical Imaging Professionals,70,1.0,2024-06-27 19:23:40.650000051,0.0,,2024-09,UNTOUCHED
2512 Medical Imaging Professionals,75,1.0,2024-09-15 23:25:44.512999800,2.0,2023-10-02 22:32:45.206999701,2024-09,PARTIAL
2512 Medical Imaging Professionals,80,0.0,,7.0,2024-07-10 02:53:40.802999755,2024-09,PARTIAL
2512 Medical Imaging Professionals,85,2.0,2024-09-08 12:54:27.683000121,1.0,2024-08-05 05:41:52.159999899,2024-09,PARTIAL
2514 Optometrists and Orthoptists,75,1.0,2023-12-19 22:56:58.750000120,0.0,,2024-09,UNTOUCHED
2514 Optometrists and Orthoptists,80,1.0,2024-09-10 11:45:08.379999639,3.0,2024-02-07 22:08:24.657000236,2024-09,PARTIAL
2514 Optometrists and Orthoptists,85,0.0,,2.0,2024-05-22 15:33:19.799999642,2024-09,PARTIAL
2519 Other Health Diagnostic and Promotion Professionals,75,1.0,2024-03-18 20:32:48.462999861,0.0,,2024-09,UNTOUCHED
2519 Other Health Diagnostic and Promotion Professionals,80,0.0,,1.0,2024-04-05 19:36:40.753000051,2024-09,PARTIAL
2521 Chiropractors and Osteopaths,80,0.0,,3.0,2024-08-30 15:03:03.520000105,2024-09,PARTIAL
2524 Occupational Therapists,60,1.0,2024-01-31 03:04:37.520000074,0.0,,2024-09,UNTOUCHED
2524 Occupational Therapists,65,5.0,2024-09-14 21:39:09.052999911,0.0,,2024-09,UNTOUCHED
2524 Occupational Therapists,70,7.0,2024-09-23 16:38:34.700000058,0.0,,2024-09,UNTOUCHED
2524 Occupational Therapists,75,5.0,2024-09-10 03:38:20.143000037,4.0,2023-09-22 19:53:05.757000279,2024-09,PARTIAL
2524 Occupational Therapists,80,5.0,2024-09-19 18:33:03.257000075,35.0,2024-09-04 09:31:32.563000202,2024-09,PARTIAL
2524 Occupational Therapists,85,2.0,2024-09-26 00:13:20.883000063,7.0,2024-07-30 02:00:21.100000173,2024-09,PARTIAL
2524 Occupational Therapists,90,2.0,2024-09-27 19:51:57.720000070,3.0,2024-08-27 14:25:20.799999776,2024-09,PARTIAL
2525 Physiotherapists,55,1.0,2024-09-20 16:19:29.950000101,0.0,,2024-09,UNTOUCHED
2525 Physiotherapists,60,1.0,2024-09-05 10:08:16.583000199,0.0,,2024-09,UNTOUCHED
2525 Physiotherapists,65,16.0,2024-09-28 16:02:50.979999891,0.0,,2024-09,UNTOUCHED
2525 Physiotherapists,70,10.0,2024-09-29 22:14:17.882999977,0.0,,2024-09,UNTOUCHED
2525 Physiotherapists,75,11.0,2024-09-25 22:39:54.790000162,5.0,2023-10-10 22:34:27.343000225,2024-09,PARTIAL
2525 Physiotherapists,80,6.0,2024-09-15 11:29:46.537000120,46.0,2024-08-29 07:43:27.086999808,2024-09,PARTIAL
2525 Physiotherapists,85,1.0,2024-09-09 14:02:21.843000335,12.0,2024-07-16 20:20:20.330000341,2024-09,PARTIAL
2525 Physiotherapists,90,3.0,2024-09-11 20:52:28.249999849,2.0,2024-08-03 11:21:23.446999828,2024-09,PARTIAL
2526 Podiatrists,65,1.0,2024-09-26 18:46:05.623000150,0.0,,2024-09,UNTOUCHED
2526 Podiatrists,80,0.0,,1.0,2024-01-05 14:52:22.953000192,2024-09,PARTIAL
2526 Podiatrists,85,0.0,,1.0,2024-06-28 13:42:05.236999943,2024-09,PARTIAL
2526 Podiatrists,90,0.0,,1.0,2024-07-30 23:01:16.592999698,2024-09,PARTIAL
2527 Speech Professionals and Audiologists,65,4.0,2024-09-26 16:08:29.443000096,0.0,,2024-09,UNTOUCHED
2527 Speech Professionals and Audiologists,70,8.0,2024-09-28 05:51:46.073000698,0.0,,2024-09,UNTOUCHED
2527 Speech Professionals and Audiologists,75,5.0,2024-09-29 17:14:23.182999938,2.0,2023-08-21 15:09:44.259999825,2024-09,PARTIAL
2527 Speech Professionals and Audiologists,80,1.0,2023-12-22 13:39:16.706999753,23.0,2024-09-04 14:56:42.922999904,2024-09,CLEARED
2527 Speech Professionals and Audiologists,85,2.0,2024-09-21 19:12:17.792999948,8.0,2024-08-26 23:02:16.193000172,2024-09,PARTIAL
2531 General Practitioners and Resident Medical officers,65,3.0,2024-09-27 16:23:37.052999977,0.0,,2024-09,UNTOUCHED
2531 General Practitioners and Resident Medical officers,70,8.0,2024-09-20 12:11:15.579999623,0.0,,2024-09,UNTOUCHED
2531 General Practitioners and Resident Medical officers,75,8.0,2024-09-19 14:34:06.222999783,6.0,2023-09-20 10:45:54.676999661,2024-09,PARTIAL
2531 General Practitioners and Resident Medical officers,80,10.0,2024-09-30 17:08:17.413000134,61.0,2024-09-03 16:07:57.389999923,2024-09,PARTIAL
2531 General Practitioners and Resident Medical officers,85,4.0,2024-09-22 18:35:03.483000047,27.0,2024-08-28 16:42:45.756999936,2024-09,PARTIAL
2531 General Practitioners and Resident Medical officers,90,1.0,2024-09-08 21:19:45.529999668,8.0,2024-08-19 12:16:44.290000021,2024-09,PARTIAL
2531 General Practitioners and Resident Medical officers,100,0.0,,1.0,2024-07-12 20:35:02.340000144,2024-09,PARTIAL
2531 General Practitioners and Resident Medical officers,110,0.0,,1.0,2024-08-14 07:51:12.679999706,2024-09,PARTIAL
2533 Internal Medicine Specialists,65,1.0,2024-09-16 18:41:32.223000111,0.0,,2024-09,UNTOUCHED
2533 Internal Medicine Specialists,70,1.0,2024-09-02 15:10:07.242999787,0.0,,2024-09,UNTOUCHED
2533 Internal Medicine Specialists,80,0.0,,3.0,2024-06-02 10:58:19.986999761,2024-09,PARTIAL
2533 Internal Medicine Specialists,85,0.0,,4.0,2024-07-31 23:51:34.620000056,2024-09,PARTIAL
2534 Psychiatrists,80,1.0,2024-06-06 21:44:09.137000132,1.0,2024-02-08 01:33:58.412999730,2024-09,PARTIAL
2534 Psychiatrists,85,0.0,,1.0,2023-08-13 21:12:09.606999873,2024-09,PARTIAL
2535 Surgeons,80,0.0,,1.0,2024-04-05 07:10:33.436999773,2024-09,PARTIAL
2539 Other Medical Practitioners,50,1.0,2024-05-06 16:10:37.143000212,0.0,,2024-09,UNTOUCHED
2539 Other Medical Practitioners,65,5.0,2024-09-23 17:48:12.607000283,0.0,,2024-09,UNTOUCHED
2539 Other Medical Practitioners,70,3.0,2024-09-20 17:11:26.870000951,0.0,,2024-09,UNTOUCHED
2539 Other Medical Practitioners,75,4.0,2024-09-24 21:12:43.489999808,2.0,2023-08-16 21:06:44.597000151,2024-09,PARTIAL
2539 Other Medical Practitioners,80,5.0,2024-09-05 19:34:27.060000352,59.0,2024-09-01 05:16:28.540000162,2024-09,PARTIAL
2539 Other Medical Practitioners,85,6.0,2024-09-30 15:51:36.926999887,26.0,2024-08-26 09:44:28.643000375,2024-09,PARTIAL
2539 Other Medical Practitioners,90,3.0,2024-09-17 19:37:03.376999122,8.0,2024-08-09 15:17:26.476999627,2024-09,PARTIAL
2539 Other Medical Practitioners,95,0.0,,1.0,2024-08-16 22:24:18.119999615,2024-09,PARTIAL
2541 Midwives,65,1.0,2024-09-19 00:55:05.540000318,0.0,,2024-09,UNTOUCHED
2541 Midwives,75,2.0,2024-09-03 11:56:30.082999646,2.0,2023-08-03 00:51:06.499999866,2024-09,PARTIAL
2541 Midwives,80,1.0,2024-09-26 13:08:44.402999928,7.0,2024-08-06 16:12:40.822999755,2024-09,PARTIAL
2541 Midwives,85,0.0,,1.0,2024-08-07 19:08:59.890000387,2024-09,PARTIAL
2541 Midwives,90,0.0,,1.0,2024-03-11 20:28:23.979999708,2024-09,PARTIAL
2544 Registered Nurses,45,1.0,2024-04-07 19:08:00.046999939,0.0,,2024-09,UNTOUCHED
2544 Registered Nurses,50,1.0,2024-09-24 17:16:06.600000230,0.0,,2024-09,UNTOUCHED
2544 Registered Nurses,55,3.0,2024-09-23 12:38:42.056999946,0.0,,2024-09,UNTOUCHED
2544 Registered Nurses,60,13.0,2024-09-30 21:34:38.330000166,0.0,,2024-09,UNTOUCHED
2544 Registered Nurses,65,170.0,2024-09-30 17:34:08.470000272,0.0,,2024-09,UNTOUCHED
2544 Registered Nurses,70,168.0,2024-09-30 11:00:02.816999870,0.0,,2024-09,UNTOUCHED
2544 Registered Nurses,75,103.0,2024-09-30 23:24:47.019999813,40.0,2023-11-14 18:01:11.817000071,2024-09,PARTIAL
2544 Registered Nurses,80,35.0,2024-09-24 14:41:53.993000169,215.0,2024-09-05 05:05:29.500000221,2024-09,PARTIAL
2544 Registered Nurses,85,14.0,2024-09-27 11:55:17.153000175,49.0,2024-08-21 12:24:02.807000130,2024-09,PARTIAL
2544 Registered Nurses,90,2.0,2024-09-18 15:42:51.580000267,5.0,2024-08-21 09:04:48.259999776,2024-09,PARTIAL
2544 Registered Nurses,95,1.0,2024-03-07 17:01:17.229999613,0.0,,2024-09,UNTOUCHED
2544 Registered Nurses,100,1.0,2024-09-30 06:41:56.526999740,1.0,2024-07-26 18:16:47.537000114,2024-09,PARTIAL
2544 Registered Nurses,105,1.0,2024-09-10 11:43:36.690000214,0.0,,2024-09,UNTOUCHED
2544 Registered Nurses,115,0.0,,1.0,2024-05-16 11:07:19.579999981,2024-09,PARTIAL
2611 ICT Business and Systems Analysts,55,4.0,2024-09-24 15:35:04.000000237,0.0,,2024-09,UNTOUCHED
2611 ICT Business and Systems Analysts,60,15.0,2024-09-27 17:52:49.699999176,0.0,,2024-09,UNTOUCHED
2611 ICT Business and Systems Analysts,65,79.0,2024-09-30 12:36:41.452999611,0.0,,2024-09,UNTOUCHED
2611 ICT Business and Systems Analysts,70,94.0,2024-09-30 17:17:11.930000052,0.0,,2024-09,UNTOUCHED
2611 ICT Business and Systems Analysts,75,130.0,2024-09-29 03:28:07.257000034,0.0,,2024-09,UNTOUCHED
2611 ICT Business and Systems Analysts,80,117.0,2024-09-30 21:54:35.153000213,0.0,,2024-09,UNTOUCHED
2611 ICT Business and Systems Analysts,85,107.0,2024-09-29 22:10:41.079999829,0.0,,2024-09,UNTOUCHED
2611 ICT Business and Systems Analysts,90,97.0,2024-09-30 17:47:18.502999463,0.0,,2024-09,UNTOUCHED
2611 ICT Business and Systems Analysts,95,37.0,2024-09-23 18:08:53.652999623,1.0,2022-09-18 19:19:58.642999772,2024-09,PARTIAL
2611 ICT Business and Systems Analysts,100,3.0,2024-09-27 02:30:55.177000099,47.0,2024-06-28 14:22:20.427000309,2024-09,PARTIAL
2611 ICT Business and Systems Analysts,105,0.0,,3.0,2023-04-14 17:30:27.400000164,2024-09,PARTIAL
2611 ICT Business and Systems Analysts,110,0.0,,1.0,2024-07-22 14:58:51.183000004,2024-09,PARTIAL
2612 Multimedia Specialists and Web Developers,60,1.0,2023-07-20 15:16:56.699999852,0.0,,2024-09,UNTOUCHED
2612 Multimedia Specialists and Web Developers,65,2.0,2024-09-19 20:58:10.396999891,0.0,,2024-09,UNTOUCHED
2612 Multimedia Specialists and Web Developers,70,1.0,2024-07-14 14:50:26.530000238,0.0,,2024-09,UNTOUCHED
2612 Multimedia Specialists and Web Developers,75,1.0,2024-08-23 11:33:53.162999714,0.0,,2024-09,UNTOUCHED
2612 Multimedia Specialists and Web Developers,80,2.0,2023-12-06 22:24:38.819999871,0.0,,2024-09,UNTOUCHED
2612 Multimedia Specialists and Web Developers,85,2.0,2024-09-23 11:19:39.827000110,0.0,,2024-09,UNTOUCHED
2612 Multimedia Specialists and Web Developers,90,4.0,2024-09-24 16:51:16.829999827,3.0,2022-12-01 18:18:15.266999767,2024-09,PARTIAL
2612 Multimedia Specialists and Web Developers,95,0.0,,4.0,2024-07-26 15:50:44.907000028,2024-09,PARTIAL
2613 Software and Applications Programmers,50,2.0,2024-09-20 20:34:15.607000136,0.0,,2024-09,UNTOUCHED
2613 Software and Applications Programmers,55,3.0,2024-09-18 19:41:48.466999996,0.0,,2024-09,UNTOUCHED
2613 Software and Applications Programmers,60,19.0,2024-09-29 14:47:15.129999882,0.0,,2024-09,UNTOUCHED
2613 Software and Applications Programmers,65,100.0,2024-09-30 18:53:35.339999858,0.0,,2024-09,UNTOUCHED
2613 Software and Applications Programmers,70,137.0,2024-09-30 23:50:04.822999817,0.0,,2024-09,UNTOUCHED
2613 Software and Applications Programmers,75,181.0,2024-09-30 21:00:18.963000011,0.0,,2024-09,UNTOUCHED
2613 Software and Applications Programmers,80,176.0,2024-09-30 19:07:23.609999959,0.0,,2024-09,UNTOUCHED
2613 Software and Applications Programmers,85,162.0,2024-09-30 16:31:19.000000237,0.0,,2024-09,UNTOUCHED
2613 Software and Applications Programmers,90,139.0,2024-09-30 22:50:58.430000299,18.0,2023-02-19 23:47:39.320000188,2024-09,PARTIAL
2613 Software and Applications Programmers,95,70.0,2024-09-30 17:22:33.990000070,66.0,2024-08-31 00:59:09.983000293,2024-09,PARTIAL
2613 Software and Applications Programmers,100,4.0,2024-09-20 16:50:55.379999869,73.0,2024-08-06 16:10:04.866999712,2024-09,PARTIAL
2613 Software and Applications Programmers,105,0.0,,8.0,2024-08-08 11:41:22.989999955,2024-09,PARTIAL
2613 Software and Applications Programmers,120,0.0,,1.0,2024-02-22 23:06:31.746999651,2024-09,PARTIAL
"2621 Database and Systems Administrators, and ICT Security Specialists",50,1.0,2024-09-27 17:19:04.470000173,0.0,,2024-09,UNTOUCHED
"2621 Database and Systems Administrators, and ICT Security Specialists",55,2.0,2024-02-08 20:02:09.379999633,0.0,,2024-09,UNTOUCHED
"2621 Database and Systems Administrators, and ICT Security Specialists",60,3.0,2024-05-06 14:54:30.749999886,0.0,,2024-09,UNTOUCHED
"2621 Database and Systems Administrators, and ICT Security Specialists",65,17.0,2024-09-26 22:43:45.552999907,0.0,,2024-09,UNTOUCHED
"2621 Database and Systems Administrators, and ICT Security Specialists",70,27.0,2024-09-30 15:50:05.119999984,0.0,,2024-09,UNTOUCHED
"2621 Database and Systems Administrators, and ICT Security Specialists",75,41.0,2024-09-30 12:09:10.860000566,0.0,,2024-09,UNTOUCHED
"2621 Database and Systems Administrators, and ICT Security Specialists",80,28.0,2024-09-27 11:51:24.462999855,0.0,,2024-09,UNTOUCHED
"2621 Database and Systems Administrators, and ICT Security Specialists",85,28.0,2024-09-30 19:18:46.833000269,0.0,,2024-09,UNTOUCHED
"2621 Database and Systems Administrators, and ICT Security Specialists",90,20.0,2024-09-26 13:26:52.307000249,0.0,,2024-09,UNTOUCHED
"2621 Database and Systems Administrators, and ICT Security Specialists",95,3.0,2024-09-30 17:58:11.033000270,0.0,,2024-09,UNTOUCHED
"2621 Database and Systems Administrators, and ICT Security Specialists",100,0.0,,8.0,2024-07-25 12:56:34.230000298,2024-09,PARTIAL
2631 Computer Network Professionals,40,1.0,2024-09-17 03:13:41.862999676,0.0,,2024-09,UNTOUCHED
2631 Computer Network Professionals,45,1.0,2024-09-30 19:05:00.167000340,0.0,,2024-09,UNTOUCHED
2631 Computer Network Professionals,55,1.0,2024-09-26 17:25:22.926999910,0.0,,2024-09,UNTOUCHED
2631 Computer Network Professionals,60,2.0,2024-08-19 14:58:35.299999876,0.0,,2024-09,UNTOUCHED
2631 Computer Network Professionals,65,26.0,2024-09-28 16:35:40.537000098,0.0,,2024-09,UNTOUCHED
2631 Computer Network Professionals,70,35.0,2024-09-30 16:21:56.146999944,0.0,,2024-09,UNTOUCHED
2631 Computer Network Professionals,75,65.0,2024-09-30 13:34:26.867000118,0.0,,2024-09,UNTOUCHED
2631 Computer Network Professionals,80,54.0,2024-09-24 15:43:40.693000198,0.0,,2024-09,UNTOUCHED
2631 Computer Network Professionals,85,30.0,2024-09-29 23:51:12.526999799,0.0,,2024-09,UNTOUCHED
2631 Computer Network Professionals,90,29.0,2024-09-30 19:24:44.680000020,0.0,,2024-09,UNTOUCHED
2631 Computer Network Professionals,95,12.0,2024-09-30 15:18:17.813000347,0.0,,2024-09,UNTOUCHED
2631 Computer Network Professionals,100,0.0,,18.0,2024-05-07 18:02:56.983000125,2024-09,PARTIAL
2631 Computer Network Professionals,105,0.0,,1.0,2023-01-12 18:01:09.980000379,2024-09,PARTIAL
2633 Telecommunications Engineering Professionals,45,1.0,2024-09-06 12:19:45.872999719,0.0,,2024-09,UNTOUCHED
2633 Telecommunications Engineering Professionals,55,2.0,2024-09-15 10:45:44.710000439,0.0,,2024-09,UNTOUCHED
2633 Telecommunications Engineering Professionals,60,2.0,2024-09-02 03:07:53.893000139,0.0,,2024-09,UNTOUCHED
2633 Telecommunications Engineering Professionals,65,29.0,2024-09-20 15:10:25.393000033,0.0,,2024-09,UNTOUCHED
2633 Telecommunications Engineering Professionals,70,15.0,2024-09-30 21:30:55.279999857,0.0,,2024-09,UNTOUCHED
2633 Telecommunications Engineering Professionals,75,31.0,2024-09-30 13:20:37.099999861,0.0,,2024-09,UNTOUCHED
2633 Telecommunications Engineering Professionals,80,23.0,2024-09-25 17:08:57.842999865,0.0,,2024-09,UNTOUCHED
2633 Telecommunications Engineering Professionals,85,15.0,2024-09-23 20:51:19.976999621,0.0,,2024-09,UNTOUCHED
2633 Telecommunications Engineering Professionals,90,4.0,2024-09-09 21:21:47.487000104,15.0,2023-02-01 11:43:21.339999863,2024-09,PARTIAL
2633 Telecommunications Engineering Professionals,95,2.0,2024-08-15 00:01:19.336999895,9.0,2024-01-28 01:45:36.573000347,2024-09,PARTIAL
2713 Solicitors,65,3.0,2024-09-25 13:54:23.299999646,0.0,,2024-09,UNTOUCHED
2713 Solicitors,70,7.0,2024-09-30 07:03:57.513000006,0.0,,2024-09,UNTOUCHED
2713 Solicitors,75,9.0,2024-09-25 12:38:39.779999995,0.0,,2024-09,UNTOUCHED
2713 Solicitors,80,11.0,2024-09-29 18:38:10.880000214,0.0,,2024-09,UNTOUCHED
2713 Solicitors,85,16.0,2024-09-30 00:33:06.083000012,0.0,,2024-09,UNTOUCHED
2713 Solicitors,90,6.0,2024-09-21 22:03:44.782999649,7.0,2023-02-25 22:40:29.432999622,2024-09,PARTIAL
2713 Solicitors,95,1.0,2023-07-25 14:28:17.567000143,8.0,2024-01-23 21:34:29.480000387,2024-09,CLEARED
2723 Psychologists,65,1.0,2024-07-12 11:11:02.103000285,0.0,,2024-09,UNTOUCHED
2723 Psychologists,70,2.0,2024-09-02 20:18:57.770000052,0.0,,2024-09,UNTOUCHED
2723 Psychologists,80,1.0,2024-08-04 11:40:55.730000210,10.0,2024-08-27 12:09:22.240000068,2024-09,CLEARED
2723 Psychologists,85,0.0,,7.0,2024-09-05 08:47:59.823000150,2024-09,PARTIAL
2723 Psychologists,90,0.0,,3.0,2024-07-24 14:33:28.102999973,2024-09,PARTIAL
2725 Social Workers,65,11.0,2024-09-30 14:03:53.816999800,0.0,,2024-09,UNTOUCHED
2725 Social Workers,70,18.0,2024-09-24 18:22:12.992999859,0.0,,2024-09,UNTOUCHED
2725 Social Workers,75,21.0,2024-09-22 18:47:30.057000152,3.0,2023-11-15 13:13:56.433000020,2024-09,PARTIAL
2725 Social Workers,80,15.0,2024-09-24 22:08:15.040000371,52.0,2024-09-03 23:56:55.462999905,2024-09,PARTIAL
2725 Social Workers,85,6.0,2024-07-05 00:25:01.392999870,26.0,2024-09-02 10:51:14.123000070,2024-09,CLEARED
2725 Social Workers,90,0.0,,1.0,2024-07-24 17:00:47.373000022,2024-09,PARTIAL
2725 Social Workers,100,0.0,,1.0,2024-07-08 00:16:50.129999901,2024-09,PARTIAL
3122 Civil Engineering Draftspersons and Technicians,45,1.0,2024-09-09 11:40:56.206999862,0.0,,2024-09,UNTOUCHED
3122 Civil Engineering Draftspersons and Technicians,50,5.0,2024-09-12 14:01:40.059999871,0.0,,2024-09,UNTOUCHED
3122 Civil Engineering Draftspersons and Technicians,55,15.0,2024-09-24 12:47:49.270000067,0.0,,2024-09,UNTOUCHED
3122 Civil Engineering Draftspersons and Technicians,60,29.0,2024-09-27 15:55:12.339999903,0.0,,2024-09,UNTOUCHED
3122 Civil Engineering Draftspersons and Technicians,65,108.0,2024-09-30 23:34:19.189999712,0.0,,2024-09,UNTOUCHED
3122 Civil Engineering Draftspersons and Technicians,70,127.0,2024-09-30 17:49:31.517000250,0.0,,2024-09,UNTOUCHED
3122 Civil Engineering Draftspersons and Technicians,75,101.0,2024-09-29 21:01:27.173000184,97.0,2023-11-15 03:57:24.020000052,2024-09,PARTIAL
3122 Civil Engineering Draftspersons and Technicians,80,66.0,2024-09-29 11:13:57.342999780,195.0,2024-09-03 15:48:30.469999769,2024-09,PARTIAL
3122 Civil Engineering Draftspersons and Technicians,85,9.0,2024-09-28 23:41:15.932999906,51.0,2024-09-03 22:08:16.413000112,2024-09,PARTIAL
3122 Civil Engineering Draftspersons and Technicians,90,1.0,2024-09-09 11:41:40.120000327,15.0,2024-08-16 23:52:56.752999795,2024-09,PARTIAL
3122 Civil Engineering Draftspersons and Technicians,95,1.0,2024-09-23 23:52:07.189999798,2.0,2024-08-06 23:16:37.089999684,2024-09,PARTIAL
3123 Electrical Engineering Draftspersons and Technicians,50,1.0,2024-09-24 16:04:50.962999897,0.0,,2024-09,UNTOUCHED
3123 Electrical Engineering Draftspersons and Technicians,60,1.0,2024-09-25 13:15:45.030000130,0.0,,2024-09,UNTOUCHED
3123 Electrical Engineering Draftspersons and Technicians,65,6.0,2024-09-24 18:31:30.456999883,0.0,,2024-09,UNTOUCHED
3123 Electrical Engineering Draftspersons and Technicians,70,7.0,2024-09-25 22:02:06.066999813,0.0,,2024-09,UNTOUCHED
3123 Electrical Engineering Draftspersons and Technicians,75,8.0,2024-09-28 18:23:19.112999930,0.0,,2024-09,UNTOUCHED
3123 Electrical Engineering Draftspersons and Technicians,80,7.0,2024-09-24 17:24:05.010000232,0.0,,2024-09,UNTOUCHED
3123 Electrical Engineering Draftspersons and Technicians,85,9.0,2024-09-16 23:18:11.597000019,0.0,,2024-09,UNTOUCHED
3132 Telecommunications Technical Specialists,50,2.0,2024-09-02 18:21:07.620000243,0.0,,2024-09,UNTOUCHED
3132 Telecommunications Technical Specialists,55,2.0,2024-09-23 14:42:47.193000157,0.0,,2024-09,UNTOUCHED
3132 Telecommunications Technical Specialists,60,7.0,2024-09-25 16:35:40.036999669,0.0,,2024-09,UNTOUCHED
3132 Telecommunications Technical Specialists,65,10.0,2024-09-26 18:59:50.550000123,0.0,,2024-09,UNTOUCHED
3132 Telecommunications Technical Specialists,70,23.0,2024-09-30 10:33:46.112999817,0.0,,2024-09,UNTOUCHED
3132 Telecommunications Technical Specialists,75,7.0,2024-09-18 15:43:50.286999907,0.0,,2024-09,UNTOUCHED
3132 Telecommunications Technical Specialists,80,6.0,2024-09-13 21:15:46.732999803,0.0,,2024-09,UNTOUCHED
3132 Telecommunications Technical Specialists,85,1.0,2024-05-15 15:09:50.169999697,0.0,,2024-09,UNTOUCHED
3211 Automotive Electricians,65,1.0,2024-09-17 16:53:40.079999834,0.0,,2024-09,UNTOUCHED
3211 Automotive Electricians,70,1.0,2024-09-17 05:50:45.272999817,0.0,,2024-09,UNTOUCHED
3212 Motor Mechanics,55,2.0,2024-09-27 13:30:58.210000349,0.0,,2024-09,UNTOUCHED
3212 Motor Mechanics,60,7.0,2024-09-27 21:01:50.253000355,0.0,,2024-09,UNTOUCHED
3212 Motor Mechanics,65,55.0,2024-09-30 19:15:07.097000160,0.0,,2024-09,UNTOUCHED
3212 Motor Mechanics,70,36.0,2024-09-27 14:13:23.683000172,0.0,,2024-09,UNTOUCHED
3212 Motor Mechanics,75,26.0,2024-09-28 10:27:17.519999685,0.0,,2024-09,UNTOUCHED
3212 Motor Mechanics,80,12.0,2024-09-20 17:19:24.646999837,0.0,,2024-09,UNTOUCHED
3212 Motor Mechanics,85,2.0,2024-04-23 21:32:00.782999643,0.0,,2024-09,UNTOUCHED
3212 Motor Mechanics,90,3.0,2024-09-18 21:02:52.853000274,2.0,2022-12-16 17:26:04.237000143,2024-09,PARTIAL
3212 Motor Mechanics,95,0.0,,2.0,2024-06-16 13:02:52.026999973,2024-09,PARTIAL
3223 Structural Steel and Welding Trades Workers,60,4.0,2024-09-30 11:37:13.276999908,0.0,,2024-09,UNTOUCHED
3223 Structural Steel and Welding Trades Workers,65,7.0,2024-09-12 17:21:13.987000342,0.0,,2024-09,UNTOUCHED
3223 Structural Steel and Welding Trades Workers,70,5.0,2024-09-24 17:53:19.032999901,0.0,,2024-09,UNTOUCHED
3223 Structural Steel and Welding Trades Workers,75,6.0,2024-09-19 15:08:50.547000330,1.0,2023-02-10 22:39:26.472999890,2024-09,PARTIAL
3223 Structural Steel and Welding Trades Workers,80,1.0,2023-10-09 14:13:48.182999928,13.0,2024-08-26 19:39:01.556999573,2024-09,CLEARED
3223 Structural Steel and Welding Trades Workers,85,0.0,,8.0,2024-08-12 20:43:47.619999649,2024-09,PARTIAL
3223 Structural Steel and Welding Trades Workers,90,0.0,,2.0,2024-03-16 04:25:14.850000200,2024-09,PARTIAL
3232 Metal Fitters and Machinists,50,1.0,2024-01-21 05:46:44.249999908,0.0,,2024-09,UNTOUCHED
3232 Metal Fitters and Machinists,55,2.0,2024-09-13 23:11:23.950000069,0.0,,2024-09,UNTOUCHED
3232 Metal Fitters and Machinists,60,3.0,2024-09-26 20:07:49.200000000,0.0,,2024-09,UNTOUCHED
3232 Metal Fitters and Machinists,65,5.0,2024-09-26 20:36:15.082999767,0.0,,2024-09,UNTOUCHED
3232 Metal Fitters and Machinists,75,1.0,2024-06-03 09:47:38.309999925,0.0,,2024-09,UNTOUCHED
3232 Metal Fitters and Machinists,80,1.0,2024-09-24 18:37:22.337000091,0.0,,2024-09,UNTOUCHED
3311 Bricklayers and Stonemasons,65,2.0,2024-09-18 04:50:59.422999966,22.0,2024-08-29 07:27:05.919999742,2024-09,PARTIAL
3311 Bricklayers and Stonemasons,70,2.0,2024-09-27 16:56:44.582999784,4.0,2024-09-02 12:03:12.147000180,2024-09,PARTIAL
3311 Bricklayers and Stonemasons,75,0.0,,2.0,2024-07-20 00:13:40.190000301,2024-09,PARTIAL
3311 Bricklayers and Stonemasons,80,0.0,,2.0,2023-06-07 19:15:22.626999792,2024-09,PARTIAL
3311 Bricklayers and Stonemasons,85,0.0,,1.0,2024-06-17 18:24:43.379999732,2024-09,PARTIAL
3311 Bricklayers and Stonemasons,90,0.0,,2.0,2024-07-10 08:56:14.779999772,2024-09,PARTIAL
3312 Carpenters and Joiners,45,1.0,2024-09-25 22:47:03.227000000,0.0,,2024-09,UNTOUCHED
3312 Carpenters and Joiners,50,1.0,2024-09-27 22:04:12.323000020,0.0,,2024-09,UNTOUCHED
3312 Carpenters and Joiners,55,1.0,2024-01-18 13:23:47.066999677,0.0,,2024-09,UNTOUCHED
3312 Carpenters and Joiners,60,4.0,2024-09-14 10:15:19.740000133,0.0,,2024-09,UNTOUCHED
3312 Carpenters and Joiners,65,28.0,2024-09-30 14:36:33.412999924,113.0,2024-09-04 15:09:04.107000205,2024-09,PARTIAL
3312 Carpenters and Joiners,70,21.0,2024-09-30 14:08:33.660000127,66.0,2024-09-03 12:59:02.833000097,2024-09,PARTIAL
3312 Carpenters and Joiners,75,3.0,2024-09-28 13:28:52.300000079,44.0,2024-08-22 02:15:03.420000057,2024-09,PARTIAL
3312 Carpenters and Joiners,80,5.0,2024-09-27 20:16:12.220000299,21.0,2024-08-29 12:53:26.790000967,2024-09,PARTIAL
3312 Carpenters and Joiners,85,1.0,2024-09-16 10:27:10.887000310,4.0,2024-07-03 17:40:39.380000255,2024-09,PARTIAL
3322 Painting Trades Workers,60,7.0,2024-09-27 17:10:05.803000135,0.0,,2024-09,UNTOUCHED
3322 Painting Trades Workers,65,22.0,2024-09-24 13:21:51.539999811,97.0,2024-09-04 14:37:40.829999972,2024-09,PARTIAL
3322 Painting Trades Workers,70,9.0,2024-09-29 18:34:23.319999981,64.0,2024-09-02 17:10:39.319999864,2024-09,PARTIAL
3322 Painting Trades Workers,75,5.0,2024-09-30 23:43:02.409999821,34.0,2024-08-30 17:24:19.723000046,2024-09,PARTIAL
3322 Painting Trades Workers,80,0.0,,15.0,2024-08-16 15:51:13.556999905,2024-09,PARTIAL
3322 Painting Trades Workers,85,1.0,2024-09-27 15:11:06.346999884,2.0,2023-11-08 06:21:42.642999777,2024-09,PARTIAL
3322 Painting Trades Workers,90,1.0,2024-09-05 10:58:59.153000108,2.0,2024-07-29 10:53:12.050000119,2024-09,PARTIAL
3331 Glaziers,65,0.0,,1.0,2022-12-15 17:23:58.060000216,2024-09,PARTIAL
3331 Glaziers,70,0.0,,2.0,2024-07-17 13:45:56.520000377,2024-09,PARTIAL
3332 Plasterers,65,1.0,2024-09-12 00:36:21.870000060,5.0,2024-09-04 10:19:15.207000211,2024-09,PARTIAL
3332 Plasterers,75,1.0,2024-09-10 18:46:42.623000621,0.0,,2024-09,UNTOUCHED
3334 Wall and Floor Tilers,65,4.0,2024-09-20 16:48:44.779999772,12.0,2024-08-14 21:40:27.990000085,2024-09,PARTIAL
3334 Wall and Floor Tilers,70,1.0,2024-09-05 15:01:51.200000342,17.0,2024-08-28 13:26:42.280000226,2024-09,PARTIAL
3334 Wall and Floor Tilers,75,0.0,,3.0,2024-08-19 16:22:44.342999973,2024-09,PARTIAL
3334 Wall and Floor Tilers,80,1.0,2024-09-05 16:42:15.180000096,2.0,2024-07-22 11:20:17.440000805,2024-09,PARTIAL
3341 Plumbers,65,3.0,2024-09-18 07:49:39.347000368,14.0,2024-08-29 23:47:12.847000168,2024-09,PARTIAL
3341 Plumbers,70,1.0,2024-08-09 18:23:24.410000218,6.0,2024-08-23 19:59:33.119999911,2024-09,CLEARED
3341 Plumbers,75,0.0,,4.0,2024-08-09 00:05:43.923000010,2024-09,PARTIAL
3341 Plumbers,80,0.0,,2.0,2024-03-12 22:06:24.017000045,2024-09,PARTIAL
3341 Plumbers,90,1.0,2024-09-15 12:34:25.916999828,0.0,,2024-09,UNTOUCHED
3411 Electricians,50,1.0,2024-09-21 17:54:49.630000196,0.0,,2024-09,UNTOUCHED
3411 Electricians,60,1.0,2024-09-29 21:38:24.559999823,0.0,,2024-09,UNTOUCHED
3411 Electricians,65,6.0,2024-09-28 22:59:44.850000033,25.0,2024-08-29 18:37:00.743000088,2024-09,PARTIAL
3411 Electricians,70,0.0,,16.0,2024-08-16 05:15:16.203000024,2024-09,PARTIAL
3411 Electricians,75,4.0,2024-09-27 22:32:19.717000163,9.0,2024-08-30 19:47:12.237000043,2024-09,PARTIAL
3411 Electricians,80,0.0,,3.0,2024-04-03 00:56:34.617000318,2024-09,PARTIAL
3411 Electricians,100,1.0,2024-09-28 06:52:08.970000237,0.0,,2024-09,UNTOUCHED
3421 Airconditioning and Refrigeration Mechanics,75,2.0,2024-08-24 15:59:09.683000027,0.0,,2024-09,UNTOUCHED
3421 Airconditioning and Refrigeration Mechanics,80,1.0,2024-09-16 07:31:01.223000126,0.0,,2024-09,UNTOUCHED
3423 Electronics Trades Workers,60,1.0,2024-09-08 19:06:13.247000251,0.0,,2024-09,UNTOUCHED
3423 Electronics Trades Workers,65,3.0,2024-09-24 20:20:00.239999801,0.0,,2024-09,UNTOUCHED
3423 Electronics Trades Workers,70,6.0,2024-09-30 00:15:31.497000045,0.0,,2024-09,UNTOUCHED
3423 Electronics Trades Workers,75,2.0,2024-09-16 00:46:54.530000137,0.0,,2024-09,UNTOUCHED
3513 Chefs,50,2.0,2024-09-20 11:09:34.610000195,0.0,,2024-09,UNTOUCHED
3513 Chefs,55,12.0,2024-09-27 15:02:04.502999754,0.0,,2024-09,UNTOUCHED
3513 Chefs,60,23.0,2024-09-30 00:06:56.286999734,0.0,,2024-09,UNTOUCHED
3513 Chefs,65,163.0,2024-09-30 18:48:12.670000133,0.0,,2024-09,UNTOUCHED
3513 Chefs,70,119.0,2024-09-30 13:49:50.387000327,0.0,,2024-09,UNTOUCHED
3513 Chefs,75,90.0,2024-09-30 17:53:05.650000042,0.0,,2024-09,UNTOUCHED
3513 Chefs,80,43.0,2024-09-30 15:06:30.587000201,0.0,,2024-09,UNTOUCHED
3513 Chefs,85,16.0,2024-09-17 17:48:17.172999711,0.0,,2024-09,UNTOUCHED
3513 Chefs,90,8.0,2024-09-24 09:56:20.897000180,1.0,2022-12-10 22:35:11.980000368,2024-09,PARTIAL
3513 Chefs,95,1.0,2024-09-23 16:22:50.100000150,3.0,2024-03-26 16:16:31.513000244,2024-09,PARTIAL
3513 Chefs,100,1.0,2024-09-05 23:03:48.733000015,0.0,,2024-09,UNTOUCHED
3941 Cabinetmakers,50,1.0,2024-09-23 22:00:30.617000164,0.0,,2024-09,UNTOUCHED
3941 Cabinetmakers,65,1.0,2024-09-23 23:05:30.377000224,7.0,2024-09-03 17:34:05.200000032,2024-09,PARTIAL
3941 Cabinetmakers,70,0.0,,4.0,2024-08-09 21:25:35.206999979,2024-09,PARTIAL
3941 Cabinetmakers,75,0.0,,3.0,2024-07-31 17:43:45.190000004,2024-09,PARTIAL
3941 Cabinetmakers,80,0.0,,2.0,2024-07-29 20:46:50.800000212,2024-09,PARTIAL
3941 Cabinetmakers,85,0.0,,3.0,2024-08-27 19:14:42.799999830,2024-09,PARTIAL
3991 Boat Builders and Shipwrights,75,1.0,2024-05-24 15:43:15.727000149,0.0,,2024-09,UNTOUCHED
3991 Boat Builders and Shipwrights,105,0.0,,1.0,2023-01-30 00:02:24.503000032,2024-09,PARTIAL
"4523 Sports Coaches, Instructors and Officials",65,1.0,2024-09-30 17:35:55.717000157,0.0,,2024-09,UNTOUCHED
1331 Construction Managers,50,3.0,2024-10-22 17:15:52.220000021,0.0,,2024-11,UNTOUCHED
1331 Construction Managers,55,5.0,2024-10-29 19:01:22.210000095,0.0,,2024-11,UNTOUCHED
1331 Construction Managers,60,8.0,2024-10-15 17:56:09.907000149,0.0,,2024-11,UNTOUCHED
1331 Construction Managers,65,64.0,2024-10-29 21:18:59.537000168,0.0,,2024-11,UNTOUCHED
1331 Construction Managers,70,37.0,2024-10-31 15:15:19.242999794,36.0,2023-06-13 23:27:48.127000026,2024-11,PARTIAL
1331 Construction Managers,75,59.0,2024-10-29 23:05:07.890000008,254.0,2024-11-06 21:12:40.759999905,2024-11,CLEARED
1331 Construction Managers,80,29.0,2024-10-31 21:55:37.230000179,90.0,2024-11-05 17:48:35.457000189,2024-11,CLEARED
1331 Construction Managers,85,17.0,2024-10-30 19:32:12.170000140,30.0,2024-11-06 13:24:38.952999927,2024-11,CLEARED
1331 Construction Managers,100,0.0,,1.0,2024-07-26 17:57:30.693000810,2024-11,PARTIAL
1332 Engineering Managers,55,1.0,2024-10-07 23:35:09.577000095,0.0,,2024-11,UNTOUCHED
1332 Engineering Managers,60,4.0,2024-10-28 23:25:53.850000308,0.0,,2024-11,UNTOUCHED
1332 Engineering Managers,65,15.0,2024-10-31 18:59:43.007000153,0.0,,2024-11,UNTOUCHED
1332 Engineering Managers,70,6.0,2024-10-29 20:00:05.200000292,0.0,,2024-11,UNTOUCHED
1332 Engineering Managers,75,10.0,2024-10-29 00:18:15.392999894,0.0,,2024-11,UNTOUCHED
1332 Engineering Managers,80,4.0,2024-10-25 18:16:45.559999799,0.0,,2024-11,UNTOUCHED
1332 Engineering Managers,85,1.0,2024-10-31 00:27:19.987000197,0.0,,2024-11,UNTOUCHED
1332 Engineering Managers,90,0.0,,1.0,2024-02-20 19:16:54.537000280,2024-11,PARTIAL
1341 Child Care Centre Managers,65,2.0,2024-09-12 15:15:27.277000554,0.0,,2024-11,UNTOUCHED
1341 Child Care Centre Managers,70,1.0,2024-09-11 12:53:50.753000264,0.0,,2024-11,UNTOUCHED
1341 Child Care Centre Managers,75,0.0,,1.0,2024-01-03 08:10:42.980000001,2024-11,PARTIAL
1342 Health and Welfare Services Managers,65,4.0,2024-09-23 22:10:59.939999878,0.0,,2024-11,UNTOUCHED
1342 Health and Welfare Services Managers,70,1.0,2024-09-17 00:09:32.267000099,0.0,,2024-11,UNTOUCHED
1342 Health and Welfare Services Managers,75,1.0,2024-09-19 14:09:42.297000220,0.0,,2024-11,UNTOUCHED
1342 Health and Welfare Services Managers,85,2.0,2024-09-16 19:45:24.719999984,0.0,,2024-11,UNTOUCHED
1399 Other Specialist Managers,65,4.0,2024-10-20 22:15:24.233000304,0.0,,2024-11,UNTOUCHED
1399 Other Specialist Managers,70,1.0,2024-10-11 17:30:41.006999885,0.0,,2024-11,UNTOUCHED
1399 Other Specialist Managers,75,7.0,2024-10-29 20:12:52.227000005,0.0,,2024-11,UNTOUCHED
1399 Other Specialist Managers,80,5.0,2024-10-18 10:41:12.100000009,0.0,,2024-11,UNTOUCHED
1399 Other Specialist Managers,90,1.0,2024-10-18 00:49:10.986999876,3.0,2024-10-18 00:49:10.986999876,2024-11,CLEARED
1399 Other Specialist Managers,95,3.0,2024-03-14 20:07:52.562999766,3.0,2024-03-14 20:07:52.562999766,2024-11,CLEARED
"2111 Actors, Dancers and Other Entertainers",75,1.0,2024-10-21 21:48:46.517000212,0.0,,2024-11,UNTOUCHED
"2111 Actors, Dancers and Other Entertainers",90,0.0,,1.0,2023-05-23 13:40:05.463000387,2024-11,PARTIAL
2112 Music Professionals,70,1.0,2023-08-26 04:20:27.852999624,0.0,,2024-11,UNTOUCHED
2112 Music Professionals,75,1.0,2023-07-30 23:16:37.572999729,0.0,,2024-11,UNTOUCHED
2112 Music Professionals,90,0.0,,1.0,2023-08-04 13:38:32.343000290,2024-11,PARTIAL
"2121 Artistic Directors, and Media Producers and Presenters",80,1.0,2024-09-24 22:08:01.717000059,0.0,,2024-11,UNTOUCHED
2211 Accountants,45,1.0,2024-10-08 15:36:52.036999732,0.0,,2024-11,UNTOUCHED
2211 Accountants,55,7.0,2024-09-11 04:40:21.510000200,0.0,,2024-11,UNTOUCHED
2211 Accountants,60,23.0,2024-10-24 17:42:32.707000100,0.0,,2024-11,UNTOUCHED
2211 Accountants,65,138.0,2024-10-31 19:37:26.193000135,0.0,,2024-11,UNTOUCHED
2211 Accountants,70,209.0,2024-10-31 10:05:23.839999825,0.0,,2024-11,UNTOUCHED
2211 Accountants,75,201.0,2024-10-31 16:13:07.646999931,0.0,,2024-11,UNTOUCHED
2211 Accountants,80,186.0,2024-10-31 01:18:53.933000103,0.0,,2024-11,UNTOUCHED
2211 Accountants,85,158.0,2024-10-31 19:27:12.330000051,4.0,2022-12-15 13:52:21.969999923,2024-11,PARTIAL
2211 Accountants,90,128.0,2024-10-28 14:51:36.260000092,111.0,2024-11-05 17:38:17.110000204,2024-11,CLEARED
2211 Accountants,95,48.0,2024-10-26 18:29:48.080000365,298.0,2024-11-02 14:32:23.036999922,2024-11,CLEARED
2211 Accountants,100,15.0,2024-09-30 12:44:50.077000115,37.0,2024-09-30 12:44:50.077000115,2024-11,CLEARED
"2212 Auditors, Company Secretaries and Corporate Treasurers",45,1.0,2024-10-09 20:42:53.259999785,0.0,,2024-11,UNTOUCHED
"2212 Auditors, Company Secretaries and Corporate Treasurers",55,1.0,2023-04-10 09:33:12.917000364,0.0,,2024-11,UNTOUCHED
"2212 Auditors, Company Secretaries and Corporate Treasurers",60,9.0,2024-10-08 13:48:55.967000293,0.0,,2024-11,UNTOUCHED
"2212 Auditors, Company Secretaries and Corporate Treasurers",65,54.0,2024-10-27 14:11:38.223000254,0.0,,2024-11,UNTOUCHED
"2212 Auditors, Company Secretaries and Corporate Treasurers",70,98.0,2024-10-31 17:27:09.192999654,0.0,,2024-11,UNTOUCHED
"2212 Auditors, Company Secretaries and Corporate Treasurers",75,87.0,2024-10-31 16:41:48.056999838,0.0,,2024-11,UNTOUCHED
"2212 Auditors, Company Secretaries and Corporate Treasurers",80,78.0,2024-10-31 10:28:25.753000013,0.0,,2024-11,UNTOUCHED
"2212 Auditors, Company Secretaries and Corporate Treasurers",85,95.0,2024-10-31 22:12:26.680000380,34.0,2022-12-20 13:02:20.022999979,2024-11,PARTIAL
"2212 Auditors, Company Secretaries and Corporate Treasurers",90,39.0,2024-10-29 13:41:06.150000229,290.0,2024-11-05 19:47:26.730000669,2024-11,CLEARED
"2212 Auditors, Company Secretaries and Corporate Treasurers",95,6.0,2024-09-24 10:59:34.997000141,15.0,2024-09-24 10:59:34.997000141,2024-11,CLEARED
"2241 Actuaries, Mathematicians and Statisticians",65,10.0,2024-10-31 18:10:40.940000048,0.0,,2024-11,UNTOUCHED
"2241 Actuaries, Mathematicians and Statisticians",70,15.0,2024-10-18 09:59:19.552999680,0.0,,2024-11,UNTOUCHED
"2241 Actuaries, Mathematicians and Statisticians",75,16.0,2024-10-08 22:12:45.256999924,0.0,,2024-11,UNTOUCHED
"2241 Actuaries, Mathematicians and Statisticians",80,23.0,2024-10-08 16:11:23.142999649,0.0,,2024-11,UNTOUCHED
"2241 Actuaries, Mathematicians and Statisticians",85,27.0,2024-10-28 15:01:42.760000107,1.0,2022-12-19 19:44:22.247000358,2024-11,PARTIAL
"2241 Actuaries, Mathematicians and Statisticians",90,13.0,2024-10-30 20:04:25.979999882,66.0,2024-10-30 20:04:25.979999882,2024-11,CLEARED
"2241 Actuaries, Mathematicians and Statisticians",95,4.0,2024-09-13 14:36:59.437000036,5.0,2024-09-13 14:36:59.437000036,2024-11,CLEARED
2243 Economists,60,3.0,2024-07-18 19:47:40.447000291,0.0,,2024-11,UNTOUCHED
2243 Economists,65,1.0,2024-10-09 23:54:04.192999997,0.0,,2024-11,UNTOUCHED
2243 Economists,70,4.0,2024-10-09 13:28:00.767000326,0.0,,2024-11,UNTOUCHED
2243 Economists,75,4.0,2024-10-30 02:42:15.466999818,0.0,,2024-11,UNTOUCHED
2243 Economists,80,3.0,2024-10-18 15:30:04.160000148,0.0,,2024-11,UNTOUCHED
2243 Economists,85,2.0,2024-03-05 20:45:50.550000114,0.0,,2024-11,UNTOUCHED
2243 Economists,90,4.0,2024-04-01 18:15:31.580000369,11.0,2024-04-30 00:56:08.906999709,2024-11,CLEARED
2245 Land Economists and Valuers,60,1.0,2024-10-28 17:54:23.446999995,0.0,,2024-11,UNTOUCHED
2245 Land Economists and Valuers,65,3.0,2024-10-22 09:49:51.000000133,0.0,,2024-11,UNTOUCHED
2245 Land Economists and Valuers,70,1.0,2024-09-17 14:29:53.590000107,0.0,,2024-11,UNTOUCHED
2245 Land Economists and Valuers,75,8.0,2024-09-11 13:43:30.497000041,0.0,,2024-11,UNTOUCHED
2245 Land Economists and Valuers,80,3.0,2024-10-28 17:46:35.026999993,0.0,,2024-11,UNTOUCHED
2245 Land Economists and Valuers,85,6.0,2024-10-28 17:29:10.889999741,0.0,,2024-11,UNTOUCHED
2245 Land Economists and Valuers,90,0.0,,2.0,2023-08-26 19:01:08.109999874,2024-11,PARTIAL
2245 Land Economists and Valuers,95,0.0,,1.0,2023-06-15 12:10:46.419999493,2024-11,PARTIAL
2247 Management and Organisation Analysts,65,5.0,2024-10-29 21:01:46.733000211,0.0,,2024-11,UNTOUCHED
2247 Management and Organisation Analysts,70,5.0,2024-10-26 21:30:51.082999891,0.0,,2024-11,UNTOUCHED
2247 Management and Organisation Analysts,75,18.0,2024-10-31 20:21:17.866999036,0.0,,2024-11,UNTOUCHED
2247 Management and Organisation Analysts,80,11.0,2024-10-02 20:08:13.383000369,0.0,,2024-11,UNTOUCHED
2247 Management and Organisation Analysts,85,18.0,2024-10-18 14:57:35.457000059,1.0,2022-12-17 15:59:28.193000087,2024-11,PARTIAL
2247 Management and Organisation Analysts,90,10.0,2024-10-03 10:08:51.160000341,28.0,2024-11-04 23:31:54.809999921,2024-11,CLEARED
2247 Management and Organisation Analysts,95,2.0,2024-10-23 20:45:23.000000558,4.0,2024-10-23 20:45:23.000000558,2024-11,CLEARED
2321 Architects and Landscape Architects,60,6.0,2024-10-16 18:55:42.597000459,0.0,,2024-11,UNTOUCHED
2321 Architects and Landscape Architects,65,22.0,2024-10-31 16:04:32.163000026,0.0,,2024-11,UNTOUCHED
2321 Architects and Landscape Architects,70,36.0,2024-10-28 21:30:37.897000318,24.0,2023-06-08 21:39:24.776999942,2024-11,PARTIAL
2321 Architects and Landscape Architects,75,49.0,2024-10-31 16:26:06.857000350,143.0,2024-11-05 17:02:00.812999736,2024-11,CLEARED
2321 Architects and Landscape Architects,80,31.0,2024-10-30 21:27:35.999999864,70.0,2024-10-30 21:27:35.999999864,2024-11,CLEARED
2321 Architects and Landscape Architects,85,16.0,2024-10-24 19:05:48.249999942,26.0,2024-11-05 16:16:19.330000161,2024-11,CLEARED
2321 Architects and Landscape Architects,90,2.0,2024-10-01 13:06:32.949999518,6.0,2024-10-01 13:06:32.949999518,2024-11,CLEARED
2321 Architects and Landscape Architects,95,1.0,2024-09-11 20:40:33.172999993,1.0,2024-09-11 20:40:33.172999993,2024-11,CLEARED
2321 Architects and Landscape Architects,105,0.0,,1.0,2024-08-23 07:11:01.810000170,2024-11,PARTIAL
2322 Cartographers and Surveyors,60,1.0,2023-10-30 07:17:57.912999941,0.0,,2024-11,UNTOUCHED
2322 Cartographers and Surveyors,65,9.0,2024-10-29 22:01:36.882999992,0.0,,2024-11,UNTOUCHED
2322 Cartographers and Surveyors,70,4.0,2024-10-31 21:21:37.819999886,0.0,,2024-11,UNTOUCHED
2322 Cartographers and Surveyors,75,12.0,2024-10-05 01:54:44.127000187,0.0,,2024-11,UNTOUCHED
2322 Cartographers and Surveyors,80,10.0,2024-10-30 17:50:40.242999816,0.0,,2024-11,UNTOUCHED
2322 Cartographers and Surveyors,85,3.0,2024-10-17 11:24:28.833000166,0.0,,2024-11,UNTOUCHED
2322 Cartographers and Surveyors,90,3.0,2024-06-10 13:18:52.459999646,17.0,2024-06-15 14:54:41.619999767,2024-11,CLEARED
2322 Cartographers and Surveyors,95,1.0,2024-03-06 15:19:53.909999725,1.0,2024-03-06 15:19:53.909999725,2024-11,CLEARED
2331 Chemical and Materials Engineers,45,1.0,2023-09-19 15:21:41.696999956,0.0,,2024-11,UNTOUCHED
2331 Chemical and Materials Engineers,55,1.0,2022-11-20 22:15:03.579999903,0.0,,2024-11,UNTOUCHED
2331 Chemical and Materials Engineers,60,5.0,2024-10-18 18:54:40.839999768,0.0,,2024-11,UNTOUCHED
2331 Chemical and Materials Engineers,65,25.0,2024-10-12 19:03:09.036999990,0.0,,2024-11,UNTOUCHED
2331 Chemical and Materials Engineers,70,39.0,2024-10-31 20:43:48.209999718,0.0,,2024-11,UNTOUCHED
2331 Chemical and Materials Engineers,75,32.0,2024-10-31 03:34:59.649999945,0.0,,2024-11,UNTOUCHED
2331 Chemical and Materials Engineers,80,44.0,2024-10-30 17:45:25.596999774,0.0,,2024-11,UNTOUCHED
2331 Chemical and Materials Engineers,85,22.0,2024-10-29 12:33:41.299999954,5.0,2022-12-15 11:48:24.907000204,2024-11,PARTIAL
2331 Chemical and Materials Engineers,90,12.0,2024-10-24 19:00:37.472999866,57.0,2024-10-24 19:00:37.472999866,2024-11,CLEARED
2331 Chemical and Materials Engineers,95,8.0,2024-10-25 20:41:37.042999699,11.0,2024-10-25 20:41:37.042999699,2024-11,CLEARED
2331 Chemical and Materials Engineers,100,1.0,2024-09-20 13:34:06.789999910,3.0,2024-09-20 13:34:06.789999910,2024-11,CLEARED
2332 Civil Engineering Professionals,45,1.0,2024-09-26 18:58:51.690000158,0.0,,2024-11,UNTOUCHED
2332 Civil Engineering Professionals,50,5.0,2024-10-29 18:11:31.019999605,0.0,,2024-11,UNTOUCHED
2332 Civil Engineering Professionals,55,15.0,2024-10-20 01:40:40.133000046,0.0,,2024-11,UNTOUCHED
2332 Civil Engineering Professionals,60,33.0,2024-10-24 18:44:16.107000426,0.0,,2024-11,UNTOUCHED
2332 Civil Engineering Professionals,65,176.0,2024-10-30 22:49:37.212999666,0.0,,2024-11,UNTOUCHED
2332 Civil Engineering Professionals,70,219.0,2024-10-31 01:30:31.157000084,29.0,2023-06-01 22:48:33.543000141,2024-11,PARTIAL
2332 Civil Engineering Professionals,75,259.0,2024-10-31 21:50:54.312999731,164.0,2024-11-06 21:41:33.767000105,2024-11,CLEARED
2332 Civil Engineering Professionals,80,213.0,2024-10-31 13:42:44.027000268,90.0,2024-11-06 13:01:26.682999997,2024-11,CLEARED
2332 Civil Engineering Professionals,85,128.0,2024-10-31 21:32:14.809999986,48.0,2024-11-04 19:58:45.430000083,2024-11,CLEARED
2332 Civil Engineering Professionals,90,61.0,2024-10-31 21:12:26.497000175,269.0,2024-11-07 05:47:30.793000191,2024-11,CLEARED
2332 Civil Engineering Professionals,95,8.0,2024-10-09 16:59:56.653000033,20.0,2024-10-09 16:59:56.653000033,2024-11,CLEARED
2332 Civil Engineering Professionals,100,0.0,,1.0,2024-08-27 17:11:29.850000126,2024-11,PARTIAL
2332 Civil Engineering Professionals,105,0.0,,1.0,2024-08-03 21:57:07.360000015,2024-11,PARTIAL
2333 Electrical Engineers,50,2.0,2024-10-15 15:51:20.097000394,0.0,,2024-11,UNTOUCHED
2333 Electrical Engineers,55,8.0,2024-10-20 13:56:58.113000205,0.0,,2024-11,UNTOUCHED
2333 Electrical Engineers,60,16.0,2024-10-22 13:15:12.319999773,0.0,,2024-11,UNTOUCHED
2333 Electrical Engineers,65,78.0,2024-10-31 13:45:37.556999735,0.0,,2024-11,UNTOUCHED
2333 Electrical Engineers,70,74.0,2024-10-25 14:59:03.659999942,0.0,,2024-11,UNTOUCHED
2333 Electrical Engineers,75,81.0,2024-10-31 15:25:46.163000069,0.0,,2024-11,UNTOUCHED
2333 Electrical Engineers,80,82.0,2024-10-27 09:04:44.910000350,0.0,,2024-11,UNTOUCHED
2333 Electrical Engineers,85,40.0,2024-10-16 20:47:33.642999827,6.0,2022-12-12 21:27:02.296999840,2024-11,PARTIAL
2333 Electrical Engineers,90,15.0,2024-10-25 13:43:30.899999648,117.0,2024-10-25 13:43:30.899999648,2024-11,CLEARED
2333 Electrical Engineers,95,6.0,2024-09-24 15:41:36.247000104,10.0,2024-09-24 15:41:36.247000104,2024-11,CLEARED
2334 Electronics Engineers,50,1.0,2024-09-06 00:30:28.570000265,0.0,,2024-11,UNTOUCHED
2334 Electronics Engineers,55,8.0,2024-10-24 11:14:12.823000310,0.0,,2024-11,UNTOUCHED
2334 Electronics Engineers,60,11.0,2024-10-30 18:02:55.307000241,0.0,,2024-11,UNTOUCHED
2334 Electronics Engineers,65,52.0,2024-10-31 22:56:07.589999872,0.0,,2024-11,UNTOUCHED
2334 Electronics Engineers,70,49.0,2024-10-30 20:30:20.142999944,0.0,,2024-11,UNTOUCHED
2334 Electronics Engineers,75,54.0,2024-10-31 19:51:08.780000112,0.0,,2024-11,UNTOUCHED
2334 Electronics Engineers,80,53.0,2024-10-30 19:18:12.440000082,0.0,,2024-11,UNTOUCHED
2334 Electronics Engineers,85,48.0,2024-10-25 12:56:10.572999768,8.0,2022-12-19 18:36:44.677000172,2024-11,PARTIAL
2334 Electronics Engineers,90,17.0,2024-10-20 17:59:22.779999709,77.0,2024-11-05 11:39:22.630000383,2024-11,CLEARED
2334 Electronics Engineers,95,9.0,2024-10-25 09:10:31.302999284,12.0,2024-10-25 09:10:31.302999284,2024-11,CLEARED
2334 Electronics Engineers,100,2.0,2024-10-25 12:51:18.739999609,2.0,2024-10-25 12:51:18.739999609,2024-11,CLEARED
"2335 Industrial, Mechanical and Production Engineers",40,1.0,2024-09-25 18:44:21.196999973,0.0,,2024-11,UNTOUCHED
"2335 Industrial, Mechanical and Production Engineers",50,2.0,2024-10-05 14:52:01.629999906,0.0,,2024-11,UNTOUCHED
"2335 Industrial, Mechanical and Production Engineers",55,16.0,2024-10-14 04:23:04.056999861,0.0,,2024-11,UNTOUCHED
"2335 Industrial, Mechanical and Production Engineers",60,27.0,2024-10-29 15:46:15.319999830,0.0,,2024-11,UNTOUCHED
"2335 Industrial, Mechanical and Production Engineers",65,151.0,2024-10-30 17:57:35.550000207,0.0,,2024-11,UNTOUCHED
"2335 Industrial, Mechanical and Production Engineers",70,168.0,2024-10-29 17:38:33.799999703,0.0,,2024-11,UNTOUCHED
"2335 Industrial, Mechanical and Production Engineers",75,206.0,2024-10-31 20:55:24.306999801,0.0,,2024-11,UNTOUCHED
"2335 Industrial, Mechanical and Production Engineers",80,133.0,2024-10-30 01:45:28.296999797,0.0,,2024-11,UNTOUCHED
"2335 Industrial, Mechanical and Production Engineers",85,112.0,2024-10-28 17:30:13.420000298,23.0,2022-12-20 15:09:22.709999782,2024-11,PARTIAL
"2335 Industrial, Mechanical and Production Engineers",90,66.0,2024-10-30 23:01:55.586999616,327.0,2024-11-06 19:58:52.779999820,2024-11,CLEARED
"2335 Industrial, Mechanical and Production Engineers",95,15.0,2024-10-20 21:51:15.176999672,28.0,2024-10-20 21:51:15.176999672,2024-11,CLEARED
"2335 Industrial, Mechanical and Production Engineers",100,2.0,2024-09-11 17:18:19.282999870,2.0,2024-09-11 17:18:19.282999870,2024-11,CLEARED
2336 Mining Engineers,40,1.0,2024-09-05 14:01:50.930000382,0.0,,2024-11,UNTOUCHED
2336 Mining Engineers,55,1.0,2024-09-03 06:59:25.363000098,0.0,,2024-11,UNTOUCHED
2336 Mining Engineers,60,2.0,2024-10-19 20:14:39.473000347,0.0,,2024-11,UNTOUCHED
2336 Mining Engineers,65,17.0,2024-10-25 17:11:47.893000989,0.0,,2024-11,UNTOUCHED
2336 Mining Engineers,70,13.0,2024-10-23 20:30:52.540000344,0.0,,2024-11,UNTOUCHED
2336 Mining Engineers,75,9.0,2024-10-28 17:26:00.889999964,0.0,,2024-11,UNTOUCHED
2336 Mining Engineers,80,8.0,2024-10-09 02:30:04.527000103,0.0,,2024-11,UNTOUCHED
2336 Mining Engineers,85,6.0,2024-10-01 11:38:28.050000086,2.0,2022-12-19 16:30:24.410000116,2024-11,PARTIAL
2336 Mining Engineers,90,5.0,2024-08-26 02:56:30.499999742,23.0,2024-08-26 02:56:30.499999742,2024-11,CLEARED
2336 Mining Engineers,95,1.0,2022-11-28 19:34:38.869999668,2.0,2023-08-10 17:16:47.237000062,2024-11,CLEARED
2336 Mining Engineers,105,0.0,,1.0,2024-08-20 19:27:54.779999883,2024-11,PARTIAL
2339 Other Engineering Professionals,50,3.0,2024-10-18 11:08:25.296999823,0.0,,2024-11,UNTOUCHED
2339 Other Engineering Professionals,55,7.0,2024-10-16 22:03:16.537000176,0.0,,2024-11,UNTOUCHED
2339 Other Engineering Professionals,60,23.0,2024-10-25 22:24:45.293000235,0.0,,2024-11,UNTOUCHED
2339 Other Engineering Professionals,65,115.0,2024-10-28 17:24:50.869999676,0.0,,2024-11,UNTOUCHED
2339 Other Engineering Professionals,70,141.0,2024-10-31 01:40:49.107000233,0.0,,2024-11,UNTOUCHED
2339 Other Engineering Professionals,75,148.0,2024-10-31 20:26:53.800000771,0.0,,2024-11,UNTOUCHED
2339 Other Engineering Professionals,80,134.0,2024-10-29 15:00:32.916999844,0.0,,2024-11,UNTOUCHED
2339 Other Engineering Professionals,85,126.0,2024-10-31 18:11:01.239999953,19.0,2022-12-20 13:54:58.590000089,2024-11,PARTIAL
2339 Other Engineering Professionals,90,57.0,2024-10-29 18:12:04.919999924,236.0,2024-11-03 18:23:43.513000224,2024-11,CLEARED
2339 Other Engineering Professionals,95,2.0,2024-10-03 17:35:19.707000089,12.0,2024-10-03 17:35:19.707000089,2024-11,CLEARED
2339 Other Engineering Professionals,100,1.0,2024-10-25 13:10:38.030000030,3.0,2024-11-05 20:27:25.392999801,2024-11,CLEARED
2339 Other Engineering Professionals,105,0.0,,1.0,2024-08-27 11:36:11.472999992,2024-11,PARTIAL
2341 Agricultural and Forestry Scientists,50,1.0,2024-09-19 03:02:48.402999896,0.0,,2024-11,UNTOUCHED
2341 Agricultural and Forestry Scientists,60,4.0,2024-09-19 00:02:21.139999635,0.0,,2024-11,UNTOUCHED
2341 Agricultural and Forestry Scientists,65,24.0,2024-10-30 21:08:39.693000036,0.0,,2024-11,UNTOUCHED
2341 Agricultural and Forestry Scientists,70,20.0,2024-10-22 23:10:20.979999891,0.0,,2024-11,UNTOUCHED
2341 Agricultural and Forestry Scientists,75,11.0,2024-10-30 21:45:00.489999983,0.0,,2024-11,UNTOUCHED
2341 Agricultural and Forestry Scientists,80,11.0,2024-08-26 19:45:10.066999726,0.0,,2024-11,UNTOUCHED
2341 Agricultural and Forestry Scientists,85,6.0,2024-10-19 18:04:52.290000171,2.0,2022-12-17 16:09:20.322999717,2024-11,PARTIAL
2341 Agricultural and Forestry Scientists,90,4.0,2024-10-08 14:18:49.439999718,23.0,2024-10-08 14:18:49.439999718,2024-11,CLEARED
2341 Agricultural and Forestry Scientists,95,5.0,2024-10-11 10:54:26.359999891,5.0,2024-10-11 10:54:26.359999891,2024-11,CLEARED
2341 Agricultural and Forestry Scientists,100,2.0,2024-09-25 03:03:20.560000216,2.0,2024-09-25 03:03:20.560000216,2024-11,CLEARED
2341 Agricultural and Forestry Scientists,105,1.0,2024-10-01 05:46:26.700000168,1.0,2024-10-01 05:46:26.700000168,2024-11,CLEARED
"2342 Chemists, and Food and Wine Scientists",55,2.0,2024-10-17 20:37:47.303000345,0.0,,2024-11,UNTOUCHED
"2342 Chemists, and Food and Wine Scientists",60,7.0,2024-10-10 11:16:59.149999971,0.0,,2024-11,UNTOUCHED
"2342 Chemists, and Food and Wine Scientists",65,32.0,2024-10-31 10:54:05.779999998,0.0,,2024-11,UNTOUCHED
"2342 Chemists, and Food and Wine Scientists",70,29.0,2024-10-31 18:13:51.082999705,0.0,,2024-11,UNTOUCHED
"2342 Chemists, and Food and Wine Scientists",75,25.0,2024-10-28 23:28:32.386999981,0.0,,2024-11,UNTOUCHED
"2342 Chemists, and Food and Wine Scientists",80,16.0,2024-10-31 22:20:54.590000046,0.0,,2024-11,UNTOUCHED
"2342 Chemists, and Food and Wine Scientists",85,19.0,2024-10-29 21:18:54.230000057,0.0,,2024-11,UNTOUCHED
"2342 Chemists, and Food and Wine Scientists",90,10.0,2024-10-28 17:27:17.912999885,27.0,2024-10-28 17:27:17.912999885,2024-11,CLEARED
"2342 Chemists, and Food and Wine Scientists",100,1.0,2024-04-15 22:08:57.192999823,1.0,2024-04-15 22:08:57.192999823,2024-11,CLEARED
2343 Environmental Scientists,45,1.0,2024-09-18 22:28:03.356999604,0.0,,2024-11,UNTOUCHED
2343 Environmental Scientists,65,10.0,2024-10-16 14:29:28.703000339,0.0,,2024-11,UNTOUCHED
2343 Environmental Scientists,70,13.0,2024-10-24 23:46:27.123000035,0.0,,2024-11,UNTOUCHED
2343 Environmental Scientists,75,12.0,2024-10-22 16:56:50.827000067,0.0,,2024-11,UNTOUCHED
2343 Environmental Scientists,80,6.0,2024-09-06 17:16:38.829999797,0.0,,2024-11,UNTOUCHED
2343 Environmental Scientists,85,11.0,2024-10-31 13:09:04.520000044,0.0,,2024-11,UNTOUCHED
2343 Environmental Scientists,90,1.0,2024-09-25 02:20:37.472999792,15.0,2024-11-06 15:40:00.829999804,2024-11,CLEARED
2343 Environmental Scientists,95,3.0,2024-10-17 22:54:33.179999736,3.0,2024-10-17 22:54:33.179999736,2024-11,CLEARED
2343 Environmental Scientists,100,1.0,2024-09-24 12:47:28.657000204,1.0,2024-09-24 12:47:28.657000204,2024-11,CLEARED
2343 Environmental Scientists,110,1.0,2024-09-20 14:48:24.073000004,1.0,2024-09-20 14:48:24.073000004,2024-11,CLEARED
2344 Geologists Geophysicists and Hydrogeologists,60,1.0,2024-10-28 18:25:14.712999666,0.0,,2024-11,UNTOUCHED
2344 Geologists Geophysicists and Hydrogeologists,65,3.0,2024-10-05 23:24:35.347000613,0.0,,2024-11,UNTOUCHED
2344 Geologists Geophysicists and Hydrogeologists,70,1.0,2024-08-03 12:41:24.953000190,0.0,,2024-11,UNTOUCHED
2344 Geologists Geophysicists and Hydrogeologists,75,5.0,2024-10-20 15:05:48.026999198,0.0,,2024-11,UNTOUCHED
2344 Geologists Geophysicists and Hydrogeologists,80,2.0,2024-09-08 14:30:49.902999958,0.0,,2024-11,UNTOUCHED
2344 Geologists Geophysicists and Hydrogeologists,85,2.0,2024-09-16 00:01:43.086999941,0.0,,2024-11,UNTOUCHED
2344 Geologists Geophysicists and Hydrogeologists,90,2.0,2024-09-28 16:48:16.756999986,3.0,2024-09-28 16:48:16.756999986,2024-11,CLEARED
2345 Life Scientists,55,1.0,2024-03-21 11:04:33.696999992,0.0,,2024-11,UNTOUCHED
2345 Life Scientists,60,3.0,2024-09-16 15:24:17.610000206,0.0,,2024-11,UNTOUCHED
2345 Life Scientists,65,21.0,2024-10-31 11:44:47.460000203,0.0,,2024-11,UNTOUCHED
2345 Life Scientists,70,16.0,2024-10-30 19:25:36.466999720,0.0,,2024-11,UNTOUCHED
2345 Life Scientists,75,14.0,2024-10-27 07:14:45.703000337,0.0,,2024-11,UNTOUCHED
2345 Life Scientists,80,21.0,2024-10-22 15:34:42.716999858,0.0,,2024-11,UNTOUCHED
2345 Life Scientists,85,19.0,2024-10-21 13:12:35.257000101,0.0,,2024-11,UNTOUCHED
2345 Life Scientists,90,15.0,2024-10-18 14:12:56.757000199,53.0,2024-10-18 14:12:56.757000199,2024-11,CLEARED
2345 Life Scientists,95,7.0,2024-10-06 22:18:13.912999917,8.0,2024-10-06 22:18:13.912999917,2024-11,CLEARED
2345 Life Scientists,100,5.0,2024-10-31 14:41:48.970000737,5.0,2024-10-31 14:41:48.970000737,2024-11,CLEARED
2345 Life Scientists,105,2.0,2024-10-05 10:58:37.789999904,2.0,2024-10-05 10:58:37.789999904,2024-11,CLEARED
2346 Medical Laboratory Scientists,65,7.0,2024-10-08 12:13:02.979999834,0.0,,2024-11,UNTOUCHED
2346 Medical Laboratory Scientists,70,5.0,2024-10-30 20:03:18.270000146,0.0,,2024-11,UNTOUCHED
2346 Medical Laboratory Scientists,75,8.0,2024-10-09 17:54:04.603000164,37.0,2024-11-05 23:49:50.383000070,2024-11,CLEARED
2346 Medical Laboratory Scientists,80,6.0,2024-10-21 12:39:32.653000149,13.0,2024-11-05 13:46:36.900000376,2024-11,CLEARED
2346 Medical Laboratory Scientists,85,0.0,,6.0,2024-11-06 19:35:36.776999875,2024-11,PARTIAL
2346 Medical Laboratory Scientists,90,2.0,2024-10-23 23:50:06.133000133,2.0,2024-10-23 23:50:06.133000133,2024-11,CLEARED
2347 Veterinarians,65,1.0,2023-01-30 18:09:17.816999898,0.0,,2024-11,UNTOUCHED
2347 Veterinarians,70,1.0,2024-09-10 15:50:56.313000202,0.0,,2024-11,UNTOUCHED
2347 Veterinarians,75,4.0,2024-09-27 11:42:42.389999904,0.0,,2024-11,UNTOUCHED
2347 Veterinarians,80,4.0,2024-10-27 17:35:43.130000310,0.0,,2024-11,UNTOUCHED
2347 Veterinarians,85,2.0,2023-12-08 10:28:12.069999897,1.0,2022-11-13 13:36:21.009999614,2024-11,PARTIAL
2347 Veterinarians,90,1.0,2024-10-20 19:49:51.869999976,10.0,2024-10-20 19:49:51.869999976,2024-11,CLEARED
2347 Veterinarians,115,0.0,,1.0,2024-08-11 16:50:42.522999849,2024-11,PARTIAL
2349 Other Natural and Physical Science Professionals,65,3.0,2024-10-14 15:04:06.129999848,0.0,,2024-11,UNTOUCHED
2349 Other Natural and Physical Science Professionals,70,4.0,2024-10-10 20:51:33.143000178,0.0,,2024-11,UNTOUCHED
2349 Other Natural and Physical Science Professionals,75,10.0,2024-10-28 14:25:50.123000055,0.0,,2024-11,UNTOUCHED
2349 Other Natural and Physical Science Professionals,80,2.0,2024-09-26 12:50:04.470000368,0.0,,2024-11,UNTOUCHED
2349 Other Natural and Physical Science Professionals,85,4.0,2024-09-09 13:27:18.090000115,0.0,,2024-11,UNTOUCHED
2349 Other Natural and Physical Science Professionals,90,0.0,,10.0,2024-07-08 17:37:28.317000178,2024-11,PARTIAL
2349 Other Natural and Physical Science Professionals,100,1.0,2024-07-29 13:03:06.239999972,1.0,2024-07-29 13:03:06.239999972,2024-11,CLEARED
2411 Early Childhood (Pre-primary School) Teachers,45,1.0,2023-04-12 00:52:12.530000297,0.0,,2024-11,UNTOUCHED
2411 Early Childhood (Pre-primary School) Teachers,50,4.0,2024-10-08 09:46:01.442999936,0.0,,2024-11,UNTOUCHED
2411 Early Childhood (Pre-primary School) Teachers,60,12.0,2024-10-31 14:40:15.010000046,0.0,,2024-11,UNTOUCHED
2411 Early Childhood (Pre-primary School) Teachers,65,137.0,2024-10-31 16:53:21.189999701,0.0,,2024-11,UNTOUCHED
2411 Early Childhood (Pre-primary School) Teachers,70,186.0,2024-10-30 17:38:59.332999657,2.0,2023-06-15 10:53:36.209999702,2024-11,PARTIAL
2411 Early Childhood (Pre-primary School) Teachers,75,158.0,2024-10-30 18:51:41.197000363,341.0,2024-11-06 11:37:40.549999984,2024-11,CLEARED
2411 Early Childhood (Pre-primary School) Teachers,80,160.0,2024-10-28 20:39:16.586999815,203.0,2024-11-01 14:12:11.490000079,2024-11,CLEARED
2411 Early Childhood (Pre-primary School) Teachers,85,30.0,2024-10-24 10:39:46.867000118,41.0,2024-11-06 20:42:51.332999832,2024-11,CLEARED
2411 Early Childhood (Pre-primary School) Teachers,90,1.0,2024-10-10 21:25:16.112999614,2.0,2024-10-10 21:25:16.112999614,2024-11,CLEARED
2411 Early Childhood (Pre-primary School) Teachers,95,1.0,2024-10-09 12:59:36.570000266,1.0,2024-10-09 12:59:36.570000266,2024-11,CLEARED
2414 Secondary School Teachers,55,1.0,2024-09-19 01:01:53.762999839,0.0,,2024-11,UNTOUCHED
2414 Secondary School Teachers,60,6.0,2024-10-19 00:11:32.413000246,0.0,,2024-11,UNTOUCHED
2414 Secondary School Teachers,65,27.0,2024-10-30 14:22:38.376999762,0.0,,2024-11,UNTOUCHED
2414 Secondary School Teachers,70,28.0,2024-10-31 19:35:57.403000069,3.0,2023-06-13 10:02:01.580000035,2024-11,PARTIAL
2414 Secondary School Teachers,75,28.0,2024-10-30 13:03:25.799999999,88.0,2024-11-04 23:18:20.689999755,2024-11,CLEARED
2414 Secondary School Teachers,80,24.0,2024-10-31 19:21:26.887000360,43.0,2024-10-31 19:21:26.887000360,2024-11,CLEARED
2414 Secondary School Teachers,85,7.0,2024-10-29 18:39:51.109999968,9.0,2024-11-01 13:03:32.750000015,2024-11,CLEARED
2414 Secondary School Teachers,95,1.0,2024-10-15 15:21:29.567000113,1.0,2024-10-15 15:21:29.567000113,2024-11,CLEARED
2415 Special Education Teachers,70,1.0,2024-09-26 04:39:37.887000168,0.0,,2024-11,UNTOUCHED
2415 Special Education Teachers,75,0.0,,4.0,2024-08-23 12:19:17.219999956,2024-11,PARTIAL
2415 Special Education Teachers,80,0.0,,1.0,2024-08-26 00:50:35.507000097,2024-11,PARTIAL
2421 University Lecturers and Tutors,45,1.0,2024-09-24 11:41:18.200000034,0.0,,2024-11,UNTOUCHED
2421 University Lecturers and Tutors,50,1.0,2024-10-09 19:53:47.236999968,0.0,,2024-11,UNTOUCHED
2421 University Lecturers and Tutors,55,4.0,2024-09-14 17:25:26.923000160,0.0,,2024-11,UNTOUCHED
2421 University Lecturers and Tutors,60,12.0,2024-10-28 22:22:24.530000165,0.0,,2024-11,UNTOUCHED
2421 University Lecturers and Tutors,65,45.0,2024-10-31 03:48:44.460000080,0.0,,2024-11,UNTOUCHED
2421 University Lecturers and Tutors,70,47.0,2024-10-29 23:57:53.200000033,0.0,,2024-11,UNTOUCHED
2421 University Lecturers and Tutors,75,35.0,2024-10-30 14:46:22.543000109,0.0,,2024-11,UNTOUCHED
2421 University Lecturers and Tutors,80,36.0,2024-10-30 23:14:45.682999854,0.0,,2024-11,UNTOUCHED
2421 University Lecturers and Tutors,85,25.0,2024-10-31 09:10:49.480000368,0.0,,2024-11,UNTOUCHED
2421 University Lecturers and Tutors,90,28.0,2024-10-31 21:56:25.139999817,71.0,2024-11-03 19:20:21.696999901,2024-11,CLEARED
2421 University Lecturers and Tutors,95,10.0,2024-10-26 02:16:42.609999668,14.0,2024-11-01 15:05:08.493000195,2024-11,CLEARED
2421 University Lecturers and Tutors,100,4.0,2024-10-20 16:33:14.826999729,4.0,2024-10-20 16:33:14.826999729,2024-11,CLEARED
2512 Medical Imaging Professionals,65,4.0,2024-10-13 22:23:54.660000001,0.0,,2024-11,UNTOUCHED
2512 Medical Imaging Professionals,70,2.0,2024-06-27 19:23:40.650000051,0.0,,2024-11,UNTOUCHED
2512 Medical Imaging Professionals,75,1.0,2024-09-15 23:25:44.512999800,17.0,2024-11-06 00:38:44.483000161,2024-11,CLEARED
2512 Medical Imaging Professionals,80,1.0,2024-10-23 02:13:38.526999700,4.0,2024-11-05 04:27:10.559999845,2024-11,CLEARED
2512 Medical Imaging Professionals,85,3.0,2024-09-08 12:54:27.683000121,5.0,2024-11-03 14:46:10.789999841,2024-11,CLEARED
2514 Optometrists and Orthoptists,70,2.0,2024-10-27 18:27:42.627000107,0.0,,2024-11,UNTOUCHED
2514 Optometrists and Orthoptists,75,2.0,2024-10-02 12:05:13.572999928,2.0,2024-10-02 12:05:13.572999928,2024-11,CLEARED
2514 Optometrists and Orthoptists,80,2.0,2024-10-05 13:09:40.570000012,2.0,2024-10-05 13:09:40.570000012,2024-11,CLEARED
2519 Other Health Diagnostic and Promotion Professionals,75,1.0,2024-03-18 20:32:48.462999861,1.0,2024-03-18 20:32:48.462999861,2024-11,CLEARED
2521 Chiropractors and Osteopaths,65,1.0,2024-10-28 11:29:43.136999701,0.0,,2024-11,UNTOUCHED
2521 Chiropractors and Osteopaths,70,1.0,2024-10-23 17:30:31.576999861,0.0,,2024-11,UNTOUCHED
2521 Chiropractors and Osteopaths,75,2.0,2024-10-04 11:31:43.713000284,4.0,2024-10-04 11:31:43.713000284,2024-11,CLEARED
2521 Chiropractors and Osteopaths,80,0.0,,1.0,2023-12-20 21:38:02.656999913,2024-11,PARTIAL
2524 Occupational Therapists,60,2.0,2024-10-23 14:36:45.472999766,0.0,,2024-11,UNTOUCHED
2524 Occupational Therapists,65,9.0,2024-10-31 23:32:42.967000199,0.0,,2024-11,UNTOUCHED
2524 Occupational Therapists,70,15.0,2024-10-24 15:03:08.006999875,0.0,,2024-11,UNTOUCHED
2524 Occupational Therapists,75,9.0,2024-10-27 12:39:30.210000171,49.0,2024-10-27 12:39:30.210000171,2024-11,CLEARED
2524 Occupational Therapists,80,10.0,2024-10-26 20:31:40.097000107,22.0,2024-11-05 18:50:14.772999704,2024-11,CLEARED
2524 Occupational Therapists,85,4.0,2024-10-16 17:59:36.822999629,4.0,2024-10-16 17:59:36.822999629,2024-11,CLEARED
2524 Occupational Therapists,90,3.0,2024-10-23 09:28:28.067000191,3.0,2024-10-23 09:28:28.067000191,2024-11,CLEARED
2524 Occupational Therapists,95,1.0,2024-10-10 15:52:01.939999774,1.0,2024-10-10 15:52:01.939999774,2024-11,CLEARED
2525 Physiotherapists,55,1.0,2024-09-20 16:19:29.950000101,0.0,,2024-11,UNTOUCHED
2525 Physiotherapists,60,3.0,2024-10-17 12:35:23.446999838,0.0,,2024-11,UNTOUCHED
2525 Physiotherapists,65,21.0,2024-10-17 16:03:06.592999847,0.0,,2024-11,UNTOUCHED
2525 Physiotherapists,70,21.0,2024-10-28 18:31:11.536999665,0.0,,2024-11,UNTOUCHED
2525 Physiotherapists,75,22.0,2024-10-29 15:20:34.443000049,69.0,2024-11-04 23:05:47.509999851,2024-11,CLEARED
2525 Physiotherapists,80,22.0,2024-10-31 03:06:00.222999612,36.0,2024-11-04 22:29:12.292999788,2024-11,CLEARED
2525 Physiotherapists,85,7.0,2024-10-21 11:44:42.047000252,9.0,2024-10-21 11:44:42.047000252,2024-11,CLEARED
2525 Physiotherapists,90,5.0,2024-10-12 16:41:43.813000026,6.0,2024-10-17 18:41:45.432999997,2024-11,CLEARED
2525 Physiotherapists,95,0.0,,1.0,2024-11-06 16:27:33.719999823,2024-11,PARTIAL
2526 Podiatrists,70,1.0,2024-10-02 05:28:53.440000095,0.0,,2024-11,UNTOUCHED
2526 Podiatrists,75,2.0,2024-10-05 14:23:51.953000040,4.0,2024-10-05 14:23:51.953000040,2024-11,CLEARED
2527 Speech Professionals and Audiologists,60,2.0,2024-10-18 15:35:29.390000951,0.0,,2024-11,UNTOUCHED
2527 Speech Professionals and Audiologists,65,8.0,2024-10-26 16:15:23.032999897,0.0,,2024-11,UNTOUCHED
2527 Speech Professionals and Audiologists,70,9.0,2024-10-11 14:54:21.336999615,0.0,,2024-11,UNTOUCHED
2527 Speech Professionals and Audiologists,75,13.0,2024-10-17 21:54:25.900000205,27.0,2024-10-17 21:54:25.900000205,2024-11,CLEARED
2527 Speech Professionals and Audiologists,80,4.0,2024-03-11 14:00:31.587000094,8.0,2024-08-20 16:39:43.463000269,2024-11,CLEARED
2527 Speech Professionals and Audiologists,85,2.0,2024-09-21 19:12:17.792999948,2.0,2024-09-21 19:12:17.792999948,2024-11,CLEARED
2531 General Practitioners and Resident Medical officers,65,6.0,2024-10-25 16:53:48.702999857,0.0,,2024-11,UNTOUCHED
2531 General Practitioners and Resident Medical officers,70,12.0,2024-10-22 15:37:10.063000202,0.0,,2024-11,UNTOUCHED
2531 General Practitioners and Resident Medical officers,75,13.0,2024-10-27 00:18:49.683000101,47.0,2024-11-01 18:39:20.659999792,2024-11,CLEARED
2531 General Practitioners and Resident Medical officers,80,19.0,2024-10-27 07:35:00.429999527,36.0,2024-11-07 08:52:15.786999788,2024-11,CLEARED
2531 General Practitioners and Resident Medical officers,85,9.0,2024-10-31 23:01:28.332999635,15.0,2024-10-31 23:01:28.332999635,2024-11,CLEARED
2531 General Practitioners and Resident Medical officers,90,1.0,2024-09-08 21:19:45.529999668,3.0,2024-09-08 21:19:45.529999668,2024-11,CLEARED
2531 General Practitioners and Resident Medical officers,110,0.0,,1.0,2024-08-14 07:51:12.679999706,2024-11,PARTIAL
2533 Internal Medicine Specialists,65,1.0,2024-10-24 11:52:42.513000211,0.0,,2024-11,UNTOUCHED
2533 Internal Medicine Specialists,70,3.0,2024-10-27 20:51:44.636999641,0.0,,2024-11,UNTOUCHED
2533 Internal Medicine Specialists,75,2.0,2024-10-29 22:50:33.279999673,5.0,2024-10-29 22:50:33.279999673,2024-11,CLEARED
2533 Internal Medicine Specialists,80,1.0,2024-10-08 03:41:29.696999801,1.0,2024-10-08 03:41:29.696999801,2024-11,CLEARED
2534 Psychiatrists,80,2.0,2024-10-28 17:11:07.360000033,2.0,2024-10-28 17:11:07.360000033,2024-11,CLEARED
2535 Surgeons,75,0.0,,1.0,2024-08-19 17:11:24.162999941,2024-11,PARTIAL
2535 Surgeons,95,1.0,2024-10-22 20:51:10.506999689,1.0,2024-10-22 20:51:10.506999689,2024-11,CLEARED
2539 Other Medical Practitioners,50,1.0,2024-05-06 16:10:37.143000212,0.0,,2024-11,UNTOUCHED
2539 Other Medical Practitioners,60,1.0,2024-10-29 17:13:24.600000074,0.0,,2024-11,UNTOUCHED
2539 Other Medical Practitioners,65,5.0,2024-10-22 23:07:45.583000288,0.0,,2024-11,UNTOUCHED
2539 Other Medical Practitioners,70,10.0,2024-10-29 12:19:36.257000021,0.0,,2024-11,UNTOUCHED
2539 Other Medical Practitioners,75,9.0,2024-10-04 12:25:32.269999967,35.0,2024-10-04 12:25:32.269999967,2024-11,CLEARED
2539 Other Medical Practitioners,80,12.0,2024-10-29 12:05:08.777000244,32.0,2024-10-29 12:05:08.777000244,2024-11,CLEARED
2539 Other Medical Practitioners,85,8.0,2024-10-25 20:03:25.552999768,10.0,2024-10-25 20:03:25.552999768,2024-11,CLEARED
2539 Other Medical Practitioners,90,4.0,2024-10-11 14:27:25.410000185,5.0,2024-11-05 07:06:56.049999949,2024-11,CLEARED
2541 Midwives,65,1.0,2024-09-19 00:55:05.540000318,0.0,,2024-11,UNTOUCHED
2541 Midwives,70,1.0,2024-10-29 07:52:23.150000061,0.0,,2024-11,UNTOUCHED
2541 Midwives,75,3.0,2024-10-17 21:15:48.169999782,5.0,2024-11-03 16:47:22.096999872,2024-11,CLEARED
2541 Midwives,80,1.0,2024-09-26 13:08:44.402999928,4.0,2024-11-01 11:56:57.769999941,2024-11,CLEARED
2544 Registered Nurses,40,1.0,2024-10-26 12:08:03.897000015,0.0,,2024-11,UNTOUCHED
2544 Registered Nurses,45,1.0,2024-04-07 19:08:00.046999939,0.0,,2024-11,UNTOUCHED
2544 Registered Nurses,55,5.0,2024-10-22 14:20:57.307000035,0.0,,2024-11,UNTOUCHED
2544 Registered Nurses,60,27.0,2024-10-26 11:05:08.272999968,0.0,,2024-11,UNTOUCHED
2544 Registered Nurses,65,283.0,2024-10-31 13:32:27.839999757,0.0,,2024-11,UNTOUCHED
2544 Registered Nurses,70,292.0,2024-10-30 23:44:41.583000301,8.0,2023-06-09 19:39:19.496999833,2024-11,PARTIAL
2544 Registered Nurses,75,194.0,2024-10-31 23:32:08.859999779,641.0,2024-11-07 08:59:46.670000389,2024-11,CLEARED
2544 Registered Nurses,80,78.0,2024-10-28 16:51:22.613000037,126.0,2024-11-04 18:24:48.449999640,2024-11,CLEARED
2544 Registered Nurses,85,29.0,2024-10-28 23:05:00.732999874,36.0,2024-10-28 23:05:00.732999874,2024-11,CLEARED
2544 Registered Nurses,90,5.0,2024-10-25 13:47:34.433000272,7.0,2024-11-04 23:41:42.386999832,2024-11,CLEARED
2544 Registered Nurses,95,1.0,2024-03-07 17:01:17.229999613,1.0,2024-03-07 17:01:17.229999613,2024-11,CLEARED
2544 Registered Nurses,100,1.0,2024-09-30 06:41:56.526999740,2.0,2024-09-30 06:41:56.526999740,2024-11,CLEARED
2544 Registered Nurses,105,1.0,2024-09-10 11:43:36.690000214,1.0,2024-09-10 11:43:36.690000214,2024-11,CLEARED
2611 ICT Business and Systems Analysts,50,2.0,2024-10-25 11:28:54.870000136,0.0,,2024-11,UNTOUCHED
2611 ICT Business and Systems Analysts,55,7.0,2024-10-31 02:53:02.659999790,0.0,,2024-11,UNTOUCHED
2611 ICT Business and Systems Analysts,60,24.0,2024-10-31 16:49:58.362999988,0.0,,2024-11,UNTOUCHED
2611 ICT Business and Systems Analysts,65,144.0,2024-10-31 17:04:56.502999937,0.0,,2024-11,UNTOUCHED
2611 ICT Business and Systems Analysts,70,154.0,2024-10-31 15:29:28.427000190,0.0,,2024-11,UNTOUCHED
2611 ICT Business and Systems Analysts,75,244.0,2024-10-31 17:45:27.947000226,0.0,,2024-11,UNTOUCHED
2611 ICT Business and Systems Analysts,80,209.0,2024-10-31 19:03:53.182999984,0.0,,2024-11,UNTOUCHED
2611 ICT Business and Systems Analysts,85,218.0,2024-10-31 14:46:41.156999685,0.0,,2024-11,UNTOUCHED
2611 ICT Business and Systems Analysts,90,203.0,2024-10-31 23:26:09.349999846,0.0,,2024-11,UNTOUCHED
2611 ICT Business and Systems Analysts,95,67.0,2024-10-31 23:49:58.070000087,304.0,2024-10-14 14:47:22.406999740,2024-11,PARTIAL
2611 ICT Business and Systems Analysts,100,7.0,2024-09-27 02:30:55.177000099,34.0,2024-09-27 02:30:55.177000099,2024-11,CLEARED
2611 ICT Business and Systems Analysts,110,0.0,,1.0,2024-07-22 14:58:51.183000004,2024-11,PARTIAL
2612 Multimedia Specialists and Web Developers,60,1.0,2023-07-20 15:16:56.699999852,0.0,,2024-11,UNTOUCHED
2612 Multimedia Specialists and Web Developers,65,2.0,2024-09-19 20:58:10.396999891,0.0,,2024-11,UNTOUCHED
2612 Multimedia Specialists and Web Developers,70,6.0,2024-10-24 15:27:03.662999642,0.0,,2024-11,UNTOUCHED
2612 Multimedia Specialists and Web Developers,75,4.0,2024-10-11 20:25:30.549999066,0.0,,2024-11,UNTOUCHED
2612 Multimedia Specialists and Web Developers,80,5.0,2024-10-26 07:47:27.066999696,0.0,,2024-11,UNTOUCHED
2612 Multimedia Specialists and Web Developers,85,4.0,2024-09-23 11:19:39.827000110,4.0,2022-12-19 23:51:29.139999981,2024-11,PARTIAL
2612 Multimedia Specialists and Web Developers,90,8.0,2024-09-24 16:51:16.829999827,32.0,2024-11-05 12:11:24.280000206,2024-11,CLEARED
2612 Multimedia Specialists and Web Developers,95,1.0,2024-10-24 00:10:01.990000090,4.0,2024-10-24 00:10:01.990000090,2024-11,CLEARED
2613 Software and Applications Programmers,50,2.0,2024-09-20 20:34:15.607000136,0.0,,2024-11,UNTOUCHED
2613 Software and Applications Programmers,55,18.0,2024-10-30 00:16:40.820000240,0.0,,2024-11,UNTOUCHED
2613 Software and Applications Programmers,60,35.0,2024-10-26 22:50:22.913000108,0.0,,2024-11,UNTOUCHED
2613 Software and Applications Programmers,65,228.0,2024-10-31 20:16:06.546999990,0.0,,2024-11,UNTOUCHED
2613 Software and Applications Programmers,70,273.0,2024-10-31 10:55:45.070000317,0.0,,2024-11,UNTOUCHED
2613 Software and Applications Programmers,75,345.0,2024-10-31 20:06:17.713000002,0.0,,2024-11,UNTOUCHED
2613 Software and Applications Programmers,80,324.0,2024-10-31 14:25:31.172999736,0.0,,2024-11,UNTOUCHED
2613 Software and Applications Programmers,85,327.0,2024-10-31 18:59:22.220000151,8.0,2022-12-20 08:41:09.242999609,2024-11,PARTIAL
2613 Software and Applications Programmers,90,288.0,2024-10-31 18:15:07.233000315,244.0,2024-11-06 15:06:54.710000392,2024-11,CLEARED
2613 Software and Applications Programmers,95,158.0,2024-10-31 17:32:10.093000156,436.0,2024-11-06 16:19:19.489999756,2024-11,CLEARED
2613 Software and Applications Programmers,100,19.0,2024-10-28 19:21:25.810000194,51.0,2024-10-28 19:21:25.810000194,2024-11,CLEARED
2613 Software and Applications Programmers,105,2.0,2024-10-09 16:21:36.969999886,4.0,2024-10-09 16:21:36.969999886,2024-11,CLEARED
"2621 Database and Systems Administrators, and ICT Security Specialists",50,1.0,2024-09-27 17:19:04.470000173,0.0,,2024-11,UNTOUCHED
"2621 Database and Systems Administrators, and ICT Security Specialists",55,2.0,2024-02-08 20:02:09.379999633,0.0,,2024-11,UNTOUCHED
"2621 Database and Systems Administrators, and ICT Security Specialists",60,2.0,2024-10-18 20:46:47.406999731,0.0,,2024-11,UNTOUCHED
"2621 Database and Systems Administrators, and ICT Security Specialists",65,36.0,2024-10-25 10:31:58.186999767,0.0,,2024-11,UNTOUCHED
"2621 Database and Systems Administrators, and ICT Security Specialists",70,45.0,2024-10-23 22:11:41.612999801,0.0,,2024-11,UNTOUCHED
"2621 Database and Systems Administrators, and ICT Security Specialists",75,68.0,2024-10-25 23:55:36.130000071,0.0,,2024-11,UNTOUCHED
"2621 Database and Systems Administrators, and ICT Security Specialists",80,56.0,2024-10-25 13:15:57.960000028,0.0,,2024-11,UNTOUCHED
"2621 Database and Systems Administrators, and ICT Security Specialists",85,48.0,2024-10-30 20:52:36.152999633,0.0,,2024-11,UNTOUCHED
"2621 Database and Systems Administrators, and ICT Security Specialists",90,44.0,2024-10-31 16:00:58.203000198,0.0,,2024-11,UNTOUCHED
"2621 Database and Systems Administrators, and ICT Security Specialists",95,8.0,2024-10-05 09:50:57.169999296,167.0,2024-10-05 09:50:57.169999296,2024-11,CLEARED
"2621 Database and Systems Administrators, and ICT Security Specialists",100,1.0,2024-09-30 17:58:11.033000270,3.0,2024-09-30 17:58:11.033000270,2024-11,CLEARED
2631 Computer Network Professionals,40,1.0,2024-09-17 03:13:41.862999676,0.0,,2024-11,UNTOUCHED
2631 Computer Network Professionals,45,1.0,2024-09-26 17:25:22.926999910,0.0,,2024-11,UNTOUCHED
2631 Computer Network Professionals,50,4.0,2024-10-25 11:48:19.467000037,0.0,,2024-11,UNTOUCHED
2631 Computer Network Professionals,55,1.0,2024-10-30 22:54:53.203000161,0.0,,2024-11,UNTOUCHED
2631 Computer Network Professionals,60,5.0,2024-10-25 14:16:37.557000143,0.0,,2024-11,UNTOUCHED
2631 Computer Network Professionals,65,52.0,2024-10-30 18:14:41.540000089,0.0,,2024-11,UNTOUCHED
2631 Computer Network Professionals,70,65.0,2024-10-31 20:47:21.437000220,0.0,,2024-11,UNTOUCHED
2631 Computer Network Professionals,75,95.0,2024-10-28 23:03:55.106999847,0.0,,2024-11,UNTOUCHED
2631 Computer Network Professionals,80,86.0,2024-10-30 19:11:22.700000143,0.0,,2024-11,UNTOUCHED
2631 Computer Network Professionals,85,64.0,2024-10-30 20:37:32.372999976,0.0,,2024-11,UNTOUCHED
2631 Computer Network Professionals,90,61.0,2024-10-29 21:43:58.849999752,0.0,,2024-11,UNTOUCHED
2631 Computer Network Professionals,95,25.0,2024-10-21 00:31:12.593000017,94.0,2024-10-01 23:55:27.133000360,2024-11,PARTIAL
2631 Computer Network Professionals,100,1.0,2023-08-23 15:30:14.890000034,6.0,2024-09-08 15:38:13.136999896,2024-11,CLEARED
2633 Telecommunications Engineering Professionals,45,2.0,2024-10-06 10:28:54.679999992,0.0,,2024-11,UNTOUCHED
2633 Telecommunications Engineering Professionals,55,3.0,2024-10-16 18:27:53.199999607,0.0,,2024-11,UNTOUCHED
2633 Telecommunications Engineering Professionals,60,5.0,2024-09-02 03:07:53.893000139,0.0,,2024-11,UNTOUCHED
2633 Telecommunications Engineering Professionals,65,44.0,2024-10-31 14:10:33.797000003,0.0,,2024-11,UNTOUCHED
2633 Telecommunications Engineering Professionals,70,33.0,2024-10-22 12:03:09.056999842,0.0,,2024-11,UNTOUCHED
2633 Telecommunications Engineering Professionals,75,54.0,2024-10-31 10:09:34.919999858,0.0,,2024-11,UNTOUCHED
2633 Telecommunications Engineering Professionals,80,27.0,2024-10-23 21:28:09.716999764,0.0,,2024-11,UNTOUCHED
2633 Telecommunications Engineering Professionals,85,24.0,2024-10-21 21:27:41.330000122,4.0,2022-12-16 14:54:56.063000030,2024-11,PARTIAL
2633 Telecommunications Engineering Professionals,90,7.0,2024-09-09 21:21:47.487000104,58.0,2024-09-09 21:21:47.487000104,2024-11,CLEARED
2633 Telecommunications Engineering Professionals,95,4.0,2024-10-11 11:49:53.487000275,8.0,2024-10-11 11:49:53.487000275,2024-11,CLEARED
2713 Solicitors,60,5.0,2024-10-28 16:10:00.079999677,0.0,,2024-11,UNTOUCHED
2713 Solicitors,65,8.0,2024-10-30 13:28:46.633000163,0.0,,2024-11,UNTOUCHED
2713 Solicitors,70,14.0,2024-10-19 20:51:08.350000093,0.0,,2024-11,UNTOUCHED
2713 Solicitors,75,14.0,2024-09-25 12:38:39.779999995,0.0,,2024-11,UNTOUCHED
2713 Solicitors,80,16.0,2024-10-23 06:35:35.373000079,0.0,,2024-11,UNTOUCHED
2713 Solicitors,85,28.0,2024-10-31 21:14:33.113000186,1.0,2022-12-14 08:03:57.560000270,2024-11,PARTIAL
2713 Solicitors,90,14.0,2024-10-03 08:48:23.337000169,61.0,2024-10-03 08:48:23.337000169,2024-11,CLEARED
2713 Solicitors,95,1.0,2023-07-25 14:28:17.567000143,4.0,2023-12-22 05:03:16.350000122,2024-11,CLEARED
2723 Psychologists,65,3.0,2024-10-08 11:35:07.379999969,0.0,,2024-11,UNTOUCHED
2723 Psychologists,70,5.0,2024-10-22 16:16:16.923000040,0.0,,2024-11,UNTOUCHED
2723 Psychologists,75,3.0,2024-07-23 17:42:40.133000232,13.0,2024-11-06 19:45:54.250000372,2024-11,CLEARED
2723 Psychologists,80,3.0,2024-10-03 12:49:00.182999936,5.0,2024-11-04 10:54:22.193000017,2024-11,CLEARED
2723 Psychologists,85,4.0,2024-10-11 15:48:34.783000038,6.0,2024-11-05 19:02:09.433000086,2024-11,CLEARED
2723 Psychologists,90,1.0,2024-05-16 02:12:20.857000040,2.0,2024-11-06 18:15:37.950000140,2024-11,CLEARED
2725 Social Workers,55,2.0,2024-10-28 18:51:09.700000104,0.0,,2024-11,UNTOUCHED
2725 Social Workers,65,17.0,2024-10-30 14:38:24.620000205,0.0,,2024-11,UNTOUCHED
2725 Social Workers,70,31.0,2024-10-30 16:00:05.076999633,1.0,2023-06-02 17:33:39.262999665,2024-11,PARTIAL
2725 Social Workers,75,37.0,2024-10-30 17:39:20.720000183,69.0,2024-11-04 12:40:48.399999899,2024-11,CLEARED
2725 Social Workers,80,24.0,2024-10-31 18:28:07.343000244,32.0,2024-11-04 17:42:51.822999815,2024-11,CLEARED
2725 Social Workers,85,12.0,2024-10-30 14:35:48.303000182,17.0,2024-10-30 14:35:48.303000182,2024-11,CLEARED
2725 Social Workers,90,3.0,2024-10-05 04:01:09.240000288,3.0,2024-10-05 04:01:09.240000288,2024-11,CLEARED
2725 Social Workers,100,0.0,,1.0,2024-07-08 00:16:50.129999901,2024-11,PARTIAL
3122 Civil Engineering Draftspersons and Technicians,45,1.0,2024-09-09 11:40:56.206999862,0.0,,2024-11,UNTOUCHED
3122 Civil Engineering Draftspersons and Technicians,50,7.0,2024-10-18 15:31:06.916999823,0.0,,2024-11,UNTOUCHED
3122 Civil Engineering Draftspersons and Technicians,55,23.0,2024-10-21 19:53:52.756999952,0.0,,2024-11,UNTOUCHED
3122 Civil Engineering Draftspersons and Technicians,60,43.0,2024-10-30 18:32:08.992999622,0.0,,2024-11,UNTOUCHED
3122 Civil Engineering Draftspersons and Technicians,65,172.0,2024-10-30 22:42:06.239999433,0.0,,2024-11,UNTOUCHED
3122 Civil Engineering Draftspersons and Technicians,70,188.0,2024-10-31 21:57:48.166999934,52.0,2023-06-15 12:46:53.027000218,2024-11,PARTIAL
3122 Civil Engineering Draftspersons and Technicians,75,150.0,2024-10-30 16:55:11.190000267,395.0,2024-11-05 23:56:15.840000176,2024-11,CLEARED
3122 Civil Engineering Draftspersons and Technicians,80,96.0,2024-10-29 21:25:10.872999626,158.0,2024-11-02 22:06:37.623000222,2024-11,CLEARED
3122 Civil Engineering Draftspersons and Technicians,85,21.0,2024-10-31 11:20:44.702999805,32.0,2024-11-01 02:17:14.179999796,2024-11,CLEARED
3122 Civil Engineering Draftspersons and Technicians,90,5.0,2024-10-25 20:11:32.412999828,6.0,2024-10-25 20:11:32.412999828,2024-11,CLEARED
3122 Civil Engineering Draftspersons and Technicians,95,2.0,2024-09-23 23:52:07.189999798,3.0,2024-09-23 23:52:07.189999798,2024-11,CLEARED
3123 Electrical Engineering Draftspersons and Technicians,50,2.0,2024-09-24 16:04:50.962999897,0.0,,2024-11,UNTOUCHED
3123 Electrical Engineering Draftspersons and Technicians,55,1.0,2024-07-24 22:28:54.959999980,0.0,,2024-11,UNTOUCHED
3123 Electrical Engineering Draftspersons and Technicians,60,2.0,2024-10-28 22:26:51.792999944,0.0,,2024-11,UNTOUCHED
3123 Electrical Engineering Draftspersons and Technicians,65,9.0,2024-10-29 23:39:13.296999936,0.0,,2024-11,UNTOUCHED
3123 Electrical Engineering Draftspersons and Technicians,70,11.0,2024-10-20 19:50:54.763000224,0.0,,2024-11,UNTOUCHED
3123 Electrical Engineering Draftspersons and Technicians,75,9.0,2024-09-28 18:23:19.112999930,0.0,,2024-11,UNTOUCHED
3123 Electrical Engineering Draftspersons and Technicians,80,11.0,2024-09-24 17:24:05.010000232,0.0,,2024-11,UNTOUCHED
3123 Electrical Engineering Draftspersons and Technicians,85,8.0,2024-10-14 23:30:08.636999685,0.0,,2024-11,UNTOUCHED
3123 Electrical Engineering Draftspersons and Technicians,90,0.0,,1.0,2024-07-21 10:49:04.957000066,2024-11,PARTIAL
3132 Telecommunications Technical Specialists,50,2.0,2024-09-02 18:21:07.620000243,0.0,,2024-11,UNTOUCHED
3132 Telecommunications Technical Specialists,55,3.0,2024-09-23 14:42:47.193000157,0.0,,2024-11,UNTOUCHED
3132 Telecommunications Technical Specialists,60,8.0,2024-10-03 16:02:03.779999416,0.0,,2024-11,UNTOUCHED
3132 Telecommunications Technical Specialists,65,18.0,2024-10-20 00:39:32.727000202,0.0,,2024-11,UNTOUCHED
3132 Telecommunications Technical Specialists,70,29.0,2024-10-24 19:49:31.873000215,0.0,,2024-11,UNTOUCHED
3132 Telecommunications Technical Specialists,75,10.0,2024-10-04 16:34:56.797000219,0.0,,2024-11,UNTOUCHED
3132 Telecommunications Technical Specialists,80,7.0,2024-10-02 14:55:07.256999867,0.0,,2024-11,UNTOUCHED
3132 Telecommunications Technical Specialists,85,3.0,2024-10-26 10:58:03.893000733,1.0,2022-12-07 17:21:29.043000198,2024-11,PARTIAL
3132 Telecommunications Technical Specialists,90,1.0,2024-10-04 18:50:42.682999695,4.0,2024-10-04 18:50:42.682999695,2024-11,CLEARED
3211 Automotive Electricians,65,2.0,2024-10-24 21:11:29.189999852,0.0,,2024-11,UNTOUCHED
3211 Automotive Electricians,70,2.0,2024-10-30 23:43:35.802999773,0.0,,2024-11,UNTOUCHED
3212 Motor Mechanics,55,6.0,2024-09-27 13:30:58.210000349,0.0,,2024-11,UNTOUCHED
3212 Motor Mechanics,60,11.0,2024-10-29 22:29:12.189999816,0.0,,2024-11,UNTOUCHED
3212 Motor Mechanics,65,89.0,2024-10-31 21:45:35.189999735,0.0,,2024-11,UNTOUCHED
3212 Motor Mechanics,70,60.0,2024-10-31 16:26:33.079999836,0.0,,2024-11,UNTOUCHED
3212 Motor Mechanics,75,43.0,2024-10-31 10:32:09.282999851,0.0,,2024-11,UNTOUCHED
3212 Motor Mechanics,80,23.0,2024-10-29 10:52:29.617000040,0.0,,2024-11,UNTOUCHED
3212 Motor Mechanics,85,5.0,2024-10-29 11:18:21.392999619,0.0,,2024-11,UNTOUCHED
3212 Motor Mechanics,90,4.0,2024-09-18 21:02:52.853000274,6.0,2024-09-18 21:02:52.853000274,2024-11,CLEARED
3212 Motor Mechanics,95,0.0,,4.0,2024-06-16 13:02:52.026999973,2024-11,PARTIAL
3222 Sheetmetal Trades Workers,70,0.0,,1.0,2022-12-13 18:09:40.656999980,2024-11,PARTIAL
3223 Structural Steel and Welding Trades Workers,60,3.0,2024-09-30 11:37:13.276999908,0.0,,2024-11,UNTOUCHED
3223 Structural Steel and Welding Trades Workers,65,12.0,2024-10-22 10:34:53.433000287,0.0,,2024-11,UNTOUCHED
3223 Structural Steel and Welding Trades Workers,70,9.0,2024-10-21 15:33:12.102999802,4.0,2023-06-05 15:12:09.163000200,2024-11,PARTIAL
3223 Structural Steel and Welding Trades Workers,75,12.0,2024-10-25 11:08:00.079999704,22.0,2024-10-25 11:08:00.079999704,2024-11,CLEARED
3223 Structural Steel and Welding Trades Workers,80,4.0,2024-10-29 13:25:31.233000126,9.0,2024-10-29 13:25:31.233000126,2024-11,CLEARED
3223 Structural Steel and Welding Trades Workers,85,0.0,,6.0,2024-08-12 20:43:47.619999649,2024-11,PARTIAL
3232 Metal Fitters and Machinists,50,1.0,2024-01-21 05:46:44.249999908,0.0,,2024-11,UNTOUCHED
3232 Metal Fitters and Machinists,55,3.0,2024-10-05 13:56:30.989999938,0.0,,2024-11,UNTOUCHED
3232 Metal Fitters and Machinists,60,2.0,2024-07-12 00:29:16.282999858,0.0,,2024-11,UNTOUCHED
3232 Metal Fitters and Machinists,65,9.0,2024-10-09 17:40:07.202999665,0.0,,2024-11,UNTOUCHED
3232 Metal Fitters and Machinists,70,1.0,2024-10-29 21:24:49.720000049,0.0,,2024-11,UNTOUCHED
3232 Metal Fitters and Machinists,75,4.0,2024-10-30 03:45:05.596999914,0.0,,2024-11,UNTOUCHED
3232 Metal Fitters and Machinists,80,1.0,2023-05-23 00:15:32.927000077,0.0,,2024-11,UNTOUCHED
3232 Metal Fitters and Machinists,90,0.0,,1.0,2022-12-25 16:27:22.826999796,2024-11,PARTIAL
3241 Panelbeaters,65,1.0,2024-06-14 15:04:07.802999215,0.0,,2024-11,UNTOUCHED
3311 Bricklayers and Stonemasons,60,1.0,2024-06-22 00:19:47.862999736,0.0,,2024-11,UNTOUCHED
3311 Bricklayers and Stonemasons,65,5.0,2024-10-29 11:45:47.653000009,3.0,2024-08-29 07:27:05.919999742,2024-11,PARTIAL
3311 Bricklayers and Stonemasons,70,1.0,2024-06-13 21:22:59.013000197,1.0,2024-06-13 21:22:59.013000197,2024-11,CLEARED
3311 Bricklayers and Stonemasons,75,0.0,,1.0,2024-07-20 00:13:40.190000301,2024-11,PARTIAL
3311 Bricklayers and Stonemasons,90,0.0,,1.0,2024-07-10 08:56:14.779999772,2024-11,PARTIAL
3312 Carpenters and Joiners,45,1.0,2024-09-25 22:47:03.227000000,0.0,,2024-11,UNTOUCHED
3312 Carpenters and Joiners,55,3.0,2024-10-30 16:07:08.456999894,0.0,,2024-11,UNTOUCHED
3312 Carpenters and Joiners,60,6.0,2024-10-21 18:56:34.949999915,0.0,,2024-11,UNTOUCHED
3312 Carpenters and Joiners,65,59.0,2024-10-31 12:33:35.247000193,9.0,2024-09-05 19:34:20.503000110,2024-11,PARTIAL
3312 Carpenters and Joiners,70,42.0,2024-10-31 12:54:37.890000046,46.0,2024-11-05 20:11:32.006999722,2024-11,CLEARED
3312 Carpenters and Joiners,75,11.0,2024-10-10 18:03:00.242999919,22.0,2024-11-07 08:24:21.589999822,2024-11,CLEARED
3312 Carpenters and Joiners,80,7.0,2024-10-24 16:36:19.676999782,9.0,2024-10-14 17:59:46.997000223,2024-11,PARTIAL
3312 Carpenters and Joiners,85,2.0,2024-10-10 16:47:25.902999767,3.0,2024-10-10 16:47:25.902999767,2024-11,CLEARED
3312 Carpenters and Joiners,90,1.0,2024-10-18 19:31:25.192999992,1.0,2024-10-18 19:31:25.192999992,2024-11,CLEARED
3322 Painting Trades Workers,55,1.0,2024-10-01 08:19:46.166999787,0.0,,2024-11,UNTOUCHED
3322 Painting Trades Workers,60,8.0,2024-10-31 17:27:23.579999801,0.0,,2024-11,UNTOUCHED
3322 Painting Trades Workers,65,50.0,2024-10-31 15:48:11.719999630,9.0,2024-09-05 17:48:23.279999878,2024-11,PARTIAL
3322 Painting Trades Workers,70,23.0,2024-10-30 17:10:30.363000070,32.0,2024-11-05 04:33:25.737000148,2024-11,CLEARED
3322 Painting Trades Workers,75,10.0,2024-10-24 18:50:09.370000199,14.0,2024-10-24 18:50:09.370000199,2024-11,CLEARED
3322 Painting Trades Workers,80,1.0,2024-10-01 16:18:26.960000284,2.0,2024-10-01 16:18:26.960000284,2024-11,CLEARED
3322 Painting Trades Workers,90,2.0,2024-09-27 15:11:06.346999884,3.0,2024-09-27 15:11:06.346999884,2024-11,CLEARED
3332 Plasterers,60,1.0,2024-10-02 04:29:36.740000558,0.0,,2024-11,UNTOUCHED
3332 Plasterers,65,1.0,2024-09-12 00:36:21.870000060,0.0,,2024-11,UNTOUCHED
3332 Plasterers,75,1.0,2024-09-10 18:46:42.623000621,1.0,2024-09-10 18:46:42.623000621,2024-11,CLEARED
3334 Wall and Floor Tilers,60,2.0,2024-10-19 21:22:23.689999776,0.0,,2024-11,UNTOUCHED
3334 Wall and Floor Tilers,65,11.0,2024-10-27 11:25:45.036999929,3.0,2024-09-05 10:05:38.436999967,2024-11,PARTIAL
3334 Wall and Floor Tilers,70,3.0,2024-10-23 15:04:40.449999518,5.0,2024-10-23 15:04:40.449999518,2024-11,CLEARED
3334 Wall and Floor Tilers,75,1.0,2024-10-24 12:34:36.340000141,1.0,2024-10-24 12:34:36.340000141,2024-11,CLEARED
3334 Wall and Floor Tilers,80,2.0,2024-10-04 14:45:25.282999010,2.0,2024-10-04 14:45:25.282999010,2024-11,CLEARED
3341 Plumbers,65,8.0,2024-10-25 23:14:10.880000131,2.0,2024-08-12 20:10:44.400000218,2024-11,PARTIAL
3341 Plumbers,70,4.0,2024-10-22 18:12:10.813000052,4.0,2024-10-22 18:12:10.813000052,2024-11,CLEARED
3341 Plumbers,75,1.0,2024-10-18 05:08:01.712999803,3.0,2024-11-05 22:53:10.653000048,2024-11,CLEARED
3341 Plumbers,90,1.0,2024-09-15 12:34:25.916999828,1.0,2024-09-15 12:34:25.916999828,2024-11,CLEARED
3411 Electricians,50,2.0,2024-10-12 00:11:13.350000148,0.0,,2024-11,UNTOUCHED
3411 Electricians,55,1.0,2024-10-08 23:19:02.322999770,0.0,,2024-11,UNTOUCHED
3411 Electricians,60,1.0,2024-09-29 21:38:24.559999823,0.0,,2024-11,UNTOUCHED
3411 Electricians,65,10.0,2024-10-24 01:12:29.137000224,5.0,2024-09-06 01:53:56.399999706,2024-11,PARTIAL
3411 Electricians,70,3.0,2024-10-17 13:08:14.070000220,4.0,2024-10-17 13:08:14.070000220,2024-11,CLEARED
3411 Electricians,75,4.0,2024-09-27 22:32:19.717000163,6.0,2024-09-27 22:32:19.717000163,2024-11,CLEARED
3411 Electricians,100,1.0,2024-09-28 06:52:08.970000237,1.0,2024-09-28 06:52:08.970000237,2024-11,CLEARED
3421 Airconditioning and Refrigeration Mechanics,65,1.0,2024-10-01 10:03:28.167000212,0.0,,2024-11,UNTOUCHED
3421 Airconditioning and Refrigeration Mechanics,70,1.0,2024-07-13 05:39:19.360000143,0.0,,2024-11,UNTOUCHED
3421 Airconditioning and Refrigeration Mechanics,75,2.0,2024-08-24 15:59:09.683000027,0.0,,2024-11,UNTOUCHED
3421 Airconditioning and Refrigeration Mechanics,80,1.0,2024-09-16 07:31:01.223000126,0.0,,2024-11,UNTOUCHED
3423 Electronics Trades Workers,55,1.0,2024-10-07 20:45:15.200000115,0.0,,2024-11,UNTOUCHED
3423 Electronics Trades Workers,60,1.0,2024-09-08 19:06:13.247000251,0.0,,2024-11,UNTOUCHED
3423 Electronics Trades Workers,65,8.0,2024-10-16 20:27:16.997000149,0.0,,2024-11,UNTOUCHED
3423 Electronics Trades Workers,70,6.0,2024-09-30 00:15:31.497000045,0.0,,2024-11,UNTOUCHED
3423 Electronics Trades Workers,75,9.0,2024-10-16 18:43:52.220000262,0.0,,2024-11,UNTOUCHED
3423 Electronics Trades Workers,80,1.0,2023-09-12 17:17:50.903000165,0.0,,2024-11,UNTOUCHED
3423 Electronics Trades Workers,85,1.0,2024-10-30 22:25:08.640000062,0.0,,2024-11,UNTOUCHED
3513 Chefs,50,3.0,2024-09-20 11:09:34.610000195,0.0,,2024-11,UNTOUCHED
3513 Chefs,55,17.0,2024-10-25 12:27:05.826999798,0.0,,2024-11,UNTOUCHED
3513 Chefs,60,32.0,2024-10-31 12:39:01.050000042,0.0,,2024-11,UNTOUCHED
3513 Chefs,65,263.0,2024-10-31 21:09:04.709999975,0.0,,2024-11,UNTOUCHED
3513 Chefs,70,192.0,2024-10-30 17:47:32.979999871,0.0,,2024-11,UNTOUCHED
3513 Chefs,75,146.0,2024-10-30 23:35:56.042999816,0.0,,2024-11,UNTOUCHED
3513 Chefs,80,74.0,2024-10-28 15:48:05.276999980,0.0,,2024-11,UNTOUCHED
3513 Chefs,85,30.0,2024-10-17 15:17:30.069999648,1.0,2022-11-25 23:29:50.572999648,2024-11,PARTIAL
3513 Chefs,90,13.0,2024-10-25 21:24:16.119999987,53.0,2024-11-01 17:45:24.073000041,2024-11,CLEARED
3513 Chefs,95,1.0,2024-09-24 09:56:20.897000180,1.0,2024-09-24 09:56:20.897000180,2024-11,CLEARED
3513 Chefs,100,1.0,2024-09-05 23:03:48.733000015,1.0,2024-09-05 23:03:48.733000015,2024-11,CLEARED
3611 Animal Attendants and Trainers,70,1.0,2024-10-24 12:12:11.529999783,0.0,,2024-11,UNTOUCHED
3941 Cabinetmakers,50,1.0,2024-09-23 22:00:30.617000164,0.0,,2024-11,UNTOUCHED
3941 Cabinetmakers,55,1.0,2024-10-07 20:32:47.117000328,0.0,,2024-11,UNTOUCHED
3941 Cabinetmakers,65,2.0,2024-09-23 23:05:30.377000224,0.0,,2024-11,UNTOUCHED
3941 Cabinetmakers,70,3.0,2024-10-28 14:23:13.752999792,3.0,2024-10-28 14:23:13.752999792,2024-11,CLEARED
3941 Cabinetmakers,75,2.0,2024-10-25 16:55:30.242999919,2.0,2024-10-25 16:55:30.242999919,2024-11,CLEARED
3941 Cabinetmakers,85,0.0,,2.0,2024-08-27 19:14:42.799999830,2024-11,PARTIAL
3991 Boat Builders and Shipwrights,65,1.0,2024-10-12 11:27:59.729999855,0.0,,2024-11,UNTOUCHED
3991 Boat Builders and Shipwrights,70,1.0,2024-10-20 13:04:09.709999956,0.0,,2024-11,UNTOUCHED
3991 Boat Builders and Shipwrights,75,1.0,2024-05-24 15:43:15.727000149,0.0,,2024-11,UNTOUCHED
3991 Boat Builders and Shipwrights,90,0.0,,1.0,2023-08-08 16:46:57.380000183,2024-11,PARTIAL
"4523 Sports Coaches, Instructors and Officials",65,2.0,2024-10-10 06:31:15.803000080,0.0,,2024-11,UNTOUCHED
"4523 Sports Coaches, Instructors and Officials",70,2.0,2024-10-16 11:50:40.900000001,0.0,,2024-11,UNTOUCHED
1331 Construction Managers,40,1.0,2024-09-17 22:38:28.867000116,0.0,,2025-08,UNTOUCHED
1331 Construction Managers,45,1.0,2024-11-12 23:58:44.702999693,0.0,,2025-08,UNTOUCHED
1331 Construction Managers,50,8.0,2025-01-11 04:00:35.442999933,0.0,,2025-08,UNTOUCHED
1331 Construction Managers,55,17.0,2025-07-26 23:15:04.917000214,0.0,,2025-08,UNTOUCHED
1331 Construction Managers,60,34.0,2025-07-27 23:01:20.037000077,0.0,,2025-08,UNTOUCHED
1331 Construction Managers,65,199.0,2025-07-30 01:54:17.176999884,0.0,,2025-08,UNTOUCHED
1331 Construction Managers,70,208.0,2025-07-30 16:47:22.600000187,0.0,,2025-08,UNTOUCHED
1331 Construction Managers,75,210.0,2025-07-31 18:02:11.776999096,0.0,,2025-08,UNTOUCHED
1331 Construction Managers,80,103.0,2025-07-24 06:21:13.710000026,0.0,,2025-08,UNTOUCHED
1331 Construction Managers,85,55.0,2025-07-28 12:40:55.590000634,0.0,,2025-08,UNTOUCHED
1331 Construction Managers,90,11.0,2025-07-10 04:02:16.339999686,8.0,2025-05-08 22:24:13.380000056,2025-08,PARTIAL
1331 Construction Managers,95,1.0,2024-12-11 22:27:40.900000112,1.0,2024-12-11 22:27:40.900000112,2025-08,CLEARED
1331 Construction Managers,100,1.0,2025-06-14 01:08:33.983000113,1.0,2025-06-14 01:08:33.983000113,2025-08,CLEARED
1332 Engineering Managers,40,1.0,2025-02-12 08:18:24.769999883,0.0,,2025-08,UNTOUCHED
1332 Engineering Managers,45,1.0,2024-10-07 23:35:09.577000095,0.0,,2025-08,UNTOUCHED
1332 Engineering Managers,50,2.0,2025-01-18 21:47:14.219999704,0.0,,2025-08,UNTOUCHED
1332 Engineering Managers,55,4.0,2025-04-10 20:34:45.397000234,0.0,,2025-08,UNTOUCHED
1332 Engineering Managers,60,6.0,2025-07-29 19:02:06.722999822,0.0,,2025-08,UNTOUCHED
1332 Engineering Managers,65,38.0,2025-07-31 21:46:54.542999838,0.0,,2025-08,UNTOUCHED
1332 Engineering Managers,70,39.0,2025-07-15 11:39:32.810000109,0.0,,2025-08,UNTOUCHED
1332 Engineering Managers,75,37.0,2025-07-20 23:07:34.240000177,0.0,,2025-08,UNTOUCHED
1332 Engineering Managers,80,15.0,2025-07-22 12:34:25.916999828,0.0,,2025-08,UNTOUCHED
1332 Engineering Managers,85,13.0,2025-05-17 17:06:54.657000357,0.0,,2025-08,UNTOUCHED
1332 Engineering Managers,90,1.0,2024-02-20 19:16:54.537000280,1.0,2024-02-20 19:16:54.537000280,2025-08,CLEARED
1341 Child Care Centre Managers,60,1.0,2024-07-15 13:56:11.262999719,0.0,,2025-08,UNTOUCHED
1341 Child Care Centre Managers,65,3.0,2025-03-23 00:24:44.193000758,0.0,,2025-08,UNTOUCHED
1341 Child Care Centre Managers,70,6.0,2025-07-04 15:47:59.950000230,0.0,,2025-08,UNTOUCHED
1341 Child Care Centre Managers,75,1.0,2024-01-03 08:10:42.980000001,0.0,,2025-08,UNTOUCHED
1341 Child Care Centre Managers,80,1.0,2024-09-11 12:53:50.753000264,0.0,,2025-08,UNTOUCHED
1342 Health and Welfare Services Managers,60,2.0,2025-06-05 04:32:56.386999662,0.0,,2025-08,UNTOUCHED
1342 Health and Welfare Services Managers,65,6.0,2025-07-31 16:21:31.489999810,0.0,,2025-08,UNTOUCHED
1342 Health and Welfare Services Managers,70,8.0,2025-07-31 05:11:26.206999751,0.0,,2025-08,UNTOUCHED
1342 Health and Welfare Services Managers,75,3.0,2025-07-19 20:10:21.690000315,0.0,,2025-08,UNTOUCHED
1342 Health and Welfare Services Managers,80,3.0,2024-09-19 14:09:42.297000220,0.0,,2025-08,UNTOUCHED
1342 Health and Welfare Services Managers,85,3.0,2025-05-06 13:25:55.087000320,0.0,,2025-08,UNTOUCHED
1342 Health and Welfare Services Managers,90,0.0,,1.0,2024-04-12 16:53:01.880000839,2025-08,PARTIAL
1399 Other Specialist Managers,55,3.0,2025-07-10 08:19:50.587000080,0.0,,2025-08,UNTOUCHED
1399 Other Specialist Managers,60,3.0,2025-07-17 19:59:25.122999805,0.0,,2025-08,UNTOUCHED
1399 Other Specialist Managers,65,19.0,2025-07-31 15:55:10.187000359,0.0,,2025-08,UNTOUCHED
1399 Other Specialist Managers,70,15.0,2025-07-21 13:18:21.833000084,0.0,,2025-08,UNTOUCHED
1399 Other Specialist Managers,75,19.0,2025-07-27 06:28:01.282999923,0.0,,2025-08,UNTOUCHED
1399 Other Specialist Managers,80,5.0,2025-05-27 14:54:49.089999859,0.0,,2025-08,UNTOUCHED
1399 Other Specialist Managers,85,6.0,2025-06-25 00:39:10.872999849,0.0,,2025-08,UNTOUCHED
1399 Other Specialist Managers,90,3.0,2025-06-25 10:22:25.353000376,2.0,2024-03-21 19:18:17.400000090,2025-08,PARTIAL
1399 Other Specialist Managers,95,2.0,2025-02-24 20:44:25.280000822,2.0,2025-02-24 20:44:25.280000822,2025-08,CLEARED
"2111 Actors, Dancers and Other Entertainers",75,2.0,2025-02-28 14:40:13.029999844,0.0,,2025-08,UNTOUCHED
"2111 Actors, Dancers and Other Entertainers",80,2.0,2025-07-24 16:30:19.782999714,0.0,,2025-08,UNTOUCHED
2112 Music Professionals,60,1.0,2023-08-26 04:20:27.852999624,0.0,,2025-08,UNTOUCHED
2112 Music Professionals,65,1.0,2025-06-17 13:42:04.336999793,0.0,,2025-08,UNTOUCHED
2112 Music Professionals,70,1.0,2025-04-02 22:12:58.450000049,0.0,,2025-08,UNTOUCHED
2211 Accountants,35,1.0,2024-11-18 16:10:14.513000125,0.0,,2025-08,UNTOUCHED
2211 Accountants,45,5.0,2025-07-18 16:24:30.663000132,0.0,,2025-08,UNTOUCHED
2211 Accountants,50,3.0,2024-12-11 08:58:58.456999977,0.0,,2025-08,UNTOUCHED
2211 Accountants,55,14.0,2025-03-21 21:36:57.689999772,0.0,,2025-08,UNTOUCHED
2211 Accountants,60,74.0,2025-07-10 23:42:08.192999845,0.0,,2025-08,UNTOUCHED
2211 Accountants,65,480.0,2025-07-31 16:03:10.586999756,0.0,,2025-08,UNTOUCHED
2211 Accountants,70,758.0,2025-07-31 17:11:24.869999857,0.0,,2025-08,UNTOUCHED
2211 Accountants,75,738.0,2025-07-31 22:09:15.156999783,0.0,,2025-08,UNTOUCHED
2211 Accountants,80,634.0,2025-07-31 14:10:27.943000247,0.0,,2025-08,UNTOUCHED
2211 Accountants,85,617.0,2025-07-30 21:13:50.263000003,0.0,,2025-08,UNTOUCHED
2211 Accountants,90,415.0,2025-07-31 17:49:30.346999936,0.0,,2025-08,UNTOUCHED
2211 Accountants,95,169.0,2025-07-22 15:39:00.566999997,0.0,,2025-08,UNTOUCHED
2211 Accountants,100,43.0,2025-06-03 14:52:00.290000127,0.0,,2025-08,UNTOUCHED
2211 Accountants,105,2.0,2025-06-23 18:36:32.259999781,0.0,,2025-08,UNTOUCHED
"2212 Auditors, Company Secretaries and Corporate Treasurers",45,1.0,2024-10-09 20:42:53.259999785,0.0,,2025-08,UNTOUCHED
"2212 Auditors, Company Secretaries and Corporate Treasurers",50,1.0,2023-09-04 20:21:20.983000037,0.0,,2025-08,UNTOUCHED
"2212 Auditors, Company Secretaries and Corporate Treasurers",55,4.0,2025-07-29 00:22:14.667000032,0.0,,2025-08,UNTOUCHED
"2212 Auditors, Company Secretaries and Corporate Treasurers",60,54.0,2025-07-16 08:57:55.862999821,0.0,,2025-08,UNTOUCHED
"2212 Auditors, Company Secretaries and Corporate Treasurers",65,233.0,2025-07-31 15:54:01.200000277,0.0,,2025-08,UNTOUCHED
"2212 Auditors, Company Secretaries and Corporate Treasurers",70,349.0,2025-07-30 17:45:15.139999938,0.0,,2025-08,UNTOUCHED
"2212 Auditors, Company Secretaries and Corporate Treasurers",75,335.0,2025-07-31 14:48:01.287000328,0.0,,2025-08,UNTOUCHED
"2212 Auditors, Company Secretaries and Corporate Treasurers",80,340.0,2025-07-31 22:02:17.563000248,0.0,,2025-08,UNTOUCHED
"2212 Auditors, Company Secretaries and Corporate Treasurers",85,339.0,2025-07-25 19:21:31.797000005,0.0,,2025-08,UNTOUCHED
"2212 Auditors, Company Secretaries and Corporate Treasurers",90,153.0,2025-07-31 17:16:42.680000291,0.0,,2025-08,UNTOUCHED
"2212 Auditors, Company Secretaries and Corporate Treasurers",95,39.0,2025-07-10 13:22:32.393000040,0.0,,2025-08,UNTOUCHED
"2212 Auditors, Company Secretaries and Corporate Treasurers",100,1.0,2024-11-07 14:36:53.089999790,0.0,,2025-08,UNTOUCHED
"2212 Auditors, Company Secretaries and Corporate Treasurers",105,1.0,2024-11-07 10:46:43.520000050,0.0,,2025-08,UNTOUCHED
"2241 Actuaries, Mathematicians and Statisticians",40,1.0,2025-06-25 12:22:47.067000317,0.0,,2025-08,UNTOUCHED
"2241 Actuaries, Mathematicians and Statisticians",60,6.0,2025-05-18 17:19:06.597000307,0.0,,2025-08,UNTOUCHED
"2241 Actuaries, Mathematicians and Statisticians",65,21.0,2025-06-22 16:58:06.610000304,0.0,,2025-08,UNTOUCHED
"2241 Actuaries, Mathematicians and Statisticians",70,42.0,2025-07-31 22:33:33.460000021,0.0,,2025-08,UNTOUCHED
"2241 Actuaries, Mathematicians and Statisticians",75,49.0,2025-07-24 16:10:22.566999892,0.0,,2025-08,UNTOUCHED
"2241 Actuaries, Mathematicians and Statisticians",80,54.0,2025-07-30 17:37:15.100000354,0.0,,2025-08,UNTOUCHED
"2241 Actuaries, Mathematicians and Statisticians",85,80.0,2025-07-28 13:47:02.210000012,0.0,,2025-08,UNTOUCHED
"2241 Actuaries, Mathematicians and Statisticians",90,84.0,2025-07-30 23:30:04.803000039,61.0,2025-05-08 09:20:08.559999476,2025-08,PARTIAL
"2241 Actuaries, Mathematicians and Statisticians",95,28.0,2025-07-29 19:35:52.489999916,28.0,2025-07-29 19:35:52.489999916,2025-08,CLEARED
"2241 Actuaries, Mathematicians and Statisticians",100,3.0,2024-12-18 16:51:25.013000220,2.0,2024-12-18 16:51:25.013000220,2025-08,CLEARED
2243 Economists,55,1.0,2025-04-22 16:54:36.506999646,0.0,,2025-08,UNTOUCHED
2243 Economists,60,4.0,2025-02-17 19:33:10.010000232,0.0,,2025-08,UNTOUCHED
2243 Economists,65,8.0,2025-06-12 02:35:34.267000200,0.0,,2025-08,UNTOUCHED
2243 Economists,70,6.0,2025-06-05 21:09:34.562999514,0.0,,2025-08,UNTOUCHED
2243 Economists,75,15.0,2025-07-23 18:04:59.727000293,0.0,,2025-08,UNTOUCHED
2243 Economists,80,19.0,2025-07-20 15:54:16.449999920,0.0,,2025-08,UNTOUCHED
2243 Economists,85,12.0,2025-07-31 03:34:54.540000128,0.0,,2025-08,UNTOUCHED
2243 Economists,90,7.0,2025-03-18 17:28:20.787000029,4.0,2025-01-30 01:00:38.253000283,2025-08,PARTIAL
2243 Economists,95,3.0,2025-06-12 03:34:52.767000036,4.0,2025-06-12 03:34:52.767000036,2025-08,CLEARED
2245 Land Economists and Valuers,60,2.0,2024-10-28 17:54:23.446999995,0.0,,2025-08,UNTOUCHED
2245 Land Economists and Valuers,65,5.0,2025-05-16 23:59:03.419999862,0.0,,2025-08,UNTOUCHED
2245 Land Economists and Valuers,70,5.0,2025-02-19 10:46:11.170000128,0.0,,2025-08,UNTOUCHED
2245 Land Economists and Valuers,75,12.0,2025-06-28 19:00:13.357000235,0.0,,2025-08,UNTOUCHED
2245 Land Economists and Valuers,80,15.0,2025-07-12 11:51:46.807000191,0.0,,2025-08,UNTOUCHED
2245 Land Economists and Valuers,85,14.0,2025-07-09 22:33:09.413000225,0.0,,2025-08,UNTOUCHED
2245 Land Economists and Valuers,90,5.0,2025-04-16 13:52:32.580000085,4.0,2025-04-16 13:52:32.580000085,2025-08,CLEARED
2247 Management and Organisation Analysts,50,1.0,2025-07-13 22:52:38.520000059,0.0,,2025-08,UNTOUCHED
2247 Management and Organisation Analysts,55,1.0,2025-03-09 21:56:39.900000099,0.0,,2025-08,UNTOUCHED
2247 Management and Organisation Analysts,60,2.0,2025-04-28 22:30:01.299999862,0.0,,2025-08,UNTOUCHED
2247 Management and Organisation Analysts,65,23.0,2025-07-19 20:09:06.366999977,0.0,,2025-08,UNTOUCHED
2247 Management and Organisation Analysts,70,25.0,2025-07-28 14:15:01.642999913,0.0,,2025-08,UNTOUCHED
2247 Management and Organisation Analysts,75,48.0,2025-07-12 23:39:51.589999710,0.0,,2025-08,UNTOUCHED
2247 Management and Organisation Analysts,80,56.0,2025-07-31 07:09:33.563000327,0.0,,2025-08,UNTOUCHED
2247 Management and Organisation Analysts,85,64.0,2025-07-26 03:50:54.622999812,0.0,,2025-08,UNTOUCHED
2247 Management and Organisation Analysts,90,38.0,2025-07-26 08:54:48.222999688,24.0,2025-03-23 19:40:56.546999610,2025-08,PARTIAL
2247 Management and Organisation Analysts,95,3.0,2025-07-18 16:48:08.682999949,3.0,2025-07-18 16:48:08.682999949,2025-08,CLEARED
2321 Architects and Landscape Architects,55,3.0,2025-02-19 19:16:16.327000208,0.0,,2025-08,UNTOUCHED
2321 Architects and Landscape Architects,60,10.0,2025-06-29 18:38:15.439999879,0.0,,2025-08,UNTOUCHED
2321 Architects and Landscape Architects,65,68.0,2025-07-31 16:31:08.576999915,0.0,,2025-08,UNTOUCHED
2321 Architects and Landscape Architects,70,135.0,2025-07-30 17:11:20.837000207,0.0,,2025-08,UNTOUCHED
2321 Architects and Landscape Architects,75,139.0,2025-07-27 21:10:00.509999695,0.0,,2025-08,UNTOUCHED
2321 Architects and Landscape Architects,80,95.0,2025-07-25 13:11:23.316999789,0.0,,2025-08,UNTOUCHED
2321 Architects and Landscape Architects,85,53.0,2025-07-31 21:56:27.740000172,0.0,,2025-08,UNTOUCHED
2321 Architects and Landscape Architects,90,20.0,2025-07-21 23:00:52.482999839,9.0,2025-05-04 23:56:05.300000016,2025-08,PARTIAL
2321 Architects and Landscape Architects,110,1.0,2025-03-19 13:46:51.667000596,1.0,2025-03-19 13:46:51.667000596,2025-08,CLEARED
2322 Cartographers and Surveyors,55,1.0,2023-10-30 07:17:57.912999941,0.0,,2025-08,UNTOUCHED
2322 Cartographers and Surveyors,60,3.0,2025-07-20 18:18:20.916999930,0.0,,2025-08,UNTOUCHED
2322 Cartographers and Surveyors,65,34.0,2025-07-21 17:05:49.137000178,0.0,,2025-08,UNTOUCHED
2322 Cartographers and Surveyors,70,28.0,2025-07-27 12:17:05.212999965,0.0,,2025-08,UNTOUCHED
2322 Cartographers and Surveyors,75,26.0,2025-07-06 13:28:06.153000078,0.0,,2025-08,UNTOUCHED
2322 Cartographers and Surveyors,80,23.0,2025-06-25 11:01:32.892999922,0.0,,2025-08,UNTOUCHED
2322 Cartographers and Surveyors,85,14.0,2025-07-03 16:06:48.707000150,0.0,,2025-08,UNTOUCHED
2322 Cartographers and Surveyors,90,11.0,2025-05-30 10:38:48.387000226,7.0,2025-03-30 22:36:52.336999785,2025-08,PARTIAL
2322 Cartographers and Surveyors,95,10.0,2025-02-23 15:56:08.796999799,1.0,2025-02-23 15:56:08.796999799,2025-08,CLEARED
2331 Chemical and Materials Engineers,45,2.0,2025-01-09 08:37:15.593000214,0.0,,2025-08,UNTOUCHED
2331 Chemical and Materials Engineers,50,2.0,2025-06-06 00:22:12.309999643,0.0,,2025-08,UNTOUCHED
2331 Chemical and Materials Engineers,55,3.0,2025-04-26 17:13:08.369999852,0.0,,2025-08,UNTOUCHED
2331 Chemical and Materials Engineers,60,16.0,2025-07-28 13:12:07.650000244,0.0,,2025-08,UNTOUCHED
2331 Chemical and Materials Engineers,65,77.0,2025-07-29 17:25:18.167000073,0.0,,2025-08,UNTOUCHED
2331 Chemical and Materials Engineers,70,99.0,2025-07-29 12:40:57.560000381,0.0,,2025-08,UNTOUCHED
2331 Chemical and Materials Engineers,75,106.0,2025-07-28 20:17:29.763000288,0.0,,2025-08,UNTOUCHED
2331 Chemical and Materials Engineers,80,122.0,2025-07-29 15:15:59.689999909,0.0,,2025-08,UNTOUCHED
2331 Chemical and Materials Engineers,85,98.0,2025-07-25 11:48:56.873000001,0.0,,2025-08,UNTOUCHED
2331 Chemical and Materials Engineers,90,59.0,2025-07-31 22:49:15.382999634,35.0,2025-05-04 23:32:02.207000126,2025-08,PARTIAL
2331 Chemical and Materials Engineers,95,22.0,2025-07-29 00:39:36.516999888,29.0,2025-08-09 18:46:14.600000213,2025-08,CLEARED
2331 Chemical and Materials Engineers,100,7.0,2025-07-06 15:00:07.013000079,9.0,2025-08-14 11:25:36.073000197,2025-08,CLEARED
2331 Chemical and Materials Engineers,105,1.0,2024-01-19 12:47:48.372999803,1.0,2024-01-19 12:47:48.372999803,2025-08,CLEARED
2332 Civil Engineering Professionals,40,2.0,2025-02-05 19:00:22.629999882,0.0,,2025-08,UNTOUCHED
2332 Civil Engineering Professionals,45,6.0,2025-04-17 20:56:08.377000022,0.0,,2025-08,UNTOUCHED
2332 Civil Engineering Professionals,50,20.0,2025-07-28 03:23:36.417000442,0.0,,2025-08,UNTOUCHED
2332 Civil Engineering Professionals,55,55.0,2025-07-29 02:12:20.412999737,0.0,,2025-08,UNTOUCHED
2332 Civil Engineering Professionals,60,121.0,2025-07-14 13:24:57.413000255,0.0,,2025-08,UNTOUCHED
2332 Civil Engineering Professionals,65,586.0,2025-07-30 23:22:03.999999792,0.0,,2025-08,UNTOUCHED
2332 Civil Engineering Professionals,70,708.0,2025-07-31 22:01:40.077000468,0.0,,2025-08,UNTOUCHED
2332 Civil Engineering Professionals,75,756.0,2025-07-31 18:53:00.512999813,0.0,,2025-08,UNTOUCHED
2332 Civil Engineering Professionals,80,612.0,2025-07-31 21:22:50.012999978,0.0,,2025-08,UNTOUCHED
2332 Civil Engineering Professionals,85,509.0,2025-07-31 20:20:22.013000162,0.0,,2025-08,UNTOUCHED
2332 Civil Engineering Professionals,90,233.0,2025-07-31 23:07:03.710000184,0.0,,2025-08,UNTOUCHED
2332 Civil Engineering Professionals,95,42.0,2025-06-27 09:57:47.192999739,0.0,,2025-08,UNTOUCHED
2332 Civil Engineering Professionals,100,10.0,2025-05-12 22:32:22.713000187,0.0,,2025-08,UNTOUCHED
2332 Civil Engineering Professionals,105,1.0,2025-02-19 12:52:22.747000045,0.0,,2025-08,UNTOUCHED
2333 Electrical Engineers,45,7.0,2025-03-23 19:27:20.412999737,0.0,,2025-08,UNTOUCHED
2333 Electrical Engineers,50,6.0,2024-12-02 21:14:58.326999789,0.0,,2025-08,UNTOUCHED
2333 Electrical Engineers,55,28.0,2025-07-27 22:37:49.920000035,0.0,,2025-08,UNTOUCHED
2333 Electrical Engineers,60,54.0,2025-07-22 00:20:44.390000264,0.0,,2025-08,UNTOUCHED
2333 Electrical Engineers,65,237.0,2025-07-30 17:07:50.082999767,0.0,,2025-08,UNTOUCHED
2333 Electrical Engineers,70,247.0,2025-07-25 13:37:19.593000108,0.0,,2025-08,UNTOUCHED
2333 Electrical Engineers,75,257.0,2025-07-31 16:46:51.633000451,0.0,,2025-08,UNTOUCHED
2333 Electrical Engineers,80,244.0,2025-07-30 15:23:56.067000100,0.0,,2025-08,UNTOUCHED
2333 Electrical Engineers,85,205.0,2025-07-30 22:08:57.029999683,0.0,,2025-08,UNTOUCHED
2333 Electrical Engineers,90,80.0,2025-06-24 12:35:37.400000127,0.0,,2025-08,UNTOUCHED
2333 Electrical Engineers,95,21.0,2025-07-13 21:13:41.523000133,0.0,,2025-08,UNTOUCHED
2333 Electrical Engineers,100,7.0,2025-04-27 19:30:38.259999803,0.0,,2025-08,UNTOUCHED
2333 Electrical Engineers,105,1.0,2025-03-06 13:35:29.173000182,0.0,,2025-08,UNTOUCHED
2334 Electronics Engineers,45,3.0,2025-07-09 17:25:47.412999791,0.0,,2025-08,UNTOUCHED
2334 Electronics Engineers,50,10.0,2025-07-04 04:54:35.250000200,0.0,,2025-08,UNTOUCHED
2334 Electronics Engineers,55,23.0,2025-07-29 17:25:08.067000164,0.0,,2025-08,UNTOUCHED
2334 Electronics Engineers,60,37.0,2025-07-21 16:54:37.320000042,0.0,,2025-08,UNTOUCHED
2334 Electronics Engineers,65,148.0,2025-07-29 23:39:48.472999796,0.0,,2025-08,UNTOUCHED
2334 Electronics Engineers,70,149.0,2025-07-31 03:03:24.389999809,0.0,,2025-08,UNTOUCHED
2334 Electronics Engineers,75,168.0,2025-07-31 23:24:56.529999653,0.0,,2025-08,UNTOUCHED
2334 Electronics Engineers,80,154.0,2025-07-25 13:07:10.820000055,0.0,,2025-08,UNTOUCHED
2334 Electronics Engineers,85,126.0,2025-07-27 17:50:28.457000200,0.0,,2025-08,UNTOUCHED
2334 Electronics Engineers,90,60.0,2025-07-28 15:01:45.760000805,0.0,,2025-08,UNTOUCHED
2334 Electronics Engineers,95,18.0,2025-06-17 16:42:52.219999854,7.0,2025-01-31 00:02:04.669999955,2025-08,PARTIAL
2334 Electronics Engineers,100,5.0,2025-05-25 10:32:59.330000068,6.0,2025-06-17 16:42:52.219999854,2025-08,CLEARED
"2335 Industrial, Mechanical and Production Engineers",40,5.0,2025-04-30 09:34:22.410000016,0.0,,2025-08,UNTOUCHED
"2335 Industrial, Mechanical and Production Engineers",45,3.0,2025-05-22 21:44:39.977000206,0.0,,2025-08,UNTOUCHED
"2335 Industrial, Mechanical and Production Engineers",50,14.0,2025-04-01 14:31:07.217000293,0.0,,2025-08,UNTOUCHED
"2335 Industrial, Mechanical and Production Engineers",55,50.0,2025-07-25 17:13:10.816999881,0.0,,2025-08,UNTOUCHED
"2335 Industrial, Mechanical and Production Engineers",60,116.0,2025-07-29 15:14:49.232999878,0.0,,2025-08,UNTOUCHED
"2335 Industrial, Mechanical and Production Engineers",65,480.0,2025-07-31 17:40:48.519999837,0.0,,2025-08,UNTOUCHED
"2335 Industrial, Mechanical and Production Engineers",70,491.0,2025-07-31 22:06:28.130000143,0.0,,2025-08,UNTOUCHED
"2335 Industrial, Mechanical and Production Engineers",75,562.0,2025-07-31 23:48:35.770000147,0.0,,2025-08,UNTOUCHED
"2335 Industrial, Mechanical and Production Engineers",80,514.0,2025-07-31 11:07:19.022999882,0.0,,2025-08,UNTOUCHED
"2335 Industrial, Mechanical and Production Engineers",85,485.0,2025-07-30 19:18:44.053000004,0.0,,2025-08,UNTOUCHED
"2335 Industrial, Mechanical and Production Engineers",90,267.0,2025-07-27 23:03:26.440000208,0.0,,2025-08,UNTOUCHED
"2335 Industrial, Mechanical and Production Engineers",95,47.0,2025-07-17 21:23:36.503000030,0.0,,2025-08,UNTOUCHED
"2335 Industrial, Mechanical and Production Engineers",100,8.0,2025-05-16 17:01:53.552999639,0.0,,2025-08,UNTOUCHED
2336 Mining Engineers,40,1.0,2024-09-05 14:01:50.930000382,0.0,,2025-08,UNTOUCHED
2336 Mining Engineers,50,3.0,2025-07-22 01:56:34.637000375,0.0,,2025-08,UNTOUCHED
2336 Mining Engineers,55,8.0,2025-06-04 17:32:44.216999707,0.0,,2025-08,UNTOUCHED
2336 Mining Engineers,60,4.0,2025-06-19 12:25:20.807000132,0.0,,2025-08,UNTOUCHED
2336 Mining Engineers,65,36.0,2025-07-12 23:08:16.982999707,0.0,,2025-08,UNTOUCHED
2336 Mining Engineers,70,41.0,2025-07-31 18:10:48.790000214,0.0,,2025-08,UNTOUCHED
2336 Mining Engineers,75,39.0,2025-07-27 14:28:54.429999885,0.0,,2025-08,UNTOUCHED
2336 Mining Engineers,80,34.0,2025-07-23 21:28:02.950000158,0.0,,2025-08,UNTOUCHED
2336 Mining Engineers,85,29.0,2025-07-26 20:56:22.200000132,0.0,,2025-08,UNTOUCHED
2336 Mining Engineers,90,11.0,2025-03-28 20:58:09.032999799,8.0,2025-03-28 20:58:09.032999799,2025-08,CLEARED
2336 Mining Engineers,95,2.0,2025-05-25 16:50:04.890000145,3.0,2025-08-07 16:42:09.146999983,2025-08,CLEARED
2339 Other Engineering Professionals,40,1.0,2025-04-27 17:21:35.762999958,0.0,,2025-08,UNTOUCHED
2339 Other Engineering Professionals,45,3.0,2025-07-04 15:44:08.253000199,0.0,,2025-08,UNTOUCHED
2339 Other Engineering Professionals,50,16.0,2025-07-18 22:28:30.349999692,0.0,,2025-08,UNTOUCHED
2339 Other Engineering Professionals,55,50.0,2025-07-29 16:30:12.743000058,0.0,,2025-08,UNTOUCHED
2339 Other Engineering Professionals,60,86.0,2025-07-28 17:17:47.789999672,0.0,,2025-08,UNTOUCHED
2339 Other Engineering Professionals,65,440.0,2025-07-31 18:49:41.172999643,0.0,,2025-08,UNTOUCHED
2339 Other Engineering Professionals,70,478.0,2025-07-31 17:23:27.987000236,0.0,,2025-08,UNTOUCHED
2339 Other Engineering Professionals,75,488.0,2025-07-31 22:25:51.852999927,0.0,,2025-08,UNTOUCHED
2339 Other Engineering Professionals,80,479.0,2025-07-31 12:27:19.719999910,0.0,,2025-08,UNTOUCHED
2339 Other Engineering Professionals,85,482.0,2025-07-29 10:46:52.150000010,0.0,,2025-08,UNTOUCHED
2339 Other Engineering Professionals,90,220.0,2025-07-31 12:27:01.720000103,0.0,,2025-08,UNTOUCHED
2339 Other Engineering Professionals,95,40.0,2025-07-26 21:33:34.946999936,0.0,,2025-08,UNTOUCHED
2339 Other Engineering Professionals,100,9.0,2025-04-29 11:57:16.402999610,0.0,,2025-08,UNTOUCHED
2339 Other Engineering Professionals,105,2.0,2024-12-23 14:21:30.210000004,0.0,,2025-08,UNTOUCHED
2341 Agricultural and Forestry Scientists,45,1.0,2025-05-12 02:03:17.979999704,0.0,,2025-08,UNTOUCHED
2341 Agricultural and Forestry Scientists,50,1.0,2025-07-27 04:00:09.046999851,0.0,,2025-08,UNTOUCHED
2341 Agricultural and Forestry Scientists,55,13.0,2025-07-06 06:22:05.377000010,0.0,,2025-08,UNTOUCHED
2341 Agricultural and Forestry Scientists,60,13.0,2025-07-17 22:19:31.342999488,0.0,,2025-08,UNTOUCHED
2341 Agricultural and Forestry Scientists,65,79.0,2025-07-30 11:28:16.993000292,0.0,,2025-08,UNTOUCHED
2341 Agricultural and Forestry Scientists,70,56.0,2025-07-31 16:55:40.543000631,0.0,,2025-08,UNTOUCHED
2341 Agricultural and Forestry Scientists,75,62.0,2025-07-28 12:30:49.143000228,0.0,,2025-08,UNTOUCHED
2341 Agricultural and Forestry Scientists,80,52.0,2025-07-30 16:32:59.172999691,0.0,,2025-08,UNTOUCHED
2341 Agricultural and Forestry Scientists,85,29.0,2025-07-19 22:11:08.112999825,0.0,,2025-08,UNTOUCHED
2341 Agricultural and Forestry Scientists,90,31.0,2025-07-25 11:53:07.692999676,23.0,2025-05-08 10:30:52.819999914,2025-08,PARTIAL
2341 Agricultural and Forestry Scientists,95,17.0,2025-06-12 14:25:02.529999796,18.0,2025-06-12 14:25:02.529999796,2025-08,CLEARED
2341 Agricultural and Forestry Scientists,100,4.0,2025-02-24 23:46:54.853000132,4.0,2025-08-13 10:14:46.009999271,2025-08,CLEARED
"2342 Chemists, and Food and Wine Scientists",50,3.0,2025-06-14 13:42:24.563000275,0.0,,2025-08,UNTOUCHED
"2342 Chemists, and Food and Wine Scientists",55,6.0,2025-07-09 20:29:38.817000124,0.0,,2025-08,UNTOUCHED
"2342 Chemists, and Food and Wine Scientists",60,16.0,2025-06-06 18:02:51.352999609,0.0,,2025-08,UNTOUCHED
"2342 Chemists, and Food and Wine Scientists",65,66.0,2025-07-28 21:11:19.312999638,0.0,,2025-08,UNTOUCHED
"2342 Chemists, and Food and Wine Scientists",70,79.0,2025-07-24 07:18:02.146999939,0.0,,2025-08,UNTOUCHED
"2342 Chemists, and Food and Wine Scientists",75,76.0,2025-07-14 21:19:53.626999851,0.0,,2025-08,UNTOUCHED
"2342 Chemists, and Food and Wine Scientists",80,57.0,2025-07-27 11:51:42.636999801,0.0,,2025-08,UNTOUCHED
"2342 Chemists, and Food and Wine Scientists",85,60.0,2025-07-23 05:07:11.719999992,0.0,,2025-08,UNTOUCHED
"2342 Chemists, and Food and Wine Scientists",90,34.0,2025-07-15 17:19:13.532999825,19.0,2025-05-08 18:42:07.227000172,2025-08,PARTIAL
"2342 Chemists, and Food and Wine Scientists",95,8.0,2025-06-02 15:22:12.896999826,10.0,2025-08-19 15:35:39.793000372,2025-08,CLEARED
"2342 Chemists, and Food and Wine Scientists",100,6.0,2025-05-31 21:10:13.242999930,6.0,2025-05-31 21:10:13.242999930,2025-08,CLEARED
"2342 Chemists, and Food and Wine Scientists",105,1.0,2025-02-06 18:26:43.702999903,1.0,2025-02-06 18:26:43.702999903,2025-08,CLEARED
"2342 Chemists, and Food and Wine Scientists",110,1.0,2024-09-01 14:20:53.060000346,1.0,2024-09-01 14:20:53.060000346,2025-08,CLEARED
2343 Environmental Scientists,45,1.0,2024-09-18 22:28:03.356999604,0.0,,2025-08,UNTOUCHED
2343 Environmental Scientists,50,1.0,2025-03-17 18:31:51.169999840,0.0,,2025-08,UNTOUCHED
2343 Environmental Scientists,60,5.0,2025-03-25 13:31:22.500000111,0.0,,2025-08,UNTOUCHED
2343 Environmental Scientists,65,21.0,2025-07-13 19:37:06.509999876,0.0,,2025-08,UNTOUCHED
2343 Environmental Scientists,70,26.0,2025-07-08 18:15:35.860000037,0.0,,2025-08,UNTOUCHED
2343 Environmental Scientists,75,36.0,2025-07-30 19:48:22.272999917,0.0,,2025-08,UNTOUCHED
2343 Environmental Scientists,80,31.0,2025-07-14 12:26:33.469999938,0.0,,2025-08,UNTOUCHED
2343 Environmental Scientists,85,33.0,2025-05-22 10:21:18.440000187,0.0,,2025-08,UNTOUCHED
2343 Environmental Scientists,90,35.0,2025-07-30 22:20:03.506999746,22.0,2025-04-10 17:15:37.193000083,2025-08,PARTIAL
2343 Environmental Scientists,95,12.0,2025-06-28 11:42:24.907000288,15.0,2025-08-20 20:53:51.757000134,2025-08,CLEARED
2343 Environmental Scientists,100,7.0,2025-04-24 09:22:45.400000082,8.0,2025-08-16 22:03:48.852999953,2025-08,CLEARED
2343 Environmental Scientists,110,1.0,2024-09-20 14:48:24.073000004,1.0,2024-09-20 14:48:24.073000004,2025-08,CLEARED
2344 Geologists Geophysicists and Hydrogeologists,55,1.0,2025-04-02 11:23:29.409999708,0.0,,2025-08,UNTOUCHED
2344 Geologists Geophysicists and Hydrogeologists,60,2.0,2025-07-27 20:36:57.659999892,0.0,,2025-08,UNTOUCHED
2344 Geologists Geophysicists and Hydrogeologists,65,9.0,2025-05-12 14:02:30.599999957,0.0,,2025-08,UNTOUCHED
2344 Geologists Geophysicists and Hydrogeologists,70,6.0,2025-06-01 15:49:21.186999249,0.0,,2025-08,UNTOUCHED
2344 Geologists Geophysicists and Hydrogeologists,75,5.0,2025-06-02 23:51:16.619999618,0.0,,2025-08,UNTOUCHED
2344 Geologists Geophysicists and Hydrogeologists,80,3.0,2024-09-16 00:01:43.086999941,0.0,,2025-08,UNTOUCHED
2344 Geologists Geophysicists and Hydrogeologists,85,4.0,2025-07-18 00:06:11.833000009,0.0,,2025-08,UNTOUCHED
2344 Geologists Geophysicists and Hydrogeologists,90,2.0,2025-01-06 21:54:05.647000147,2.0,2025-01-06 21:54:05.647000147,2025-08,CLEARED
2344 Geologists Geophysicists and Hydrogeologists,95,1.0,2024-09-08 14:30:49.902999958,1.0,2024-09-08 14:30:49.902999958,2025-08,CLEARED
2345 Life Scientists,50,4.0,2025-06-04 22:03:14.116999723,0.0,,2025-08,UNTOUCHED
2345 Life Scientists,55,10.0,2025-07-05 18:38:29.337000034,0.0,,2025-08,UNTOUCHED
2345 Life Scientists,60,15.0,2025-07-25 16:18:13.846999968,0.0,,2025-08,UNTOUCHED
2345 Life Scientists,65,67.0,2025-07-21 16:21:42.869999943,0.0,,2025-08,UNTOUCHED
2345 Life Scientists,70,71.0,2025-07-31 16:08:09.422999557,0.0,,2025-08,UNTOUCHED
2345 Life Scientists,75,76.0,2025-07-29 21:57:18.147000202,0.0,,2025-08,UNTOUCHED
2345 Life Scientists,80,45.0,2025-07-28 10:49:40.673000262,0.0,,2025-08,UNTOUCHED
2345 Life Scientists,85,65.0,2025-07-23 21:56:38.869999779,0.0,,2025-08,UNTOUCHED
2345 Life Scientists,90,52.0,2025-07-31 23:42:23.349999954,31.0,2025-03-04 18:48:09.553000219,2025-08,PARTIAL
2345 Life Scientists,95,29.0,2025-07-14 16:58:49.986999863,34.0,2025-08-15 12:07:14.143000117,2025-08,CLEARED
2345 Life Scientists,100,14.0,2025-07-31 02:18:41.303000257,15.0,2025-08-20 11:27:10.129999826,2025-08,CLEARED
2345 Life Scientists,105,5.0,2025-07-13 12:36:32.056999724,5.0,2025-07-13 12:36:32.056999724,2025-08,CLEARED
2346 Medical Laboratory Scientists,55,3.0,2025-06-09 22:55:10.120000039,0.0,,2025-08,UNTOUCHED
2346 Medical Laboratory Scientists,60,4.0,2025-06-21 19:37:22.369999848,0.0,,2025-08,UNTOUCHED
2346 Medical Laboratory Scientists,65,21.0,2025-06-23 21:40:59.673000008,0.0,,2025-08,UNTOUCHED
2346 Medical Laboratory Scientists,70,40.0,2025-07-20 17:51:29.557000085,0.0,,2025-08,UNTOUCHED
2346 Medical Laboratory Scientists,75,53.0,2025-07-23 21:44:12.796999647,0.0,,2025-08,UNTOUCHED
2346 Medical Laboratory Scientists,80,24.0,2025-07-08 16:37:38.439999816,0.0,,2025-08,UNTOUCHED
2346 Medical Laboratory Scientists,85,13.0,2025-07-22 14:00:36.120000182,0.0,,2025-08,UNTOUCHED
2346 Medical Laboratory Scientists,90,3.0,2025-02-04 15:26:31.640000184,3.0,2025-02-04 15:26:31.640000184,2025-08,CLEARED
2346 Medical Laboratory Scientists,95,1.0,2025-01-11 02:04:24.250000215,1.0,2025-01-11 02:04:24.250000215,2025-08,CLEARED
2346 Medical Laboratory Scientists,100,1.0,2025-03-22 10:19:06.233000024,1.0,2025-03-22 10:19:06.233000024,2025-08,CLEARED
2347 Veterinarians,65,10.0,2025-04-19 13:14:32.360000386,0.0,,2025-08,UNTOUCHED
2347 Veterinarians,70,5.0,2025-02-10 08:51:19.362999853,0.0,,2025-08,UNTOUCHED
2347 Veterinarians,75,16.0,2025-06-18 00:25:12.030000240,0.0,,2025-08,UNTOUCHED
2347 Veterinarians,80,19.0,2025-07-30 20:16:30.106999689,0.0,,2025-08,UNTOUCHED
2347 Veterinarians,85,22.0,2025-07-17 17:18:30.200000227,0.0,,2025-08,UNTOUCHED
2347 Veterinarians,90,14.0,2025-05-11 22:01:26.220000221,11.0,2025-05-05 21:23:01.397000163,2025-08,PARTIAL
2347 Veterinarians,95,3.0,2025-07-30 13:43:48.659999998,3.0,2025-07-30 13:43:48.659999998,2025-08,CLEARED
2349 Other Natural and Physical Science Professionals,55,3.0,2025-04-22 05:54:41.210000231,0.0,,2025-08,UNTOUCHED
2349 Other Natural and Physical Science Professionals,60,3.0,2025-02-17 22:26:17.086999799,0.0,,2025-08,UNTOUCHED
2349 Other Natural and Physical Science Professionals,65,19.0,2025-07-31 18:55:24.329999743,0.0,,2025-08,UNTOUCHED
2349 Other Natural and Physical Science Professionals,70,11.0,2025-07-31 18:23:40.296999768,0.0,,2025-08,UNTOUCHED
2349 Other Natural and Physical Science Professionals,75,18.0,2025-07-05 19:06:41.452999816,0.0,,2025-08,UNTOUCHED
2349 Other Natural and Physical Science Professionals,80,12.0,2025-07-15 06:37:48.199999774,0.0,,2025-08,UNTOUCHED
2349 Other Natural and Physical Science Professionals,85,10.0,2025-07-11 18:59:18.119999754,0.0,,2025-08,UNTOUCHED
2349 Other Natural and Physical Science Professionals,90,7.0,2025-05-22 12:55:03.229999775,4.0,2025-05-01 18:44:38.480000049,2025-08,PARTIAL
2349 Other Natural and Physical Science Professionals,95,4.0,2025-06-25 19:29:46.239999953,4.0,2025-06-25 19:29:46.239999953,2025-08,CLEARED
2349 Other Natural and Physical Science Professionals,100,6.0,2025-01-15 17:23:24.719999873,6.0,2025-01-15 17:23:24.719999873,2025-08,CLEARED
2349 Other Natural and Physical Science Professionals,115,1.0,2025-04-02 00:22:39.430000024,1.0,2025-04-02 00:22:39.430000024,2025-08,CLEARED
2411 Early Childhood (Pre-primary School) Teachers,45,1.0,2025-05-29 11:20:46.580000035,0.0,,2025-08,UNTOUCHED
2411 Early Childhood (Pre-primary School) Teachers,50,5.0,2025-06-19 10:22:19.340000532,0.0,,2025-08,UNTOUCHED
2411 Early Childhood (Pre-primary School) Teachers,55,15.0,2025-07-11 13:26:05.440000009,0.0,,2025-08,UNTOUCHED
2411 Early Childhood (Pre-primary School) Teachers,60,82.0,2025-07-30 13:02:17.069999749,0.0,,2025-08,UNTOUCHED
2411 Early Childhood (Pre-primary School) Teachers,65,540.0,2025-07-30 10:33:38.690000193,0.0,,2025-08,UNTOUCHED
2411 Early Childhood (Pre-primary School) Teachers,70,841.0,2025-07-31 17:26:25.839999795,0.0,,2025-08,UNTOUCHED
2411 Early Childhood (Pre-primary School) Teachers,75,682.0,2025-07-31 12:02:03.036999857,0.0,,2025-08,UNTOUCHED
2411 Early Childhood (Pre-primary School) Teachers,80,568.0,2025-07-31 17:27:12.050000481,0.0,,2025-08,UNTOUCHED
2411 Early Childhood (Pre-primary School) Teachers,85,360.0,2025-07-30 23:13:02.693000112,324.0,2025-07-12 22:00:23.429999946,2025-08,PARTIAL
2411 Early Childhood (Pre-primary School) Teachers,90,32.0,2025-07-30 15:14:36.746999661,38.0,2025-08-14 14:03:10.410000157,2025-08,CLEARED
2411 Early Childhood (Pre-primary School) Teachers,95,3.0,2025-05-29 16:31:16.516999721,3.0,2025-05-29 16:31:16.516999721,2025-08,CLEARED
2414 Secondary School Teachers,50,3.0,2025-04-16 18:26:07.757000073,0.0,,2025-08,UNTOUCHED
2414 Secondary School Teachers,55,3.0,2025-04-01 21:34:38.169999903,0.0,,2025-08,UNTOUCHED
2414 Secondary School Teachers,60,16.0,2025-07-16 13:35:30.823000033,0.0,,2025-08,UNTOUCHED
2414 Secondary School Teachers,65,109.0,2025-07-30 15:21:47.952999766,0.0,,2025-08,UNTOUCHED
2414 Secondary School Teachers,70,145.0,2025-07-30 14:33:19.479999951,0.0,,2025-08,UNTOUCHED
2414 Secondary School Teachers,75,148.0,2025-07-16 20:13:20.939999937,0.0,,2025-08,UNTOUCHED
2414 Secondary School Teachers,80,104.0,2025-07-31 02:48:49.717000042,0.0,,2025-08,UNTOUCHED
2414 Secondary School Teachers,85,49.0,2025-07-28 17:03:21.413000724,44.0,2025-06-26 23:51:56.039999921,2025-08,PARTIAL
2414 Secondary School Teachers,90,8.0,2025-07-21 22:27:12.147000264,8.0,2025-07-21 22:27:12.147000264,2025-08,CLEARED
2415 Special Education Teachers,65,2.0,2025-05-06 10:20:58.467000117,0.0,,2025-08,UNTOUCHED
2415 Special Education Teachers,70,6.0,2025-07-08 21:23:11.162999670,0.0,,2025-08,UNTOUCHED
2415 Special Education Teachers,75,3.0,2025-06-13 07:45:52.049999730,0.0,,2025-08,UNTOUCHED
2421 University Lecturers and Tutors,55,20.0,2025-06-30 19:42:57.683000177,0.0,,2025-08,UNTOUCHED
2421 University Lecturers and Tutors,60,36.0,2025-07-22 20:15:05.767000001,0.0,,2025-08,UNTOUCHED
2421 University Lecturers and Tutors,65,140.0,2025-07-30 18:01:10.982999870,0.0,,2025-08,UNTOUCHED
2421 University Lecturers and Tutors,70,114.0,2025-07-31 11:06:00.580000374,0.0,,2025-08,UNTOUCHED
2421 University Lecturers and Tutors,75,136.0,2025-07-30 17:01:21.749999992,0.0,,2025-08,UNTOUCHED
2421 University Lecturers and Tutors,80,131.0,2025-07-31 20:48:55.442999960,0.0,,2025-08,UNTOUCHED
2421 University Lecturers and Tutors,85,84.0,2025-07-25 21:33:02.050000361,84.0,2025-07-13 23:27:38.653000041,2025-08,PARTIAL
2421 University Lecturers and Tutors,90,73.0,2025-07-14 15:31:54.916999731,84.0,2025-08-20 11:51:12.470000129,2025-08,CLEARED
2421 University Lecturers and Tutors,95,31.0,2025-07-23 21:46:36.290000251,35.0,2025-08-17 20:06:44.317000368,2025-08,CLEARED
2421 University Lecturers and Tutors,100,11.0,2025-06-11 16:07:21.216999714,14.0,2025-08-13 03:16:50.223000057,2025-08,CLEARED
2421 University Lecturers and Tutors,105,5.0,2025-04-13 11:15:36.220000055,4.0,2025-08-14 16:28:11.802999610,2025-08,CLEARED
2421 University Lecturers and Tutors,110,1.0,2025-03-24 22:13:40.673000133,1.0,2025-03-24 22:13:40.673000133,2025-08,CLEARED
2512 Medical Imaging Professionals,55,2.0,2025-07-11 19:49:02.187000255,0.0,,2025-08,UNTOUCHED
2512 Medical Imaging Professionals,60,2.0,2025-06-27 16:54:11.976999805,0.0,,2025-08,UNTOUCHED
2512 Medical Imaging Professionals,65,14.0,2025-07-23 16:02:32.217000051,0.0,,2025-08,UNTOUCHED
2512 Medical Imaging Professionals,70,25.0,2025-07-25 14:10:36.753000110,0.0,,2025-08,UNTOUCHED
2512 Medical Imaging Professionals,75,37.0,2025-07-27 22:04:06.343000138,0.0,,2025-08,UNTOUCHED
2512 Medical Imaging Professionals,80,21.0,2025-06-24 20:28:20.752999893,19.0,2025-06-24 20:28:20.752999893,2025-08,CLEARED
2512 Medical Imaging Professionals,85,12.0,2025-07-17 18:40:03.787000078,12.0,2025-07-17 18:40:03.787000078,2025-08,CLEARED
2512 Medical Imaging Professionals,90,8.0,2025-05-06 10:49:05.662999807,9.0,2025-05-06 10:49:05.662999807,2025-08,CLEARED
2512 Medical Imaging Professionals,95,3.0,2025-05-06 10:30:05.389999804,3.0,2025-05-06 10:30:05.389999804,2025-08,CLEARED
2514 Optometrists and Orthoptists,60,1.0,2025-02-18 16:47:55.416999937,0.0,,2025-08,UNTOUCHED
2514 Optometrists and Orthoptists,70,3.0,2025-07-13 19:54:17.309999949,0.0,,2025-08,UNTOUCHED
2514 Optometrists and Orthoptists,80,3.0,2025-06-20 17:39:51.892999853,3.0,2025-06-20 17:39:51.892999853,2025-08,CLEARED
2514 Optometrists and Orthoptists,85,1.0,2025-02-07 20:39:47.356999888,1.0,2025-02-07 20:39:47.356999888,2025-08,CLEARED
2519 Other Health Diagnostic and Promotion Professionals,70,1.0,2025-05-31 00:45:11.523000012,0.0,,2025-08,UNTOUCHED
2521 Chiropractors and Osteopaths,55,1.0,2025-05-20 15:52:25.080000113,0.0,,2025-08,UNTOUCHED
2521 Chiropractors and Osteopaths,60,1.0,2025-01-12 13:20:33.803000044,0.0,,2025-08,UNTOUCHED
2521 Chiropractors and Osteopaths,65,5.0,2025-05-04 11:46:18.649999830,0.0,,2025-08,UNTOUCHED
2521 Chiropractors and Osteopaths,70,7.0,2025-05-17 18:33:53.006999921,0.0,,2025-08,UNTOUCHED
2521 Chiropractors and Osteopaths,75,5.0,2025-04-17 14:41:51.016999793,0.0,,2025-08,UNTOUCHED
2521 Chiropractors and Osteopaths,80,5.0,2025-05-21 16:34:27.436999918,0.0,,2025-08,UNTOUCHED
2521 Chiropractors and Osteopaths,85,1.0,2025-07-29 12:53:57.726999980,0.0,,2025-08,UNTOUCHED
2524 Occupational Therapists,45,1.0,2025-03-02 03:18:34.167000355,0.0,,2025-08,UNTOUCHED
2524 Occupational Therapists,55,2.0,2025-07-25 11:45:19.702999480,0.0,,2025-08,UNTOUCHED
2524 Occupational Therapists,60,4.0,2025-05-08 05:58:00.682999826,0.0,,2025-08,UNTOUCHED
2524 Occupational Therapists,65,31.0,2025-07-23 09:08:08.162999807,0.0,,2025-08,UNTOUCHED
2524 Occupational Therapists,70,39.0,2025-06-25 11:35:40.767000149,0.0,,2025-08,UNTOUCHED
2524 Occupational Therapists,75,57.0,2025-07-25 15:00:51.592999930,0.0,,2025-08,UNTOUCHED
2524 Occupational Therapists,80,40.0,2025-07-27 11:32:07.592999887,36.0,2025-06-17 23:41:13.860000188,2025-08,PARTIAL
2524 Occupational Therapists,85,12.0,2025-07-28 16:16:23.009999946,12.0,2025-07-28 16:16:23.009999946,2025-08,CLEARED
2524 Occupational Therapists,90,2.0,2024-11-27 19:08:53.436999652,2.0,2024-11-27 19:08:53.436999652,2025-08,CLEARED
2524 Occupational Therapists,95,1.0,2024-11-17 19:40:35.970000225,1.0,2024-11-17 19:40:35.970000225,2025-08,CLEARED
2525 Physiotherapists,40,1.0,2025-02-06 14:24:46.053000178,0.0,,2025-08,UNTOUCHED
2525 Physiotherapists,50,3.0,2025-05-12 02:31:45.206999924,0.0,,2025-08,UNTOUCHED
2525 Physiotherapists,55,5.0,2025-06-12 19:31:58.020000188,0.0,,2025-08,UNTOUCHED
2525 Physiotherapists,60,5.0,2025-04-04 14:44:16.693000016,0.0,,2025-08,UNTOUCHED
2525 Physiotherapists,65,46.0,2025-07-03 16:23:34.427000212,0.0,,2025-08,UNTOUCHED
2525 Physiotherapists,70,67.0,2025-07-23 15:10:41.196999881,0.0,,2025-08,UNTOUCHED
2525 Physiotherapists,75,87.0,2025-07-22 00:52:36.113000142,0.0,,2025-08,UNTOUCHED
2525 Physiotherapists,80,59.0,2025-07-24 22:47:12.460000369,52.0,2025-07-12 21:16:39.320000198,2025-08,PARTIAL
2525 Physiotherapists,85,29.0,2025-06-28 21:31:25.743000357,34.0,2025-08-15 11:38:23.423000314,2025-08,CLEARED
2525 Physiotherapists,90,9.0,2025-06-20 13:48:46.643000126,9.0,2025-06-20 13:48:46.643000126,2025-08,CLEARED
2525 Physiotherapists,95,2.0,2025-04-16 18:31:44.282999879,2.0,2025-04-16 18:31:44.282999879,2025-08,CLEARED
2526 Podiatrists,65,2.0,2025-07-31 13:57:50.429999796,0.0,,2025-08,UNTOUCHED
2526 Podiatrists,70,3.0,2025-02-12 14:20:35.740000239,0.0,,2025-08,UNTOUCHED
2526 Podiatrists,75,5.0,2025-07-16 02:54:13.310000055,0.0,,2025-08,UNTOUCHED
2526 Podiatrists,80,1.0,2025-06-02 21:27:06.780000188,1.0,2025-06-02 21:27:06.780000188,2025-08,CLEARED
2526 Podiatrists,90,2.0,2024-08-16 22:15:12.513000006,2.0,2024-08-16 22:15:12.513000006,2025-08,CLEARED
2527 Speech Professionals and Audiologists,55,2.0,2025-02-26 22:29:23.649999766,0.0,,2025-08,UNTOUCHED
2527 Speech Professionals and Audiologists,60,4.0,2025-06-18 19:00:53.043000027,0.0,,2025-08,UNTOUCHED
2527 Speech Professionals and Audiologists,65,23.0,2025-07-16 16:30:43.089999632,0.0,,2025-08,UNTOUCHED
2527 Speech Professionals and Audiologists,70,33.0,2025-07-31 20:15:51.069999977,0.0,,2025-08,UNTOUCHED
2527 Speech Professionals and Audiologists,75,26.0,2025-07-03 22:49:06.182999875,0.0,,2025-08,UNTOUCHED
2527 Speech Professionals and Audiologists,80,23.0,2025-07-16 18:02:22.552999915,20.0,2025-07-03 23:36:49.930000081,2025-08,PARTIAL
2527 Speech Professionals and Audiologists,85,17.0,2025-07-08 17:13:07.219999799,18.0,2025-08-04 17:32:53.382999960,2025-08,CLEARED
2527 Speech Professionals and Audiologists,90,4.0,2025-06-30 22:18:33.896999977,6.0,2025-06-30 22:18:33.896999977,2025-08,CLEARED
2531 General Practitioners and Resident Medical officers,50,1.0,2024-12-10 18:28:47.140000112,0.0,,2025-08,UNTOUCHED
2531 General Practitioners and Resident Medical officers,55,1.0,2024-08-24 00:15:14.809999800,0.0,,2025-08,UNTOUCHED
2531 General Practitioners and Resident Medical officers,60,5.0,2025-02-07 23:41:25.537000070,0.0,,2025-08,UNTOUCHED
2531 General Practitioners and Resident Medical officers,65,23.0,2025-06-10 10:11:00.079999872,0.0,,2025-08,UNTOUCHED
2531 General Practitioners and Resident Medical officers,70,38.0,2025-07-31 10:05:31.143000347,0.0,,2025-08,UNTOUCHED
2531 General Practitioners and Resident Medical officers,75,60.0,2025-07-21 20:37:53.177000370,0.0,,2025-08,UNTOUCHED
2531 General Practitioners and Resident Medical officers,80,99.0,2025-07-28 14:31:50.757000000,92.0,2025-07-06 16:33:00.426999882,2025-08,PARTIAL
2531 General Practitioners and Resident Medical officers,85,61.0,2025-07-31 09:44:37.176999671,60.0,2025-08-17 00:58:56.492999780,2025-08,CLEARED
2531 General Practitioners and Resident Medical officers,90,17.0,2025-07-07 19:38:03.217000306,23.0,2025-08-17 00:22:17.806999471,2025-08,CLEARED
2531 General Practitioners and Resident Medical officers,95,1.0,2024-02-15 10:57:36.519999940,1.0,2024-02-15 10:57:36.519999940,2025-08,CLEARED
2533 Internal Medicine Specialists,40,1.0,2024-12-14 12:18:56.870000951,0.0,,2025-08,UNTOUCHED
2533 Internal Medicine Specialists,60,4.0,2025-07-22 06:30:44.972999838,0.0,,2025-08,UNTOUCHED
2533 Internal Medicine Specialists,65,4.0,2025-06-03 23:23:21.443000326,0.0,,2025-08,UNTOUCHED
2533 Internal Medicine Specialists,70,3.0,2025-06-23 13:50:39.060000006,0.0,,2025-08,UNTOUCHED
2533 Internal Medicine Specialists,75,2.0,2025-07-04 00:58:46.623000135,0.0,,2025-08,UNTOUCHED
2533 Internal Medicine Specialists,80,9.0,2025-07-24 21:29:51.926999712,7.0,2025-04-27 22:07:33.387000087,2025-08,PARTIAL
2533 Internal Medicine Specialists,85,1.0,2025-02-24 11:43:55.947000097,1.0,2025-02-24 11:43:55.947000097,2025-08,CLEARED
2533 Internal Medicine Specialists,90,3.0,2025-04-08 22:15:39.860000136,3.0,2025-04-08 22:15:39.860000136,2025-08,CLEARED
2534 Psychiatrists,70,2.0,2025-04-20 21:12:13.327000188,0.0,,2025-08,UNTOUCHED
2534 Psychiatrists,75,3.0,2025-04-25 08:17:00.102999730,0.0,,2025-08,UNTOUCHED
2534 Psychiatrists,80,1.0,2025-06-03 06:53:55.307000158,1.0,2025-06-03 06:53:55.307000158,2025-08,CLEARED
2534 Psychiatrists,85,2.0,2025-04-14 10:48:37.579999844,2.0,2025-04-14 10:48:37.579999844,2025-08,CLEARED
2535 Surgeons,55,1.0,2025-01-24 11:32:23.906999987,0.0,,2025-08,UNTOUCHED
2535 Surgeons,65,1.0,2025-05-20 11:33:37.626999690,0.0,,2025-08,UNTOUCHED
2535 Surgeons,75,1.0,2024-07-06 17:59:20.837000169,0.0,,2025-08,UNTOUCHED
2535 Surgeons,85,1.0,2025-02-22 19:24:57.203000259,1.0,2025-02-22 19:24:57.203000259,2025-08,CLEARED
2539 Other Medical Practitioners,50,2.0,2025-07-30 21:05:50.203000150,0.0,,2025-08,UNTOUCHED
2539 Other Medical Practitioners,55,3.0,2025-05-28 20:40:35.913000351,0.0,,2025-08,UNTOUCHED
2539 Other Medical Practitioners,60,11.0,2025-07-28 19:50:35.716999879,0.0,,2025-08,UNTOUCHED
2539 Other Medical Practitioners,65,18.0,2025-07-30 10:35:17.942999858,0.0,,2025-08,UNTOUCHED
2539 Other Medical Practitioners,70,39.0,2025-07-27 18:25:59.342999871,0.0,,2025-08,UNTOUCHED
2539 Other Medical Practitioners,75,47.0,2025-07-18 08:25:08.000000057,0.0,,2025-08,UNTOUCHED
2539 Other Medical Practitioners,80,80.0,2025-07-27 22:23:49.592999978,72.0,2025-07-08 12:12:06.617000252,2025-08,PARTIAL
2539 Other Medical Practitioners,85,56.0,2025-07-21 08:21:04.183000007,59.0,2025-07-21 08:21:04.183000007,2025-08,CLEARED
2539 Other Medical Practitioners,90,14.0,2025-07-14 12:35:50.922999971,15.0,2025-07-14 12:35:50.922999971,2025-08,CLEARED
2539 Other Medical Practitioners,95,2.0,2024-11-16 13:51:42.719999708,1.0,2025-08-17 14:13:17.510000064,2025-08,CLEARED
2539 Other Medical Practitioners,100,1.0,2025-04-01 21:39:47.052999996,1.0,2025-04-01 21:39:47.052999996,2025-08,CLEARED
2541 Midwives,55,1.0,2025-01-14 22:12:34.860000265,0.0,,2025-08,UNTOUCHED
2541 Midwives,60,2.0,2025-06-17 15:44:08.316999807,0.0,,2025-08,UNTOUCHED
2541 Midwives,65,4.0,2025-07-23 21:02:42.203000204,0.0,,2025-08,UNTOUCHED
2541 Midwives,70,9.0,2025-07-31 18:07:01.262999951,0.0,,2025-08,UNTOUCHED
2541 Midwives,75,5.0,2025-05-19 13:17:28.840000197,0.0,,2025-08,UNTOUCHED
2541 Midwives,80,13.0,2025-07-12 16:32:02.889999925,12.0,2025-07-08 07:51:48.427000162,2025-08,PARTIAL
2541 Midwives,85,3.0,2025-06-13 11:46:47.403000301,4.0,2025-08-01 00:43:26.407000312,2025-08,CLEARED
2544 Registered Nurses,35,2.0,2025-05-27 09:47:15.380000203,0.0,,2025-08,UNTOUCHED
2544 Registered Nurses,40,1.0,2024-10-26 12:08:03.897000015,0.0,,2025-08,UNTOUCHED
2544 Registered Nurses,45,2.0,2025-01-23 13:56:48.979999921,0.0,,2025-08,UNTOUCHED
2544 Registered Nurses,50,9.0,2025-05-27 13:48:37.600000113,0.0,,2025-08,UNTOUCHED
2544 Registered Nurses,55,58.0,2025-07-29 17:23:02.940000204,0.0,,2025-08,UNTOUCHED
2544 Registered Nurses,60,142.0,2025-07-30 13:41:21.523000096,0.0,,2025-08,UNTOUCHED
2544 Registered Nurses,65,1157.0,2025-07-31 23:52:46.272999812,0.0,,2025-08,UNTOUCHED
2544 Registered Nurses,70,1298.0,2025-07-31 18:56:41.356999717,0.0,,2025-08,UNTOUCHED
2544 Registered Nurses,75,1052.0,2025-07-31 22:05:25.780000119,0.0,,2025-08,UNTOUCHED
2544 Registered Nurses,80,709.0,2025-07-31 13:11:16.126999684,596.0,2025-07-12 01:48:28.400000353,2025-08,PARTIAL
2544 Registered Nurses,85,225.0,2025-07-31 14:52:10.119999872,269.0,2025-08-20 06:00:30.703000587,2025-08,CLEARED
2544 Registered Nurses,90,34.0,2025-07-17 20:57:31.153000069,42.0,2025-07-17 20:57:31.153000069,2025-08,CLEARED
2544 Registered Nurses,95,6.0,2025-05-22 21:59:07.417000075,6.0,2025-05-22 21:59:07.417000075,2025-08,CLEARED
2544 Registered Nurses,100,1.0,2025-03-08 22:47:00.042999970,1.0,2025-03-08 22:47:00.042999970,2025-08,CLEARED
2544 Registered Nurses,105,1.0,2024-09-10 11:43:36.690000214,1.0,2024-09-10 11:43:36.690000214,2025-08,CLEARED
2611 ICT Business and Systems Analysts,45,1.0,2025-06-24 21:29:31.799999780,0.0,,2025-08,UNTOUCHED
2611 ICT Business and Systems Analysts,50,6.0,2025-07-31 20:46:20.107000070,0.0,,2025-08,UNTOUCHED
2611 ICT Business and Systems Analysts,55,39.0,2025-07-09 17:33:12.070000036,0.0,,2025-08,UNTOUCHED
2611 ICT Business and Systems Analysts,60,90.0,2025-07-31 15:17:32.380000823,0.0,,2025-08,UNTOUCHED
2611 ICT Business and Systems Analysts,65,478.0,2025-07-31 19:18:33.592999659,0.0,,2025-08,UNTOUCHED
2611 ICT Business and Systems Analysts,70,631.0,2025-07-31 21:24:50.930000271,0.0,,2025-08,UNTOUCHED
2611 ICT Business and Systems Analysts,75,843.0,2025-07-31 18:00:31.257000169,0.0,,2025-08,UNTOUCHED
2611 ICT Business and Systems Analysts,80,845.0,2025-07-31 20:07:21.086999952,0.0,,2025-08,UNTOUCHED
2611 ICT Business and Systems Analysts,85,819.0,2025-07-31 22:24:21.783000268,0.0,,2025-08,UNTOUCHED
2611 ICT Business and Systems Analysts,90,914.0,2025-07-31 22:25:05.436999929,0.0,,2025-08,UNTOUCHED
2611 ICT Business and Systems Analysts,95,404.0,2025-07-29 09:33:40.267000379,0.0,,2025-08,UNTOUCHED
2611 ICT Business and Systems Analysts,100,90.0,2025-07-10 11:51:20.936999949,0.0,,2025-08,UNTOUCHED
2612 Multimedia Specialists and Web Developers,50,2.0,2025-03-05 17:32:54.950000110,0.0,,2025-08,UNTOUCHED
2612 Multimedia Specialists and Web Developers,55,1.0,2025-02-17 19:33:23.040000216,0.0,,2025-08,UNTOUCHED
2612 Multimedia Specialists and Web Developers,60,1.0,2025-05-13 10:00:07.969999685,0.0,,2025-08,UNTOUCHED
2612 Multimedia Specialists and Web Developers,65,9.0,2025-07-30 20:20:32.159999918,0.0,,2025-08,UNTOUCHED
2612 Multimedia Specialists and Web Developers,70,17.0,2025-06-19 00:46:06.850000133,0.0,,2025-08,UNTOUCHED
2612 Multimedia Specialists and Web Developers,75,28.0,2025-07-23 18:11:27.420000276,0.0,,2025-08,UNTOUCHED
2612 Multimedia Specialists and Web Developers,80,25.0,2025-07-29 19:41:57.249999660,0.0,,2025-08,UNTOUCHED
2612 Multimedia Specialists and Web Developers,85,21.0,2025-07-31 16:31:51.413000223,0.0,,2025-08,UNTOUCHED
2612 Multimedia Specialists and Web Developers,90,43.0,2025-07-23 17:25:38.256999360,0.0,,2025-08,UNTOUCHED
2612 Multimedia Specialists and Web Developers,95,13.0,2025-07-15 16:26:50.907000301,0.0,,2025-08,UNTOUCHED
2613 Software and Applications Programmers,45,4.0,2025-01-16 20:31:13.316999900,0.0,,2025-08,UNTOUCHED
2613 Software and Applications Programmers,50,20.0,2025-07-22 17:23:10.219999940,0.0,,2025-08,UNTOUCHED
2613 Software and Applications Programmers,55,79.0,2025-07-21 16:10:11.933000040,0.0,,2025-08,UNTOUCHED
2613 Software and Applications Programmers,60,178.0,2025-07-31 12:35:31.506999999,0.0,,2025-08,UNTOUCHED
2613 Software and Applications Programmers,65,961.0,2025-07-31 21:23:27.679999827,0.0,,2025-08,UNTOUCHED
2613 Software and Applications Programmers,70,1309.0,2025-07-31 22:24:49.803000168,0.0,,2025-08,UNTOUCHED
2613 Software and Applications Programmers,75,1474.0,2025-07-31 20:58:24.609999898,0.0,,2025-08,UNTOUCHED
2613 Software and Applications Programmers,80,1362.0,2025-07-31 23:26:55.739999803,0.0,,2025-08,UNTOUCHED
2613 Software and Applications Programmers,85,1578.0,2025-07-31 22:36:47.590000280,0.0,,2025-08,UNTOUCHED
2613 Software and Applications Programmers,90,1564.0,2025-07-31 16:08:53.650000164,0.0,,2025-08,UNTOUCHED
2613 Software and Applications Programmers,95,764.0,2025-07-31 23:03:53.369999611,0.0,,2025-08,UNTOUCHED
2613 Software and Applications Programmers,100,242.0,2025-07-19 12:23:26.620000045,0.0,,2025-08,UNTOUCHED
2613 Software and Applications Programmers,105,31.0,2025-07-12 11:42:09.729999901,0.0,,2025-08,UNTOUCHED
2613 Software and Applications Programmers,115,1.0,2024-11-07 21:40:18.929999697,0.0,,2025-08,UNTOUCHED
"2621 Database and Systems Administrators, and ICT Security Specialists",50,2.0,2025-07-10 10:12:41.589999849,0.0,,2025-08,UNTOUCHED
"2621 Database and Systems Administrators, and ICT Security Specialists",55,7.0,2025-01-21 15:42:04.579999971,0.0,,2025-08,UNTOUCHED
"2621 Database and Systems Administrators, and ICT Security Specialists",60,25.0,2025-07-07 17:41:54.786999831,0.0,,2025-08,UNTOUCHED
"2621 Database and Systems Administrators, and ICT Security Specialists",65,141.0,2025-07-28 20:15:15.773000218,0.0,,2025-08,UNTOUCHED
"2621 Database and Systems Administrators, and ICT Security Specialists",70,147.0,2025-07-29 11:36:00.209999698,0.0,,2025-08,UNTOUCHED
"2621 Database and Systems Administrators, and ICT Security Specialists",75,203.0,2025-07-30 19:54:19.699999678,0.0,,2025-08,UNTOUCHED
"2621 Database and Systems Administrators, and ICT Security Specialists",80,200.0,2025-07-30 13:15:45.012999746,0.0,,2025-08,UNTOUCHED
"2621 Database and Systems Administrators, and ICT Security Specialists",85,198.0,2025-07-29 14:47:46.347000144,0.0,,2025-08,UNTOUCHED
"2621 Database and Systems Administrators, and ICT Security Specialists",90,194.0,2025-07-29 08:36:27.929999972,0.0,,2025-08,UNTOUCHED
"2621 Database and Systems Administrators, and ICT Security Specialists",95,70.0,2025-07-31 19:18:41.357000246,0.0,,2025-08,UNTOUCHED
"2621 Database and Systems Administrators, and ICT Security Specialists",100,10.0,2025-03-18 12:54:22.520000056,0.0,,2025-08,UNTOUCHED
2631 Computer Network Professionals,40,1.0,2024-09-17 03:13:41.862999676,0.0,,2025-08,UNTOUCHED
2631 Computer Network Professionals,45,2.0,2025-05-08 17:30:49.010000376,0.0,,2025-08,UNTOUCHED
2631 Computer Network Professionals,50,5.0,2025-05-29 21:20:14.469999979,0.0,,2025-08,UNTOUCHED
2631 Computer Network Professionals,55,15.0,2025-07-07 16:27:45.186999719,0.0,,2025-08,UNTOUCHED
2631 Computer Network Professionals,60,38.0,2025-06-30 20:55:15.597000016,0.0,,2025-08,UNTOUCHED
2631 Computer Network Professionals,65,186.0,2025-07-31 22:05:48.153000373,0.0,,2025-08,UNTOUCHED
2631 Computer Network Professionals,70,209.0,2025-07-31 11:15:53.657000000,0.0,,2025-08,UNTOUCHED
2631 Computer Network Professionals,75,345.0,2025-07-31 14:49:00.092999887,0.0,,2025-08,UNTOUCHED
2631 Computer Network Professionals,80,266.0,2025-07-27 11:13:23.322999737,0.0,,2025-08,UNTOUCHED
2631 Computer Network Professionals,85,232.0,2025-07-31 12:34:00.176999756,0.0,,2025-08,UNTOUCHED
2631 Computer Network Professionals,90,214.0,2025-07-31 16:52:24.202999914,0.0,,2025-08,UNTOUCHED
2631 Computer Network Professionals,95,125.0,2025-07-17 12:23:04.220000214,0.0,,2025-08,UNTOUCHED
2631 Computer Network Professionals,100,22.0,2025-04-22 19:39:36.606999945,0.0,,2025-08,UNTOUCHED
2633 Telecommunications Engineering Professionals,45,2.0,2024-10-06 10:28:54.679999992,0.0,,2025-08,UNTOUCHED
2633 Telecommunications Engineering Professionals,50,4.0,2025-04-11 12:18:01.226999733,0.0,,2025-08,UNTOUCHED
2633 Telecommunications Engineering Professionals,55,10.0,2025-06-03 16:04:57.536999892,0.0,,2025-08,UNTOUCHED
2633 Telecommunications Engineering Professionals,60,23.0,2025-06-20 14:00:20.060000029,0.0,,2025-08,UNTOUCHED
2633 Telecommunications Engineering Professionals,65,92.0,2025-07-24 05:16:23.996999637,0.0,,2025-08,UNTOUCHED
2633 Telecommunications Engineering Professionals,70,80.0,2025-07-21 21:27:40.733000115,0.0,,2025-08,UNTOUCHED
2633 Telecommunications Engineering Professionals,75,174.0,2025-07-26 23:07:38.667000408,0.0,,2025-08,UNTOUCHED
2633 Telecommunications Engineering Professionals,80,104.0,2025-07-30 14:44:10.717000195,0.0,,2025-08,UNTOUCHED
2633 Telecommunications Engineering Professionals,85,81.0,2025-07-31 16:14:07.817000213,0.0,,2025-08,UNTOUCHED
2633 Telecommunications Engineering Professionals,90,41.0,2025-07-31 09:41:31.147000111,0.0,,2025-08,UNTOUCHED
2633 Telecommunications Engineering Professionals,95,9.0,2025-06-26 21:06:30.219999828,0.0,,2025-08,UNTOUCHED
2633 Telecommunications Engineering Professionals,100,1.0,2025-05-06 19:45:42.579999797,0.0,,2025-08,UNTOUCHED
2711 Barristers,75,1.0,2025-03-25 21:11:42.262999630,0.0,,2025-08,UNTOUCHED
2711 Barristers,80,1.0,2024-11-17 16:34:51.690000288,0.0,,2025-08,UNTOUCHED
2711 Barristers,85,1.0,2024-11-07 10:50:13.236999601,0.0,,2025-08,UNTOUCHED
2711 Barristers,95,1.0,2025-04-01 12:43:13.609999839,1.0,2025-04-01 12:43:13.609999839,2025-08,CLEARED
2713 Solicitors,50,2.0,2025-01-11 12:38:03.970000737,0.0,,2025-08,UNTOUCHED
2713 Solicitors,55,3.0,2025-07-04 03:44:16.463000178,0.0,,2025-08,UNTOUCHED
2713 Solicitors,60,8.0,2025-07-15 15:13:03.760000250,0.0,,2025-08,UNTOUCHED
2713 Solicitors,65,25.0,2025-07-21 11:32:52.540000103,0.0,,2025-08,UNTOUCHED
2713 Solicitors,70,56.0,2025-07-21 19:38:27.052999941,0.0,,2025-08,UNTOUCHED
2713 Solicitors,75,57.0,2025-07-27 15:01:15.753000144,0.0,,2025-08,UNTOUCHED
2713 Solicitors,80,59.0,2025-07-21 10:47:16.812999916,0.0,,2025-08,UNTOUCHED
2713 Solicitors,85,96.0,2025-07-17 08:34:58.890000002,0.0,,2025-08,UNTOUCHED
2713 Solicitors,90,73.0,2025-07-28 22:49:45.243000373,51.0,2025-04-18 01:24:27.270000282,2025-08,PARTIAL
2713 Solicitors,95,8.0,2024-11-20 20:18:53.150000218,8.0,2024-11-20 20:18:53.150000218,2025-08,CLEARED
2713 Solicitors,100,1.0,2025-01-18 08:38:30.523000148,1.0,2025-01-18 08:38:30.523000148,2025-08,CLEARED
2723 Psychologists,60,2.0,2025-06-05 21:55:22.817000000,0.0,,2025-08,UNTOUCHED
2723 Psychologists,65,8.0,2025-07-11 04:13:12.166999680,0.0,,2025-08,UNTOUCHED
2723 Psychologists,70,14.0,2025-07-17 00:24:14.573000108,0.0,,2025-08,UNTOUCHED
2723 Psychologists,75,13.0,2025-07-29 13:11:08.937000211,0.0,,2025-08,UNTOUCHED
2723 Psychologists,80,19.0,2025-04-29 05:04:37.189999937,0.0,,2025-08,UNTOUCHED
2723 Psychologists,85,9.0,2025-07-17 19:45:55.739999960,8.0,2025-04-30 14:12:51.797000200,2025-08,PARTIAL
2723 Psychologists,90,2.0,2025-01-11 16:24:19.079999942,1.0,2025-01-11 16:24:19.079999942,2025-08,CLEARED
2723 Psychologists,95,1.0,2025-03-18 04:34:52.687000007,1.0,2025-03-18 04:34:52.687000007,2025-08,CLEARED
2725 Social Workers,55,2.0,2025-01-01 08:26:09.916999759,0.0,,2025-08,UNTOUCHED
2725 Social Workers,60,8.0,2025-07-25 14:09:37.053000172,0.0,,2025-08,UNTOUCHED
2725 Social Workers,65,81.0,2025-07-29 15:34:08.479999882,0.0,,2025-08,UNTOUCHED
2725 Social Workers,70,95.0,2025-07-29 11:15:12.512999793,0.0,,2025-08,UNTOUCHED
2725 Social Workers,75,141.0,2025-07-29 17:57:07.549999954,0.0,,2025-08,UNTOUCHED
2725 Social Workers,80,106.0,2025-07-24 15:15:09.089999015,0.0,,2025-08,UNTOUCHED
2725 Social Workers,85,63.0,2025-07-20 11:56:12.077000698,56.0,2025-06-30 17:33:13.707000187,2025-08,PARTIAL
2725 Social Workers,90,9.0,2025-06-24 18:04:10.340000146,10.0,2025-06-24 18:04:10.340000146,2025-08,CLEARED
2725 Social Workers,95,1.0,2024-11-08 21:25:18.703000153,1.0,2024-11-08 21:25:18.703000153,2025-08,CLEARED
3122 Civil Engineering Draftspersons and Technicians,45,5.0,2025-07-07 20:28:45.760000016,0.0,,2025-08,UNTOUCHED
3122 Civil Engineering Draftspersons and Technicians,50,11.0,2025-03-23 13:01:38.462999842,0.0,,2025-08,UNTOUCHED
3122 Civil Engineering Draftspersons and Technicians,55,55.0,2025-07-31 18:38:22.802999948,0.0,,2025-08,UNTOUCHED
3122 Civil Engineering Draftspersons and Technicians,60,120.0,2025-07-31 02:09:52.059999841,0.0,,2025-08,UNTOUCHED
3122 Civil Engineering Draftspersons and Technicians,65,549.0,2025-07-31 20:13:03.603000077,0.0,,2025-08,UNTOUCHED
3122 Civil Engineering Draftspersons and Technicians,70,645.0,2025-07-31 19:34:32.247000108,0.0,,2025-08,UNTOUCHED
3122 Civil Engineering Draftspersons and Technicians,75,495.0,2025-07-30 22:19:30.869999889,0.0,,2025-08,UNTOUCHED
3122 Civil Engineering Draftspersons and Technicians,80,242.0,2025-07-31 21:20:41.147000223,0.0,,2025-08,UNTOUCHED
3122 Civil Engineering Draftspersons and Technicians,85,127.0,2025-07-30 19:02:30.390000175,0.0,,2025-08,UNTOUCHED
3122 Civil Engineering Draftspersons and Technicians,90,8.0,2025-07-21 14:29:50.322999753,4.0,2024-12-30 22:21:06.479999801,2025-08,PARTIAL
3122 Civil Engineering Draftspersons and Technicians,95,3.0,2025-04-08 08:25:42.393000236,3.0,2025-08-17 09:14:34.763000038,2025-08,CLEARED
3123 Electrical Engineering Draftspersons and Technicians,55,4.0,2024-12-04 21:56:35.089999909,0.0,,2025-08,UNTOUCHED
3123 Electrical Engineering Draftspersons and Technicians,60,9.0,2025-06-05 18:33:13.119999160,0.0,,2025-08,UNTOUCHED
3123 Electrical Engineering Draftspersons and Technicians,65,33.0,2025-07-29 16:08:46.236999733,0.0,,2025-08,UNTOUCHED
3123 Electrical Engineering Draftspersons and Technicians,70,38.0,2025-07-26 20:26:28.497000442,0.0,,2025-08,UNTOUCHED
3123 Electrical Engineering Draftspersons and Technicians,75,29.0,2025-07-20 17:16:35.782999884,0.0,,2025-08,UNTOUCHED
3123 Electrical Engineering Draftspersons and Technicians,80,13.0,2025-04-13 16:58:35.440000083,0.0,,2025-08,UNTOUCHED
3123 Electrical Engineering Draftspersons and Technicians,85,23.0,2025-06-02 21:47:52.903000006,0.0,,2025-08,UNTOUCHED
3123 Electrical Engineering Draftspersons and Technicians,90,7.0,2025-01-16 19:04:16.720000158,6.0,2025-01-16 19:04:16.720000158,2025-08,CLEARED
3132 Telecommunications Technical Specialists,40,1.0,2025-02-11 20:03:34.646999679,0.0,,2025-08,UNTOUCHED
3132 Telecommunications Technical Specialists,50,3.0,2025-02-11 18:00:03.940000125,0.0,,2025-08,UNTOUCHED
3132 Telecommunications Technical Specialists,55,9.0,2025-05-27 12:04:01.542999984,0.0,,2025-08,UNTOUCHED
3132 Telecommunications Technical Specialists,60,17.0,2025-06-27 11:43:19.386999868,0.0,,2025-08,UNTOUCHED
3132 Telecommunications Technical Specialists,65,72.0,2025-07-27 14:19:13.557000146,0.0,,2025-08,UNTOUCHED
3132 Telecommunications Technical Specialists,70,69.0,2025-07-08 13:02:41.496999627,0.0,,2025-08,UNTOUCHED
3132 Telecommunications Technical Specialists,75,60.0,2025-07-31 15:35:58.537000118,0.0,,2025-08,UNTOUCHED
3132 Telecommunications Technical Specialists,80,43.0,2025-07-13 03:04:21.429999837,0.0,,2025-08,UNTOUCHED
3132 Telecommunications Technical Specialists,85,15.0,2025-07-16 00:43:43.859999844,0.0,,2025-08,UNTOUCHED
3132 Telecommunications Technical Specialists,90,5.0,2025-07-17 04:39:21.516999943,0.0,,2025-08,UNTOUCHED
3132 Telecommunications Technical Specialists,95,1.0,2025-01-12 20:12:29.309999984,0.0,,2025-08,UNTOUCHED
3211 Automotive Electricians,60,2.0,2025-04-09 19:59:54.256999902,0.0,,2025-08,UNTOUCHED
3211 Automotive Electricians,65,4.0,2025-04-30 20:29:44.867000630,0.0,,2025-08,UNTOUCHED
3211 Automotive Electricians,70,3.0,2025-03-10 14:31:42.197000033,0.0,,2025-08,UNTOUCHED
3211 Automotive Electricians,75,5.0,2025-01-13 13:45:03.449999937,0.0,,2025-08,UNTOUCHED
3211 Automotive Electricians,80,1.0,2024-01-02 22:53:27.480000287,0.0,,2025-08,UNTOUCHED
3212 Motor Mechanics,50,2.0,2025-05-08 13:12:11.553000347,0.0,,2025-08,UNTOUCHED
3212 Motor Mechanics,55,15.0,2025-07-18 10:15:57.032999671,0.0,,2025-08,UNTOUCHED
3212 Motor Mechanics,60,42.0,2025-07-22 18:28:42.679999911,0.0,,2025-08,UNTOUCHED
3212 Motor Mechanics,65,209.0,2025-07-31 12:46:25.607000210,0.0,,2025-08,UNTOUCHED
3212 Motor Mechanics,70,176.0,2025-07-30 17:17:33.499999734,0.0,,2025-08,UNTOUCHED
3212 Motor Mechanics,75,149.0,2025-07-25 23:21:50.000000287,0.0,,2025-08,UNTOUCHED
3212 Motor Mechanics,80,85.0,2025-07-28 23:04:26.742999924,0.0,,2025-08,UNTOUCHED
3212 Motor Mechanics,85,31.0,2025-07-23 12:13:42.090000686,0.0,,2025-08,UNTOUCHED
3212 Motor Mechanics,90,21.0,2025-07-30 19:31:59.682999748,0.0,,2025-08,UNTOUCHED
3212 Motor Mechanics,95,4.0,2025-07-16 15:03:23.692999717,0.0,,2025-08,UNTOUCHED
3222 Sheetmetal Trades Workers,65,1.0,2025-04-25 21:22:11.669999842,0.0,,2025-08,UNTOUCHED
3222 Sheetmetal Trades Workers,75,1.0,2025-01-31 16:48:05.019999926,0.0,,2025-08,UNTOUCHED
3223 Structural Steel and Welding Trades Workers,45,1.0,2025-02-03 18:15:59.430000182,0.0,,2025-08,UNTOUCHED
3223 Structural Steel and Welding Trades Workers,50,2.0,2025-01-27 03:58:32.167000162,0.0,,2025-08,UNTOUCHED
3223 Structural Steel and Welding Trades Workers,55,1.0,2025-05-06 19:44:06.923000040,0.0,,2025-08,UNTOUCHED
3223 Structural Steel and Welding Trades Workers,60,10.0,2025-04-09 20:50:37.713000085,0.0,,2025-08,UNTOUCHED
3223 Structural Steel and Welding Trades Workers,65,42.0,2025-07-15 22:02:29.669999928,0.0,,2025-08,UNTOUCHED
3223 Structural Steel and Welding Trades Workers,70,43.0,2025-07-29 09:54:04.966999816,0.0,,2025-08,UNTOUCHED
3223 Structural Steel and Welding Trades Workers,75,35.0,2025-07-31 13:32:21.207000382,0.0,,2025-08,UNTOUCHED
3223 Structural Steel and Welding Trades Workers,80,20.0,2025-07-21 18:01:01.849999586,0.0,,2025-08,UNTOUCHED
3223 Structural Steel and Welding Trades Workers,85,4.0,2025-06-05 17:55:42.103000007,0.0,,2025-08,UNTOUCHED
3223 Structural Steel and Welding Trades Workers,90,1.0,2024-08-12 17:17:25.027000152,1.0,2024-08-12 17:17:25.027000152,2025-08,CLEARED
3232 Metal Fitters and Machinists,45,3.0,2025-07-20 00:50:15.012999784,0.0,,2025-08,UNTOUCHED
3232 Metal Fitters and Machinists,50,1.0,2024-01-21 05:46:44.249999908,0.0,,2025-08,UNTOUCHED
3232 Metal Fitters and Machinists,55,4.0,2025-03-12 16:58:12.026999686,0.0,,2025-08,UNTOUCHED
3232 Metal Fitters and Machinists,60,3.0,2025-07-29 14:01:21.460000180,0.0,,2025-08,UNTOUCHED
3232 Metal Fitters and Machinists,65,27.0,2025-07-19 14:10:48.110000088,0.0,,2025-08,UNTOUCHED
3232 Metal Fitters and Machinists,70,15.0,2025-06-03 22:59:00.499999185,0.0,,2025-08,UNTOUCHED
3232 Metal Fitters and Machinists,75,13.0,2025-07-03 03:47:31.910000061,0.0,,2025-08,UNTOUCHED
3232 Metal Fitters and Machinists,80,1.0,2024-04-20 07:29:03.480000040,0.0,,2025-08,UNTOUCHED
3232 Metal Fitters and Machinists,85,2.0,2025-02-10 14:56:27.787000231,0.0,,2025-08,UNTOUCHED
3233 Precision Metal Trades Workers,55,1.0,2025-04-26 01:16:00.842999626,0.0,,2025-08,UNTOUCHED
3233 Precision Metal Trades Workers,70,1.0,2025-02-14 13:39:46.076999878,0.0,,2025-08,UNTOUCHED
3241 Panelbeaters,70,1.0,2024-06-14 15:04:07.802999215,0.0,,2025-08,UNTOUCHED
3241 Panelbeaters,90,2.0,2025-06-18 18:13:00.377000224,1.0,2025-01-24 18:10:17.549999806,2025-08,PARTIAL
3311 Bricklayers and Stonemasons,55,1.0,2025-04-29 15:11:21.563000004,0.0,,2025-08,UNTOUCHED
3311 Bricklayers and Stonemasons,60,4.0,2025-07-11 17:07:26.937000287,0.0,,2025-08,UNTOUCHED
3311 Bricklayers and Stonemasons,65,25.0,2025-07-29 10:49:00.480000103,24.0,2025-08-19 14:10:07.553000072,2025-08,CLEARED
3311 Bricklayers and Stonemasons,70,12.0,2025-07-24 19:57:26.112999836,15.0,2025-07-24 19:57:26.112999836,2025-08,CLEARED
3311 Bricklayers and Stonemasons,75,6.0,2025-07-03 12:44:17.152999702,6.0,2025-07-03 12:44:17.152999702,2025-08,CLEARED
3311 Bricklayers and Stonemasons,80,3.0,2025-07-21 15:04:06.572999985,3.0,2025-07-21 15:04:06.572999985,2025-08,CLEARED
3311 Bricklayers and Stonemasons,85,1.0,2025-03-31 18:59:47.142999775,1.0,2025-03-31 18:59:47.142999775,2025-08,CLEARED
3311 Bricklayers and Stonemasons,90,1.0,2025-02-21 10:17:51.316999967,1.0,2025-02-21 10:17:51.316999967,2025-08,CLEARED
3312 Carpenters and Joiners,35,1.0,2025-01-03 09:02:57.187000357,0.0,,2025-08,UNTOUCHED
3312 Carpenters and Joiners,45,1.0,2024-12-11 09:37:23.597000045,0.0,,2025-08,UNTOUCHED
3312 Carpenters and Joiners,50,2.0,2025-06-07 18:52:36.696999817,0.0,,2025-08,UNTOUCHED
3312 Carpenters and Joiners,55,6.0,2024-12-24 11:38:03.420000159,0.0,,2025-08,UNTOUCHED
3312 Carpenters and Joiners,60,16.0,2025-06-02 19:09:45.053000369,0.0,,2025-08,UNTOUCHED
3312 Carpenters and Joiners,65,172.0,2025-07-30 10:28:21.632999977,141.0,2025-06-06 17:40:13.386999771,2025-08,PARTIAL
3312 Carpenters and Joiners,70,143.0,2025-07-31 15:09:04.693000222,153.0,2025-08-20 19:40:40.787000345,2025-08,CLEARED
3312 Carpenters and Joiners,75,71.0,2025-07-29 15:12:39.880000025,75.0,2025-08-18 15:26:36.327000134,2025-08,CLEARED
3312 Carpenters and Joiners,80,28.0,2025-07-21 14:30:01.982999874,28.0,2025-08-18 20:09:25.899999788,2025-08,CLEARED
3312 Carpenters and Joiners,85,8.0,2025-07-14 15:41:27.862999995,9.0,2025-07-14 15:41:27.862999995,2025-08,CLEARED
3312 Carpenters and Joiners,90,1.0,2025-04-12 12:26:11.259999833,1.0,2025-04-12 12:26:11.259999833,2025-08,CLEARED
3322 Painting Trades Workers,55,1.0,2025-07-22 18:05:36.572999642,0.0,,2025-08,UNTOUCHED
3322 Painting Trades Workers,60,9.0,2025-07-09 17:24:45.302999215,0.0,,2025-08,UNTOUCHED
3322 Painting Trades Workers,65,121.0,2025-07-31 07:18:35.187000016,0.0,,2025-08,UNTOUCHED
3322 Painting Trades Workers,70,67.0,2025-07-22 12:20:15.646999608,42.0,2025-04-06 19:41:55.790000165,2025-08,PARTIAL
3322 Painting Trades Workers,75,36.0,2025-07-16 05:04:43.029999816,39.0,2025-08-12 14:59:20.616999728,2025-08,CLEARED
3322 Painting Trades Workers,80,11.0,2025-05-06 17:55:48.016999940,12.0,2025-08-04 09:31:03.036999875,2025-08,CLEARED
3322 Painting Trades Workers,85,3.0,2025-04-15 10:00:31.237000318,3.0,2025-04-15 10:00:31.237000318,2025-08,CLEARED
3331 Glaziers,60,1.0,2025-05-05 12:43:12.900000046,0.0,,2025-08,UNTOUCHED
3331 Glaziers,65,6.0,2025-07-04 18:57:34.059999784,6.0,2025-07-04 18:57:34.059999784,2025-08,CLEARED
3331 Glaziers,70,1.0,2024-12-17 18:42:02.382999837,1.0,2024-12-17 18:42:02.382999837,2025-08,CLEARED
3331 Glaziers,75,1.0,2025-07-03 20:42:27.439999905,1.0,2025-07-03 20:42:27.439999905,2025-08,CLEARED
3332 Plasterers,60,4.0,2024-12-17 23:27:51.923000105,0.0,,2025-08,UNTOUCHED
3332 Plasterers,65,6.0,2025-05-29 19:53:00.310000174,6.0,2025-05-29 19:53:00.310000174,2025-08,CLEARED
3332 Plasterers,75,4.0,2025-07-28 12:29:14.116999983,4.0,2025-07-28 12:29:14.116999983,2025-08,CLEARED
3334 Wall and Floor Tilers,55,1.0,2024-12-09 21:57:48.120000088,0.0,,2025-08,UNTOUCHED
3334 Wall and Floor Tilers,65,33.0,2025-07-27 18:37:37.609999881,37.0,2025-08-08 15:10:49.623000248,2025-08,CLEARED
3334 Wall and Floor Tilers,70,11.0,2025-07-09 14:34:18.839999723,13.0,2025-08-07 18:10:36.623000357,2025-08,CLEARED
3334 Wall and Floor Tilers,75,2.0,2024-12-24 00:36:29.440000247,1.0,2024-11-20 15:20:00.992999806,2025-08,PARTIAL
3334 Wall and Floor Tilers,80,1.0,2024-11-20 14:22:27.652999638,1.0,2024-11-20 14:22:27.652999638,2025-08,CLEARED
3334 Wall and Floor Tilers,85,1.0,2025-01-07 21:55:10.393000302,1.0,2025-01-07 21:55:10.393000302,2025-08,CLEARED
3341 Plumbers,60,1.0,2024-10-23 00:45:21.559999858,0.0,,2025-08,UNTOUCHED
3341 Plumbers,65,24.0,2025-07-25 15:02:48.870000355,29.0,2025-08-15 22:51:39.249999927,2025-08,CLEARED
3341 Plumbers,70,14.0,2025-07-25 20:05:17.943000072,14.0,2025-07-25 20:05:17.943000072,2025-08,CLEARED
3341 Plumbers,75,6.0,2025-07-22 00:15:32.489999712,8.0,2025-08-18 09:26:31.003000270,2025-08,CLEARED
3341 Plumbers,80,3.0,2025-02-02 20:58:01.869999902,3.0,2025-02-02 20:58:01.869999902,2025-08,CLEARED
3341 Plumbers,85,2.0,2025-04-18 06:16:59.827000212,2.0,2025-04-18 06:16:59.827000212,2025-08,CLEARED
3341 Plumbers,90,1.0,2024-09-15 12:34:25.916999828,1.0,2024-09-15 12:34:25.916999828,2025-08,CLEARED
3411 Electricians,50,1.0,2024-09-21 17:54:49.630000196,0.0,,2025-08,UNTOUCHED
3411 Electricians,55,3.0,2025-03-11 16:03:21.043000048,0.0,,2025-08,UNTOUCHED
3411 Electricians,60,3.0,2025-01-30 13:58:44.046999266,0.0,,2025-08,UNTOUCHED
3411 Electricians,65,33.0,2025-07-28 17:04:47.343000086,36.0,2025-08-20 19:24:54.637000050,2025-08,CLEARED
3411 Electricians,70,16.0,2025-07-07 15:05:07.610000438,18.0,2025-08-20 15:50:44.030000034,2025-08,CLEARED
3411 Electricians,75,12.0,2025-05-29 01:01:36.799999659,12.0,2025-08-16 19:59:05.729999988,2025-08,CLEARED
3411 Electricians,80,5.0,2025-07-14 22:31:41.763000388,6.0,2025-08-12 20:48:36.696999873,2025-08,CLEARED
3411 Electricians,85,1.0,2025-03-30 12:02:34.159999804,1.0,2025-03-30 12:02:34.159999804,2025-08,CLEARED
3411 Electricians,100,1.0,2024-09-28 06:52:08.970000237,1.0,2024-09-28 06:52:08.970000237,2025-08,CLEARED
3421 Airconditioning and Refrigeration Mechanics,50,1.0,2025-02-03 15:45:45.573000140,0.0,,2025-08,UNTOUCHED
3421 Airconditioning and Refrigeration Mechanics,60,1.0,2025-03-28 16:55:27.857000242,0.0,,2025-08,UNTOUCHED
3421 Airconditioning and Refrigeration Mechanics,65,9.0,2025-07-21 16:00:43.600000302,0.0,,2025-08,UNTOUCHED
3421 Airconditioning and Refrigeration Mechanics,70,4.0,2025-03-16 21:26:05.137000080,0.0,,2025-08,UNTOUCHED
3421 Airconditioning and Refrigeration Mechanics,75,1.0,2024-05-06 12:25:04.019999810,0.0,,2025-08,UNTOUCHED
3421 Airconditioning and Refrigeration Mechanics,80,1.0,2024-09-16 07:31:01.223000126,0.0,,2025-08,UNTOUCHED
3422 Electrical Distribution Trades Workers,65,1.0,2025-04-23 05:05:25.199999661,0.0,,2025-08,UNTOUCHED
3422 Electrical Distribution Trades Workers,70,1.0,2025-07-11 03:04:14.822999241,0.0,,2025-08,UNTOUCHED
3423 Electronics Trades Workers,45,1.0,2025-01-24 08:50:04.679999946,0.0,,2025-08,UNTOUCHED
3423 Electronics Trades Workers,55,3.0,2025-06-28 13:08:12.529999648,0.0,,2025-08,UNTOUCHED
3423 Electronics Trades Workers,60,6.0,2025-07-08 17:06:06.227000020,0.0,,2025-08,UNTOUCHED
3423 Electronics Trades Workers,65,34.0,2025-07-28 20:02:53.530000310,0.0,,2025-08,UNTOUCHED
3423 Electronics Trades Workers,70,33.0,2025-07-20 17:06:33.036999690,0.0,,2025-08,UNTOUCHED
3423 Electronics Trades Workers,75,24.0,2025-07-31 15:59:54.957000085,0.0,,2025-08,UNTOUCHED
3423 Electronics Trades Workers,80,8.0,2025-05-18 19:30:14.163000275,0.0,,2025-08,UNTOUCHED
3423 Electronics Trades Workers,85,4.0,2025-04-16 20:40:38.396999772,0.0,,2025-08,UNTOUCHED
3423 Electronics Trades Workers,110,1.0,2025-03-18 14:47:22.079999906,1.0,2025-03-18 14:47:22.079999906,2025-08,CLEARED
3513 Chefs,45,5.0,2025-07-11 17:31:17.586999744,0.0,,2025-08,UNTOUCHED
3513 Chefs,50,15.0,2025-07-11 13:01:50.766999816,0.0,,2025-08,UNTOUCHED
3513 Chefs,55,40.0,2025-07-05 14:13:11.840000263,0.0,,2025-08,UNTOUCHED
3513 Chefs,60,108.0,2025-07-30 21:33:29.727000210,0.0,,2025-08,UNTOUCHED
3513 Chefs,65,630.0,2025-07-31 16:52:41.569999858,0.0,,2025-08,UNTOUCHED
3513 Chefs,70,637.0,2025-07-30 14:34:43.930000171,0.0,,2025-08,UNTOUCHED
3513 Chefs,75,480.0,2025-07-30 19:46:59.690000104,0.0,,2025-08,UNTOUCHED
3513 Chefs,80,257.0,2025-07-30 18:23:45.160000198,0.0,,2025-08,UNTOUCHED
3513 Chefs,85,139.0,2025-07-28 22:02:55.032999812,0.0,,2025-08,UNTOUCHED
3513 Chefs,90,61.0,2025-07-11 20:40:02.430000128,0.0,,2025-08,UNTOUCHED
3513 Chefs,95,15.0,2025-07-19 12:48:29.762999861,0.0,,2025-08,UNTOUCHED
3513 Chefs,100,1.0,2025-07-04 21:25:17.326999896,0.0,,2025-08,UNTOUCHED
3513 Chefs,105,3.0,2025-02-18 18:15:33.400000307,0.0,,2025-08,UNTOUCHED
3611 Animal Attendants and Trainers,65,1.0,2025-03-24 13:09:30.920000178,0.0,,2025-08,UNTOUCHED
3611 Animal Attendants and Trainers,70,1.0,2024-10-24 12:12:11.529999783,0.0,,2025-08,UNTOUCHED
3941 Cabinetmakers,50,2.0,2024-11-11 20:39:55.186999793,0.0,,2025-08,UNTOUCHED
3941 Cabinetmakers,55,1.0,2024-11-25 17:58:22.479999888,0.0,,2025-08,UNTOUCHED
3941 Cabinetmakers,65,15.0,2025-07-08 20:14:54.503000171,0.0,,2025-08,UNTOUCHED
3941 Cabinetmakers,70,8.0,2025-06-24 11:43:25.827000271,0.0,,2025-08,UNTOUCHED
3941 Cabinetmakers,75,1.0,2025-01-09 10:33:26.006999682,0.0,,2025-08,UNTOUCHED
3941 Cabinetmakers,80,1.0,2025-01-09 13:09:16.520000330,0.0,,2025-08,UNTOUCHED
3941 Cabinetmakers,85,1.0,2025-05-19 19:50:29.159999638,0.0,,2025-08,UNTOUCHED
3991 Boat Builders and Shipwrights,65,2.0,2024-10-12 11:27:59.729999855,0.0,,2025-08,UNTOUCHED
3991 Boat Builders and Shipwrights,75,3.0,2025-02-13 10:45:49.879999811,0.0,,2025-08,UNTOUCHED
3991 Boat Builders and Shipwrights,80,1.0,2024-10-20 13:04:09.709999956,0.0,,2025-08,UNTOUCHED
3991 Boat Builders and Shipwrights,90,2.0,2025-01-14 16:46:44.819999912,1.0,2024-12-20 13:35:10.177000192,2025-08,PARTIAL
"4523 Sports Coaches, Instructors and Officials",60,1.0,2024-09-30 17:35:55.717000157,0.0,,2025-08,UNTOUCHED
"4523 Sports Coaches, Instructors and Officials",65,2.0,2024-10-10 06:31:15.803000080,0.0,,2025-08,UNTOUCHED
"4523 Sports Coaches, Instructors and Officials",70,1.0,2024-10-16 11:50:40.900000001,0.0,,2025-08,UNTOUCHED
"4523 Sports Coaches, Instructors and Officials",85,1.0,2024-12-14 20:46:12.539999778,0.0,,2025-08,UNTOUCHED
"4523 Sports Coaches, Instructors and Officials",90,1.0,2025-06-13 13:05:12.236999997,0.0,,2025-08,UNTOUCHED
"4523 Sports Coaches, Instructors and Officials",95,1.0,2025-02-28 15:17:04.477000139,1.0,2025-02-28 15:17:04.477000139,2025-08,CLEARED
1331 Construction Managers,40,2.0,2025-10-07 04:33:05.112999656,0.0,,2025-11,UNTOUCHED
1331 Construction Managers,45,3.0,2024-11-12 23:58:44.702999693,0.0,,2025-11,UNTOUCHED
1331 Construction Managers,50,12.0,2025-10-17 23:23:05.943000157,0.0,,2025-11,UNTOUCHED
1331 Construction Managers,55,37.0,2025-10-30 20:35:18.220000387,0.0,,2025-11,UNTOUCHED
1331 Construction Managers,60,43.0,2025-10-06 16:37:12.407000056,0.0,,2025-11,UNTOUCHED
1331 Construction Managers,65,245.0,2025-10-30 23:56:33.562999881,0.0,,2025-11,UNTOUCHED
1331 Construction Managers,70,256.0,2025-10-28 20:43:06.890000292,0.0,,2025-11,UNTOUCHED
1331 Construction Managers,75,255.0,2025-10-30 22:49:11.536999832,0.0,,2025-11,UNTOUCHED
1331 Construction Managers,80,146.0,2025-10-19 17:50:24.433000198,0.0,,2025-11,UNTOUCHED
1331 Construction Managers,85,68.0,2025-10-16 15:56:35.010000093,57.0,2025-08-22 01:13:37.833000329,2025-11,PARTIAL
1331 Construction Managers,90,15.0,2025-10-24 15:37:45.070000150,18.0,2025-11-10 17:07:03.452999721,2025-11,CLEARED
1331 Construction Managers,95,1.0,2024-12-11 22:27:40.900000112,3.0,2025-11-13 04:39:26.837000377,2025-11,CLEARED
1331 Construction Managers,100,1.0,2025-06-14 01:08:33.983000113,0.0,,2025-11,UNTOUCHED
1332 Engineering Managers,40,1.0,2025-02-12 08:18:24.769999883,0.0,,2025-11,UNTOUCHED
1332 Engineering Managers,45,2.0,2025-09-13 17:38:13.466999198,0.0,,2025-11,UNTOUCHED
1332 Engineering Managers,50,1.0,2025-01-18 21:47:14.219999704,0.0,,2025-11,UNTOUCHED
1332 Engineering Managers,55,12.0,2025-10-29 19:45:11.620000008,0.0,,2025-11,UNTOUCHED
1332 Engineering Managers,60,8.0,2025-08-19 16:09:20.470000279,0.0,,2025-11,UNTOUCHED
1332 Engineering Managers,65,48.0,2025-10-25 21:49:03.996999952,0.0,,2025-11,UNTOUCHED
1332 Engineering Managers,70,47.0,2025-10-30 17:54:43.562999937,0.0,,2025-11,UNTOUCHED
1332 Engineering Managers,75,45.0,2025-10-31 01:00:01.706999938,0.0,,2025-11,UNTOUCHED
1332 Engineering Managers,80,14.0,2025-10-30 18:09:16.220000286,0.0,,2025-11,UNTOUCHED
1332 Engineering Managers,85,17.0,2025-10-05 05:19:20.873000369,18.0,2025-08-18 15:50:35.132999156,2025-11,PARTIAL
1332 Engineering Managers,90,1.0,2025-10-14 17:59:23.586999711,1.0,2025-10-14 17:59:23.586999711,2025-11,CLEARED
1332 Engineering Managers,95,0.0,,1.0,2025-11-13 01:26:50.826999854,2025-11,PARTIAL
1341 Child Care Centre Managers,60,1.0,2024-07-15 13:56:11.262999719,0.0,,2025-11,UNTOUCHED
1341 Child Care Centre Managers,65,4.0,2025-10-14 18:14:03.412999711,0.0,,2025-11,UNTOUCHED
1341 Child Care Centre Managers,70,7.0,2025-10-30 21:54:43.267000158,0.0,,2025-11,UNTOUCHED
1341 Child Care Centre Managers,75,1.0,2024-01-03 08:10:42.980000001,1.0,2024-01-03 08:10:42.980000001,2025-11,CLEARED
1341 Child Care Centre Managers,80,1.0,2024-09-11 12:53:50.753000264,1.0,2024-09-11 12:53:50.753000264,2025-11,CLEARED
1342 Health and Welfare Services Managers,55,2.0,2025-07-31 16:21:31.489999810,0.0,,2025-11,UNTOUCHED
1342 Health and Welfare Services Managers,60,3.0,2025-06-05 04:32:56.386999662,0.0,,2025-11,UNTOUCHED
1342 Health and Welfare Services Managers,65,9.0,2025-10-21 07:54:21.472999770,0.0,,2025-11,UNTOUCHED
1342 Health and Welfare Services Managers,70,9.0,2025-10-03 10:24:07.650000077,0.0,,2025-11,UNTOUCHED
1342 Health and Welfare Services Managers,75,3.0,2025-07-19 20:10:21.690000315,0.0,,2025-11,UNTOUCHED
1342 Health and Welfare Services Managers,80,3.0,2025-08-29 10:57:33.473000018,0.0,,2025-11,UNTOUCHED
1342 Health and Welfare Services Managers,85,1.0,2025-05-06 13:25:55.087000320,1.0,2025-05-06 13:25:55.087000320,2025-11,CLEARED
1342 Health and Welfare Services Managers,90,2.0,2024-09-16 19:45:24.719999984,2.0,2024-09-16 19:45:24.719999984,2025-11,CLEARED
1399 Other Specialist Managers,55,4.0,2025-10-23 10:36:23.819999964,0.0,,2025-11,UNTOUCHED
1399 Other Specialist Managers,60,5.0,2025-10-19 18:00:06.030000236,0.0,,2025-11,UNTOUCHED
1399 Other Specialist Managers,65,20.0,2025-09-22 17:13:00.402999839,0.0,,2025-11,UNTOUCHED
1399 Other Specialist Managers,70,19.0,2025-10-28 00:51:00.893000759,0.0,,2025-11,UNTOUCHED
1399 Other Specialist Managers,75,20.0,2025-09-01 16:19:43.906999811,0.0,,2025-11,UNTOUCHED
1399 Other Specialist Managers,80,10.0,2025-10-14 13:54:49.942999745,0.0,,2025-11,UNTOUCHED
1399 Other Specialist Managers,85,4.0,2025-06-25 00:39:10.872999849,7.0,2025-06-25 00:39:10.872999849,2025-11,CLEARED
1399 Other Specialist Managers,90,7.0,2025-08-21 13:07:56.287000346,7.0,2025-08-21 13:07:56.287000346,2025-11,CLEARED
1399 Other Specialist Managers,95,2.0,2025-06-25 10:22:25.353000376,2.0,2025-06-25 10:22:25.353000376,2025-11,CLEARED
"2111 Actors, Dancers and Other Entertainers",75,1.0,2025-02-28 14:40:13.029999844,0.0,,2025-11,UNTOUCHED
"2111 Actors, Dancers and Other Entertainers",80,2.0,2025-07-24 16:30:19.782999714,0.0,,2025-11,UNTOUCHED
2112 Music Professionals,65,1.0,2025-06-17 13:42:04.336999793,0.0,,2025-11,UNTOUCHED
2112 Music Professionals,70,1.0,2025-04-02 22:12:58.450000049,0.0,,2025-11,UNTOUCHED
2211 Accountants,35,1.0,2024-11-18 16:10:14.513000125,0.0,,2025-11,UNTOUCHED
2211 Accountants,45,5.0,2025-07-18 16:24:30.663000132,0.0,,2025-11,UNTOUCHED
2211 Accountants,50,3.0,2025-09-14 14:46:43.923000066,0.0,,2025-11,UNTOUCHED
2211 Accountants,55,20.0,2025-09-21 11:06:24.966999714,0.0,,2025-11,UNTOUCHED
2211 Accountants,60,86.0,2025-10-28 14:32:30.107000302,0.0,,2025-11,UNTOUCHED
2211 Accountants,65,533.0,2025-10-31 14:17:35.870000455,0.0,,2025-11,UNTOUCHED
2211 Accountants,70,850.0,2025-10-31 14:07:21.530000089,0.0,,2025-11,UNTOUCHED
2211 Accountants,75,805.0,2025-10-31 10:45:35.242999761,0.0,,2025-11,UNTOUCHED
2211 Accountants,80,685.0,2025-10-31 17:49:06.230000138,0.0,,2025-11,UNTOUCHED
2211 Accountants,85,729.0,2025-10-31 18:24:51.640000064,0.0,,2025-11,UNTOUCHED
2211 Accountants,90,477.0,2025-10-27 21:05:33.872999832,0.0,,2025-11,UNTOUCHED
2211 Accountants,95,200.0,2025-10-29 12:52:56.687000272,0.0,,2025-11,UNTOUCHED
2211 Accountants,100,59.0,2025-10-22 18:47:48.066999783,0.0,,2025-11,UNTOUCHED
2211 Accountants,105,2.0,2025-06-23 18:36:32.259999781,0.0,,2025-11,UNTOUCHED
"2212 Auditors, Company Secretaries and Corporate Treasurers",45,1.0,2024-10-09 20:42:53.259999785,0.0,,2025-11,UNTOUCHED
"2212 Auditors, Company Secretaries and Corporate Treasurers",50,1.0,2025-10-08 15:34:26.479999689,0.0,,2025-11,UNTOUCHED
"2212 Auditors, Company Secretaries and Corporate Treasurers",55,9.0,2025-02-26 12:35:58.456999671,0.0,,2025-11,UNTOUCHED
"2212 Auditors, Company Secretaries and Corporate Treasurers",60,49.0,2025-10-10 22:26:25.487000134,0.0,,2025-11,UNTOUCHED
"2212 Auditors, Company Secretaries and Corporate Treasurers",65,259.0,2025-10-31 02:25:33.810000121,0.0,,2025-11,UNTOUCHED
"2212 Auditors, Company Secretaries and Corporate Treasurers",70,388.0,2025-10-31 17:28:21.042999696,0.0,,2025-11,UNTOUCHED
"2212 Auditors, Company Secretaries and Corporate Treasurers",75,367.0,2025-10-31 16:37:57.899999749,0.0,,2025-11,UNTOUCHED
"2212 Auditors, Company Secretaries and Corporate Treasurers",80,384.0,2025-10-31 15:54:08.313000451,0.0,,2025-11,UNTOUCHED
"2212 Auditors, Company Secretaries and Corporate Treasurers",85,377.0,2025-10-31 11:54:04.759999911,0.0,,2025-11,UNTOUCHED
"2212 Auditors, Company Secretaries and Corporate Treasurers",90,192.0,2025-10-31 19:29:11.263000090,0.0,,2025-11,UNTOUCHED
"2212 Auditors, Company Secretaries and Corporate Treasurers",95,39.0,2025-08-24 19:25:04.076999889,0.0,,2025-11,UNTOUCHED
"2212 Auditors, Company Secretaries and Corporate Treasurers",100,3.0,2024-11-07 14:36:53.089999790,0.0,,2025-11,UNTOUCHED
"2212 Auditors, Company Secretaries and Corporate Treasurers",105,1.0,2024-11-07 10:46:43.520000050,0.0,,2025-11,UNTOUCHED
"2241 Actuaries, Mathematicians and Statisticians",40,1.0,2025-06-25 12:22:47.067000317,0.0,,2025-11,UNTOUCHED
"2241 Actuaries, Mathematicians and Statisticians",50,1.0,2025-10-24 00:41:15.497000125,0.0,,2025-11,UNTOUCHED
"2241 Actuaries, Mathematicians and Statisticians",60,8.0,2025-10-05 13:34:01.286999688,0.0,,2025-11,UNTOUCHED
"2241 Actuaries, Mathematicians and Statisticians",65,31.0,2025-10-05 21:42:05.139999947,0.0,,2025-11,UNTOUCHED
"2241 Actuaries, Mathematicians and Statisticians",70,46.0,2025-10-22 01:34:44.600000269,0.0,,2025-11,UNTOUCHED
"2241 Actuaries, Mathematicians and Statisticians",75,51.0,2025-10-03 15:08:38.220000201,0.0,,2025-11,UNTOUCHED
"2241 Actuaries, Mathematicians and Statisticians",80,65.0,2025-10-30 22:01:05.120000253,0.0,,2025-11,UNTOUCHED
"2241 Actuaries, Mathematicians and Statisticians",85,85.0,2025-10-24 13:08:22.586999772,79.0,2025-08-15 12:25:39.999999777,2025-11,PARTIAL
"2241 Actuaries, Mathematicians and Statisticians",90,91.0,2025-10-27 16:40:53.900000031,98.0,2025-11-12 23:41:48.499999762,2025-11,CLEARED
"2241 Actuaries, Mathematicians and Statisticians",95,9.0,2025-10-30 09:53:10.289999941,10.0,2025-11-11 15:56:01.510000126,2025-11,CLEARED
"2241 Actuaries, Mathematicians and Statisticians",100,1.0,2024-12-18 16:51:25.013000220,1.0,2024-12-18 16:51:25.013000220,2025-11,CLEARED
2243 Economists,55,2.0,2025-08-28 16:22:42.446999639,0.0,,2025-11,UNTOUCHED
2243 Economists,60,4.0,2025-02-17 19:33:10.010000232,0.0,,2025-11,UNTOUCHED
2243 Economists,65,14.0,2025-10-30 12:36:19.556999631,0.0,,2025-11,UNTOUCHED
2243 Economists,70,8.0,2025-09-16 18:08:11.612999958,0.0,,2025-11,UNTOUCHED
2243 Economists,75,15.0,2025-10-08 11:03:37.590000085,0.0,,2025-11,UNTOUCHED
2243 Economists,80,18.0,2025-10-15 17:39:39.592999932,0.0,,2025-11,UNTOUCHED
2243 Economists,85,16.0,2025-09-21 13:13:59.342999833,13.0,2025-07-31 03:34:54.540000128,2025-11,PARTIAL
2243 Economists,90,5.0,2025-10-02 11:34:21.167000028,6.0,2025-10-02 11:34:21.167000028,2025-11,CLEARED
2243 Economists,95,1.0,2024-05-21 16:53:35.789999720,1.0,2024-05-21 16:53:35.789999720,2025-11,CLEARED
2245 Land Economists and Valuers,60,2.0,2024-10-28 17:54:23.446999995,0.0,,2025-11,UNTOUCHED
2245 Land Economists and Valuers,65,6.0,2025-09-06 16:52:49.826999683,0.0,,2025-11,UNTOUCHED
2245 Land Economists and Valuers,70,12.0,2025-10-17 18:23:20.283000244,0.0,,2025-11,UNTOUCHED
2245 Land Economists and Valuers,75,15.0,2025-10-13 10:05:16.219999924,0.0,,2025-11,UNTOUCHED
2245 Land Economists and Valuers,80,15.0,2025-09-06 15:04:05.179999967,0.0,,2025-11,UNTOUCHED
2245 Land Economists and Valuers,85,20.0,2025-10-30 01:33:17.826999796,16.0,2025-08-11 23:46:37.582999757,2025-11,PARTIAL
2245 Land Economists and Valuers,90,2.0,2025-09-16 20:55:31.413000028,2.0,2025-09-16 20:55:31.413000028,2025-11,CLEARED
2247 Management and Organisation Analysts,50,1.0,2025-07-13 22:52:38.520000059,0.0,,2025-11,UNTOUCHED
2247 Management and Organisation Analysts,55,1.0,2025-08-31 11:03:38.126999914,0.0,,2025-11,UNTOUCHED
2247 Management and Organisation Analysts,60,2.0,2025-08-03 05:16:34.940000026,0.0,,2025-11,UNTOUCHED
2247 Management and Organisation Analysts,65,28.0,2025-10-07 19:00:39.340000272,0.0,,2025-11,UNTOUCHED
2247 Management and Organisation Analysts,70,36.0,2025-10-24 14:10:43.512999778,0.0,,2025-11,UNTOUCHED
2247 Management and Organisation Analysts,75,53.0,2025-10-27 17:31:39.979999637,0.0,,2025-11,UNTOUCHED
2247 Management and Organisation Analysts,80,64.0,2025-10-28 00:48:35.629999948,0.0,,2025-11,UNTOUCHED
2247 Management and Organisation Analysts,85,69.0,2025-10-25 18:39:01.070000942,67.0,2025-08-22 22:16:09.680000327,2025-11,PARTIAL
2247 Management and Organisation Analysts,90,44.0,2025-10-09 20:58:02.846999982,49.0,2025-11-12 02:50:26.276999827,2025-11,CLEARED
2247 Management and Organisation Analysts,95,6.0,2025-10-16 10:02:15.109999825,6.0,2025-10-16 10:02:15.109999825,2025-11,CLEARED
2321 Architects and Landscape Architects,55,3.0,2025-02-19 19:16:16.327000208,0.0,,2025-11,UNTOUCHED
2321 Architects and Landscape Architects,60,16.0,2025-09-29 09:54:39.336999848,0.0,,2025-11,UNTOUCHED
2321 Architects and Landscape Architects,65,98.0,2025-10-27 13:25:28.492999777,0.0,,2025-11,UNTOUCHED
2321 Architects and Landscape Architects,70,145.0,2025-10-31 17:09:53.539999614,0.0,,2025-11,UNTOUCHED
2321 Architects and Landscape Architects,75,156.0,2025-10-26 05:00:26.407000284,0.0,,2025-11,UNTOUCHED
2321 Architects and Landscape Architects,80,111.0,2025-10-23 16:09:37.672999908,0.0,,2025-11,UNTOUCHED
2321 Architects and Landscape Architects,85,79.0,2025-10-30 13:15:00.140000207,53.0,2025-08-12 21:41:48.197000037,2025-11,PARTIAL
2321 Architects and Landscape Architects,90,25.0,2025-10-02 00:12:03.130000079,30.0,2025-11-11 19:12:45.443000220,2025-11,CLEARED
2321 Architects and Landscape Architects,110,1.0,2025-03-19 13:46:51.667000596,1.0,2025-03-19 13:46:51.667000596,2025-11,CLEARED
2322 Cartographers and Surveyors,55,3.0,2025-09-21 06:56:27.692999704,0.0,,2025-11,UNTOUCHED
2322 Cartographers and Surveyors,60,5.0,2025-10-19 04:46:53.287000354,0.0,,2025-11,UNTOUCHED
2322 Cartographers and Surveyors,65,39.0,2025-09-21 05:15:14.077000065,0.0,,2025-11,UNTOUCHED
2322 Cartographers and Surveyors,70,30.0,2025-10-06 16:10:37.866999881,0.0,,2025-11,UNTOUCHED
2322 Cartographers and Surveyors,75,32.0,2025-10-20 22:31:43.556999655,0.0,,2025-11,UNTOUCHED
2322 Cartographers and Surveyors,80,18.0,2025-10-24 22:17:32.839999877,0.0,,2025-11,UNTOUCHED
2322 Cartographers and Surveyors,85,25.0,2025-08-25 13:53:09.253000101,18.0,2025-08-22 08:50:02.652999898,2025-11,PARTIAL
2322 Cartographers and Surveyors,90,8.0,2025-09-23 15:55:46.679999842,10.0,2025-09-23 15:55:46.679999842,2025-11,CLEARED
2322 Cartographers and Surveyors,95,3.0,2025-09-10 18:44:59.267000682,3.0,2025-09-10 18:44:59.267000682,2025-11,CLEARED
2322 Cartographers and Surveyors,100,0.0,,1.0,2025-11-07 16:32:40.177000331,2025-11,PARTIAL
2331 Chemical and Materials Engineers,40,1.0,2025-08-23 16:41:15.919999788,0.0,,2025-11,UNTOUCHED
2331 Chemical and Materials Engineers,45,1.0,2025-10-28 14:20:04.027000231,0.0,,2025-11,UNTOUCHED
2331 Chemical and Materials Engineers,50,2.0,2025-09-21 03:00:22.310000190,0.0,,2025-11,UNTOUCHED
2331 Chemical and Materials Engineers,55,11.0,2025-09-29 17:05:16.433000214,0.0,,2025-11,UNTOUCHED
2331 Chemical and Materials Engineers,60,18.0,2025-10-01 21:06:28.283000673,0.0,,2025-11,UNTOUCHED
2331 Chemical and Materials Engineers,65,99.0,2025-10-22 15:19:25.266999786,0.0,,2025-11,UNTOUCHED
2331 Chemical and Materials Engineers,70,111.0,2025-10-28 14:48:01.853000075,0.0,,2025-11,UNTOUCHED
2331 Chemical and Materials Engineers,75,122.0,2025-10-29 11:24:33.943000613,0.0,,2025-11,UNTOUCHED
2331 Chemical and Materials Engineers,80,137.0,2025-10-30 13:33:03.643000338,0.0,,2025-11,UNTOUCHED
2331 Chemical and Materials Engineers,85,121.0,2025-10-31 17:38:01.512999836,106.0,2025-08-21 23:28:25.877000208,2025-11,PARTIAL
2331 Chemical and Materials Engineers,90,52.0,2025-10-09 17:47:56.437000229,57.0,2025-11-08 18:48:50.446999892,2025-11,CLEARED
2331 Chemical and Materials Engineers,95,10.0,2025-10-05 14:06:01.927000082,12.0,2025-11-12 22:50:05.989999836,2025-11,CLEARED
2331 Chemical and Materials Engineers,100,2.0,2025-08-24 11:28:53.459999734,2.0,2025-08-24 11:28:53.459999734,2025-11,CLEARED
2331 Chemical and Materials Engineers,105,1.0,2024-01-19 12:47:48.372999803,1.0,2024-01-19 12:47:48.372999803,2025-11,CLEARED
2332 Civil Engineering Professionals,40,2.0,2025-02-05 19:00:22.629999882,0.0,,2025-11,UNTOUCHED
2332 Civil Engineering Professionals,45,6.0,2025-04-17 20:56:08.377000022,0.0,,2025-11,UNTOUCHED
2332 Civil Engineering Professionals,50,21.0,2025-09-25 21:15:51.577000130,0.0,,2025-11,UNTOUCHED
2332 Civil Engineering Professionals,55,68.0,2025-10-14 16:53:03.397000004,0.0,,2025-11,UNTOUCHED
2332 Civil Engineering Professionals,60,140.0,2025-10-28 18:49:40.277000184,0.0,,2025-11,UNTOUCHED
2332 Civil Engineering Professionals,65,694.0,2025-10-31 23:45:48.693000784,0.0,,2025-11,UNTOUCHED
2332 Civil Engineering Professionals,70,811.0,2025-10-30 11:40:07.350000228,0.0,,2025-11,UNTOUCHED
2332 Civil Engineering Professionals,75,876.0,2025-10-31 16:48:54.696999893,0.0,,2025-11,UNTOUCHED
2332 Civil Engineering Professionals,80,721.0,2025-10-31 01:33:44.966999816,0.0,,2025-11,UNTOUCHED
2332 Civil Engineering Professionals,85,595.0,2025-10-31 23:02:11.462999807,0.0,,2025-11,UNTOUCHED
2332 Civil Engineering Professionals,90,291.0,2025-10-30 15:39:00.713000393,0.0,,2025-11,UNTOUCHED
2332 Civil Engineering Professionals,95,59.0,2025-10-21 20:47:22.933000201,0.0,,2025-11,UNTOUCHED
2332 Civil Engineering Professionals,100,17.0,2025-09-14 12:20:43.973000160,0.0,,2025-11,UNTOUCHED
2332 Civil Engineering Professionals,105,1.0,2025-02-19 12:52:22.747000045,0.0,,2025-11,UNTOUCHED
2333 Electrical Engineers,45,5.0,2025-03-23 19:27:20.412999737,0.0,,2025-11,UNTOUCHED
2333 Electrical Engineers,50,9.0,2025-10-23 21:51:17.702999974,0.0,,2025-11,UNTOUCHED
2333 Electrical Engineers,55,31.0,2025-10-31 04:08:35.652999603,0.0,,2025-11,UNTOUCHED
2333 Electrical Engineers,60,84.0,2025-10-15 15:45:16.100000052,0.0,,2025-11,UNTOUCHED
2333 Electrical Engineers,65,278.0,2025-10-30 17:26:40.226999933,0.0,,2025-11,UNTOUCHED
2333 Electrical Engineers,70,301.0,2025-10-31 16:03:36.706999901,0.0,,2025-11,UNTOUCHED
2333 Electrical Engineers,75,311.0,2025-10-31 19:27:31.529999635,0.0,,2025-11,UNTOUCHED
2333 Electrical Engineers,80,290.0,2025-10-30 00:02:07.829999664,0.0,,2025-11,UNTOUCHED
2333 Electrical Engineers,85,226.0,2025-10-28 19:43:47.560000307,0.0,,2025-11,UNTOUCHED
2333 Electrical Engineers,90,106.0,2025-10-28 20:07:42.173000045,0.0,,2025-11,UNTOUCHED
2333 Electrical Engineers,95,39.0,2025-10-30 12:27:28.349999870,0.0,,2025-11,UNTOUCHED
2333 Electrical Engineers,100,9.0,2025-08-06 16:13:37.409999831,0.0,,2025-11,UNTOUCHED
2334 Electronics Engineers,45,4.0,2025-09-30 01:43:34.053000041,0.0,,2025-11,UNTOUCHED
2334 Electronics Engineers,50,13.0,2025-08-07 12:56:31.513000104,0.0,,2025-11,UNTOUCHED
2334 Electronics Engineers,55,21.0,2025-10-08 12:16:51.506999702,0.0,,2025-11,UNTOUCHED
2334 Electronics Engineers,60,50.0,2025-10-14 17:36:25.680000228,0.0,,2025-11,UNTOUCHED
2334 Electronics Engineers,65,171.0,2025-10-29 22:53:12.190000113,0.0,,2025-11,UNTOUCHED
2334 Electronics Engineers,70,167.0,2025-10-27 12:12:44.016999814,0.0,,2025-11,UNTOUCHED
2334 Electronics Engineers,75,193.0,2025-10-27 22:28:55.347000000,0.0,,2025-11,UNTOUCHED
2334 Electronics Engineers,80,175.0,2025-10-30 11:47:01.589999015,0.0,,2025-11,UNTOUCHED
2334 Electronics Engineers,85,142.0,2025-10-27 22:27:52.206999736,0.0,,2025-11,UNTOUCHED
2334 Electronics Engineers,90,76.0,2025-10-28 05:47:06.590000184,0.0,,2025-11,UNTOUCHED
2334 Electronics Engineers,95,18.0,2025-10-24 20:15:03.112999862,0.0,,2025-11,UNTOUCHED
2334 Electronics Engineers,100,3.0,2025-05-25 10:32:59.330000068,0.0,,2025-11,UNTOUCHED
"2335 Industrial, Mechanical and Production Engineers",40,5.0,2025-04-30 09:34:22.410000016,0.0,,2025-11,UNTOUCHED
"2335 Industrial, Mechanical and Production Engineers",45,3.0,2025-08-08 15:23:15.409999999,0.0,,2025-11,UNTOUCHED
"2335 Industrial, Mechanical and Production Engineers",50,20.0,2025-10-29 20:28:33.619999728,0.0,,2025-11,UNTOUCHED
"2335 Industrial, Mechanical and Production Engineers",55,67.0,2025-10-24 12:12:21.593000292,0.0,,2025-11,UNTOUCHED
"2335 Industrial, Mechanical and Production Engineers",60,153.0,2025-10-31 15:52:49.192999858,0.0,,2025-11,UNTOUCHED
"2335 Industrial, Mechanical and Production Engineers",65,563.0,2025-10-31 17:45:52.473000015,0.0,,2025-11,UNTOUCHED
"2335 Industrial, Mechanical and Production Engineers",70,605.0,2025-10-30 15:31:21.999999887,0.0,,2025-11,UNTOUCHED
"2335 Industrial, Mechanical and Production Engineers",75,657.0,2025-10-30 19:35:02.652999685,0.0,,2025-11,UNTOUCHED
"2335 Industrial, Mechanical and Production Engineers",80,572.0,2025-10-29 11:52:51.572999985,0.0,,2025-11,UNTOUCHED
"2335 Industrial, Mechanical and Production Engineers",85,545.0,2025-10-27 22:29:24.967000020,0.0,,2025-11,UNTOUCHED
"2335 Industrial, Mechanical and Production Engineers",90,318.0,2025-10-28 23:01:42.667000164,0.0,,2025-11,UNTOUCHED
"2335 Industrial, Mechanical and Production Engineers",95,67.0,2025-10-30 16:37:41.920000052,0.0,,2025-11,UNTOUCHED
"2335 Industrial, Mechanical and Production Engineers",100,13.0,2025-10-25 12:06:26.670000222,0.0,,2025-11,UNTOUCHED
"2335 Industrial, Mechanical and Production Engineers",105,2.0,2024-09-11 17:18:19.282999870,0.0,,2025-11,UNTOUCHED
2336 Mining Engineers,40,1.0,2024-09-05 14:01:50.930000382,0.0,,2025-11,UNTOUCHED
2336 Mining Engineers,45,2.0,2025-10-15 00:15:42.213000055,0.0,,2025-11,UNTOUCHED
2336 Mining Engineers,50,4.0,2025-07-22 01:56:34.637000375,0.0,,2025-11,UNTOUCHED
2336 Mining Engineers,55,9.0,2025-10-03 20:05:44.490000137,0.0,,2025-11,UNTOUCHED
2336 Mining Engineers,60,7.0,2025-09-09 08:15:54.790000292,0.0,,2025-11,UNTOUCHED
2336 Mining Engineers,65,44.0,2025-10-30 23:43:17.510000269,0.0,,2025-11,UNTOUCHED
2336 Mining Engineers,70,49.0,2025-09-24 20:14:49.487000046,0.0,,2025-11,UNTOUCHED
2336 Mining Engineers,75,50.0,2025-10-22 22:45:02.113000044,0.0,,2025-11,UNTOUCHED
2336 Mining Engineers,80,37.0,2025-10-26 17:25:36.710000112,0.0,,2025-11,UNTOUCHED
2336 Mining Engineers,85,32.0,2025-10-21 12:23:24.639999843,22.0,2025-08-08 12:35:42.733000262,2025-11,PARTIAL
2336 Mining Engineers,90,12.0,2025-08-21 10:56:44.667000283,14.0,2025-11-11 11:43:42.189999928,2025-11,CLEARED
2336 Mining Engineers,95,1.0,2024-08-01 23:19:24.506999843,2.0,2024-08-01 23:19:24.506999843,2025-11,CLEARED
2336 Mining Engineers,100,0.0,,1.0,2025-10-20 19:03:33.116999765,2025-11,PARTIAL
2339 Other Engineering Professionals,40,2.0,2025-07-04 15:44:08.253000199,0.0,,2025-11,UNTOUCHED
2339 Other Engineering Professionals,45,4.0,2025-10-25 15:32:02.729999875,0.0,,2025-11,UNTOUCHED
2339 Other Engineering Professionals,50,17.0,2025-09-04 12:32:29.517000020,0.0,,2025-11,UNTOUCHED
2339 Other Engineering Professionals,55,66.0,2025-10-29 15:00:43.399999713,0.0,,2025-11,UNTOUCHED
2339 Other Engineering Professionals,60,114.0,2025-10-30 19:10:02.566999614,0.0,,2025-11,UNTOUCHED
2339 Other Engineering Professionals,65,508.0,2025-10-31 21:33:37.982999859,0.0,,2025-11,UNTOUCHED
2339 Other Engineering Professionals,70,588.0,2025-10-30 22:44:02.523000016,0.0,,2025-11,UNTOUCHED
2339 Other Engineering Professionals,75,599.0,2025-10-31 16:13:27.090000111,0.0,,2025-11,UNTOUCHED
2339 Other Engineering Professionals,80,549.0,2025-10-29 20:38:18.027000107,0.0,,2025-11,UNTOUCHED
2339 Other Engineering Professionals,85,569.0,2025-10-29 22:07:57.119999750,0.0,,2025-11,UNTOUCHED
2339 Other Engineering Professionals,90,310.0,2025-10-30 15:54:13.157000147,0.0,,2025-11,UNTOUCHED
2339 Other Engineering Professionals,95,82.0,2025-10-27 05:28:28.659999728,0.0,,2025-11,UNTOUCHED
2339 Other Engineering Professionals,100,16.0,2025-10-26 22:16:08.647000121,0.0,,2025-11,UNTOUCHED
2339 Other Engineering Professionals,105,3.0,2025-10-20 14:43:38.846999809,0.0,,2025-11,UNTOUCHED
2341 Agricultural and Forestry Scientists,45,1.0,2025-05-12 02:03:17.979999704,0.0,,2025-11,UNTOUCHED
2341 Agricultural and Forestry Scientists,50,1.0,2025-07-27 04:00:09.046999851,0.0,,2025-11,UNTOUCHED
2341 Agricultural and Forestry Scientists,55,11.0,2025-07-06 06:22:05.377000010,0.0,,2025-11,UNTOUCHED
2341 Agricultural and Forestry Scientists,60,18.0,2025-10-19 22:41:55.942999860,0.0,,2025-11,UNTOUCHED
2341 Agricultural and Forestry Scientists,65,91.0,2025-10-30 00:06:56.426999728,0.0,,2025-11,UNTOUCHED
2341 Agricultural and Forestry Scientists,70,67.0,2025-10-28 10:44:43.866999764,0.0,,2025-11,UNTOUCHED
2341 Agricultural and Forestry Scientists,75,73.0,2025-10-21 13:53:50.480000001,0.0,,2025-11,UNTOUCHED
2341 Agricultural and Forestry Scientists,80,61.0,2025-10-29 01:34:24.987000011,0.0,,2025-11,UNTOUCHED
2341 Agricultural and Forestry Scientists,85,40.0,2025-10-08 15:27:01.410000022,28.0,2025-08-10 18:58:40.780000369,2025-11,PARTIAL
2341 Agricultural and Forestry Scientists,90,26.0,2025-10-18 15:03:19.732999944,33.0,2025-11-11 01:20:42.799999747,2025-11,CLEARED
2341 Agricultural and Forestry Scientists,95,7.0,2025-10-24 16:37:27.423000004,5.0,2025-10-24 16:37:27.423000004,2025-11,CLEARED
2341 Agricultural and Forestry Scientists,100,1.0,2025-02-24 23:46:54.853000132,1.0,2025-02-24 23:46:54.853000132,2025-11,CLEARED
2341 Agricultural and Forestry Scientists,105,1.0,2025-09-22 21:28:34.286999522,1.0,2025-09-22 21:28:34.286999522,2025-11,CLEARED
"2342 Chemists, and Food and Wine Scientists",50,5.0,2025-09-06 19:56:41.870000273,0.0,,2025-11,UNTOUCHED
"2342 Chemists, and Food and Wine Scientists",55,13.0,2025-09-30 21:29:04.927000047,0.0,,2025-11,UNTOUCHED
"2342 Chemists, and Food and Wine Scientists",60,20.0,2025-10-15 18:25:27.249999790,0.0,,2025-11,UNTOUCHED
"2342 Chemists, and Food and Wine Scientists",65,85.0,2025-10-30 04:13:14.082999651,0.0,,2025-11,UNTOUCHED
"2342 Chemists, and Food and Wine Scientists",70,101.0,2025-10-31 17:34:05.887000300,0.0,,2025-11,UNTOUCHED
"2342 Chemists, and Food and Wine Scientists",75,99.0,2025-10-26 22:27:48.940000004,0.0,,2025-11,UNTOUCHED
"2342 Chemists, and Food and Wine Scientists",80,80.0,2025-10-29 13:32:36.922999678,0.0,,2025-11,UNTOUCHED
"2342 Chemists, and Food and Wine Scientists",85,59.0,2025-10-24 18:52:02.930000185,57.0,2025-07-23 05:07:11.719999992,2025-11,PARTIAL
"2342 Chemists, and Food and Wine Scientists",90,41.0,2025-10-27 13:34:42.386999926,50.0,2025-11-10 08:10:48.587000370,2025-11,CLEARED
"2342 Chemists, and Food and Wine Scientists",95,7.0,2025-10-25 15:58:39.389999615,7.0,2025-11-12 12:40:24.959999925,2025-11,CLEARED
"2342 Chemists, and Food and Wine Scientists",100,3.0,2025-10-27 15:21:01.660000008,3.0,2025-10-27 15:21:01.660000008,2025-11,CLEARED
"2342 Chemists, and Food and Wine Scientists",105,3.0,2025-10-18 08:40:05.986999672,3.0,2025-10-18 08:40:05.986999672,2025-11,CLEARED
2343 Environmental Scientists,45,1.0,2024-09-18 22:28:03.356999604,0.0,,2025-11,UNTOUCHED
2343 Environmental Scientists,50,2.0,2025-10-15 12:54:45.217000267,0.0,,2025-11,UNTOUCHED
2343 Environmental Scientists,55,1.0,2025-08-18 17:32:55.909999806,0.0,,2025-11,UNTOUCHED
2343 Environmental Scientists,60,8.0,2025-09-19 19:51:47.369999635,0.0,,2025-11,UNTOUCHED
2343 Environmental Scientists,65,29.0,2025-10-07 14:44:19.340000848,0.0,,2025-11,UNTOUCHED
2343 Environmental Scientists,70,36.0,2025-10-10 16:40:26.239999944,0.0,,2025-11,UNTOUCHED
2343 Environmental Scientists,75,39.0,2025-10-07 12:58:13.783000229,0.0,,2025-11,UNTOUCHED
2343 Environmental Scientists,80,28.0,2025-10-19 15:07:16.842999936,0.0,,2025-11,UNTOUCHED
2343 Environmental Scientists,85,40.0,2025-10-24 13:27:57.792999660,38.0,2025-08-22 22:04:41.373000240,2025-11,PARTIAL
2343 Environmental Scientists,90,40.0,2025-10-30 15:16:47.180000187,42.0,2025-10-23 09:51:01.553000189,2025-11,PARTIAL
2343 Environmental Scientists,95,10.0,2025-09-04 17:31:45.753000032,16.0,2025-11-07 12:38:39.879999450,2025-11,CLEARED
2343 Environmental Scientists,100,1.0,2025-02-27 18:17:08.609999876,1.0,2025-02-27 18:17:08.609999876,2025-11,CLEARED
2344 Geologists Geophysicists and Hydrogeologists,55,1.0,2025-04-02 11:23:29.409999708,0.0,,2025-11,UNTOUCHED
2344 Geologists Geophysicists and Hydrogeologists,60,2.0,2025-07-27 20:36:57.659999892,0.0,,2025-11,UNTOUCHED
2344 Geologists Geophysicists and Hydrogeologists,65,9.0,2025-09-24 19:03:59.953000098,0.0,,2025-11,UNTOUCHED
2344 Geologists Geophysicists and Hydrogeologists,70,7.0,2025-08-04 05:01:35.249999689,0.0,,2025-11,UNTOUCHED
2344 Geologists Geophysicists and Hydrogeologists,75,10.0,2025-10-28 23:53:43.500000310,0.0,,2025-11,UNTOUCHED
2344 Geologists Geophysicists and Hydrogeologists,80,3.0,2024-09-16 00:01:43.086999941,0.0,,2025-11,UNTOUCHED
2344 Geologists Geophysicists and Hydrogeologists,85,4.0,2025-09-10 10:17:35.477000263,2.0,2024-09-05 15:16:22.657000284,2025-11,PARTIAL
2344 Geologists Geophysicists and Hydrogeologists,90,2.0,2025-07-18 00:06:11.833000009,2.0,2025-07-18 00:06:11.833000009,2025-11,CLEARED
2345 Life Scientists,50,5.0,2025-08-27 17:40:20.147000070,0.0,,2025-11,UNTOUCHED
2345 Life Scientists,55,12.0,2025-10-03 12:55:24.550000184,0.0,,2025-11,UNTOUCHED
2345 Life Scientists,60,17.0,2025-10-20 20:14:33.989999763,0.0,,2025-11,UNTOUCHED
2345 Life Scientists,65,89.0,2025-10-29 21:54:22.149999806,0.0,,2025-11,UNTOUCHED
2345 Life Scientists,70,83.0,2025-10-29 21:23:05.242999974,0.0,,2025-11,UNTOUCHED
2345 Life Scientists,75,90.0,2025-10-25 12:47:38.512999982,0.0,,2025-11,UNTOUCHED
2345 Life Scientists,80,62.0,2025-10-31 16:28:34.400000357,0.0,,2025-11,UNTOUCHED
2345 Life Scientists,85,88.0,2025-10-30 11:20:33.506999626,67.0,2025-08-23 21:12:51.573000124,2025-11,PARTIAL
2345 Life Scientists,90,46.0,2025-10-29 03:04:02.517000810,54.0,2025-11-10 19:59:59.903000004,2025-11,CLEARED
2345 Life Scientists,95,20.0,2025-10-28 13:02:04.373000001,19.0,2025-10-26 13:05:10.200000134,2025-11,PARTIAL
2345 Life Scientists,100,8.0,2025-10-04 11:22:28.306999937,9.0,2025-10-28 13:02:04.373000001,2025-11,CLEARED
2345 Life Scientists,105,3.0,2025-09-04 13:41:15.620000153,3.0,2025-09-04 13:41:15.620000153,2025-11,CLEARED
2345 Life Scientists,110,1.0,2025-09-13 15:12:12.859999729,1.0,2025-09-13 15:12:12.859999729,2025-11,CLEARED
2346 Medical Laboratory Scientists,55,3.0,2025-06-09 22:55:10.120000039,0.0,,2025-11,UNTOUCHED
2346 Medical Laboratory Scientists,60,6.0,2025-06-21 19:37:22.369999848,0.0,,2025-11,UNTOUCHED
2346 Medical Laboratory Scientists,65,21.0,2025-10-15 16:44:22.647000071,0.0,,2025-11,UNTOUCHED
2346 Medical Laboratory Scientists,70,42.0,2025-10-28 11:19:04.607000281,0.0,,2025-11,UNTOUCHED
2346 Medical Laboratory Scientists,75,56.0,2025-10-22 12:28:29.579999934,0.0,,2025-11,UNTOUCHED
2346 Medical Laboratory Scientists,80,31.0,2025-10-24 10:32:38.113000261,0.0,,2025-11,UNTOUCHED
2346 Medical Laboratory Scientists,85,14.0,2025-10-29 18:29:04.433000012,11.0,2025-07-22 14:00:36.120000182,2025-11,PARTIAL
2346 Medical Laboratory Scientists,90,3.0,2025-10-07 20:20:00.542999944,5.0,2025-11-13 07:49:20.443000359,2025-11,CLEARED
2346 Medical Laboratory Scientists,95,1.0,2025-02-04 15:26:31.640000184,2.0,2025-11-10 04:51:11.920000181,2025-11,CLEARED
2346 Medical Laboratory Scientists,100,1.0,2025-03-22 10:19:06.233000024,1.0,2025-03-22 10:19:06.233000024,2025-11,CLEARED
2347 Veterinarians,55,1.0,2025-09-29 11:55:53.212999975,0.0,,2025-11,UNTOUCHED
2347 Veterinarians,60,2.0,2025-09-23 13:35:14.333000084,0.0,,2025-11,UNTOUCHED
2347 Veterinarians,65,10.0,2025-10-14 04:34:07.480000064,0.0,,2025-11,UNTOUCHED
2347 Veterinarians,70,4.0,2025-02-10 08:51:19.362999853,0.0,,2025-11,UNTOUCHED
2347 Veterinarians,75,20.0,2025-08-31 05:02:13.477000145,0.0,,2025-11,UNTOUCHED
2347 Veterinarians,80,20.0,2025-10-31 22:30:00.842999849,0.0,,2025-11,UNTOUCHED
2347 Veterinarians,85,30.0,2025-10-29 15:56:18.700000045,33.0,2025-07-17 17:18:30.200000227,2025-11,PARTIAL
2347 Veterinarians,90,14.0,2025-10-22 02:12:06.156999936,15.0,2025-10-22 02:12:06.156999936,2025-11,CLEARED
2347 Veterinarians,95,2.0,2025-07-30 13:43:48.659999998,3.0,2025-07-30 13:43:48.659999998,2025-11,CLEARED
2347 Veterinarians,100,2.0,2025-09-24 19:17:36.917000750,2.0,2025-09-24 19:17:36.917000750,2025-11,CLEARED
2349 Other Natural and Physical Science Professionals,55,4.0,2025-10-02 21:41:06.529999885,0.0,,2025-11,UNTOUCHED
2349 Other Natural and Physical Science Professionals,60,5.0,2025-08-16 03:20:11.062999631,0.0,,2025-11,UNTOUCHED
2349 Other Natural and Physical Science Professionals,65,26.0,2025-10-12 18:43:24.469999904,0.0,,2025-11,UNTOUCHED
2349 Other Natural and Physical Science Professionals,70,16.0,2025-10-08 18:11:42.746999841,0.0,,2025-11,UNTOUCHED
2349 Other Natural and Physical Science Professionals,75,21.0,2025-09-30 17:43:36.713000369,0.0,,2025-11,UNTOUCHED
2349 Other Natural and Physical Science Professionals,80,12.0,2025-10-12 20:30:26.730000270,0.0,,2025-11,UNTOUCHED
2349 Other Natural and Physical Science Professionals,85,11.0,2025-07-11 18:59:18.119999754,11.0,2025-07-11 18:59:18.119999754,2025-11,CLEARED
2349 Other Natural and Physical Science Professionals,90,6.0,2025-09-16 11:39:32.973000258,8.0,2025-11-08 17:12:32.440000230,2025-11,CLEARED
2349 Other Natural and Physical Science Professionals,95,5.0,2025-09-08 05:49:29.882999985,4.0,2025-09-08 05:49:29.882999985,2025-11,CLEARED
2349 Other Natural and Physical Science Professionals,100,1.0,2024-02-08 09:32:15.397000169,0.0,,2025-11,UNTOUCHED
2349 Other Natural and Physical Science Professionals,115,1.0,2025-04-02 00:22:39.430000024,1.0,2025-04-02 00:22:39.430000024,2025-11,CLEARED
2411 Early Childhood (Pre-primary School) Teachers,40,1.0,2025-10-11 21:44:21.537000139,0.0,,2025-11,UNTOUCHED
2411 Early Childhood (Pre-primary School) Teachers,45,1.0,2025-05-29 11:20:46.580000035,0.0,,2025-11,UNTOUCHED
2411 Early Childhood (Pre-primary School) Teachers,50,5.0,2025-08-13 15:16:09.856999934,0.0,,2025-11,UNTOUCHED
2411 Early Childhood (Pre-primary School) Teachers,55,22.0,2025-10-31 14:58:11.420000281,0.0,,2025-11,UNTOUCHED
2411 Early Childhood (Pre-primary School) Teachers,60,110.0,2025-10-29 15:11:39.692999990,0.0,,2025-11,UNTOUCHED
2411 Early Childhood (Pre-primary School) Teachers,65,609.0,2025-10-30 13:53:30.959999891,0.0,,2025-11,UNTOUCHED
2411 Early Childhood (Pre-primary School) Teachers,70,1014.0,2025-10-31 13:24:01.533000096,0.0,,2025-11,UNTOUCHED
2411 Early Childhood (Pre-primary School) Teachers,75,830.0,2025-10-31 22:59:43.450000077,0.0,,2025-11,UNTOUCHED
2411 Early Childhood (Pre-primary School) Teachers,80,720.0,2025-10-31 14:46:26.999999803,0.0,,2025-11,UNTOUCHED
2411 Early Childhood (Pre-primary School) Teachers,85,434.0,2025-10-31 22:55:13.262999986,205.0,2025-08-31 00:15:14.193000155,2025-11,PARTIAL
2411 Early Childhood (Pre-primary School) Teachers,90,30.0,2025-10-21 15:56:22.892999959,40.0,2025-11-13 00:32:22.819999784,2025-11,CLEARED
2411 Early Childhood (Pre-primary School) Teachers,95,2.0,2025-10-08 15:38:12.192999786,2.0,2025-10-08 15:38:12.192999786,2025-11,CLEARED
2414 Secondary School Teachers,50,3.0,2025-09-05 19:05:32.429999878,0.0,,2025-11,UNTOUCHED
2414 Secondary School Teachers,55,5.0,2025-07-13 04:19:12.152999720,0.0,,2025-11,UNTOUCHED
2414 Secondary School Teachers,60,19.0,2025-10-29 18:50:50.560000077,0.0,,2025-11,UNTOUCHED
2414 Secondary School Teachers,65,136.0,2025-10-31 15:51:10.206999849,0.0,,2025-11,UNTOUCHED
2414 Secondary School Teachers,70,195.0,2025-10-30 12:07:28.610000080,0.0,,2025-11,UNTOUCHED
2414 Secondary School Teachers,75,187.0,2025-10-31 03:44:27.327000295,57.0,2025-03-27 16:48:59.353000205,2025-11,PARTIAL
2414 Secondary School Teachers,80,159.0,2025-10-29 20:09:25.799999702,163.0,2025-11-13 06:00:00.443000136,2025-11,CLEARED
2414 Secondary School Teachers,85,48.0,2025-10-30 00:07:17.516999873,56.0,2025-11-11 23:57:30.742999902,2025-11,CLEARED
2414 Secondary School Teachers,90,2.0,2025-10-22 13:13:15.229999810,2.0,2025-10-22 13:13:15.229999810,2025-11,CLEARED
2414 Secondary School Teachers,95,1.0,2025-10-30 21:29:03.306999649,1.0,2025-10-30 21:29:03.306999649,2025-11,CLEARED
2414 Secondary School Teachers,100,1.0,2025-09-03 10:55:51.216999769,1.0,2025-09-03 10:55:51.216999769,2025-11,CLEARED
2415 Special Education Teachers,55,1.0,2025-03-03 21:59:21.110000006,0.0,,2025-11,UNTOUCHED
2415 Special Education Teachers,60,1.0,2025-10-01 13:47:36.530000312,0.0,,2025-11,UNTOUCHED
2415 Special Education Teachers,65,1.0,2025-05-06 10:20:58.467000117,0.0,,2025-11,UNTOUCHED
2415 Special Education Teachers,70,5.0,2025-07-08 21:23:11.162999670,0.0,,2025-11,UNTOUCHED
2415 Special Education Teachers,75,4.0,2025-06-13 07:45:52.049999730,3.0,2024-08-05 14:05:07.402999911,2025-11,PARTIAL
2415 Special Education Teachers,80,1.0,2025-09-30 23:43:21.470000041,1.0,2025-09-30 23:43:21.470000041,2025-11,CLEARED
2421 University Lecturers and Tutors,50,3.0,2025-09-22 17:53:48.026999996,0.0,,2025-11,UNTOUCHED
2421 University Lecturers and Tutors,55,16.0,2025-06-30 19:42:57.683000177,0.0,,2025-11,UNTOUCHED
2421 University Lecturers and Tutors,60,40.0,2025-10-16 15:54:22.839999960,0.0,,2025-11,UNTOUCHED
2421 University Lecturers and Tutors,65,169.0,2025-10-30 22:11:51.662999978,0.0,,2025-11,UNTOUCHED
2421 University Lecturers and Tutors,70,151.0,2025-10-30 18:02:05.059999852,0.0,,2025-11,UNTOUCHED
2421 University Lecturers and Tutors,75,166.0,2025-10-28 19:45:14.142999801,0.0,,2025-11,UNTOUCHED
2421 University Lecturers and Tutors,80,148.0,2025-10-29 21:37:43.089999948,0.0,,2025-11,UNTOUCHED
2421 University Lecturers and Tutors,85,71.0,2025-10-25 00:02:16.173000329,0.0,,2025-11,UNTOUCHED
2421 University Lecturers and Tutors,90,47.0,2025-10-29 12:47:43.026999959,0.0,,2025-11,UNTOUCHED
2421 University Lecturers and Tutors,95,15.0,2025-10-22 14:13:42.616999643,0.0,,2025-11,UNTOUCHED
2421 University Lecturers and Tutors,100,6.0,2025-10-29 17:40:37.316999720,0.0,,2025-11,UNTOUCHED
2421 University Lecturers and Tutors,105,3.0,2025-10-09 14:40:30.757000223,0.0,,2025-11,UNTOUCHED
2421 University Lecturers and Tutors,110,1.0,2025-03-24 22:13:40.673000133,0.0,,2025-11,UNTOUCHED
2512 Medical Imaging Professionals,55,2.0,2025-07-11 19:49:02.187000255,0.0,,2025-11,UNTOUCHED
2512 Medical Imaging Professionals,60,2.0,2024-11-09 02:35:43.946999496,0.0,,2025-11,UNTOUCHED
2512 Medical Imaging Professionals,65,18.0,2025-10-13 04:20:54.893000189,0.0,,2025-11,UNTOUCHED
2512 Medical Imaging Professionals,70,24.0,2025-10-13 02:43:54.437000240,0.0,,2025-11,UNTOUCHED
2512 Medical Imaging Professionals,75,38.0,2025-10-18 12:52:34.303000028,17.0,2025-03-13 14:39:32.690000384,2025-11,PARTIAL
2512 Medical Imaging Professionals,80,13.0,2025-10-06 20:26:07.233000158,12.0,2025-10-06 20:26:07.233000158,2025-11,CLEARED
2512 Medical Imaging Professionals,85,10.0,2025-08-25 09:13:11.016999840,10.0,2025-08-25 09:13:11.016999840,2025-11,CLEARED
2512 Medical Imaging Professionals,90,7.0,2025-10-05 17:48:33.810000223,7.0,2025-10-05 17:48:33.810000223,2025-11,CLEARED
2512 Medical Imaging Professionals,95,4.0,2025-05-06 10:30:05.389999804,4.0,2025-05-06 10:30:05.389999804,2025-11,CLEARED
2514 Optometrists and Orthoptists,70,3.0,2025-08-12 15:45:34.339999939,0.0,,2025-11,UNTOUCHED
2514 Optometrists and Orthoptists,75,5.0,2025-09-10 20:19:19.502999883,1.0,2024-02-29 15:30:57.037000354,2025-11,PARTIAL
2514 Optometrists and Orthoptists,80,2.0,2025-10-30 13:39:44.483000143,1.0,2025-10-30 13:39:44.483000143,2025-11,CLEARED
2519 Other Health Diagnostic and Promotion Professionals,70,1.0,2025-05-31 00:45:11.523000012,0.0,,2025-11,UNTOUCHED
2521 Chiropractors and Osteopaths,55,1.0,2025-05-20 15:52:25.080000113,0.0,,2025-11,UNTOUCHED
2521 Chiropractors and Osteopaths,60,1.0,2025-01-12 13:20:33.803000044,0.0,,2025-11,UNTOUCHED
2521 Chiropractors and Osteopaths,65,5.0,2025-05-04 11:46:18.649999830,0.0,,2025-11,UNTOUCHED
2521 Chiropractors and Osteopaths,70,8.0,2025-09-22 11:44:34.427000342,0.0,,2025-11,UNTOUCHED
2521 Chiropractors and Osteopaths,75,8.0,2025-04-21 22:17:52.453000144,0.0,,2025-11,UNTOUCHED
2521 Chiropractors and Osteopaths,80,6.0,2025-08-07 19:35:42.149999927,0.0,,2025-11,UNTOUCHED
2521 Chiropractors and Osteopaths,85,1.0,2025-07-29 12:53:57.726999980,1.0,2025-07-29 12:53:57.726999980,2025-11,CLEARED
2524 Occupational Therapists,45,2.0,2025-10-09 18:46:51.716999902,0.0,,2025-11,UNTOUCHED
2524 Occupational Therapists,55,2.0,2025-07-25 11:45:19.702999480,0.0,,2025-11,UNTOUCHED
2524 Occupational Therapists,60,5.0,2025-08-11 16:32:59.953000116,0.0,,2025-11,UNTOUCHED
2524 Occupational Therapists,65,32.0,2025-10-14 19:19:53.347000912,0.0,,2025-11,UNTOUCHED
2524 Occupational Therapists,70,48.0,2025-10-30 22:07:41.173000023,0.0,,2025-11,UNTOUCHED
2524 Occupational Therapists,75,70.0,2025-10-30 01:22:16.929999894,33.0,2025-04-02 16:49:42.350000321,2025-11,PARTIAL
2524 Occupational Therapists,80,22.0,2025-10-09 01:27:56.970000072,24.0,2025-10-29 17:34:58.490000281,2025-11,CLEARED
2524 Occupational Therapists,85,7.0,2025-10-24 14:05:51.440000161,9.0,2025-11-06 14:21:50.036999688,2025-11,CLEARED
2524 Occupational Therapists,90,5.0,2025-10-07 11:37:38.050000345,5.0,2025-10-07 11:37:38.050000345,2025-11,CLEARED
2525 Physiotherapists,40,1.0,2025-02-06 14:24:46.053000178,0.0,,2025-11,UNTOUCHED
2525 Physiotherapists,50,3.0,2025-05-12 02:31:45.206999924,0.0,,2025-11,UNTOUCHED
2525 Physiotherapists,55,5.0,2025-10-05 16:55:10.327000149,0.0,,2025-11,UNTOUCHED
2525 Physiotherapists,60,7.0,2025-10-27 21:49:10.249999875,0.0,,2025-11,UNTOUCHED
2525 Physiotherapists,65,44.0,2025-10-16 21:24:47.246999978,0.0,,2025-11,UNTOUCHED
2525 Physiotherapists,70,78.0,2025-10-26 01:11:57.489999535,0.0,,2025-11,UNTOUCHED
2525 Physiotherapists,75,85.0,2025-10-28 16:43:47.132999757,44.0,2025-03-26 19:35:29.812999974,2025-11,PARTIAL
2525 Physiotherapists,80,47.0,2025-10-28 14:55:36.636999807,51.0,2025-11-12 21:52:52.626999792,2025-11,CLEARED
2525 Physiotherapists,85,15.0,2025-10-16 00:27:34.672999795,17.0,2025-11-10 14:53:52.303000243,2025-11,CLEARED
2525 Physiotherapists,90,4.0,2025-04-16 12:13:44.460000145,4.0,2025-11-11 20:32:07.566999846,2025-11,CLEARED
2526 Podiatrists,65,3.0,2025-09-23 03:32:46.737000041,0.0,,2025-11,UNTOUCHED
2526 Podiatrists,70,1.0,2025-02-12 14:20:35.740000239,0.0,,2025-11,UNTOUCHED
2526 Podiatrists,75,7.0,2025-08-13 03:56:05.243000141,3.0,2025-02-27 13:33:23.159999940,2025-11,PARTIAL
2526 Podiatrists,80,1.0,2024-10-02 05:28:53.440000095,1.0,2024-10-02 05:28:53.440000095,2025-11,CLEARED
2527 Speech Professionals and Audiologists,55,3.0,2025-02-26 22:29:23.649999766,0.0,,2025-11,UNTOUCHED
2527 Speech Professionals and Audiologists,60,3.0,2025-02-28 00:04:57.126999938,0.0,,2025-11,UNTOUCHED
2527 Speech Professionals and Audiologists,65,22.0,2025-10-01 02:44:23.586999915,0.0,,2025-11,UNTOUCHED
2527 Speech Professionals and Audiologists,70,36.0,2025-10-29 19:09:31.240000074,0.0,,2025-11,UNTOUCHED
2527 Speech Professionals and Audiologists,75,30.0,2025-08-27 16:13:16.309999862,15.0,2025-04-02 22:09:55.162999463,2025-11,PARTIAL
2527 Speech Professionals and Audiologists,80,7.0,2025-10-21 17:29:27.633000111,10.0,2025-11-13 02:12:06.903000216,2025-11,CLEARED
2527 Speech Professionals and Audiologists,85,3.0,2025-10-01 07:25:45.366999853,3.0,2025-10-01 07:25:45.366999853,2025-11,CLEARED
2527 Speech Professionals and Audiologists,90,2.0,2025-09-28 21:01:11.950000127,2.0,2025-09-28 21:01:11.950000127,2025-11,CLEARED
2531 General Practitioners and Resident Medical officers,50,1.0,2024-12-10 18:28:47.140000112,0.0,,2025-11,UNTOUCHED
2531 General Practitioners and Resident Medical officers,55,3.0,2025-10-29 12:19:12.350000219,0.0,,2025-11,UNTOUCHED
2531 General Practitioners and Resident Medical officers,60,8.0,2025-08-29 22:12:08.296999983,0.0,,2025-11,UNTOUCHED
2531 General Practitioners and Resident Medical officers,65,24.0,2025-10-17 09:35:31.672999403,0.0,,2025-11,UNTOUCHED
2531 General Practitioners and Resident Medical officers,70,42.0,2025-10-26 22:08:16.620000221,0.0,,2025-11,UNTOUCHED
2531 General Practitioners and Resident Medical officers,75,66.0,2025-10-30 13:50:16.963000319,27.0,2025-04-10 23:35:22.542999849,2025-11,PARTIAL
2531 General Practitioners and Resident Medical officers,80,68.0,2025-10-27 22:22:17.897000160,69.0,2025-11-12 19:05:06.087000036,2025-11,CLEARED
2531 General Practitioners and Resident Medical officers,85,27.0,2025-10-31 01:04:09.287000088,29.0,2025-11-12 16:21:10.830000101,2025-11,CLEARED
2531 General Practitioners and Resident Medical officers,90,10.0,2025-10-25 11:57:58.777000309,14.0,2025-11-09 02:35:49.633000137,2025-11,CLEARED
2531 General Practitioners and Resident Medical officers,95,1.0,2024-02-15 10:57:36.519999940,1.0,2024-02-15 10:57:36.519999940,2025-11,CLEARED
2533 Internal Medicine Specialists,40,1.0,2024-12-14 12:18:56.870000951,0.0,,2025-11,UNTOUCHED
2533 Internal Medicine Specialists,60,2.0,2025-08-30 17:30:05.883000091,0.0,,2025-11,UNTOUCHED
2533 Internal Medicine Specialists,65,5.0,2025-10-30 11:57:28.523000252,0.0,,2025-11,UNTOUCHED
2533 Internal Medicine Specialists,70,3.0,2025-06-23 13:50:39.060000006,0.0,,2025-11,UNTOUCHED
2533 Internal Medicine Specialists,75,2.0,2025-07-04 00:58:46.623000135,0.0,,2025-11,UNTOUCHED
2533 Internal Medicine Specialists,80,9.0,2025-09-27 22:55:37.813000097,9.0,2025-09-27 22:55:37.813000097,2025-11,CLEARED
2533 Internal Medicine Specialists,90,2.0,2025-03-07 22:29:55.350000072,2.0,2025-03-07 22:29:55.350000072,2025-11,CLEARED
2534 Psychiatrists,75,2.0,2025-04-25 08:17:00.102999730,1.0,2025-03-04 14:35:24.112999884,2025-11,PARTIAL
2534 Psychiatrists,80,1.0,2025-04-08 21:16:15.369999980,2.0,2025-04-30 07:17:46.392999815,2025-11,CLEARED
2534 Psychiatrists,85,1.0,2025-04-20 21:12:13.327000188,1.0,2025-04-20 21:12:13.327000188,2025-11,CLEARED
2535 Surgeons,50,1.0,2025-09-07 00:55:14.150000017,0.0,,2025-11,UNTOUCHED
2535 Surgeons,55,1.0,2025-01-24 11:32:23.906999987,0.0,,2025-11,UNTOUCHED
2535 Surgeons,65,1.0,2025-05-20 11:33:37.626999690,0.0,,2025-11,UNTOUCHED
2535 Surgeons,75,1.0,2024-07-06 17:59:20.837000169,1.0,2024-02-05 23:14:57.867000103,2025-11,PARTIAL
2535 Surgeons,80,1.0,2025-09-14 21:52:19.340000319,1.0,2025-09-14 21:52:19.340000319,2025-11,CLEARED
2535 Surgeons,85,1.0,2025-02-22 19:24:57.203000259,1.0,2025-02-22 19:24:57.203000259,2025-11,CLEARED
2539 Other Medical Practitioners,45,1.0,2025-10-18 13:43:00.130000206,0.0,,2025-11,UNTOUCHED
2539 Other Medical Practitioners,50,2.0,2025-07-30 21:05:50.203000150,0.0,,2025-11,UNTOUCHED
2539 Other Medical Practitioners,55,3.0,2025-05-28 20:40:35.913000351,0.0,,2025-11,UNTOUCHED
2539 Other Medical Practitioners,60,9.0,2025-10-28 23:26:47.422999800,0.0,,2025-11,UNTOUCHED
2539 Other Medical Practitioners,65,24.0,2025-10-22 06:18:21.667000262,0.0,,2025-11,UNTOUCHED
2539 Other Medical Practitioners,70,46.0,2025-10-21 16:12:50.407000280,0.0,,2025-11,UNTOUCHED
2539 Other Medical Practitioners,75,51.0,2025-10-25 16:09:52.729999940,18.0,2025-04-07 12:05:19.972999792,2025-11,PARTIAL
2539 Other Medical Practitioners,80,52.0,2025-10-31 23:40:36.387000117,61.0,2025-11-12 20:38:20.643000048,2025-11,CLEARED
2539 Other Medical Practitioners,85,29.0,2025-10-20 09:07:43.417000208,29.0,2025-11-11 23:29:14.990000138,2025-11,CLEARED
2539 Other Medical Practitioners,90,11.0,2025-10-22 01:41:28.566999813,10.0,2025-10-22 01:41:28.566999813,2025-11,CLEARED
2539 Other Medical Practitioners,95,2.0,2025-10-04 11:23:13.000000205,2.0,2025-10-04 11:23:13.000000205,2025-11,CLEARED
2541 Midwives,55,1.0,2025-01-14 22:12:34.860000265,0.0,,2025-11,UNTOUCHED
2541 Midwives,60,2.0,2025-06-17 15:44:08.316999807,0.0,,2025-11,UNTOUCHED
2541 Midwives,65,6.0,2025-10-18 08:35:13.800000094,0.0,,2025-11,UNTOUCHED
2541 Midwives,70,10.0,2025-09-22 22:50:42.909999869,0.0,,2025-11,UNTOUCHED
2541 Midwives,75,9.0,2025-10-16 16:45:01.960000349,2.0,2024-09-03 10:53:45.093000082,2025-11,PARTIAL
2541 Midwives,80,9.0,2025-10-22 12:13:50.899999918,10.0,2025-10-22 12:13:50.899999918,2025-11,CLEARED
2541 Midwives,85,2.0,2025-10-08 07:28:57.537000189,3.0,2025-11-12 17:59:42.940000250,2025-11,CLEARED
2544 Registered Nurses,35,1.0,2025-05-01 22:27:53.799999917,0.0,,2025-11,UNTOUCHED
2544 Registered Nurses,45,3.0,2025-01-23 13:56:48.979999921,0.0,,2025-11,UNTOUCHED
2544 Registered Nurses,50,11.0,2025-10-24 16:45:01.933000142,0.0,,2025-11,UNTOUCHED
2544 Registered Nurses,55,79.0,2025-10-29 16:56:25.819999943,0.0,,2025-11,UNTOUCHED
2544 Registered Nurses,60,200.0,2025-10-29 14:00:42.300000227,0.0,,2025-11,UNTOUCHED
2544 Registered Nurses,65,1291.0,2025-10-31 17:01:54.323000241,0.0,,2025-11,UNTOUCHED
2544 Registered Nurses,70,1457.0,2025-10-31 20:30:40.306999907,0.0,,2025-11,UNTOUCHED
2544 Registered Nurses,75,1280.0,2025-10-31 17:15:30.267000388,634.0,2025-04-10 12:13:57.346999628,2025-11,PARTIAL
2544 Registered Nurses,80,497.0,2025-10-30 13:50:16.886999924,539.0,2025-11-13 07:22:14.753000038,2025-11,CLEARED
2544 Registered Nurses,85,162.0,2025-10-29 18:10:56.872999899,176.0,2025-11-13 07:15:01.780000234,2025-11,CLEARED
2544 Registered Nurses,90,22.0,2025-09-22 19:41:32.649999817,25.0,2025-11-12 23:41:21.522999891,2025-11,CLEARED
2544 Registered Nurses,95,2.0,2025-05-22 21:59:07.417000075,2.0,2025-05-22 21:59:07.417000075,2025-11,CLEARED
2544 Registered Nurses,100,1.0,2025-03-08 22:47:00.042999970,1.0,2025-03-08 22:47:00.042999970,2025-11,CLEARED
2611 ICT Business and Systems Analysts,45,1.0,2025-06-24 21:29:31.799999780,0.0,,2025-11,UNTOUCHED
2611 ICT Business and Systems Analysts,50,7.0,2025-08-02 01:51:52.132999979,0.0,,2025-11,UNTOUCHED
2611 ICT Business and Systems Analysts,55,42.0,2025-09-12 23:02:34.500000174,0.0,,2025-11,UNTOUCHED
2611 ICT Business and Systems Analysts,60,90.0,2025-10-29 14:42:45.776999992,0.0,,2025-11,UNTOUCHED
2611 ICT Business and Systems Analysts,65,560.0,2025-10-31 21:36:19.359999976,0.0,,2025-11,UNTOUCHED
2611 ICT Business and Systems Analysts,70,710.0,2025-10-30 21:51:30.553000056,0.0,,2025-11,UNTOUCHED
2611 ICT Business and Systems Analysts,75,1005.0,2025-10-31 21:12:28.642999772,0.0,,2025-11,UNTOUCHED
2611 ICT Business and Systems Analysts,80,988.0,2025-10-31 14:06:38.917000108,0.0,,2025-11,UNTOUCHED
2611 ICT Business and Systems Analysts,85,950.0,2025-10-31 17:08:01.926999850,0.0,,2025-11,UNTOUCHED
2611 ICT Business and Systems Analysts,90,1057.0,2025-10-31 18:20:49.157000030,0.0,,2025-11,UNTOUCHED
2611 ICT Business and Systems Analysts,95,517.0,2025-10-31 14:01:00.096999977,0.0,,2025-11,UNTOUCHED
2611 ICT Business and Systems Analysts,100,136.0,2025-10-27 16:49:30.627000137,0.0,,2025-11,UNTOUCHED
2612 Multimedia Specialists and Web Developers,50,2.0,2025-03-05 17:32:54.950000110,0.0,,2025-11,UNTOUCHED
2612 Multimedia Specialists and Web Developers,55,2.0,2025-10-29 11:22:53.813000323,0.0,,2025-11,UNTOUCHED
2612 Multimedia Specialists and Web Developers,60,1.0,2025-05-13 10:00:07.969999685,0.0,,2025-11,UNTOUCHED
2612 Multimedia Specialists and Web Developers,65,12.0,2025-10-22 10:57:51.460000125,0.0,,2025-11,UNTOUCHED
2612 Multimedia Specialists and Web Developers,70,21.0,2025-10-17 15:34:02.792999697,0.0,,2025-11,UNTOUCHED
2612 Multimedia Specialists and Web Developers,75,34.0,2025-10-14 10:58:30.570000346,0.0,,2025-11,UNTOUCHED
2612 Multimedia Specialists and Web Developers,80,27.0,2025-10-27 17:57:12.890000027,0.0,,2025-11,UNTOUCHED
2612 Multimedia Specialists and Web Developers,85,30.0,2025-10-30 10:16:52.979999954,0.0,,2025-11,UNTOUCHED
2612 Multimedia Specialists and Web Developers,90,60.0,2025-10-29 12:39:26.449999948,14.0,2024-12-25 21:07:18.879999798,2025-11,PARTIAL
2612 Multimedia Specialists and Web Developers,95,19.0,2025-10-31 18:21:19.747000200,19.0,2025-11-07 13:00:49.629999908,2025-11,CLEARED
2612 Multimedia Specialists and Web Developers,100,1.0,2025-04-14 20:12:27.879999943,1.0,2025-04-14 20:12:27.879999943,2025-11,CLEARED
2613 Software and Applications Programmers,45,7.0,2025-08-20 01:24:02.900000073,0.0,,2025-11,UNTOUCHED
2613 Software and Applications Programmers,50,25.0,2025-09-02 16:47:02.587000208,0.0,,2025-11,UNTOUCHED
2613 Software and Applications Programmers,55,94.0,2025-10-28 21:40:55.272999984,0.0,,2025-11,UNTOUCHED
2613 Software and Applications Programmers,60,238.0,2025-10-23 17:48:24.837000203,0.0,,2025-11,UNTOUCHED
2613 Software and Applications Programmers,65,1200.0,2025-10-31 19:20:06.646999807,0.0,,2025-11,UNTOUCHED
2613 Software and Applications Programmers,70,1498.0,2025-10-31 21:37:47.090000890,0.0,,2025-11,UNTOUCHED
2613 Software and Applications Programmers,75,1850.0,2025-10-31 15:03:49.466999926,0.0,,2025-11,UNTOUCHED
2613 Software and Applications Programmers,80,1620.0,2025-10-31 13:46:21.963000077,0.0,,2025-11,UNTOUCHED
2613 Software and Applications Programmers,85,1918.0,2025-10-31 21:40:37.660000198,0.0,,2025-11,UNTOUCHED
2613 Software and Applications Programmers,90,1975.0,2025-10-31 23:56:29.250000242,0.0,,2025-11,UNTOUCHED
2613 Software and Applications Programmers,95,1093.0,2025-10-30 22:46:10.762999847,0.0,,2025-11,UNTOUCHED
2613 Software and Applications Programmers,100,296.0,2025-10-22 23:10:58.960000329,0.0,,2025-11,UNTOUCHED
2613 Software and Applications Programmers,105,45.0,2025-10-22 22:15:44.909999775,0.0,,2025-11,UNTOUCHED
2613 Software and Applications Programmers,110,5.0,2025-09-27 10:46:48.533000298,0.0,,2025-11,UNTOUCHED
2613 Software and Applications Programmers,115,1.0,2024-11-07 21:40:18.929999697,0.0,,2025-11,UNTOUCHED
"2621 Database and Systems Administrators, and ICT Security Specialists",50,4.0,2025-10-21 11:52:35.610000041,0.0,,2025-11,UNTOUCHED
"2621 Database and Systems Administrators, and ICT Security Specialists",55,11.0,2025-09-24 17:37:44.583000257,0.0,,2025-11,UNTOUCHED
"2621 Database and Systems Administrators, and ICT Security Specialists",60,29.0,2025-10-28 03:41:06.219999804,0.0,,2025-11,UNTOUCHED
"2621 Database and Systems Administrators, and ICT Security Specialists",65,160.0,2025-10-30 18:19:13.532999612,0.0,,2025-11,UNTOUCHED
"2621 Database and Systems Administrators, and ICT Security Specialists",70,173.0,2025-10-28 14:56:46.580000164,0.0,,2025-11,UNTOUCHED
"2621 Database and Systems Administrators, and ICT Security Specialists",75,217.0,2025-10-27 14:34:05.017000244,0.0,,2025-11,UNTOUCHED
"2621 Database and Systems Administrators, and ICT Security Specialists",80,234.0,2025-10-31 18:41:51.463000233,0.0,,2025-11,UNTOUCHED
"2621 Database and Systems Administrators, and ICT Security Specialists",85,223.0,2025-10-30 17:54:27.252999889,0.0,,2025-11,UNTOUCHED
"2621 Database and Systems Administrators, and ICT Security Specialists",90,223.0,2025-10-29 21:26:02.407000176,0.0,,2025-11,UNTOUCHED
"2621 Database and Systems Administrators, and ICT Security Specialists",95,92.0,2025-10-26 23:21:19.889999023,0.0,,2025-11,UNTOUCHED
"2621 Database and Systems Administrators, and ICT Security Specialists",100,17.0,2025-10-15 18:26:40.629999958,0.0,,2025-11,UNTOUCHED
2631 Computer Network Professionals,30,1.0,2025-10-16 12:46:01.829999948,0.0,,2025-11,UNTOUCHED
2631 Computer Network Professionals,40,1.0,2024-09-17 03:13:41.862999676,0.0,,2025-11,UNTOUCHED
2631 Computer Network Professionals,45,1.0,2025-05-08 17:30:49.010000376,0.0,,2025-11,UNTOUCHED
2631 Computer Network Professionals,50,4.0,2024-09-26 17:25:22.926999910,0.0,,2025-11,UNTOUCHED
2631 Computer Network Professionals,55,21.0,2025-10-22 20:17:26.973000208,0.0,,2025-11,UNTOUCHED
2631 Computer Network Professionals,60,48.0,2025-10-20 23:22:14.073000124,0.0,,2025-11,UNTOUCHED
2631 Computer Network Professionals,65,201.0,2025-10-27 23:31:02.680000161,0.0,,2025-11,UNTOUCHED
2631 Computer Network Professionals,70,232.0,2025-10-31 13:38:48.239999664,0.0,,2025-11,UNTOUCHED
2631 Computer Network Professionals,75,398.0,2025-10-31 21:22:50.627000369,0.0,,2025-11,UNTOUCHED
2631 Computer Network Professionals,80,278.0,2025-10-31 20:39:07.226999792,0.0,,2025-11,UNTOUCHED
2631 Computer Network Professionals,85,275.0,2025-10-31 16:59:53.680000165,0.0,,2025-11,UNTOUCHED
2631 Computer Network Professionals,90,266.0,2025-10-24 17:16:31.202999950,0.0,,2025-11,UNTOUCHED
2631 Computer Network Professionals,95,133.0,2025-10-28 14:58:11.166999862,0.0,,2025-11,UNTOUCHED
2631 Computer Network Professionals,100,45.0,2025-10-03 16:26:27.499999675,0.0,,2025-11,UNTOUCHED
2633 Telecommunications Engineering Professionals,45,2.0,2024-10-06 10:28:54.679999992,0.0,,2025-11,UNTOUCHED
2633 Telecommunications Engineering Professionals,50,4.0,2025-04-11 12:18:01.226999733,0.0,,2025-11,UNTOUCHED
2633 Telecommunications Engineering Professionals,55,11.0,2025-08-06 17:50:13.979999791,0.0,,2025-11,UNTOUCHED
2633 Telecommunications Engineering Professionals,60,29.0,2025-10-27 18:38:55.410000334,0.0,,2025-11,UNTOUCHED
2633 Telecommunications Engineering Professionals,65,104.0,2025-10-30 15:31:46.009999660,0.0,,2025-11,UNTOUCHED
2633 Telecommunications Engineering Professionals,70,87.0,2025-10-24 10:38:37.457000168,0.0,,2025-11,UNTOUCHED
2633 Telecommunications Engineering Professionals,75,177.0,2025-10-28 18:53:19.820000051,0.0,,2025-11,UNTOUCHED
2633 Telecommunications Engineering Professionals,80,108.0,2025-10-29 18:04:55.549999966,0.0,,2025-11,UNTOUCHED
2633 Telecommunications Engineering Professionals,85,111.0,2025-10-21 12:46:11.686999892,0.0,,2025-11,UNTOUCHED
2633 Telecommunications Engineering Professionals,90,53.0,2025-09-24 15:30:40.049999861,9.0,2024-12-22 22:37:41.567000185,2025-11,PARTIAL
2633 Telecommunications Engineering Professionals,95,14.0,2025-10-15 10:38:11.533000142,17.0,2025-11-09 09:45:39.520000388,2025-11,CLEARED
2633 Telecommunications Engineering Professionals,100,2.0,2025-10-14 17:46:17.846999889,3.0,2025-11-12 20:11:11.150000350,2025-11,CLEARED
2711 Barristers,75,1.0,2025-03-25 21:11:42.262999630,0.0,,2025-11,UNTOUCHED
2711 Barristers,80,2.0,2024-11-17 16:34:51.690000288,0.0,,2025-11,UNTOUCHED
2711 Barristers,85,1.0,2025-09-11 01:14:44.877000240,0.0,,2025-11,UNTOUCHED
2711 Barristers,90,2.0,2025-10-14 10:47:28.356999734,2.0,2025-10-14 10:47:28.356999734,2025-11,CLEARED
2711 Barristers,95,1.0,2025-04-01 12:43:13.609999839,0.0,,2025-11,UNTOUCHED
2713 Solicitors,50,2.0,2025-01-11 12:38:03.970000737,0.0,,2025-11,UNTOUCHED
2713 Solicitors,55,3.0,2025-07-04 03:44:16.463000178,0.0,,2025-11,UNTOUCHED
2713 Solicitors,60,10.0,2025-09-11 02:54:24.860000275,0.0,,2025-11,UNTOUCHED
2713 Solicitors,65,27.0,2025-10-13 18:58:44.456999638,0.0,,2025-11,UNTOUCHED
2713 Solicitors,70,61.0,2025-10-26 16:34:00.450000223,0.0,,2025-11,UNTOUCHED
2713 Solicitors,75,57.0,2025-10-01 16:04:42.449999776,0.0,,2025-11,UNTOUCHED
2713 Solicitors,80,83.0,2025-10-31 13:38:14.470000154,0.0,,2025-11,UNTOUCHED
2713 Solicitors,85,104.0,2025-10-24 19:23:31.612999810,88.0,2025-08-21 20:47:05.373000024,2025-11,PARTIAL
2713 Solicitors,90,56.0,2025-10-13 19:16:45.037000263,73.0,2025-11-12 23:09:20.157000108,2025-11,CLEARED
2713 Solicitors,95,2.0,2025-07-28 22:49:45.243000373,2.0,2025-07-28 22:49:45.243000373,2025-11,CLEARED
2723 Psychologists,60,2.0,2025-06-05 21:55:22.817000000,0.0,,2025-11,UNTOUCHED
2723 Psychologists,65,12.0,2025-10-10 21:45:10.952999582,0.0,,2025-11,UNTOUCHED
2723 Psychologists,70,12.0,2025-10-01 20:55:18.586999646,0.0,,2025-11,UNTOUCHED
2723 Psychologists,75,15.0,2025-09-26 11:10:12.530000464,3.0,2025-03-23 20:44:11.943000012,2025-11,PARTIAL
2723 Psychologists,80,24.0,2025-10-28 10:31:05.440000362,26.0,2025-11-12 18:21:35.220000153,2025-11,CLEARED
2723 Psychologists,85,7.0,2025-10-19 12:32:30.933000185,9.0,2025-11-10 12:30:01.032999788,2025-11,CLEARED
2723 Psychologists,90,2.0,2025-09-01 22:30:32.359999746,2.0,2025-09-01 22:30:32.359999746,2025-11,CLEARED
2723 Psychologists,95,1.0,2024-10-08 11:35:07.379999969,1.0,2024-10-08 11:35:07.379999969,2025-11,CLEARED
2725 Social Workers,55,3.0,2025-08-05 06:33:53.697000075,0.0,,2025-11,UNTOUCHED
2725 Social Workers,60,13.0,2025-10-29 22:34:30.707000166,0.0,,2025-11,UNTOUCHED
2725 Social Workers,65,91.0,2025-10-31 17:18:09.226999929,0.0,,2025-11,UNTOUCHED
2725 Social Workers,70,111.0,2025-10-30 22:22:48.309999674,0.0,,2025-11,UNTOUCHED
2725 Social Workers,75,168.0,2025-10-31 14:34:27.629999947,44.0,2025-03-14 16:30:27.490000008,2025-11,PARTIAL
2725 Social Workers,80,148.0,2025-10-30 11:38:10.972999944,161.0,2025-11-13 08:08:03.013000296,2025-11,CLEARED
2725 Social Workers,85,59.0,2025-10-17 12:39:13.057000274,62.0,2025-11-12 20:59:57.972999952,2025-11,CLEARED
2725 Social Workers,90,14.0,2025-09-19 16:28:28.213000374,16.0,2025-11-13 08:20:36.599999850,2025-11,CLEARED
2725 Social Workers,95,0.0,,1.0,2025-03-26 16:56:04.563000228,2025-11,PARTIAL
3122 Civil Engineering Draftspersons and Technicians,40,1.0,2024-10-02 22:55:27.750000218,0.0,,2025-11,UNTOUCHED
3122 Civil Engineering Draftspersons and Technicians,45,6.0,2025-09-26 18:04:08.186999980,0.0,,2025-11,UNTOUCHED
3122 Civil Engineering Draftspersons and Technicians,50,20.0,2025-10-27 08:55:16.442999760,0.0,,2025-11,UNTOUCHED
3122 Civil Engineering Draftspersons and Technicians,55,82.0,2025-10-28 04:32:39.319999975,0.0,,2025-11,UNTOUCHED
3122 Civil Engineering Draftspersons and Technicians,60,154.0,2025-10-31 03:23:19.429999941,0.0,,2025-11,UNTOUCHED
3122 Civil Engineering Draftspersons and Technicians,65,680.0,2025-10-30 20:41:31.397000219,0.0,,2025-11,UNTOUCHED
3122 Civil Engineering Draftspersons and Technicians,70,738.0,2025-10-31 20:01:51.689999907,0.0,,2025-11,UNTOUCHED
3122 Civil Engineering Draftspersons and Technicians,75,639.0,2025-10-29 00:32:02.187000283,0.0,,2025-11,UNTOUCHED
3122 Civil Engineering Draftspersons and Technicians,80,360.0,2025-10-31 15:37:30.516999977,0.0,,2025-11,UNTOUCHED
3122 Civil Engineering Draftspersons and Technicians,85,194.0,2025-10-31 15:39:10.392999690,128.0,2025-08-17 23:42:02.110000000,2025-11,PARTIAL
3122 Civil Engineering Draftspersons and Technicians,90,29.0,2025-10-29 07:27:21.359999733,39.0,2025-11-10 15:55:23.512999926,2025-11,CLEARED
3122 Civil Engineering Draftspersons and Technicians,95,4.0,2025-09-30 11:29:56.772999971,6.0,2025-11-09 00:43:54.563000154,2025-11,CLEARED
3123 Electrical Engineering Draftspersons and Technicians,55,5.0,2024-12-04 21:56:35.089999909,0.0,,2025-11,UNTOUCHED
3123 Electrical Engineering Draftspersons and Technicians,60,13.0,2025-10-07 23:19:26.513000077,0.0,,2025-11,UNTOUCHED
3123 Electrical Engineering Draftspersons and Technicians,65,42.0,2025-10-26 21:48:02.287000350,0.0,,2025-11,UNTOUCHED
3123 Electrical Engineering Draftspersons and Technicians,70,37.0,2025-10-14 20:52:38.596999776,0.0,,2025-11,UNTOUCHED
3123 Electrical Engineering Draftspersons and Technicians,75,35.0,2025-10-21 05:30:28.152999751,0.0,,2025-11,UNTOUCHED
3123 Electrical Engineering Draftspersons and Technicians,80,17.0,2025-10-21 05:45:40.147000061,0.0,,2025-11,UNTOUCHED
3123 Electrical Engineering Draftspersons and Technicians,85,19.0,2025-10-23 19:59:50.123000621,18.0,2025-08-22 18:39:57.700000180,2025-11,PARTIAL
3123 Electrical Engineering Draftspersons and Technicians,90,11.0,2025-03-17 15:10:40.002999876,11.0,2025-03-17 15:10:40.002999876,2025-11,CLEARED
3132 Telecommunications Technical Specialists,40,1.0,2025-02-11 20:03:34.646999679,0.0,,2025-11,UNTOUCHED
3132 Telecommunications Technical Specialists,45,1.0,2025-02-11 14:46:12.170000150,0.0,,2025-11,UNTOUCHED
3132 Telecommunications Technical Specialists,50,4.0,2025-10-04 17:27:05.250000274,0.0,,2025-11,UNTOUCHED
3132 Telecommunications Technical Specialists,55,10.0,2025-10-07 14:35:45.459999862,0.0,,2025-11,UNTOUCHED
3132 Telecommunications Technical Specialists,60,20.0,2025-09-22 17:05:16.650000147,0.0,,2025-11,UNTOUCHED
3132 Telecommunications Technical Specialists,65,75.0,2025-10-10 13:48:51.756999995,0.0,,2025-11,UNTOUCHED
3132 Telecommunications Technical Specialists,70,83.0,2025-10-21 22:45:48.817000143,0.0,,2025-11,UNTOUCHED
3132 Telecommunications Technical Specialists,75,76.0,2025-10-31 09:31:48.056999977,0.0,,2025-11,UNTOUCHED
3132 Telecommunications Technical Specialists,80,49.0,2025-10-16 22:32:50.219999949,0.0,,2025-11,UNTOUCHED
3132 Telecommunications Technical Specialists,85,20.0,2025-10-03 14:30:37.507000003,0.0,,2025-11,UNTOUCHED
3132 Telecommunications Technical Specialists,90,10.0,2025-10-28 15:15:29.417000388,2.0,2025-01-03 20:08:15.030000343,2025-11,PARTIAL
3132 Telecommunications Technical Specialists,95,1.0,2025-01-12 20:12:29.309999984,2.0,2025-06-24 17:04:27.139999751,2025-11,CLEARED
3211 Automotive Electricians,60,2.0,2025-04-09 19:59:54.256999902,0.0,,2025-11,UNTOUCHED
3211 Automotive Electricians,65,4.0,2025-04-30 20:29:44.867000630,0.0,,2025-11,UNTOUCHED
3211 Automotive Electricians,70,2.0,2025-03-10 14:31:42.197000033,0.0,,2025-11,UNTOUCHED
3211 Automotive Electricians,75,5.0,2025-09-01 18:03:19.610000334,0.0,,2025-11,UNTOUCHED
3211 Automotive Electricians,80,2.0,2024-10-24 21:11:29.189999852,0.0,,2025-11,UNTOUCHED
3211 Automotive Electricians,85,0.0,,1.0,2024-04-05 09:13:13.270000091,2025-11,PARTIAL
3212 Motor Mechanics,45,1.0,2025-10-03 23:43:25.979999966,0.0,,2025-11,UNTOUCHED
3212 Motor Mechanics,50,3.0,2025-10-15 08:01:09.943000561,0.0,,2025-11,UNTOUCHED
3212 Motor Mechanics,55,16.0,2025-09-30 14:24:58.073000112,0.0,,2025-11,UNTOUCHED
3212 Motor Mechanics,60,47.0,2025-10-23 15:04:13.816999865,0.0,,2025-11,UNTOUCHED
3212 Motor Mechanics,65,241.0,2025-10-31 21:00:51.466999812,0.0,,2025-11,UNTOUCHED
3212 Motor Mechanics,70,217.0,2025-10-28 21:38:53.497000256,0.0,,2025-11,UNTOUCHED
3212 Motor Mechanics,75,167.0,2025-10-30 13:13:23.056999829,0.0,,2025-11,UNTOUCHED
3212 Motor Mechanics,80,115.0,2025-10-25 00:13:42.613000008,0.0,,2025-11,UNTOUCHED
3212 Motor Mechanics,85,33.0,2025-10-31 16:07:58.140000255,0.0,,2025-11,UNTOUCHED
3212 Motor Mechanics,90,21.0,2025-09-26 21:57:42.243000186,0.0,,2025-11,UNTOUCHED
3212 Motor Mechanics,95,10.0,2025-10-16 15:46:41.527000361,0.0,,2025-11,UNTOUCHED
3222 Sheetmetal Trades Workers,75,1.0,2025-01-31 16:48:05.019999926,0.0,,2025-11,UNTOUCHED
3223 Structural Steel and Welding Trades Workers,45,1.0,2025-02-03 18:15:59.430000182,0.0,,2025-11,UNTOUCHED
3223 Structural Steel and Welding Trades Workers,50,2.0,2025-01-27 03:58:32.167000162,0.0,,2025-11,UNTOUCHED
3223 Structural Steel and Welding Trades Workers,55,1.0,2025-10-03 17:45:50.642999631,0.0,,2025-11,UNTOUCHED
3223 Structural Steel and Welding Trades Workers,60,14.0,2025-10-16 18:34:17.209999928,0.0,,2025-11,UNTOUCHED
3223 Structural Steel and Welding Trades Workers,65,57.0,2025-10-31 15:38:18.169999782,0.0,,2025-11,UNTOUCHED
3223 Structural Steel and Welding Trades Workers,70,54.0,2025-10-17 15:17:09.482999818,0.0,,2025-11,UNTOUCHED
3223 Structural Steel and Welding Trades Workers,75,39.0,2025-10-29 16:18:25.820000055,0.0,,2025-11,UNTOUCHED
3223 Structural Steel and Welding Trades Workers,80,24.0,2025-10-16 19:59:58.840000344,0.0,,2025-11,UNTOUCHED
3223 Structural Steel and Welding Trades Workers,85,11.0,2025-10-29 19:29:32.376999935,5.0,2025-06-05 17:55:42.103000007,2025-11,PARTIAL
3223 Structural Steel and Welding Trades Workers,90,1.0,2024-10-18 14:55:53.593000049,1.0,2024-10-18 14:55:53.593000049,2025-11,CLEARED
3223 Structural Steel and Welding Trades Workers,95,1.0,2024-08-12 17:17:25.027000152,1.0,2024-08-12 17:17:25.027000152,2025-11,CLEARED
3232 Metal Fitters and Machinists,40,2.0,2025-09-04 08:47:18.962999983,0.0,,2025-11,UNTOUCHED
3232 Metal Fitters and Machinists,45,1.0,2024-12-19 03:09:02.820000044,0.0,,2025-11,UNTOUCHED
3232 Metal Fitters and Machinists,50,3.0,2025-09-30 16:29:16.773000259,0.0,,2025-11,UNTOUCHED
3232 Metal Fitters and Machinists,55,6.0,2025-09-26 23:17:48.567000212,0.0,,2025-11,UNTOUCHED
3232 Metal Fitters and Machinists,60,5.0,2025-05-15 17:31:44.913000060,0.0,,2025-11,UNTOUCHED
3232 Metal Fitters and Machinists,65,29.0,2025-10-16 18:53:21.416999663,0.0,,2025-11,UNTOUCHED
3232 Metal Fitters and Machinists,70,25.0,2025-10-12 15:01:48.170000182,0.0,,2025-11,UNTOUCHED
3232 Metal Fitters and Machinists,75,18.0,2025-10-29 04:02:21.063000122,0.0,,2025-11,UNTOUCHED
3232 Metal Fitters and Machinists,80,2.0,2025-09-18 16:50:47.027000019,0.0,,2025-11,UNTOUCHED
3232 Metal Fitters and Machinists,85,4.0,2025-09-18 12:42:10.440000120,2.0,2025-02-10 14:56:27.787000231,2025-11,PARTIAL
3233 Precision Metal Trades Workers,55,1.0,2025-04-26 01:16:00.842999626,0.0,,2025-11,UNTOUCHED
3233 Precision Metal Trades Workers,70,3.0,2025-10-24 10:00:05.503000017,0.0,,2025-11,UNTOUCHED
3241 Panelbeaters,65,1.0,2025-09-23 18:27:13.320000046,0.0,,2025-11,UNTOUCHED
3241 Panelbeaters,70,1.0,2024-06-14 15:04:07.802999215,0.0,,2025-11,UNTOUCHED
3241 Panelbeaters,75,1.0,2025-09-12 15:57:30.690000089,0.0,,2025-11,UNTOUCHED
3311 Bricklayers and Stonemasons,55,2.0,2025-09-19 17:55:09.970000017,0.0,,2025-11,UNTOUCHED
3311 Bricklayers and Stonemasons,60,10.0,2025-10-08 16:01:55.619999800,0.0,,2025-11,UNTOUCHED
3311 Bricklayers and Stonemasons,65,23.0,2025-10-24 13:00:56.999999914,23.0,2025-11-07 13:26:11.739999788,2025-11,CLEARED
3311 Bricklayers and Stonemasons,70,7.0,2025-10-21 16:19:29.122999838,10.0,2025-11-07 16:43:25.192999824,2025-11,CLEARED
3311 Bricklayers and Stonemasons,75,7.0,2025-10-25 19:02:46.887000063,7.0,2025-10-25 19:02:46.887000063,2025-11,CLEARED
3311 Bricklayers and Stonemasons,80,4.0,2025-10-21 14:38:32.789999644,1.0,2025-10-14 21:39:43.940000134,2025-11,PARTIAL
3311 Bricklayers and Stonemasons,85,1.0,2025-10-23 23:31:10.036999836,1.0,2025-10-23 23:31:10.036999836,2025-11,CLEARED
3311 Bricklayers and Stonemasons,90,1.0,2025-02-21 10:17:51.316999967,1.0,2025-02-21 10:17:51.316999967,2025-11,CLEARED
3312 Carpenters and Joiners,35,1.0,2025-01-03 09:02:57.187000357,0.0,,2025-11,UNTOUCHED
3312 Carpenters and Joiners,40,1.0,2025-09-23 13:27:25.773000079,0.0,,2025-11,UNTOUCHED
3312 Carpenters and Joiners,45,2.0,2025-10-08 10:58:13.722999839,0.0,,2025-11,UNTOUCHED
3312 Carpenters and Joiners,50,3.0,2025-09-10 17:52:50.593000019,0.0,,2025-11,UNTOUCHED
3312 Carpenters and Joiners,55,10.0,2025-09-24 10:40:59.676999856,0.0,,2025-11,UNTOUCHED
3312 Carpenters and Joiners,60,21.0,2025-10-30 17:54:44.479999848,0.0,,2025-11,UNTOUCHED
3312 Carpenters and Joiners,65,142.0,2025-10-30 15:23:06.273000294,140.0,2025-11-04 19:48:04.929999664,2025-11,CLEARED
3312 Carpenters and Joiners,70,105.0,2025-10-30 19:03:39.366999812,120.0,2025-11-12 22:08:39.006999720,2025-11,CLEARED
3312 Carpenters and Joiners,75,40.0,2025-10-27 10:57:02.602999860,42.0,2025-11-12 15:45:04.376999868,2025-11,CLEARED
3312 Carpenters and Joiners,80,24.0,2025-10-21 12:14:35.682999826,27.0,2025-11-13 01:58:11.246999891,2025-11,CLEARED
3312 Carpenters and Joiners,85,4.0,2025-08-22 10:53:15.367000205,3.0,2025-11-13 07:29:28.502999750,2025-11,CLEARED
3312 Carpenters and Joiners,90,0.0,,1.0,2025-11-10 17:44:36.899999773,2025-11,PARTIAL
3322 Painting Trades Workers,50,1.0,2025-10-06 18:41:17.770000024,0.0,,2025-11,UNTOUCHED
3322 Painting Trades Workers,55,1.0,2025-07-22 18:05:36.572999642,0.0,,2025-11,UNTOUCHED
3322 Painting Trades Workers,60,16.0,2025-10-29 18:29:46.536999907,0.0,,2025-11,UNTOUCHED
3322 Painting Trades Workers,65,132.0,2025-10-31 15:18:41.827000173,0.0,,2025-11,UNTOUCHED
3322 Painting Trades Workers,70,88.0,2025-10-29 13:22:43.092999834,35.0,2025-07-04 17:53:35.117000367,2025-11,PARTIAL
3322 Painting Trades Workers,75,32.0,2025-10-31 14:09:36.589999766,39.0,2025-11-12 21:16:04.962999875,2025-11,CLEARED
3322 Painting Trades Workers,80,12.0,2025-10-10 16:22:23.190000395,13.0,2025-11-12 11:14:09.872999966,2025-11,CLEARED
3322 Painting Trades Workers,85,2.0,2025-07-09 17:24:45.302999215,2.0,2025-07-09 17:24:45.302999215,2025-11,CLEARED
3322 Painting Trades Workers,90,1.0,2025-10-09 21:36:15.216999793,1.0,2025-10-09 21:36:15.216999793,2025-11,CLEARED
3331 Glaziers,60,1.0,2025-05-05 12:43:12.900000046,0.0,,2025-11,UNTOUCHED
3331 Glaziers,65,2.0,2025-10-14 19:37:29.562999839,3.0,2025-10-14 19:37:29.562999839,2025-11,CLEARED
3331 Glaziers,70,2.0,2024-12-18 18:08:00.450000381,2.0,2024-12-18 18:08:00.450000381,2025-11,CLEARED
3331 Glaziers,75,1.0,2025-07-03 20:42:27.439999905,1.0,2025-07-03 20:42:27.439999905,2025-11,CLEARED
3332 Plasterers,60,5.0,2025-10-16 14:04:50.446999669,0.0,,2025-11,UNTOUCHED
3332 Plasterers,65,3.0,2025-09-03 00:41:48.397000217,2.0,2025-09-03 00:41:48.397000217,2025-11,CLEARED
3334 Wall and Floor Tilers,55,1.0,2024-12-09 21:57:48.120000088,0.0,,2025-11,UNTOUCHED
3334 Wall and Floor Tilers,60,2.0,2025-10-03 16:15:39.207000003,0.0,,2025-11,UNTOUCHED
3334 Wall and Floor Tilers,65,27.0,2025-10-30 12:02:41.020000189,27.0,2025-10-30 12:02:41.020000189,2025-11,CLEARED
3334 Wall and Floor Tilers,70,9.0,2025-10-24 16:26:50.607000044,9.0,2025-10-24 16:26:50.607000044,2025-11,CLEARED
3334 Wall and Floor Tilers,75,1.0,2024-11-20 15:20:00.992999806,2.0,2025-10-03 16:15:39.207000003,2025-11,CLEARED
3334 Wall and Floor Tilers,80,1.0,2024-11-20 14:22:27.652999638,0.0,,2025-11,UNTOUCHED
3341 Plumbers,60,2.0,2025-08-03 16:50:21.580000267,0.0,,2025-11,UNTOUCHED
3341 Plumbers,65,20.0,2025-10-13 12:39:01.582999819,19.0,2025-10-13 12:39:01.582999819,2025-11,CLEARED
3341 Plumbers,70,11.0,2025-10-01 20:27:17.770000006,12.0,2025-11-13 08:38:15.799999896,2025-11,CLEARED
3341 Plumbers,75,5.0,2025-10-04 07:22:18.483000176,6.0,2025-11-13 02:22:43.443000240,2025-11,CLEARED
3341 Plumbers,80,5.0,2025-10-08 21:44:12.513000229,5.0,2025-10-08 21:44:12.513000229,2025-11,CLEARED
3341 Plumbers,85,2.0,2025-04-18 06:16:59.827000212,2.0,2025-04-18 06:16:59.827000212,2025-11,CLEARED
3341 Plumbers,95,1.0,2025-08-30 00:30:30.719999923,1.0,2025-08-30 00:30:30.719999923,2025-11,CLEARED
3411 Electricians,50,1.0,2024-09-21 17:54:49.630000196,0.0,,2025-11,UNTOUCHED
3411 Electricians,55,5.0,2025-09-07 20:25:11.226999872,0.0,,2025-11,UNTOUCHED
3411 Electricians,60,5.0,2025-09-17 16:50:10.930000197,0.0,,2025-11,UNTOUCHED
3411 Electricians,65,25.0,2025-10-23 14:56:35.983000334,23.0,2025-11-05 07:53:48.720000249,2025-11,CLEARED
3411 Electricians,70,15.0,2025-10-19 17:36:24.806999655,15.0,2025-11-12 09:51:22.140000028,2025-11,CLEARED
3411 Electricians,75,12.0,2025-10-03 17:37:23.700000221,14.0,2025-11-11 17:55:15.633000503,2025-11,CLEARED
3411 Electricians,80,3.0,2025-09-12 13:48:44.030000062,4.0,2025-11-11 19:19:00.713000040,2025-11,CLEARED
3421 Airconditioning and Refrigeration Mechanics,50,1.0,2025-02-03 15:45:45.573000140,0.0,,2025-11,UNTOUCHED
3421 Airconditioning and Refrigeration Mechanics,60,1.0,2025-03-28 16:55:27.857000242,0.0,,2025-11,UNTOUCHED
3421 Airconditioning and Refrigeration Mechanics,65,9.0,2025-09-09 19:44:13.110000023,0.0,,2025-11,UNTOUCHED
3421 Airconditioning and Refrigeration Mechanics,70,5.0,2025-08-24 23:08:20.327000000,0.0,,2025-11,UNTOUCHED
3421 Airconditioning and Refrigeration Mechanics,75,2.0,2025-09-29 18:44:37.087000039,0.0,,2025-11,UNTOUCHED
3421 Airconditioning and Refrigeration Mechanics,80,1.0,2024-09-16 07:31:01.223000126,0.0,,2025-11,UNTOUCHED
3422 Electrical Distribution Trades Workers,60,1.0,2025-04-23 05:05:25.199999661,0.0,,2025-11,UNTOUCHED
3422 Electrical Distribution Trades Workers,70,1.0,2025-07-11 03:04:14.822999241,0.0,,2025-11,UNTOUCHED
3423 Electronics Trades Workers,45,1.0,2025-01-24 08:50:04.679999946,0.0,,2025-11,UNTOUCHED
3423 Electronics Trades Workers,55,6.0,2025-06-28 13:08:12.529999648,0.0,,2025-11,UNTOUCHED
3423 Electronics Trades Workers,60,10.0,2025-10-10 01:53:49.586999789,0.0,,2025-11,UNTOUCHED
3423 Electronics Trades Workers,65,39.0,2025-10-24 01:29:56.712999998,0.0,,2025-11,UNTOUCHED
3423 Electronics Trades Workers,70,38.0,2025-10-21 16:22:59.017000036,0.0,,2025-11,UNTOUCHED
3423 Electronics Trades Workers,75,34.0,2025-10-23 12:39:35.520000160,0.0,,2025-11,UNTOUCHED
3423 Electronics Trades Workers,80,5.0,2025-05-18 19:30:14.163000275,0.0,,2025-11,UNTOUCHED
3423 Electronics Trades Workers,85,7.0,2025-08-04 21:13:27.562999915,7.0,2025-05-04 15:52:57.442999745,2025-11,PARTIAL
3423 Electronics Trades Workers,90,0.0,,1.0,2025-08-04 21:13:27.562999915,2025-11,PARTIAL
3423 Electronics Trades Workers,110,1.0,2025-03-18 14:47:22.079999906,1.0,2025-03-18 14:47:22.079999906,2025-11,CLEARED
3513 Chefs,40,2.0,2025-09-24 00:26:03.760000278,0.0,,2025-11,UNTOUCHED
3513 Chefs,45,5.0,2025-07-11 17:31:17.586999744,0.0,,2025-11,UNTOUCHED
3513 Chefs,50,18.0,2025-10-17 20:04:55.583000149,0.0,,2025-11,UNTOUCHED
3513 Chefs,55,41.0,2025-10-20 13:52:52.103000081,0.0,,2025-11,UNTOUCHED
3513 Chefs,60,130.0,2025-10-28 21:52:49.917000158,0.0,,2025-11,UNTOUCHED
3513 Chefs,65,669.0,2025-10-31 16:29:43.783000100,0.0,,2025-11,UNTOUCHED
3513 Chefs,70,728.0,2025-10-31 21:26:34.442999966,0.0,,2025-11,UNTOUCHED
3513 Chefs,75,563.0,2025-10-31 14:11:14.769999948,0.0,,2025-11,UNTOUCHED
3513 Chefs,80,312.0,2025-10-24 14:30:19.683000046,0.0,,2025-11,UNTOUCHED
3513 Chefs,85,162.0,2025-10-31 16:54:49.869999858,0.0,,2025-11,UNTOUCHED
3513 Chefs,90,85.0,2025-10-27 17:32:11.870000301,0.0,,2025-11,UNTOUCHED
3513 Chefs,95,22.0,2025-08-19 18:16:34.330000105,0.0,,2025-11,UNTOUCHED
3513 Chefs,100,1.0,2025-07-04 21:25:17.326999896,0.0,,2025-11,UNTOUCHED
3513 Chefs,105,3.0,2025-02-18 18:15:33.400000307,0.0,,2025-11,UNTOUCHED
3611 Animal Attendants and Trainers,65,2.0,2025-03-24 13:09:30.920000178,0.0,,2025-11,UNTOUCHED
3941 Cabinetmakers,50,4.0,2025-09-14 12:32:24.916999824,0.0,,2025-11,UNTOUCHED
3941 Cabinetmakers,55,1.0,2024-11-25 17:58:22.479999888,0.0,,2025-11,UNTOUCHED
3941 Cabinetmakers,60,2.0,2025-09-09 18:28:33.730000055,0.0,,2025-11,UNTOUCHED
3941 Cabinetmakers,65,12.0,2025-09-04 00:17:03.609999959,0.0,,2025-11,UNTOUCHED
3941 Cabinetmakers,70,11.0,2025-08-27 18:59:18.539999744,0.0,,2025-11,UNTOUCHED
3941 Cabinetmakers,75,1.0,2025-01-09 10:33:26.006999682,0.0,,2025-11,UNTOUCHED
3941 Cabinetmakers,80,1.0,2025-01-09 13:09:16.520000330,0.0,,2025-11,UNTOUCHED
3941 Cabinetmakers,85,1.0,2025-05-19 19:50:29.159999638,0.0,,2025-11,UNTOUCHED
3991 Boat Builders and Shipwrights,65,1.0,2024-06-05 10:23:59.352999722,0.0,,2025-11,UNTOUCHED
3991 Boat Builders and Shipwrights,70,1.0,2024-10-12 11:27:59.729999855,0.0,,2025-11,UNTOUCHED
3991 Boat Builders and Shipwrights,75,2.0,2024-08-05 11:58:45.856999799,0.0,,2025-11,UNTOUCHED
3991 Boat Builders and Shipwrights,80,2.0,2025-02-13 10:45:49.879999811,0.0,,2025-11,UNTOUCHED
3991 Boat Builders and Shipwrights,90,1.0,2025-01-14 16:46:44.819999912,1.0,2025-01-14 16:46:44.819999912,2025-11,CLEARED
"4523 Sports Coaches, Instructors and Officials",60,1.0,2024-09-30 17:35:55.717000157,0.0,,2025-11,UNTOUCHED
"4523 Sports Coaches, Instructors and Officials",65,1.0,2024-10-10 06:31:15.803000080,0.0,,2025-11,UNTOUCHED
"4523 Sports Coaches, Instructors and Officials",70,1.0,2024-10-16 11:50:40.900000001,0.0,,2025-11,UNTOUCHED
"4523 Sports Coaches, Instructors and Officials",85,1.0,2024-12-14 20:46:12.539999778,1.0,2024-12-14 20:46:12.539999778,2025-11,CLEARED
"4523 Sports Coaches, Instructors and Officials",90,1.0,2025-06-13 13:05:12.236999997,1.0,2025-06-13 13:05:12.236999997,2025-11,CLEARED
1331 Construction Managers,40,3.0,2025-10-07 04:33:05.112999656,0.0,,2026-06,UNTOUCHED
1331 Construction Managers,45,7.0,2026-02-09 17:16:05.933000222,0.0,,2026-06,UNTOUCHED
1331 Construction Managers,50,13.0,2026-05-11 02:43:24.050000127,0.0,,2026-06,UNTOUCHED
1331 Construction Managers,55,46.0,2026-04-23 17:06:50.156999625,0.0,,2026-06,UNTOUCHED
1331 Construction Managers,60,63.0,2026-05-29 23:38:59.480000220,0.0,,2026-06,UNTOUCHED
1331 Construction Managers,65,289.0,2026-05-31 00:08:38.467000219,0.0,,2026-06,UNTOUCHED
1331 Construction Managers,70,287.0,2026-05-31 21:47:30.746999685,0.0,,2026-06,UNTOUCHED
1331 Construction Managers,75,320.0,2026-05-26 22:26:35.806999853,0.0,,2026-06,UNTOUCHED
1331 Construction Managers,80,165.0,2026-05-24 18:05:30.922999488,142.0,2026-03-15 21:49:43.287000075,2026-06,PARTIAL
1331 Construction Managers,85,93.0,2026-05-08 17:19:23.416999976,95.0,2026-06-01 23:10:55.392999718,2026-06,CLEARED
1331 Construction Managers,90,34.0,2026-05-13 20:35:44.500000165,35.0,2026-06-02 17:57:50.817000234,2026-06,CLEARED
1331 Construction Managers,95,5.0,2026-03-01 08:28:02.286999793,8.0,2026-06-04 01:33:15.789999934,2026-06,CLEARED
1331 Construction Managers,100,0.0,,1.0,2026-06-03 01:38:35.479999852,2026-06,PARTIAL
1332 Engineering Managers,40,1.0,2025-02-12 08:18:24.769999883,0.0,,2026-06,UNTOUCHED
1332 Engineering Managers,45,3.0,2025-09-13 17:38:13.466999198,0.0,,2026-06,UNTOUCHED
1332 Engineering Managers,50,1.0,2025-01-18 21:47:14.219999704,0.0,,2026-06,UNTOUCHED
1332 Engineering Managers,55,17.0,2025-11-16 16:42:42.996999939,0.0,,2026-06,UNTOUCHED
1332 Engineering Managers,60,13.0,2026-01-25 18:41:32.743000178,0.0,,2026-06,UNTOUCHED
1332 Engineering Managers,65,56.0,2026-05-19 22:10:11.312999878,0.0,,2026-06,UNTOUCHED
1332 Engineering Managers,70,51.0,2026-03-26 14:24:57.857000353,0.0,,2026-06,UNTOUCHED
1332 Engineering Managers,75,49.0,2026-05-20 17:24:33.222999744,0.0,,2026-06,UNTOUCHED
1332 Engineering Managers,80,14.0,2026-04-23 18:55:45.440000158,15.0,2026-02-05 16:41:08.232999763,2026-06,PARTIAL
1332 Engineering Managers,85,15.0,2026-05-31 16:38:07.443000191,15.0,2026-05-31 16:38:07.443000191,2026-06,CLEARED
1332 Engineering Managers,90,2.0,2025-05-17 17:06:54.657000357,3.0,2026-06-04 02:13:37.249999985,2026-06,CLEARED
1332 Engineering Managers,95,1.0,2025-11-13 01:26:50.826999854,1.0,2025-11-13 01:26:50.826999854,2026-06,CLEARED
1341 Child Care Centre Managers,60,2.0,2026-03-04 18:23:08.723000209,0.0,,2026-06,UNTOUCHED
1341 Child Care Centre Managers,65,2.0,2025-10-14 18:14:03.412999711,0.0,,2026-06,UNTOUCHED
1341 Child Care Centre Managers,70,6.0,2025-10-30 21:54:43.267000158,0.0,,2026-06,UNTOUCHED
1341 Child Care Centre Managers,80,2.0,2025-07-04 15:47:59.950000230,2.0,2025-07-04 15:47:59.950000230,2026-06,CLEARED
1342 Health and Welfare Services Managers,50,1.0,2025-11-08 03:48:08.596999944,0.0,,2026-06,UNTOUCHED
1342 Health and Welfare Services Managers,55,3.0,2025-11-10 18:15:02.649999873,0.0,,2026-06,UNTOUCHED
1342 Health and Welfare Services Managers,60,7.0,2026-02-28 20:44:18.876999819,0.0,,2026-06,UNTOUCHED
1342 Health and Welfare Services Managers,65,13.0,2026-05-31 21:04:19.840000163,0.0,,2026-06,UNTOUCHED
1342 Health and Welfare Services Managers,70,7.0,2026-05-29 22:08:10.377000113,0.0,,2026-06,UNTOUCHED
1342 Health and Welfare Services Managers,75,6.0,2026-02-20 14:35:19.840000153,0.0,,2026-06,UNTOUCHED
1342 Health and Welfare Services Managers,80,2.0,2026-05-13 22:43:40.793000070,2.0,2025-08-29 10:57:33.473000018,2026-06,PARTIAL
1342 Health and Welfare Services Managers,85,3.0,2026-05-13 16:10:36.529999996,3.0,2026-05-13 16:10:36.529999996,2026-06,CLEARED
1342 Health and Welfare Services Managers,90,1.0,2024-09-16 19:45:24.719999984,1.0,2024-09-16 19:45:24.719999984,2026-06,CLEARED
1399 Other Specialist Managers,50,1.0,2026-05-31 21:23:38.589999616,0.0,,2026-06,UNTOUCHED
1399 Other Specialist Managers,55,5.0,2025-10-23 10:36:23.819999964,0.0,,2026-06,UNTOUCHED
1399 Other Specialist Managers,60,5.0,2026-02-27 00:46:36.446999998,0.0,,2026-06,UNTOUCHED
1399 Other Specialist Managers,65,21.0,2026-03-14 17:01:37.782999929,0.0,,2026-06,UNTOUCHED
1399 Other Specialist Managers,70,19.0,2026-04-24 15:16:49.606999947,0.0,,2026-06,UNTOUCHED
1399 Other Specialist Managers,75,27.0,2026-05-17 18:23:44.210000316,0.0,,2026-06,UNTOUCHED
1399 Other Specialist Managers,80,11.0,2026-05-19 18:44:47.280000096,12.0,2026-03-02 14:43:46.363000203,2026-06,PARTIAL
1399 Other Specialist Managers,85,8.0,2026-01-07 13:13:38.187000370,9.0,2026-01-07 13:13:38.187000370,2026-06,CLEARED
1399 Other Specialist Managers,90,7.0,2026-04-26 11:00:26.247000021,7.0,2026-04-26 11:00:26.247000021,2026-06,CLEARED
"2111 Actors, Dancers and Other Entertainers",65,1.0,2026-02-17 20:41:07.150000251,0.0,,2026-06,UNTOUCHED
"2111 Actors, Dancers and Other Entertainers",75,2.0,2026-02-12 17:44:49.962999736,0.0,,2026-06,UNTOUCHED
"2111 Actors, Dancers and Other Entertainers",80,3.0,2025-11-13 15:50:17.060000101,3.0,2025-11-13 15:50:17.060000101,2026-06,CLEARED
"2111 Actors, Dancers and Other Entertainers",85,1.0,2026-04-03 01:01:49.880000006,1.0,2026-04-03 01:01:49.880000006,2026-06,CLEARED
2112 Music Professionals,65,1.0,2026-04-27 17:35:54.873000133,0.0,,2026-06,UNTOUCHED
2112 Music Professionals,70,1.0,2025-04-02 22:12:58.450000049,0.0,,2026-06,UNTOUCHED
2112 Music Professionals,90,2.0,2026-02-25 11:30:20.252999845,1.0,2026-02-25 11:30:20.252999845,2026-06,CLEARED
2112 Music Professionals,95,0.0,,1.0,2025-11-08 18:57:51.823000019,2026-06,PARTIAL
2112 Music Professionals,100,1.0,2026-03-22 18:53:37.590000224,1.0,2026-03-22 18:53:37.590000224,2026-06,CLEARED
2211 Accountants,35,1.0,2024-11-18 16:10:14.513000125,0.0,,2026-06,UNTOUCHED
2211 Accountants,45,7.0,2026-01-01 19:19:01.019999605,0.0,,2026-06,UNTOUCHED
2211 Accountants,50,9.0,2025-12-17 17:11:38.989999717,0.0,,2026-06,UNTOUCHED
2211 Accountants,55,32.0,2026-05-19 18:28:09.407000314,0.0,,2026-06,UNTOUCHED
2211 Accountants,60,123.0,2026-05-24 14:22:36.083000058,0.0,,2026-06,UNTOUCHED
2211 Accountants,65,569.0,2026-05-29 14:20:48.360000065,0.0,,2026-06,UNTOUCHED
2211 Accountants,70,904.0,2026-05-31 00:29:28.546999923,0.0,,2026-06,UNTOUCHED
2211 Accountants,75,862.0,2026-05-30 20:24:06.046999868,0.0,,2026-06,UNTOUCHED
2211 Accountants,80,718.0,2026-05-29 18:42:42.066999918,0.0,,2026-06,UNTOUCHED
2211 Accountants,85,755.0,2026-05-31 19:09:36.429999716,0.0,,2026-06,UNTOUCHED
2211 Accountants,90,516.0,2026-05-29 15:16:23.206999814,0.0,,2026-06,UNTOUCHED
2211 Accountants,95,280.0,2026-05-31 23:05:47.553000276,0.0,,2026-06,UNTOUCHED
2211 Accountants,100,97.0,2026-05-24 21:02:11.337000106,0.0,,2026-06,UNTOUCHED
2211 Accountants,105,4.0,2026-02-06 21:01:10.086999772,0.0,,2026-06,UNTOUCHED
2211 Accountants,110,1.0,2026-03-20 05:53:58.139999615,0.0,,2026-06,UNTOUCHED
"2212 Auditors, Company Secretaries and Corporate Treasurers",45,1.0,2024-10-09 20:42:53.259999785,0.0,,2026-06,UNTOUCHED
"2212 Auditors, Company Secretaries and Corporate Treasurers",50,2.0,2025-10-08 15:34:26.479999689,0.0,,2026-06,UNTOUCHED
"2212 Auditors, Company Secretaries and Corporate Treasurers",55,13.0,2026-01-23 02:01:18.773000071,0.0,,2026-06,UNTOUCHED
"2212 Auditors, Company Secretaries and Corporate Treasurers",60,68.0,2026-05-24 14:40:04.616999808,0.0,,2026-06,UNTOUCHED
"2212 Auditors, Company Secretaries and Corporate Treasurers",65,301.0,2026-05-29 14:31:16.830000105,0.0,,2026-06,UNTOUCHED
"2212 Auditors, Company Secretaries and Corporate Treasurers",70,403.0,2026-05-30 19:14:03.479999622,0.0,,2026-06,UNTOUCHED
"2212 Auditors, Company Secretaries and Corporate Treasurers",75,383.0,2026-05-31 21:44:48.799999769,0.0,,2026-06,UNTOUCHED
"2212 Auditors, Company Secretaries and Corporate Treasurers",80,390.0,2026-05-31 20:24:26.129999839,0.0,,2026-06,UNTOUCHED
"2212 Auditors, Company Secretaries and Corporate Treasurers",85,392.0,2026-05-30 23:37:47.236999774,0.0,,2026-06,UNTOUCHED
"2212 Auditors, Company Secretaries and Corporate Treasurers",90,230.0,2026-05-29 18:05:43.010000159,0.0,,2026-06,UNTOUCHED
"2212 Auditors, Company Secretaries and Corporate Treasurers",95,50.0,2026-05-24 12:04:10.233000122,0.0,,2026-06,UNTOUCHED
"2212 Auditors, Company Secretaries and Corporate Treasurers",100,14.0,2026-04-29 11:48:28.519999865,0.0,,2026-06,UNTOUCHED
"2241 Actuaries, Mathematicians and Statisticians",45,1.0,2025-06-25 12:22:47.067000317,0.0,,2026-06,UNTOUCHED
"2241 Actuaries, Mathematicians and Statisticians",50,1.0,2026-04-22 23:52:45.252999937,0.0,,2026-06,UNTOUCHED
"2241 Actuaries, Mathematicians and Statisticians",55,4.0,2025-11-25 23:36:02.119999898,0.0,,2026-06,UNTOUCHED
"2241 Actuaries, Mathematicians and Statisticians",60,13.0,2026-03-27 16:29:41.526999962,0.0,,2026-06,UNTOUCHED
"2241 Actuaries, Mathematicians and Statisticians",65,35.0,2026-05-31 15:53:17.766999971,0.0,,2026-06,UNTOUCHED
"2241 Actuaries, Mathematicians and Statisticians",70,51.0,2026-05-27 01:12:56.136999620,0.0,,2026-06,UNTOUCHED
"2241 Actuaries, Mathematicians and Statisticians",75,81.0,2026-05-25 04:59:56.913000383,0.0,,2026-06,UNTOUCHED
"2241 Actuaries, Mathematicians and Statisticians",80,72.0,2026-05-30 23:26:10.130000262,0.0,,2026-06,UNTOUCHED
"2241 Actuaries, Mathematicians and Statisticians",85,108.0,2026-05-30 18:29:13.300000797,0.0,,2026-06,UNTOUCHED
"2241 Actuaries, Mathematicians and Statisticians",90,85.0,2026-05-13 09:58:07.452999736,78.0,2026-05-07 13:05:57.409999802,2026-06,PARTIAL
"2241 Actuaries, Mathematicians and Statisticians",95,25.0,2026-05-13 20:15:10.062999887,25.0,2026-06-04 05:34:13.293000163,2026-06,CLEARED
"2241 Actuaries, Mathematicians and Statisticians",100,3.0,2026-05-03 12:38:22.303000141,3.0,2026-05-03 12:38:22.303000141,2026-06,CLEARED
"2241 Actuaries, Mathematicians and Statisticians",105,3.0,2026-02-09 01:05:20.652999918,3.0,2026-02-09 01:05:20.652999918,2026-06,CLEARED
2243 Economists,45,1.0,2026-02-26 17:33:05.372999801,0.0,,2026-06,UNTOUCHED
2243 Economists,60,5.0,2025-08-09 17:53:42.789999886,0.0,,2026-06,UNTOUCHED
2243 Economists,65,18.0,2026-05-28 19:48:18.376999122,0.0,,2026-06,UNTOUCHED
2243 Economists,70,7.0,2026-04-27 17:03:14.750000003,0.0,,2026-06,UNTOUCHED
2243 Economists,75,20.0,2026-05-25 21:17:05.796999640,0.0,,2026-06,UNTOUCHED
2243 Economists,80,18.0,2026-04-10 17:00:19.729999687,18.0,2026-03-23 18:49:06.850000087,2026-06,PARTIAL
2243 Economists,85,21.0,2026-05-12 11:39:39.797000156,21.0,2026-05-12 11:39:39.797000156,2026-06,CLEARED
2243 Economists,90,10.0,2026-04-09 10:15:01.057000109,10.0,2026-04-09 10:15:01.057000109,2026-06,CLEARED
2245 Land Economists and Valuers,30,1.0,2025-11-11 17:16:16.530000052,0.0,,2026-06,UNTOUCHED
2245 Land Economists and Valuers,60,2.0,2025-05-30 23:56:01.133000134,0.0,,2026-06,UNTOUCHED
2245 Land Economists and Valuers,65,7.0,2026-04-03 06:40:52.190000215,0.0,,2026-06,UNTOUCHED
2245 Land Economists and Valuers,70,8.0,2026-02-25 01:21:06.437000016,0.0,,2026-06,UNTOUCHED
2245 Land Economists and Valuers,75,15.0,2026-03-16 10:27:30.353000014,0.0,,2026-06,UNTOUCHED
2245 Land Economists and Valuers,80,23.0,2026-05-29 13:38:56.950000071,20.0,2026-01-08 02:42:03.052999935,2026-06,PARTIAL
2245 Land Economists and Valuers,85,12.0,2026-03-20 09:47:13.432999971,12.0,2026-03-20 09:47:13.432999971,2026-06,CLEARED
2245 Land Economists and Valuers,90,3.0,2026-01-29 19:38:35.740000201,3.0,2026-01-29 19:38:35.740000201,2026-06,CLEARED
2247 Management and Organisation Analysts,45,1.0,2026-02-22 02:53:50.763000292,0.0,,2026-06,UNTOUCHED
2247 Management and Organisation Analysts,50,1.0,2025-07-13 22:52:38.520000059,0.0,,2026-06,UNTOUCHED
2247 Management and Organisation Analysts,55,1.0,2025-11-25 01:22:51.210000295,0.0,,2026-06,UNTOUCHED
2247 Management and Organisation Analysts,60,13.0,2026-04-01 01:38:52.216999820,0.0,,2026-06,UNTOUCHED
2247 Management and Organisation Analysts,65,27.0,2026-05-23 12:24:17.847000400,0.0,,2026-06,UNTOUCHED
2247 Management and Organisation Analysts,70,46.0,2026-05-31 12:04:46.272999645,0.0,,2026-06,UNTOUCHED
2247 Management and Organisation Analysts,75,76.0,2026-05-29 19:24:16.590000119,0.0,,2026-06,UNTOUCHED
2247 Management and Organisation Analysts,80,70.0,2026-05-27 12:29:28.516999830,60.0,2026-03-21 12:09:06.156999768,2026-06,PARTIAL
2247 Management and Organisation Analysts,85,70.0,2026-05-23 15:03:24.699999882,73.0,2026-06-03 16:40:59.797000211,2026-06,CLEARED
2247 Management and Organisation Analysts,90,40.0,2026-05-25 16:08:15.057000124,42.0,2026-06-03 15:44:36.219999860,2026-06,CLEARED
2247 Management and Organisation Analysts,95,3.0,2026-05-29 22:40:46.453000094,4.0,2026-06-04 00:33:15.319999802,2026-06,CLEARED
2321 Architects and Landscape Architects,55,8.0,2026-03-01 06:49:37.322999780,0.0,,2026-06,UNTOUCHED
2321 Architects and Landscape Architects,60,33.0,2026-05-26 23:35:10.657000147,0.0,,2026-06,UNTOUCHED
2321 Architects and Landscape Architects,65,103.0,2026-05-24 18:15:11.760000001,0.0,,2026-06,UNTOUCHED
2321 Architects and Landscape Architects,70,145.0,2026-05-30 17:43:13.722999839,0.0,,2026-06,UNTOUCHED
2321 Architects and Landscape Architects,75,175.0,2026-05-23 19:44:32.256999997,0.0,,2026-06,UNTOUCHED
2321 Architects and Landscape Architects,80,113.0,2026-05-21 17:18:05.412999913,0.0,,2026-06,UNTOUCHED
2321 Architects and Landscape Architects,85,113.0,2026-05-31 18:33:06.229999944,39.0,2025-11-28 15:09:30.473000193,2026-06,PARTIAL
2321 Architects and Landscape Architects,90,32.0,2026-05-29 16:11:27.490000064,32.0,2026-06-02 16:02:12.430000276,2026-06,CLEARED
2321 Architects and Landscape Architects,95,4.0,2026-02-06 17:29:54.887000092,5.0,2026-06-01 01:13:06.882999723,2026-06,CLEARED
2322 Cartographers and Surveyors,55,6.0,2026-04-29 18:01:32.373000272,0.0,,2026-06,UNTOUCHED
2322 Cartographers and Surveyors,60,6.0,2026-04-27 19:47:14.476999963,0.0,,2026-06,UNTOUCHED
2322 Cartographers and Surveyors,65,34.0,2026-05-28 17:16:33.949999614,0.0,,2026-06,UNTOUCHED
2322 Cartographers and Surveyors,70,27.0,2026-05-08 05:21:24.587000058,0.0,,2026-06,UNTOUCHED
2322 Cartographers and Surveyors,75,38.0,2026-05-03 19:28:32.180000076,0.0,,2026-06,UNTOUCHED
2322 Cartographers and Surveyors,80,16.0,2026-05-25 23:52:49.382999788,13.0,2026-03-18 00:46:24.682999739,2026-06,PARTIAL
2322 Cartographers and Surveyors,85,24.0,2026-05-17 17:15:23.979999680,25.0,2026-06-04 03:31:17.727000156,2026-06,CLEARED
2322 Cartographers and Surveyors,90,4.0,2026-05-31 21:31:38.102999825,4.0,2026-05-31 21:31:38.102999825,2026-06,CLEARED
2322 Cartographers and Surveyors,95,1.0,2026-04-27 11:37:14.630000010,1.0,2026-04-27 11:37:14.630000010,2026-06,CLEARED
2331 Chemical and Materials Engineers,40,1.0,2025-08-23 16:41:15.919999788,0.0,,2026-06,UNTOUCHED
2331 Chemical and Materials Engineers,45,1.0,2026-02-02 19:17:04.660000344,0.0,,2026-06,UNTOUCHED
2331 Chemical and Materials Engineers,50,4.0,2026-02-23 23:37:52.392999892,0.0,,2026-06,UNTOUCHED
2331 Chemical and Materials Engineers,55,13.0,2026-01-05 06:28:00.829999971,0.0,,2026-06,UNTOUCHED
2331 Chemical and Materials Engineers,60,32.0,2026-05-28 15:57:01.446999626,0.0,,2026-06,UNTOUCHED
2331 Chemical and Materials Engineers,65,104.0,2026-05-31 11:57:21.212999801,0.0,,2026-06,UNTOUCHED
2331 Chemical and Materials Engineers,70,140.0,2026-05-30 19:50:01.743000138,0.0,,2026-06,UNTOUCHED
2331 Chemical and Materials Engineers,75,155.0,2026-05-30 22:43:42.722999918,0.0,,2026-06,UNTOUCHED
2331 Chemical and Materials Engineers,80,142.0,2026-05-31 13:45:18.987000128,0.0,,2026-06,UNTOUCHED
2331 Chemical and Materials Engineers,85,89.0,2026-05-31 20:40:12.689999679,0.0,,2026-06,UNTOUCHED
2331 Chemical and Materials Engineers,90,50.0,2026-05-31 07:09:32.526999613,0.0,,2026-06,UNTOUCHED
2331 Chemical and Materials Engineers,95,12.0,2026-05-17 19:32:51.269999907,0.0,,2026-06,UNTOUCHED
2331 Chemical and Materials Engineers,100,2.0,2026-04-02 22:26:42.409999775,0.0,,2026-06,UNTOUCHED
2332 Civil Engineering Professionals,30,1.0,2026-01-01 19:02:41.680000046,0.0,,2026-06,UNTOUCHED
2332 Civil Engineering Professionals,40,2.0,2025-11-05 19:26:24.309999873,0.0,,2026-06,UNTOUCHED
2332 Civil Engineering Professionals,45,8.0,2026-03-31 17:17:39.907000158,0.0,,2026-06,UNTOUCHED
2332 Civil Engineering Professionals,50,25.0,2026-03-24 19:01:43.632999837,0.0,,2026-06,UNTOUCHED
2332 Civil Engineering Professionals,55,81.0,2026-05-22 21:08:39.597000002,0.0,,2026-06,UNTOUCHED
2332 Civil Engineering Professionals,60,194.0,2026-05-27 22:26:37.287000248,0.0,,2026-06,UNTOUCHED
2332 Civil Engineering Professionals,65,849.0,2026-05-31 17:39:44.430000321,0.0,,2026-06,UNTOUCHED
2332 Civil Engineering Professionals,70,907.0,2026-05-30 21:14:47.403000124,0.0,,2026-06,UNTOUCHED
2332 Civil Engineering Professionals,75,994.0,2026-05-31 22:27:40.779999757,0.0,,2026-06,UNTOUCHED
2332 Civil Engineering Professionals,80,830.0,2026-05-31 19:13:52.286999960,0.0,,2026-06,UNTOUCHED
2332 Civil Engineering Professionals,85,690.0,2026-05-31 14:36:43.806999697,0.0,,2026-06,UNTOUCHED
2332 Civil Engineering Professionals,90,373.0,2026-05-31 17:30:47.326999924,0.0,,2026-06,UNTOUCHED
2332 Civil Engineering Professionals,95,129.0,2026-05-18 23:26:35.559999623,0.0,,2026-06,UNTOUCHED
2332 Civil Engineering Professionals,100,33.0,2026-05-07 21:47:28.006999958,0.0,,2026-06,UNTOUCHED
2332 Civil Engineering Professionals,105,1.0,2025-04-21 12:03:30.650000302,0.0,,2026-06,UNTOUCHED
2332 Civil Engineering Professionals,110,1.0,2025-02-19 12:52:22.747000045,0.0,,2026-06,UNTOUCHED
2333 Electrical Engineers,45,11.0,2026-03-27 16:10:23.380000279,0.0,,2026-06,UNTOUCHED
2333 Electrical Engineers,50,8.0,2026-04-25 13:36:02.220000197,0.0,,2026-06,UNTOUCHED
2333 Electrical Engineers,55,43.0,2026-05-18 16:57:57.516999937,0.0,,2026-06,UNTOUCHED
2333 Electrical Engineers,60,104.0,2026-05-27 15:20:02.279999967,0.0,,2026-06,UNTOUCHED
2333 Electrical Engineers,65,308.0,2026-05-30 20:48:12.772999687,0.0,,2026-06,UNTOUCHED
2333 Electrical Engineers,70,352.0,2026-05-31 18:42:55.670000209,0.0,,2026-06,UNTOUCHED
2333 Electrical Engineers,75,380.0,2026-05-31 14:53:27.513000044,0.0,,2026-06,UNTOUCHED
2333 Electrical Engineers,80,311.0,2026-05-31 21:22:40.346999927,0.0,,2026-06,UNTOUCHED
2333 Electrical Engineers,85,263.0,2026-05-30 13:12:48.099999614,0.0,,2026-06,UNTOUCHED
2333 Electrical Engineers,90,141.0,2026-05-30 04:30:08.496999904,0.0,,2026-06,UNTOUCHED
2333 Electrical Engineers,95,53.0,2026-05-29 15:04:09.043000161,0.0,,2026-06,UNTOUCHED
2333 Electrical Engineers,100,12.0,2026-02-26 11:45:11.570000063,0.0,,2026-06,UNTOUCHED
2333 Electrical Engineers,105,1.0,2025-07-05 15:56:24.939999646,0.0,,2026-06,UNTOUCHED
2334 Electronics Engineers,25,1.0,2025-11-06 17:31:36.026999803,0.0,,2026-06,UNTOUCHED
2334 Electronics Engineers,45,5.0,2025-07-09 17:25:47.412999791,0.0,,2026-06,UNTOUCHED
2334 Electronics Engineers,50,14.0,2026-02-28 15:20:31.563000337,0.0,,2026-06,UNTOUCHED
2334 Electronics Engineers,55,27.0,2026-05-05 16:28:53.732999997,0.0,,2026-06,UNTOUCHED
2334 Electronics Engineers,60,72.0,2026-05-14 16:52:11.057000249,0.0,,2026-06,UNTOUCHED
2334 Electronics Engineers,65,219.0,2026-05-29 21:40:58.536999831,0.0,,2026-06,UNTOUCHED
2334 Electronics Engineers,70,217.0,2026-05-23 02:35:51.090000385,0.0,,2026-06,UNTOUCHED
2334 Electronics Engineers,75,205.0,2026-05-30 19:11:20.993000000,0.0,,2026-06,UNTOUCHED
2334 Electronics Engineers,80,179.0,2026-05-31 18:11:16.169999691,0.0,,2026-06,UNTOUCHED
2334 Electronics Engineers,85,171.0,2026-05-31 15:07:10.562999796,0.0,,2026-06,UNTOUCHED
2334 Electronics Engineers,90,90.0,2026-05-08 20:22:03.867000358,0.0,,2026-06,UNTOUCHED
2334 Electronics Engineers,95,32.0,2026-05-31 13:19:04.359999846,3.0,2025-06-02 16:40:55.430000158,2026-06,PARTIAL
2334 Electronics Engineers,100,5.0,2025-11-27 13:01:48.407000171,5.0,2025-11-27 13:01:48.407000171,2026-06,CLEARED
2334 Electronics Engineers,105,1.0,2025-08-16 09:59:10.872999988,1.0,2025-08-16 09:59:10.872999988,2026-06,CLEARED
"2335 Industrial, Mechanical and Production Engineers",40,5.0,2025-04-30 09:34:22.410000016,0.0,,2026-06,UNTOUCHED
"2335 Industrial, Mechanical and Production Engineers",45,4.0,2025-12-31 15:11:52.087000234,0.0,,2026-06,UNTOUCHED
"2335 Industrial, Mechanical and Production Engineers",50,31.0,2026-04-13 16:57:16.296999966,0.0,,2026-06,UNTOUCHED
"2335 Industrial, Mechanical and Production Engineers",55,98.0,2026-05-31 04:20:58.417000385,0.0,,2026-06,UNTOUCHED
"2335 Industrial, Mechanical and Production Engineers",60,225.0,2026-05-29 21:31:08.980000357,0.0,,2026-06,UNTOUCHED
"2335 Industrial, Mechanical and Production Engineers",65,642.0,2026-05-31 22:55:34.959999961,0.0,,2026-06,UNTOUCHED
"2335 Industrial, Mechanical and Production Engineers",70,699.0,2026-05-31 16:47:24.616999780,0.0,,2026-06,UNTOUCHED
"2335 Industrial, Mechanical and Production Engineers",75,775.0,2026-05-30 23:59:13.582999835,0.0,,2026-06,UNTOUCHED
"2335 Industrial, Mechanical and Production Engineers",80,605.0,2026-05-31 18:09:20.992999815,0.0,,2026-06,UNTOUCHED
"2335 Industrial, Mechanical and Production Engineers",85,631.0,2026-05-31 07:29:37.649999901,0.0,,2026-06,UNTOUCHED
"2335 Industrial, Mechanical and Production Engineers",90,383.0,2026-05-24 20:51:56.340000178,0.0,,2026-06,UNTOUCHED
"2335 Industrial, Mechanical and Production Engineers",95,109.0,2026-05-31 19:01:08.347000077,0.0,,2026-06,UNTOUCHED
"2335 Industrial, Mechanical and Production Engineers",100,24.0,2026-03-22 20:26:28.643000208,0.0,,2026-06,UNTOUCHED
"2335 Industrial, Mechanical and Production Engineers",105,2.0,2024-09-11 17:18:19.282999870,0.0,,2026-06,UNTOUCHED
2336 Mining Engineers,40,1.0,2024-09-05 14:01:50.930000382,0.0,,2026-06,UNTOUCHED
2336 Mining Engineers,45,2.0,2025-10-15 00:15:42.213000055,0.0,,2026-06,UNTOUCHED
2336 Mining Engineers,50,5.0,2026-04-30 04:34:09.696999838,0.0,,2026-06,UNTOUCHED
2336 Mining Engineers,55,9.0,2026-03-24 22:42:15.926999921,0.0,,2026-06,UNTOUCHED
2336 Mining Engineers,60,14.0,2026-05-14 02:03:44.759999920,0.0,,2026-06,UNTOUCHED
2336 Mining Engineers,65,56.0,2026-05-30 14:03:14.449999746,0.0,,2026-06,UNTOUCHED
2336 Mining Engineers,70,64.0,2026-05-29 15:24:32.163000379,0.0,,2026-06,UNTOUCHED
2336 Mining Engineers,75,61.0,2026-05-31 22:40:17.339999810,0.0,,2026-06,UNTOUCHED
2336 Mining Engineers,80,44.0,2026-05-28 15:43:30.577000071,35.0,2026-03-16 21:29:02.239999938,2026-06,PARTIAL
2336 Mining Engineers,85,49.0,2026-05-26 20:25:59.030000117,49.0,2026-05-26 20:25:59.030000117,2026-06,CLEARED
2336 Mining Engineers,90,7.0,2026-05-29 22:50:07.400000238,6.0,2026-05-29 22:50:07.400000238,2026-06,CLEARED
2336 Mining Engineers,95,4.0,2026-05-29 17:25:11.259999851,6.0,2026-06-03 16:27:27.212999944,2026-06,CLEARED
2336 Mining Engineers,105,1.0,2026-04-02 14:08:17.637000005,1.0,2026-04-02 14:08:17.637000005,2026-06,CLEARED
2339 Other Engineering Professionals,30,1.0,2025-12-13 20:11:58.292999894,0.0,,2026-06,UNTOUCHED
2339 Other Engineering Professionals,40,1.0,2025-04-27 17:21:35.762999958,0.0,,2026-06,UNTOUCHED
2339 Other Engineering Professionals,45,7.0,2026-03-02 23:40:08.849999631,0.0,,2026-06,UNTOUCHED
2339 Other Engineering Professionals,50,26.0,2026-05-28 17:45:37.252999843,0.0,,2026-06,UNTOUCHED
2339 Other Engineering Professionals,55,77.0,2026-05-31 02:04:49.120000230,0.0,,2026-06,UNTOUCHED
2339 Other Engineering Professionals,60,166.0,2026-05-15 13:05:26.499999736,0.0,,2026-06,UNTOUCHED
2339 Other Engineering Professionals,65,649.0,2026-05-31 19:23:37.290000171,0.0,,2026-06,UNTOUCHED
2339 Other Engineering Professionals,70,733.0,2026-05-31 22:40:44.987000197,0.0,,2026-06,UNTOUCHED
2339 Other Engineering Professionals,75,713.0,2026-05-31 23:53:21.099999857,0.0,,2026-06,UNTOUCHED
2339 Other Engineering Professionals,80,650.0,2026-05-31 17:15:07.129999926,0.0,,2026-06,UNTOUCHED
2339 Other Engineering Professionals,85,667.0,2026-05-31 22:37:32.280000041,0.0,,2026-06,UNTOUCHED
2339 Other Engineering Professionals,90,392.0,2026-05-29 19:09:32.416999704,0.0,,2026-06,UNTOUCHED
2339 Other Engineering Professionals,95,146.0,2026-05-31 16:46:34.630000371,0.0,,2026-06,UNTOUCHED
2339 Other Engineering Professionals,100,40.0,2026-05-20 16:45:34.366999942,0.0,,2026-06,UNTOUCHED
2339 Other Engineering Professionals,105,3.0,2025-10-20 14:43:38.846999809,0.0,,2026-06,UNTOUCHED
2341 Agricultural and Forestry Scientists,45,1.0,2025-05-12 02:03:17.979999704,0.0,,2026-06,UNTOUCHED
2341 Agricultural and Forestry Scientists,50,5.0,2026-04-22 20:09:45.710000340,0.0,,2026-06,UNTOUCHED
2341 Agricultural and Forestry Scientists,55,18.0,2026-05-31 18:28:51.346999902,0.0,,2026-06,UNTOUCHED
2341 Agricultural and Forestry Scientists,60,28.0,2026-05-20 00:52:22.143000100,0.0,,2026-06,UNTOUCHED
2341 Agricultural and Forestry Scientists,65,121.0,2026-05-31 23:37:23.243000217,0.0,,2026-06,UNTOUCHED
2341 Agricultural and Forestry Scientists,70,99.0,2026-05-29 12:13:23.147000304,0.0,,2026-06,UNTOUCHED
2341 Agricultural and Forestry Scientists,75,88.0,2026-05-29 19:55:40.193000019,0.0,,2026-06,UNTOUCHED
2341 Agricultural and Forestry Scientists,80,71.0,2026-05-31 18:56:13.473000389,49.0,2026-03-13 19:42:01.457000072,2026-06,PARTIAL
2341 Agricultural and Forestry Scientists,85,49.0,2026-04-28 22:43:18.497000386,52.0,2026-04-28 22:43:18.497000386,2026-06,CLEARED
2341 Agricultural and Forestry Scientists,90,21.0,2026-05-27 14:23:22.802999735,20.0,2026-06-03 16:13:24.839999736,2026-06,CLEARED
2341 Agricultural and Forestry Scientists,95,5.0,2026-05-28 21:41:47.907000234,5.0,2026-05-28 21:41:47.907000234,2026-06,CLEARED
2341 Agricultural and Forestry Scientists,100,3.0,2026-04-05 08:16:03.096999840,3.0,2026-04-05 08:16:03.096999840,2026-06,CLEARED
"2342 Chemists, and Food and Wine Scientists",45,1.0,2026-04-12 18:15:40.159999975,0.0,,2026-06,UNTOUCHED
"2342 Chemists, and Food and Wine Scientists",50,5.0,2025-11-19 16:32:09.499999784,0.0,,2026-06,UNTOUCHED
"2342 Chemists, and Food and Wine Scientists",55,16.0,2026-05-31 01:06:48.479999771,0.0,,2026-06,UNTOUCHED
"2342 Chemists, and Food and Wine Scientists",60,33.0,2026-05-13 19:43:32.680000300,0.0,,2026-06,UNTOUCHED
"2342 Chemists, and Food and Wine Scientists",65,117.0,2026-05-31 16:43:34.953000191,0.0,,2026-06,UNTOUCHED
"2342 Chemists, and Food and Wine Scientists",70,117.0,2026-05-28 18:02:21.579999887,0.0,,2026-06,UNTOUCHED
"2342 Chemists, and Food and Wine Scientists",75,140.0,2026-05-30 00:39:18.906999978,0.0,,2026-06,UNTOUCHED
"2342 Chemists, and Food and Wine Scientists",80,109.0,2026-05-31 19:15:56.252999885,0.0,,2026-06,UNTOUCHED
"2342 Chemists, and Food and Wine Scientists",85,62.0,2026-05-31 16:59:17.119999944,9.0,2025-09-22 15:17:09.342999824,2026-06,PARTIAL
"2342 Chemists, and Food and Wine Scientists",90,51.0,2026-05-29 20:28:21.613000126,49.0,2026-05-29 20:28:21.613000126,2026-06,CLEARED
"2342 Chemists, and Food and Wine Scientists",95,9.0,2026-05-31 00:12:02.812999438,10.0,2026-05-31 00:12:02.812999438,2026-06,CLEARED
"2342 Chemists, and Food and Wine Scientists",100,4.0,2026-05-13 15:01:22.122999292,4.0,2026-05-13 15:01:22.122999292,2026-06,CLEARED
"2342 Chemists, and Food and Wine Scientists",105,2.0,2026-03-04 21:45:50.822999959,2.0,2026-03-04 21:45:50.822999959,2026-06,CLEARED
2343 Environmental Scientists,45,1.0,2024-09-18 22:28:03.356999604,0.0,,2026-06,UNTOUCHED
2343 Environmental Scientists,55,3.0,2025-08-18 17:32:55.909999806,0.0,,2026-06,UNTOUCHED
2343 Environmental Scientists,60,10.0,2026-05-19 01:41:39.569999749,0.0,,2026-06,UNTOUCHED
2343 Environmental Scientists,65,39.0,2026-05-30 15:08:26.683000313,0.0,,2026-06,UNTOUCHED
2343 Environmental Scientists,70,40.0,2026-05-16 13:20:20.427000123,0.0,,2026-06,UNTOUCHED
2343 Environmental Scientists,75,50.0,2026-05-29 17:04:42.870000184,0.0,,2026-06,UNTOUCHED
2343 Environmental Scientists,80,42.0,2026-05-28 04:30:04.999999907,33.0,2026-03-25 15:27:33.190000145,2026-06,PARTIAL
2343 Environmental Scientists,85,44.0,2026-05-13 12:16:10.272999864,45.0,2026-05-13 12:16:10.272999864,2026-06,CLEARED
2343 Environmental Scientists,90,29.0,2026-05-29 16:48:23.326999928,28.0,2026-06-01 21:28:17.116999864,2026-06,CLEARED
2343 Environmental Scientists,95,3.0,2026-01-11 19:21:14.423000123,4.0,2026-06-01 17:36:48.220000053,2026-06,CLEARED
2343 Environmental Scientists,100,3.0,2026-04-14 11:04:15.989999882,3.0,2026-04-14 11:04:15.989999882,2026-06,CLEARED
2343 Environmental Scientists,105,2.0,2026-01-06 09:33:31.042999036,2.0,2026-01-06 09:33:31.042999036,2026-06,CLEARED
2344 Geologists Geophysicists and Hydrogeologists,55,1.0,2025-04-02 11:23:29.409999708,0.0,,2026-06,UNTOUCHED
2344 Geologists Geophysicists and Hydrogeologists,60,3.0,2026-02-13 16:32:40.789999924,0.0,,2026-06,UNTOUCHED
2344 Geologists Geophysicists and Hydrogeologists,65,9.0,2025-09-24 19:03:59.953000098,0.0,,2026-06,UNTOUCHED
2344 Geologists Geophysicists and Hydrogeologists,70,5.0,2026-05-04 20:57:53.039999770,0.0,,2026-06,UNTOUCHED
2344 Geologists Geophysicists and Hydrogeologists,75,6.0,2026-04-02 21:57:02.540000010,0.0,,2026-06,UNTOUCHED
2344 Geologists Geophysicists and Hydrogeologists,80,5.0,2026-03-23 23:08:28.336999799,4.0,2026-03-23 23:08:28.336999799,2026-06,CLEARED
2344 Geologists Geophysicists and Hydrogeologists,85,3.0,2026-01-31 22:08:16.289999880,3.0,2026-01-31 22:08:16.289999880,2026-06,CLEARED
2344 Geologists Geophysicists and Hydrogeologists,90,2.0,2026-05-03 00:04:13.919999836,3.0,2026-06-01 20:21:44.683000361,2026-06,CLEARED
2344 Geologists Geophysicists and Hydrogeologists,100,1.0,2026-05-31 10:41:44.443000003,1.0,2026-05-31 10:41:44.443000003,2026-06,CLEARED
2345 Life Scientists,50,6.0,2025-06-10 22:46:44.119999943,0.0,,2026-06,UNTOUCHED
2345 Life Scientists,55,18.0,2026-02-25 18:18:23.520000170,0.0,,2026-06,UNTOUCHED
2345 Life Scientists,60,26.0,2026-04-11 13:34:56.299999676,0.0,,2026-06,UNTOUCHED
2345 Life Scientists,65,100.0,2026-05-29 20:09:05.919999779,0.0,,2026-06,UNTOUCHED
2345 Life Scientists,70,84.0,2026-05-31 21:39:15.342999865,0.0,,2026-06,UNTOUCHED
2345 Life Scientists,75,109.0,2026-05-28 00:10:54.940000805,0.0,,2026-06,UNTOUCHED
2345 Life Scientists,80,75.0,2026-05-31 18:08:46.526999749,0.0,,2026-06,UNTOUCHED
2345 Life Scientists,85,89.0,2026-05-31 21:02:56.766999744,0.0,,2026-06,UNTOUCHED
2345 Life Scientists,90,52.0,2026-05-22 12:25:22.552999386,0.0,,2026-06,UNTOUCHED
2345 Life Scientists,95,20.0,2026-05-14 22:01:07.750000070,10.0,2026-03-14 00:38:12.110000084,2026-06,PARTIAL
2345 Life Scientists,100,13.0,2026-05-31 15:45:55.630000264,11.0,2026-05-18 15:21:20.546999625,2026-06,PARTIAL
2345 Life Scientists,105,1.0,2026-04-19 21:17:25.687000008,1.0,2026-04-19 21:17:25.687000008,2026-06,CLEARED
2346 Medical Laboratory Scientists,55,3.0,2025-06-09 22:55:10.120000039,0.0,,2026-06,UNTOUCHED
2346 Medical Laboratory Scientists,60,9.0,2026-03-17 18:33:11.353000092,0.0,,2026-06,UNTOUCHED
2346 Medical Laboratory Scientists,65,48.0,2026-05-31 01:47:36.346999902,0.0,,2026-06,UNTOUCHED
2346 Medical Laboratory Scientists,70,65.0,2026-05-21 17:28:53.209999839,0.0,,2026-06,UNTOUCHED
2346 Medical Laboratory Scientists,75,80.0,2026-05-30 23:08:12.969999695,0.0,,2026-06,UNTOUCHED
2346 Medical Laboratory Scientists,80,46.0,2026-05-29 15:47:33.290000370,38.0,2026-03-27 14:23:16.387000293,2026-06,PARTIAL
2346 Medical Laboratory Scientists,85,24.0,2026-05-20 11:02:17.230000439,24.0,2026-06-03 23:56:27.197000162,2026-06,CLEARED
2346 Medical Laboratory Scientists,90,9.0,2026-05-15 11:49:51.722999840,10.0,2026-05-15 11:49:51.722999840,2026-06,CLEARED
2347 Veterinarians,55,1.0,2025-09-29 11:55:53.212999975,0.0,,2026-06,UNTOUCHED
2347 Veterinarians,65,9.0,2026-05-12 14:21:18.379999797,0.0,,2026-06,UNTOUCHED
2347 Veterinarians,70,8.0,2026-05-30 21:39:55.827000002,0.0,,2026-06,UNTOUCHED
2347 Veterinarians,75,23.0,2026-05-12 16:55:06.559999988,0.0,,2026-06,UNTOUCHED
2347 Veterinarians,80,19.0,2026-05-13 00:58:53.676999667,15.0,2026-02-27 10:29:56.472999918,2026-06,PARTIAL
2347 Veterinarians,85,26.0,2026-05-10 12:13:46.453000048,28.0,2026-06-02 14:25:39.507000121,2026-06,CLEARED
2347 Veterinarians,90,15.0,2026-05-01 13:02:43.659999608,16.0,2026-05-13 00:58:53.676999667,2026-06,CLEARED
2347 Veterinarians,95,4.0,2026-02-18 23:12:54.830000246,4.0,2026-02-18 23:12:54.830000246,2026-06,CLEARED
2347 Veterinarians,100,1.0,2025-09-24 19:17:36.917000750,1.0,2025-09-24 19:17:36.917000750,2026-06,CLEARED
2349 Other Natural and Physical Science Professionals,55,4.0,2025-09-06 15:04:51.049999856,0.0,,2026-06,UNTOUCHED
2349 Other Natural and Physical Science Professionals,60,6.0,2025-11-13 04:21:09.973000367,0.0,,2026-06,UNTOUCHED
2349 Other Natural and Physical Science Professionals,65,26.0,2026-05-30 19:16:12.103000034,0.0,,2026-06,UNTOUCHED
2349 Other Natural and Physical Science Professionals,70,18.0,2026-05-07 18:12:04.336999793,0.0,,2026-06,UNTOUCHED
2349 Other Natural and Physical Science Professionals,75,20.0,2026-04-19 08:13:20.939999937,0.0,,2026-06,UNTOUCHED
2349 Other Natural and Physical Science Professionals,80,11.0,2025-12-25 04:52:37.752999335,11.0,2025-12-25 04:52:37.752999335,2026-06,CLEARED
2349 Other Natural and Physical Science Professionals,85,10.0,2026-05-31 07:40:52.880000157,11.0,2026-05-31 07:40:52.880000157,2026-06,CLEARED
2349 Other Natural and Physical Science Professionals,90,4.0,2026-05-30 16:48:08.379999806,4.0,2026-05-30 16:48:08.379999806,2026-06,CLEARED
2349 Other Natural and Physical Science Professionals,95,3.0,2026-02-21 00:57:46.543000124,3.0,2026-02-21 00:57:46.543000124,2026-06,CLEARED
2349 Other Natural and Physical Science Professionals,100,4.0,2026-05-07 09:06:24.909999840,4.0,2026-05-07 09:06:24.909999840,2026-06,CLEARED
2349 Other Natural and Physical Science Professionals,105,2.0,2026-05-07 09:20:33.820000010,2.0,2026-05-07 09:20:33.820000010,2026-06,CLEARED
2411 Early Childhood (Pre-primary School) Teachers,40,2.0,2026-05-05 17:30:38.449999946,0.0,,2026-06,UNTOUCHED
2411 Early Childhood (Pre-primary School) Teachers,45,3.0,2025-12-10 18:44:25.197000276,0.0,,2026-06,UNTOUCHED
2411 Early Childhood (Pre-primary School) Teachers,50,21.0,2026-05-19 18:06:02.020000026,0.0,,2026-06,UNTOUCHED
2411 Early Childhood (Pre-primary School) Teachers,55,61.0,2026-05-31 19:57:46.729999751,0.0,,2026-06,UNTOUCHED
2411 Early Childhood (Pre-primary School) Teachers,60,224.0,2026-05-31 19:58:16.599999673,0.0,,2026-06,UNTOUCHED
2411 Early Childhood (Pre-primary School) Teachers,65,851.0,2026-05-31 16:16:26.380000272,0.0,,2026-06,UNTOUCHED
2411 Early Childhood (Pre-primary School) Teachers,70,1265.0,2026-05-31 18:46:55.680000182,0.0,,2026-06,UNTOUCHED
2411 Early Childhood (Pre-primary School) Teachers,75,1108.0,2026-05-31 00:25:53.696999138,0.0,,2026-06,UNTOUCHED
2411 Early Childhood (Pre-primary School) Teachers,80,1014.0,2026-05-31 21:17:03.829999778,0.0,,2026-06,UNTOUCHED
2411 Early Childhood (Pre-primary School) Teachers,85,1067.0,2026-05-31 11:26:57.699999735,0.0,,2026-06,UNTOUCHED
2411 Early Childhood (Pre-primary School) Teachers,90,155.0,2026-05-30 19:39:59.062999893,0.0,,2026-06,UNTOUCHED
2411 Early Childhood (Pre-primary School) Teachers,95,3.0,2026-01-03 10:49:18.839999723,0.0,,2026-06,UNTOUCHED
2411 Early Childhood (Pre-primary School) Teachers,100,1.0,2024-07-16 20:43:10.969999789,0.0,,2026-06,UNTOUCHED
2411 Early Childhood (Pre-primary School) Teachers,125,1.0,2026-05-29 22:35:24.642999980,0.0,,2026-06,UNTOUCHED
2414 Secondary School Teachers,40,1.0,2025-09-05 19:05:32.429999878,0.0,,2026-06,UNTOUCHED
2414 Secondary School Teachers,45,2.0,2026-04-07 16:55:57.690000134,0.0,,2026-06,UNTOUCHED
2414 Secondary School Teachers,50,4.0,2026-03-26 12:44:45.052999877,0.0,,2026-06,UNTOUCHED
2414 Secondary School Teachers,55,14.0,2026-05-19 16:57:35.913000110,0.0,,2026-06,UNTOUCHED
2414 Secondary School Teachers,60,38.0,2026-05-25 09:56:19.139999674,0.0,,2026-06,UNTOUCHED
2414 Secondary School Teachers,65,210.0,2026-05-31 15:49:12.769999792,0.0,,2026-06,UNTOUCHED
2414 Secondary School Teachers,70,287.0,2026-05-31 12:05:40.847000179,0.0,,2026-06,UNTOUCHED
2414 Secondary School Teachers,75,273.0,2026-05-29 20:20:40.933000389,31.0,2025-06-24 19:08:32.772999891,2026-06,PARTIAL
2414 Secondary School Teachers,80,165.0,2026-05-29 20:10:05.423000062,170.0,2026-06-04 00:55:01.229999934,2026-06,CLEARED
2414 Secondary School Teachers,85,81.0,2026-05-24 14:41:34.757000099,86.0,2026-06-02 07:09:54.962999922,2026-06,CLEARED
2414 Secondary School Teachers,90,16.0,2026-04-10 16:16:46.797000024,17.0,2026-06-01 14:46:45.047000087,2026-06,CLEARED
2414 Secondary School Teachers,95,1.0,2026-02-21 20:51:27.189999872,2.0,2026-06-04 00:42:27.457000076,2026-06,CLEARED
2414 Secondary School Teachers,100,1.0,2025-09-03 10:55:51.216999769,2.0,2026-06-03 23:56:27.976999957,2026-06,CLEARED
2415 Special Education Teachers,55,1.0,2025-03-03 21:59:21.110000006,0.0,,2026-06,UNTOUCHED
2415 Special Education Teachers,60,1.0,2025-10-01 13:47:36.530000312,0.0,,2026-06,UNTOUCHED
2415 Special Education Teachers,65,5.0,2026-05-06 01:44:20.109999779,0.0,,2026-06,UNTOUCHED
2415 Special Education Teachers,70,7.0,2026-03-24 17:15:58.680000063,0.0,,2026-06,UNTOUCHED
2415 Special Education Teachers,75,6.0,2026-04-21 09:28:33.193000225,1.0,2025-06-13 07:45:52.049999730,2026-06,PARTIAL
2415 Special Education Teachers,80,2.0,2026-02-22 21:48:29.452999780,2.0,2026-02-22 21:48:29.452999780,2026-06,CLEARED
2415 Special Education Teachers,85,1.0,2025-09-30 23:43:21.470000041,1.0,2025-09-30 23:43:21.470000041,2026-06,CLEARED
2421 University Lecturers and Tutors,45,1.0,2024-12-17 22:58:41.526999981,0.0,,2026-06,UNTOUCHED
2421 University Lecturers and Tutors,50,9.0,2026-04-27 13:42:35.897000106,0.0,,2026-06,UNTOUCHED
2421 University Lecturers and Tutors,55,21.0,2026-04-15 15:28:31.490000135,0.0,,2026-06,UNTOUCHED
2421 University Lecturers and Tutors,60,59.0,2026-05-25 22:00:43.356999706,0.0,,2026-06,UNTOUCHED
2421 University Lecturers and Tutors,65,208.0,2026-05-31 22:49:15.336999963,0.0,,2026-06,UNTOUCHED
2421 University Lecturers and Tutors,70,180.0,2026-05-31 15:02:39.387000091,0.0,,2026-06,UNTOUCHED
2421 University Lecturers and Tutors,75,185.0,2026-05-31 18:45:07.822999967,0.0,,2026-06,UNTOUCHED
2421 University Lecturers and Tutors,80,165.0,2026-05-31 18:15:44.160000278,0.0,,2026-06,UNTOUCHED
2421 University Lecturers and Tutors,85,116.0,2026-05-25 13:05:10.156999087,0.0,,2026-06,UNTOUCHED
2421 University Lecturers and Tutors,90,97.0,2026-05-18 18:30:40.749999831,0.0,,2026-06,UNTOUCHED
2421 University Lecturers and Tutors,95,43.0,2026-05-31 19:14:52.819999923,0.0,,2026-06,UNTOUCHED
2421 University Lecturers and Tutors,100,21.0,2026-05-08 10:42:06.242999941,0.0,,2026-06,UNTOUCHED
2421 University Lecturers and Tutors,105,10.0,2026-04-01 09:35:32.149999685,0.0,,2026-06,UNTOUCHED
2512 Medical Imaging Professionals,55,2.0,2026-01-16 23:33:22.853000162,0.0,,2026-06,UNTOUCHED
2512 Medical Imaging Professionals,60,2.0,2026-05-27 14:30:42.593000129,0.0,,2026-06,UNTOUCHED
2512 Medical Imaging Professionals,65,21.0,2026-04-25 18:01:58.106999951,0.0,,2026-06,UNTOUCHED
2512 Medical Imaging Professionals,70,18.0,2026-04-12 21:33:52.669999632,0.0,,2026-06,UNTOUCHED
2512 Medical Imaging Professionals,75,40.0,2026-05-31 21:04:09.376999933,0.0,,2026-06,UNTOUCHED
2512 Medical Imaging Professionals,80,26.0,2026-05-28 03:41:06.592999940,28.0,2026-06-01 22:50:24.082999791,2026-06,CLEARED
2512 Medical Imaging Professionals,85,3.0,2026-03-10 19:47:23.396999735,3.0,2026-03-10 19:47:23.396999735,2026-06,CLEARED
2512 Medical Imaging Professionals,90,1.0,2025-07-25 14:10:36.753000110,1.0,2025-07-25 14:10:36.753000110,2026-06,CLEARED
2514 Optometrists and Orthoptists,65,2.0,2026-02-02 10:49:56.759999983,0.0,,2026-06,UNTOUCHED
2514 Optometrists and Orthoptists,70,2.0,2026-03-08 16:30:53.057000108,0.0,,2026-06,UNTOUCHED
2514 Optometrists and Orthoptists,75,9.0,2026-02-27 13:10:53.096999877,0.0,,2026-06,UNTOUCHED
2514 Optometrists and Orthoptists,80,3.0,2026-05-19 20:11:51.699999796,4.0,2026-05-19 20:11:51.699999796,2026-06,CLEARED
2514 Optometrists and Orthoptists,85,1.0,2026-01-07 13:43:20.960000002,1.0,2026-01-07 13:43:20.960000002,2026-06,CLEARED
2514 Optometrists and Orthoptists,90,1.0,2026-04-01 15:23:48.307000197,0.0,,2026-06,UNTOUCHED
2514 Optometrists and Orthoptists,95,0.0,,1.0,2026-06-04 00:24:37.742999909,2026-06,PARTIAL
2519 Other Health Diagnostic and Promotion Professionals,65,2.0,2026-03-06 18:03:00.396999789,0.0,,2026-06,UNTOUCHED
2519 Other Health Diagnostic and Promotion Professionals,70,1.0,2025-11-20 19:47:00.103000148,0.0,,2026-06,UNTOUCHED
2519 Other Health Diagnostic and Promotion Professionals,75,1.0,2025-05-31 00:45:11.523000012,0.0,,2026-06,UNTOUCHED
2521 Chiropractors and Osteopaths,55,1.0,2025-05-20 15:52:25.080000113,0.0,,2026-06,UNTOUCHED
2521 Chiropractors and Osteopaths,60,1.0,2025-01-12 13:20:33.803000044,0.0,,2026-06,UNTOUCHED
2521 Chiropractors and Osteopaths,65,4.0,2025-04-19 21:29:28.012999971,0.0,,2026-06,UNTOUCHED
2521 Chiropractors and Osteopaths,70,7.0,2026-03-24 20:28:27.962999636,0.0,,2026-06,UNTOUCHED
2521 Chiropractors and Osteopaths,75,10.0,2026-05-20 14:28:40.170000031,0.0,,2026-06,UNTOUCHED
2521 Chiropractors and Osteopaths,80,52.0,2026-05-29 10:52:06.737000050,8.0,2026-02-20 15:30:54.950000137,2026-06,PARTIAL
2521 Chiropractors and Osteopaths,85,6.0,2026-02-05 16:48:27.899999925,6.0,2026-02-05 16:48:27.899999925,2026-06,CLEARED
2521 Chiropractors and Osteopaths,90,1.0,2025-02-18 12:39:29.139999943,1.0,2025-02-18 12:39:29.139999943,2026-06,CLEARED
2524 Occupational Therapists,45,1.0,2025-10-09 18:46:51.716999902,0.0,,2026-06,UNTOUCHED
2524 Occupational Therapists,50,2.0,2026-04-29 17:29:36.902999241,0.0,,2026-06,UNTOUCHED
2524 Occupational Therapists,55,2.0,2025-07-25 11:45:19.702999480,0.0,,2026-06,UNTOUCHED
2524 Occupational Therapists,60,6.0,2025-12-10 17:22:14.612999831,0.0,,2026-06,UNTOUCHED
2524 Occupational Therapists,65,36.0,2026-04-23 19:33:20.742999995,0.0,,2026-06,UNTOUCHED
2524 Occupational Therapists,70,53.0,2026-05-29 15:36:55.463000184,0.0,,2026-06,UNTOUCHED
2524 Occupational Therapists,75,67.0,2026-05-29 01:11:32.522999951,6.0,2025-04-19 18:03:59.207000031,2026-06,PARTIAL
2524 Occupational Therapists,80,35.0,2026-05-27 11:32:20.403000052,36.0,2026-06-03 15:45:42.297000137,2026-06,CLEARED
2524 Occupational Therapists,85,12.0,2026-05-27 21:01:03.439999891,12.0,2026-05-27 21:01:03.439999891,2026-06,CLEARED
2524 Occupational Therapists,90,1.0,2026-03-06 13:25:12.767000027,2.0,2026-04-09 15:37:11.993000050,2026-06,CLEARED
2525 Physiotherapists,40,1.0,2025-02-06 14:24:46.053000178,0.0,,2026-06,UNTOUCHED
2525 Physiotherapists,50,3.0,2025-11-26 11:15:36.029999707,0.0,,2026-06,UNTOUCHED
2525 Physiotherapists,55,9.0,2026-03-18 16:44:51.539999913,0.0,,2026-06,UNTOUCHED
2525 Physiotherapists,60,10.0,2026-04-28 16:56:22.322999947,0.0,,2026-06,UNTOUCHED
2525 Physiotherapists,65,36.0,2026-05-29 15:34:00.439999991,0.0,,2026-06,UNTOUCHED
2525 Physiotherapists,70,86.0,2026-05-26 17:57:44.983000117,0.0,,2026-06,UNTOUCHED
2525 Physiotherapists,75,71.0,2026-05-26 13:14:11.912999919,7.0,2025-04-23 04:02:33.822999934,2026-06,PARTIAL
2525 Physiotherapists,80,60.0,2026-05-28 14:12:58.102999741,63.0,2026-06-03 18:03:03.529999920,2026-06,CLEARED
2525 Physiotherapists,85,23.0,2026-05-20 10:31:37.097000244,23.0,2026-05-20 10:31:37.097000244,2026-06,CLEARED
2525 Physiotherapists,90,4.0,2026-05-29 19:12:08.097000442,4.0,2026-05-29 19:12:08.097000442,2026-06,CLEARED
2525 Physiotherapists,95,1.0,2025-12-15 20:52:02.987000060,1.0,2025-12-15 20:52:02.987000060,2026-06,CLEARED
2525 Physiotherapists,100,0.0,,1.0,2026-06-04 00:04:09.972999773,2026-06,PARTIAL
2526 Podiatrists,65,2.0,2025-12-31 20:49:29.980000194,0.0,,2026-06,UNTOUCHED
2526 Podiatrists,70,3.0,2026-02-27 22:47:34.027000166,0.0,,2026-06,UNTOUCHED
2526 Podiatrists,75,6.0,2026-03-19 09:27:21.336999791,1.0,2025-03-18 10:44:00.430000028,2026-06,PARTIAL
2526 Podiatrists,80,3.0,2026-04-23 11:46:12.757000333,3.0,2026-04-23 11:46:12.757000333,2026-06,CLEARED
2526 Podiatrists,85,2.0,2025-11-23 19:20:14.086999815,2.0,2025-11-23 19:20:14.086999815,2026-06,CLEARED
2527 Speech Professionals and Audiologists,55,5.0,2026-01-09 16:35:40.157000024,0.0,,2026-06,UNTOUCHED
2527 Speech Professionals and Audiologists,60,5.0,2025-08-25 23:32:30.369999906,0.0,,2026-06,UNTOUCHED
2527 Speech Professionals and Audiologists,65,31.0,2026-05-15 19:57:47.687000192,0.0,,2026-06,UNTOUCHED
2527 Speech Professionals and Audiologists,70,31.0,2026-05-18 16:34:35.733000106,0.0,,2026-06,UNTOUCHED
2527 Speech Professionals and Audiologists,75,37.0,2026-05-30 15:45:34.393000187,2.0,2025-02-20 01:12:18.890000383,2026-06,PARTIAL
2527 Speech Professionals and Audiologists,80,45.0,2026-05-29 22:30:05.050000270,46.0,2026-06-04 01:47:00.940000234,2026-06,CLEARED
2527 Speech Professionals and Audiologists,85,23.0,2026-04-08 19:33:38.470000383,24.0,2026-06-02 14:02:47.183000055,2026-06,CLEARED
2527 Speech Professionals and Audiologists,90,3.0,2026-01-28 10:26:48.853000055,3.0,2026-01-28 10:26:48.853000055,2026-06,CLEARED
2527 Speech Professionals and Audiologists,100,0.0,,1.0,2026-06-03 17:54:11.042999936,2026-06,PARTIAL
2531 General Practitioners and Resident Medical officers,50,3.0,2026-04-18 10:06:00.080000150,0.0,,2026-06,UNTOUCHED
2531 General Practitioners and Resident Medical officers,55,8.0,2026-05-04 11:37:32.286999766,0.0,,2026-06,UNTOUCHED
2531 General Practitioners and Resident Medical officers,60,7.0,2026-01-11 19:46:27.826999648,0.0,,2026-06,UNTOUCHED
2531 General Practitioners and Resident Medical officers,65,35.0,2026-05-30 09:09:22.343000040,0.0,,2026-06,UNTOUCHED
2531 General Practitioners and Resident Medical officers,70,66.0,2026-05-29 18:15:08.780000195,0.0,,2026-06,UNTOUCHED
2531 General Practitioners and Resident Medical officers,75,93.0,2026-05-26 13:17:44.299999826,9.0,2025-04-15 15:29:35.109999928,2026-06,PARTIAL
2531 General Practitioners and Resident Medical officers,80,93.0,2026-05-31 10:38:20.333000181,98.0,2026-06-03 16:42:48.517000554,2026-06,CLEARED
2531 General Practitioners and Resident Medical officers,85,59.0,2026-05-31 22:46:31.147000250,60.0,2026-06-01 09:50:52.462999708,2026-06,CLEARED
2531 General Practitioners and Resident Medical officers,90,13.0,2026-04-22 19:15:02.269999586,13.0,2026-06-02 16:20:05.762999875,2026-06,CLEARED
2531 General Practitioners and Resident Medical officers,95,2.0,2026-03-05 06:10:22.803000124,2.0,2026-03-05 06:10:22.803000124,2026-06,CLEARED
2533 Internal Medicine Specialists,40,1.0,2024-12-14 12:18:56.870000951,0.0,,2026-06,UNTOUCHED
2533 Internal Medicine Specialists,55,1.0,2025-11-28 19:15:24.390000060,0.0,,2026-06,UNTOUCHED
2533 Internal Medicine Specialists,60,4.0,2026-04-23 15:07:39.552999839,0.0,,2026-06,UNTOUCHED
2533 Internal Medicine Specialists,65,8.0,2026-05-16 05:26:35.353000144,0.0,,2026-06,UNTOUCHED
2533 Internal Medicine Specialists,70,4.0,2026-05-11 22:13:46.419999873,0.0,,2026-06,UNTOUCHED
2533 Internal Medicine Specialists,75,5.0,2025-12-23 22:14:11.809999947,0.0,,2026-06,UNTOUCHED
2533 Internal Medicine Specialists,80,7.0,2026-05-28 05:00:35.672999984,7.0,2026-05-28 05:00:35.672999984,2026-06,CLEARED
2533 Internal Medicine Specialists,85,1.0,2025-06-03 23:23:21.443000326,1.0,2025-06-03 23:23:21.443000326,2026-06,CLEARED
2533 Internal Medicine Specialists,95,1.0,2026-03-02 13:55:03.586999488,1.0,2026-03-02 13:55:03.586999488,2026-06,CLEARED
2534 Psychiatrists,55,1.0,2025-02-15 11:18:41.156999861,0.0,,2026-06,UNTOUCHED
2534 Psychiatrists,60,1.0,2025-08-19 21:13:02.029999952,0.0,,2026-06,UNTOUCHED
2534 Psychiatrists,75,1.0,2025-04-25 08:17:00.102999730,0.0,,2026-06,UNTOUCHED
2534 Psychiatrists,85,1.0,2026-05-15 04:55:09.752999666,1.0,2026-05-15 04:55:09.752999666,2026-06,CLEARED
2534 Psychiatrists,90,1.0,2026-05-26 20:21:56.577000168,1.0,2026-05-26 20:21:56.577000168,2026-06,CLEARED
2535 Surgeons,50,1.0,2025-09-07 00:55:14.150000017,0.0,,2026-06,UNTOUCHED
2535 Surgeons,55,1.0,2025-01-24 11:32:23.906999987,0.0,,2026-06,UNTOUCHED
2535 Surgeons,65,3.0,2026-04-28 21:42:16.583000143,0.0,,2026-06,UNTOUCHED
2535 Surgeons,70,1.0,2024-07-06 17:59:20.837000169,0.0,,2026-06,UNTOUCHED
2535 Surgeons,75,1.0,2025-12-29 12:56:10.779999878,0.0,,2026-06,UNTOUCHED
2535 Surgeons,85,1.0,2026-01-29 20:14:42.983000044,1.0,2026-01-29 20:14:42.983000044,2026-06,CLEARED
2535 Surgeons,100,0.0,,1.0,2026-06-03 19:14:55.320000192,2026-06,PARTIAL
2539 Other Medical Practitioners,50,2.0,2026-05-14 09:19:16.889999615,0.0,,2026-06,UNTOUCHED
2539 Other Medical Practitioners,55,5.0,2026-05-04 15:59:00.117000070,0.0,,2026-06,UNTOUCHED
2539 Other Medical Practitioners,60,8.0,2026-05-21 01:33:43.009999770,0.0,,2026-06,UNTOUCHED
2539 Other Medical Practitioners,65,45.0,2026-05-04 13:39:20.987000052,0.0,,2026-06,UNTOUCHED
2539 Other Medical Practitioners,70,49.0,2026-05-29 18:51:39.863000355,0.0,,2026-06,UNTOUCHED
2539 Other Medical Practitioners,75,71.0,2026-05-28 19:34:09.869999802,4.0,2025-03-04 20:49:03.699999785,2026-06,PARTIAL
2539 Other Medical Practitioners,80,70.0,2026-05-17 00:54:11.120000284,75.0,2026-06-04 00:09:04.569999981,2026-06,CLEARED
2539 Other Medical Practitioners,85,52.0,2026-05-23 06:18:44.826999618,52.0,2026-05-23 06:18:44.826999618,2026-06,CLEARED
2539 Other Medical Practitioners,90,13.0,2026-05-23 02:03:52.457000391,13.0,2026-05-23 02:03:52.457000391,2026-06,CLEARED
2541 Midwives,45,1.0,2025-01-14 22:12:34.860000265,0.0,,2026-06,UNTOUCHED
2541 Midwives,65,8.0,2026-01-23 10:16:06.459999818,0.0,,2026-06,UNTOUCHED
2541 Midwives,70,9.0,2026-05-19 23:33:58.343000155,0.0,,2026-06,UNTOUCHED
2541 Midwives,75,11.0,2026-01-08 08:10:53.533000502,0.0,,2026-06,UNTOUCHED
2541 Midwives,80,10.0,2026-05-01 20:08:37.360000173,10.0,2026-05-01 20:08:37.360000173,2026-06,CLEARED
2541 Midwives,85,3.0,2026-02-04 06:20:51.119999839,3.0,2026-02-04 06:20:51.119999839,2026-06,CLEARED
2541 Midwives,90,0.0,,1.0,2026-06-04 00:35:51.060000088,2026-06,PARTIAL
2544 Registered Nurses,40,2.0,2025-12-03 13:05:31.309999918,0.0,,2026-06,UNTOUCHED
2544 Registered Nurses,45,12.0,2026-05-09 23:32:00.520000252,0.0,,2026-06,UNTOUCHED
2544 Registered Nurses,50,39.0,2026-05-26 18:00:31.726999883,0.0,,2026-06,UNTOUCHED
2544 Registered Nurses,55,152.0,2026-05-28 02:02:11.476999682,0.0,,2026-06,UNTOUCHED
2544 Registered Nurses,60,277.0,2026-05-30 18:11:02.462999884,0.0,,2026-06,UNTOUCHED
2544 Registered Nurses,65,1512.0,2026-05-31 22:00:39.719999724,0.0,,2026-06,UNTOUCHED
2544 Registered Nurses,70,1650.0,2026-05-31 13:00:08.960000097,0.0,,2026-06,UNTOUCHED
2544 Registered Nurses,75,1608.0,2026-05-30 21:37:45.550000309,108.0,2025-04-25 19:16:17.867000150,2026-06,PARTIAL
2544 Registered Nurses,80,873.0,2026-05-30 19:58:11.919999662,916.0,2026-06-04 05:19:12.829999969,2026-06,CLEARED
2544 Registered Nurses,85,307.0,2026-05-30 15:10:42.582999961,320.0,2026-06-04 00:35:00.557000024,2026-06,CLEARED
2544 Registered Nurses,90,44.0,2026-05-13 13:18:20.442999951,44.0,2026-06-04 00:34:15.572999156,2026-06,CLEARED
2544 Registered Nurses,95,0.0,,1.0,2025-11-12 23:41:21.522999891,2026-06,PARTIAL
2544 Registered Nurses,100,1.0,2025-10-06 14:05:46.767000088,2.0,2026-06-04 00:13:01.070000256,2026-06,CLEARED
2544 Registered Nurses,105,1.0,2026-05-31 12:59:46.707000198,1.0,2026-05-31 12:59:46.707000198,2026-06,CLEARED
2544 Registered Nurses,110,1.0,2026-04-15 18:41:15.740000090,1.0,2026-04-15 18:41:15.740000090,2026-06,CLEARED
2611 ICT Business and Systems Analysts,40,1.0,2026-03-06 02:33:09.167000169,0.0,,2026-06,UNTOUCHED
2611 ICT Business and Systems Analysts,45,1.0,2025-04-27 11:29:17.717000156,0.0,,2026-06,UNTOUCHED
2611 ICT Business and Systems Analysts,50,20.0,2026-03-20 16:37:47.197000070,0.0,,2026-06,UNTOUCHED
2611 ICT Business and Systems Analysts,55,54.0,2026-05-05 10:48:33.970000060,0.0,,2026-06,UNTOUCHED
2611 ICT Business and Systems Analysts,60,131.0,2026-05-31 12:22:31.092999752,0.0,,2026-06,UNTOUCHED
2611 ICT Business and Systems Analysts,65,678.0,2026-05-31 02:07:29.080000007,0.0,,2026-06,UNTOUCHED
2611 ICT Business and Systems Analysts,70,832.0,2026-05-30 19:27:29.029999996,0.0,,2026-06,UNTOUCHED
2611 ICT Business and Systems Analysts,75,1083.0,2026-05-28 18:36:04.363000122,0.0,,2026-06,UNTOUCHED
2611 ICT Business and Systems Analysts,80,1160.0,2026-05-31 23:29:01.473000057,0.0,,2026-06,UNTOUCHED
2611 ICT Business and Systems Analysts,85,1008.0,2026-05-31 09:08:47.237000173,0.0,,2026-06,UNTOUCHED
2611 ICT Business and Systems Analysts,90,1155.0,2026-05-31 22:32:03.619999996,0.0,,2026-06,UNTOUCHED
2611 ICT Business and Systems Analysts,95,646.0,2026-05-31 17:46:38.939999911,0.0,,2026-06,UNTOUCHED
2611 ICT Business and Systems Analysts,100,230.0,2026-05-31 21:34:59.066999814,0.0,,2026-06,UNTOUCHED
2611 ICT Business and Systems Analysts,105,11.0,2025-11-20 17:36:14.626999929,0.0,,2026-06,UNTOUCHED
2611 ICT Business and Systems Analysts,110,1.0,2025-06-08 21:13:10.040000390,0.0,,2026-06,UNTOUCHED
2612 Multimedia Specialists and Web Developers,50,2.0,2025-03-05 17:32:54.950000110,0.0,,2026-06,UNTOUCHED
2612 Multimedia Specialists and Web Developers,55,2.0,2025-10-29 11:22:53.813000323,0.0,,2026-06,UNTOUCHED
2612 Multimedia Specialists and Web Developers,60,1.0,2025-05-13 10:00:07.969999685,0.0,,2026-06,UNTOUCHED
2612 Multimedia Specialists and Web Developers,65,15.0,2026-05-21 13:44:25.442999914,0.0,,2026-06,UNTOUCHED
2612 Multimedia Specialists and Web Developers,70,29.0,2026-05-29 15:34:41.480000051,0.0,,2026-06,UNTOUCHED
2612 Multimedia Specialists and Web Developers,75,36.0,2026-05-03 12:57:26.560000229,0.0,,2026-06,UNTOUCHED
2612 Multimedia Specialists and Web Developers,80,30.0,2026-05-02 19:16:20.490000660,0.0,,2026-06,UNTOUCHED
2612 Multimedia Specialists and Web Developers,85,44.0,2026-05-04 12:10:56.450000032,0.0,,2026-06,UNTOUCHED
2612 Multimedia Specialists and Web Developers,90,64.0,2026-05-30 14:56:37.050000054,0.0,,2026-06,UNTOUCHED
2612 Multimedia Specialists and Web Developers,95,24.0,2026-05-27 12:23:22.957000022,12.0,2026-01-30 15:30:44.799999865,2026-06,PARTIAL
2612 Multimedia Specialists and Web Developers,100,6.0,2026-05-27 08:55:36.900000042,6.0,2026-05-27 08:55:36.900000042,2026-06,CLEARED
2612 Multimedia Specialists and Web Developers,105,1.0,2026-02-13 10:25:58.016999763,1.0,2026-02-13 10:25:58.016999763,2026-06,CLEARED
2612 Multimedia Specialists and Web Developers,110,1.0,2026-04-07 23:53:04.639999992,1.0,2026-04-07 23:53:04.639999992,2026-06,CLEARED
2613 Software and Applications Programmers,25,1.0,2026-04-14 21:21:18.189999866,0.0,,2026-06,UNTOUCHED
2613 Software and Applications Programmers,30,2.0,2026-01-17 15:48:01.096999767,0.0,,2026-06,UNTOUCHED
2613 Software and Applications Programmers,45,8.0,2026-03-02 15:04:18.540000301,0.0,,2026-06,UNTOUCHED
2613 Software and Applications Programmers,50,43.0,2026-05-20 22:10:07.399999951,0.0,,2026-06,UNTOUCHED
2613 Software and Applications Programmers,55,127.0,2026-05-26 14:34:05.832999886,0.0,,2026-06,UNTOUCHED
2613 Software and Applications Programmers,60,323.0,2026-05-31 09:23:22.619999742,0.0,,2026-06,UNTOUCHED
2613 Software and Applications Programmers,65,1401.0,2026-05-31 22:44:11.689999805,0.0,,2026-06,UNTOUCHED
2613 Software and Applications Programmers,70,1842.0,2026-05-31 17:45:46.052999890,0.0,,2026-06,UNTOUCHED
2613 Software and Applications Programmers,75,2113.0,2026-05-30 23:31:16.012999657,0.0,,2026-06,UNTOUCHED
2613 Software and Applications Programmers,80,1950.0,2026-05-30 23:18:06.479999634,0.0,,2026-06,UNTOUCHED
2613 Software and Applications Programmers,85,2149.0,2026-05-31 22:47:56.770000039,0.0,,2026-06,UNTOUCHED
2613 Software and Applications Programmers,90,2365.0,2026-05-31 22:10:23.532999352,0.0,,2026-06,UNTOUCHED
2613 Software and Applications Programmers,95,1339.0,2026-05-31 20:03:32.012999809,0.0,,2026-06,UNTOUCHED
2613 Software and Applications Programmers,100,527.0,2026-05-28 00:01:48.359999907,0.0,,2026-06,UNTOUCHED
2613 Software and Applications Programmers,105,61.0,2026-05-11 20:00:32.429999952,0.0,,2026-06,UNTOUCHED
2613 Software and Applications Programmers,110,4.0,2025-11-08 17:21:09.436999878,0.0,,2026-06,UNTOUCHED
2613 Software and Applications Programmers,115,1.0,2024-11-07 21:40:18.929999697,0.0,,2026-06,UNTOUCHED
"2621 Database and Systems Administrators, and ICT Security Specialists",50,6.0,2026-05-28 15:48:14.842999938,0.0,,2026-06,UNTOUCHED
"2621 Database and Systems Administrators, and ICT Security Specialists",55,20.0,2026-05-21 16:49:05.440000111,0.0,,2026-06,UNTOUCHED
"2621 Database and Systems Administrators, and ICT Security Specialists",60,36.0,2026-05-30 11:01:35.442999292,0.0,,2026-06,UNTOUCHED
"2621 Database and Systems Administrators, and ICT Security Specialists",65,190.0,2026-05-28 19:51:26.086999878,0.0,,2026-06,UNTOUCHED
"2621 Database and Systems Administrators, and ICT Security Specialists",70,209.0,2026-05-30 18:57:46.127000194,0.0,,2026-06,UNTOUCHED
"2621 Database and Systems Administrators, and ICT Security Specialists",75,237.0,2026-05-30 21:49:35.333000394,0.0,,2026-06,UNTOUCHED
"2621 Database and Systems Administrators, and ICT Security Specialists",80,260.0,2026-05-30 10:44:42.842999207,0.0,,2026-06,UNTOUCHED
"2621 Database and Systems Administrators, and ICT Security Specialists",85,222.0,2026-05-28 13:20:50.502999989,0.0,,2026-06,UNTOUCHED
"2621 Database and Systems Administrators, and ICT Security Specialists",90,228.0,2026-05-31 19:29:25.973000018,0.0,,2026-06,UNTOUCHED
"2621 Database and Systems Administrators, and ICT Security Specialists",95,128.0,2026-05-29 22:44:20.853000173,0.0,,2026-06,UNTOUCHED
"2621 Database and Systems Administrators, and ICT Security Specialists",100,32.0,2026-05-03 14:32:30.277000389,0.0,,2026-06,UNTOUCHED
"2621 Database and Systems Administrators, and ICT Security Specialists",105,1.0,2025-03-18 12:54:22.520000056,0.0,,2026-06,UNTOUCHED
2631 Computer Network Professionals,30,1.0,2025-10-16 12:46:01.829999948,0.0,,2026-06,UNTOUCHED
2631 Computer Network Professionals,40,1.0,2024-09-17 03:13:41.862999676,0.0,,2026-06,UNTOUCHED
2631 Computer Network Professionals,45,1.0,2025-05-08 17:30:49.010000376,0.0,,2026-06,UNTOUCHED
2631 Computer Network Professionals,50,8.0,2026-02-26 20:03:33.890000040,0.0,,2026-06,UNTOUCHED
2631 Computer Network Professionals,55,34.0,2026-02-26 22:07:57.916999928,0.0,,2026-06,UNTOUCHED
2631 Computer Network Professionals,60,54.0,2026-05-21 14:31:53.519999874,0.0,,2026-06,UNTOUCHED
2631 Computer Network Professionals,65,222.0,2026-05-29 20:40:06.009999827,0.0,,2026-06,UNTOUCHED
2631 Computer Network Professionals,70,260.0,2026-05-31 16:16:46.127000130,0.0,,2026-06,UNTOUCHED
2631 Computer Network Professionals,75,398.0,2026-05-29 19:49:39.332999861,0.0,,2026-06,UNTOUCHED
2631 Computer Network Professionals,80,308.0,2026-05-31 00:27:54.326999505,0.0,,2026-06,UNTOUCHED
2631 Computer Network Professionals,85,271.0,2026-05-12 15:21:23.680000388,0.0,,2026-06,UNTOUCHED
2631 Computer Network Professionals,90,278.0,2026-05-31 19:18:19.430000015,0.0,,2026-06,UNTOUCHED
2631 Computer Network Professionals,95,133.0,2026-05-29 23:01:14.182999691,0.0,,2026-06,UNTOUCHED
2631 Computer Network Professionals,100,70.0,2026-04-13 10:57:34.163000173,0.0,,2026-06,UNTOUCHED
2631 Computer Network Professionals,105,1.0,2025-03-01 03:12:02.546999948,0.0,,2026-06,UNTOUCHED
2633 Telecommunications Engineering Professionals,45,3.0,2025-04-11 12:18:01.226999733,0.0,,2026-06,UNTOUCHED
2633 Telecommunications Engineering Professionals,50,3.0,2024-11-21 13:39:45.619999865,0.0,,2026-06,UNTOUCHED
2633 Telecommunications Engineering Professionals,55,18.0,2026-04-06 10:11:50.090000066,0.0,,2026-06,UNTOUCHED
2633 Telecommunications Engineering Professionals,60,35.0,2026-05-19 15:12:31.903000197,0.0,,2026-06,UNTOUCHED
2633 Telecommunications Engineering Professionals,65,116.0,2026-05-12 16:46:17.992999859,0.0,,2026-06,UNTOUCHED
2633 Telecommunications Engineering Professionals,70,99.0,2026-05-22 15:03:39.430000080,0.0,,2026-06,UNTOUCHED
2633 Telecommunications Engineering Professionals,75,196.0,2026-05-30 22:46:43.440000234,0.0,,2026-06,UNTOUCHED
2633 Telecommunications Engineering Professionals,80,120.0,2026-05-20 20:16:55.669999736,0.0,,2026-06,UNTOUCHED
2633 Telecommunications Engineering Professionals,85,102.0,2026-05-18 22:07:56.269999963,0.0,,2026-06,UNTOUCHED
2633 Telecommunications Engineering Professionals,90,59.0,2026-04-27 13:00:13.042999480,0.0,,2026-06,UNTOUCHED
2633 Telecommunications Engineering Professionals,95,19.0,2026-05-27 08:47:21.727000032,10.0,2025-11-28 10:47:00.180000087,2026-06,PARTIAL
2633 Telecommunications Engineering Professionals,100,2.0,2026-02-23 23:24:08.163000002,3.0,2026-02-23 23:24:08.163000002,2026-06,CLEARED
2711 Barristers,70,1.0,2024-11-17 16:34:51.690000288,0.0,,2026-06,UNTOUCHED
2711 Barristers,75,2.0,2026-01-02 11:04:54.269999955,0.0,,2026-06,UNTOUCHED
2711 Barristers,80,1.0,2026-02-18 11:30:23.767000225,1.0,2026-02-18 11:30:23.767000225,2026-06,CLEARED
2711 Barristers,85,1.0,2026-02-18 11:17:49.967000160,1.0,2026-02-18 11:17:49.967000160,2026-06,CLEARED
2713 Solicitors,45,1.0,2025-11-13 19:09:11.039999633,0.0,,2026-06,UNTOUCHED
2713 Solicitors,50,1.0,2024-10-05 05:39:44.562999755,0.0,,2026-06,UNTOUCHED
2713 Solicitors,55,3.0,2026-02-05 21:11:12.820000257,0.0,,2026-06,UNTOUCHED
2713 Solicitors,60,17.0,2026-05-15 16:07:56.010000236,0.0,,2026-06,UNTOUCHED
2713 Solicitors,65,39.0,2026-05-19 10:49:08.816999744,0.0,,2026-06,UNTOUCHED
2713 Solicitors,70,63.0,2026-05-30 12:01:14.229999955,0.0,,2026-06,UNTOUCHED
2713 Solicitors,75,72.0,2026-05-29 23:04:06.506999618,0.0,,2026-06,UNTOUCHED
2713 Solicitors,80,103.0,2026-05-25 15:52:28.253000153,89.0,2026-03-27 10:44:39.449999356,2026-06,PARTIAL
2713 Solicitors,85,98.0,2026-05-29 23:49:02.436999945,98.0,2026-05-29 23:49:02.436999945,2026-06,CLEARED
2713 Solicitors,90,50.0,2026-05-19 17:58:10.989999845,50.0,2026-05-19 17:58:10.989999845,2026-06,CLEARED
2713 Solicitors,95,3.0,2025-12-14 22:19:25.692999326,3.0,2025-12-14 22:19:25.692999326,2026-06,CLEARED
2723 Psychologists,55,1.0,2025-11-16 04:37:54.599999424,0.0,,2026-06,UNTOUCHED
2723 Psychologists,60,1.0,2025-01-09 05:30:08.350000390,0.0,,2026-06,UNTOUCHED
2723 Psychologists,65,15.0,2026-05-22 18:59:18.190000386,0.0,,2026-06,UNTOUCHED
2723 Psychologists,70,18.0,2026-04-30 10:26:51.360000262,0.0,,2026-06,UNTOUCHED
2723 Psychologists,75,18.0,2026-05-27 00:58:55.990000096,2.0,2025-04-03 00:32:03.496999960,2026-06,PARTIAL
2723 Psychologists,80,28.0,2026-05-19 07:58:59.619999936,28.0,2026-06-03 19:31:59.716999885,2026-06,CLEARED
2723 Psychologists,85,16.0,2026-05-02 14:13:55.187000359,16.0,2026-05-02 14:13:55.187000359,2026-06,CLEARED
2723 Psychologists,90,2.0,2026-04-20 17:23:03.792999877,3.0,2026-04-20 17:23:03.792999877,2026-06,CLEARED
2723 Psychologists,95,1.0,2026-04-29 21:22:00.239999986,2.0,2026-06-04 00:46:21.870000134,2026-06,CLEARED
2725 Social Workers,50,1.0,2026-04-02 04:30:32.776999842,0.0,,2026-06,UNTOUCHED
2725 Social Workers,55,7.0,2026-04-27 14:52:43.766999771,0.0,,2026-06,UNTOUCHED
2725 Social Workers,60,14.0,2026-05-20 09:33:22.280000273,0.0,,2026-06,UNTOUCHED
2725 Social Workers,65,105.0,2026-05-31 20:03:09.220000196,0.0,,2026-06,UNTOUCHED
2725 Social Workers,70,195.0,2026-05-30 19:41:56.439999781,0.0,,2026-06,UNTOUCHED
2725 Social Workers,75,220.0,2026-05-31 19:19:37.786999944,39.0,2025-07-09 14:13:13.256999973,2026-06,PARTIAL
2725 Social Workers,80,146.0,2026-05-31 01:14:45.327000307,153.0,2026-06-04 00:36:33.107000322,2026-06,CLEARED
2725 Social Workers,85,68.0,2026-05-31 21:26:50.032999775,70.0,2026-06-01 16:05:43.567000054,2026-06,CLEARED
2725 Social Workers,90,17.0,2026-05-19 11:53:21.860000004,15.0,2026-05-19 11:53:21.860000004,2026-06,CLEARED
3122 Civil Engineering Draftspersons and Technicians,40,5.0,2026-03-31 13:32:01.293000313,0.0,,2026-06,UNTOUCHED
3122 Civil Engineering Draftspersons and Technicians,45,15.0,2026-04-07 16:40:55.869999787,0.0,,2026-06,UNTOUCHED
3122 Civil Engineering Draftspersons and Technicians,50,30.0,2026-05-23 17:48:45.130000178,0.0,,2026-06,UNTOUCHED
3122 Civil Engineering Draftspersons and Technicians,55,107.0,2026-05-16 06:07:40.359999840,0.0,,2026-06,UNTOUCHED
3122 Civil Engineering Draftspersons and Technicians,60,215.0,2026-05-30 17:52:53.903000167,0.0,,2026-06,UNTOUCHED
3122 Civil Engineering Draftspersons and Technicians,65,784.0,2026-05-31 21:55:48.732999922,0.0,,2026-06,UNTOUCHED
3122 Civil Engineering Draftspersons and Technicians,70,853.0,2026-05-31 17:44:14.959999841,0.0,,2026-06,UNTOUCHED
3122 Civil Engineering Draftspersons and Technicians,75,766.0,2026-05-31 00:23:55.376999946,0.0,,2026-06,UNTOUCHED
3122 Civil Engineering Draftspersons and Technicians,80,493.0,2026-05-29 19:51:03.792999905,0.0,,2026-06,UNTOUCHED
3122 Civil Engineering Draftspersons and Technicians,85,306.0,2026-05-31 21:26:13.009999770,0.0,,2026-06,UNTOUCHED
3122 Civil Engineering Draftspersons and Technicians,90,86.0,2026-05-30 19:03:17.282999825,0.0,,2026-06,UNTOUCHED
3122 Civil Engineering Draftspersons and Technicians,95,16.0,2026-05-15 23:07:25.213000382,0.0,,2026-06,UNTOUCHED
3122 Civil Engineering Draftspersons and Technicians,105,1.0,2026-03-30 11:31:45.080000261,0.0,,2026-06,UNTOUCHED
3123 Electrical Engineering Draftspersons and Technicians,40,1.0,2025-11-13 20:12:59.620000158,0.0,,2026-06,UNTOUCHED
3123 Electrical Engineering Draftspersons and Technicians,55,5.0,2026-02-26 17:49:16.796999884,0.0,,2026-06,UNTOUCHED
3123 Electrical Engineering Draftspersons and Technicians,60,16.0,2026-01-22 11:02:03.513000177,0.0,,2026-06,UNTOUCHED
3123 Electrical Engineering Draftspersons and Technicians,65,50.0,2026-05-13 22:16:16.017000758,0.0,,2026-06,UNTOUCHED
3123 Electrical Engineering Draftspersons and Technicians,70,44.0,2026-05-31 11:22:18.767000012,0.0,,2026-06,UNTOUCHED
3123 Electrical Engineering Draftspersons and Technicians,75,49.0,2026-05-28 18:40:31.882999742,0.0,,2026-06,UNTOUCHED
3123 Electrical Engineering Draftspersons and Technicians,80,22.0,2026-05-27 15:36:58.377000049,17.0,2026-03-10 02:26:05.329999896,2026-06,PARTIAL
3123 Electrical Engineering Draftspersons and Technicians,85,35.0,2026-05-19 20:40:04.037000194,35.0,2026-05-19 20:40:04.037000194,2026-06,CLEARED
3123 Electrical Engineering Draftspersons and Technicians,90,26.0,2026-02-23 20:32:32.639999919,26.0,2026-02-23 20:32:32.639999919,2026-06,CLEARED
3132 Telecommunications Technical Specialists,35,1.0,2026-04-13 19:51:47.340000172,0.0,,2026-06,UNTOUCHED
3132 Telecommunications Technical Specialists,40,2.0,2025-02-11 20:03:34.646999679,0.0,,2026-06,UNTOUCHED
3132 Telecommunications Technical Specialists,45,2.0,2026-04-28 16:27:53.230000118,0.0,,2026-06,UNTOUCHED
3132 Telecommunications Technical Specialists,50,12.0,2026-05-30 19:41:24.749999920,0.0,,2026-06,UNTOUCHED
3132 Telecommunications Technical Specialists,55,14.0,2026-05-06 13:56:19.243000063,0.0,,2026-06,UNTOUCHED
3132 Telecommunications Technical Specialists,60,32.0,2026-05-29 17:34:17.842999995,0.0,,2026-06,UNTOUCHED
3132 Telecommunications Technical Specialists,65,84.0,2026-05-18 19:33:04.166999835,0.0,,2026-06,UNTOUCHED
3132 Telecommunications Technical Specialists,70,96.0,2026-04-22 08:41:25.052999850,0.0,,2026-06,UNTOUCHED
3132 Telecommunications Technical Specialists,75,94.0,2026-05-30 14:55:44.429999681,0.0,,2026-06,UNTOUCHED
3132 Telecommunications Technical Specialists,80,50.0,2026-05-30 13:02:42.819999645,0.0,,2026-06,UNTOUCHED
3132 Telecommunications Technical Specialists,85,30.0,2026-05-25 10:40:50.746999638,0.0,,2026-06,UNTOUCHED
3132 Telecommunications Technical Specialists,90,24.0,2026-05-18 01:49:36.756999828,0.0,,2026-06,UNTOUCHED
3211 Automotive Electricians,60,2.0,2026-04-14 18:26:49.509999813,0.0,,2026-06,UNTOUCHED
3211 Automotive Electricians,65,9.0,2026-04-29 17:19:57.139999639,0.0,,2026-06,UNTOUCHED
3211 Automotive Electricians,70,7.0,2026-02-09 14:24:06.006999960,0.0,,2026-06,UNTOUCHED
3211 Automotive Electricians,75,5.0,2026-05-29 12:52:24.822999649,0.0,,2026-06,UNTOUCHED
3211 Automotive Electricians,80,5.0,2026-02-27 02:38:49.663000184,4.0,2026-02-27 02:38:49.663000184,2026-06,CLEARED
3211 Automotive Electricians,85,1.0,2026-04-24 18:32:24.986999826,1.0,2026-04-24 18:32:24.986999826,2026-06,CLEARED
3212 Motor Mechanics,30,1.0,2025-11-12 08:02:48.010000326,0.0,,2026-06,UNTOUCHED
3212 Motor Mechanics,45,2.0,2025-10-15 08:01:09.943000561,0.0,,2026-06,UNTOUCHED
3212 Motor Mechanics,50,4.0,2026-04-14 14:41:48.433000277,0.0,,2026-06,UNTOUCHED
3212 Motor Mechanics,55,26.0,2026-04-29 15:12:27.267000145,0.0,,2026-06,UNTOUCHED
3212 Motor Mechanics,60,65.0,2026-05-18 14:45:29.163000219,0.0,,2026-06,UNTOUCHED
3212 Motor Mechanics,65,265.0,2026-05-31 21:11:21.740000029,0.0,,2026-06,UNTOUCHED
3212 Motor Mechanics,70,277.0,2026-05-31 01:35:50.777000001,0.0,,2026-06,UNTOUCHED
3212 Motor Mechanics,75,243.0,2026-05-31 19:29:05.286999647,0.0,,2026-06,UNTOUCHED
3212 Motor Mechanics,80,137.0,2026-05-29 19:37:18.410000085,0.0,,2026-06,UNTOUCHED
3212 Motor Mechanics,85,71.0,2026-04-08 02:44:34.017000175,0.0,,2026-06,UNTOUCHED
3212 Motor Mechanics,90,28.0,2026-05-18 14:51:10.819999647,0.0,,2026-06,UNTOUCHED
3212 Motor Mechanics,95,12.0,2026-04-21 20:32:49.439999941,0.0,,2026-06,UNTOUCHED
3222 Sheetmetal Trades Workers,65,1.0,2026-04-08 18:06:25.617000378,0.0,,2026-06,UNTOUCHED
3222 Sheetmetal Trades Workers,75,1.0,2025-01-31 16:48:05.019999926,0.0,,2026-06,UNTOUCHED
3223 Structural Steel and Welding Trades Workers,45,3.0,2025-11-11 02:28:34.220000242,0.0,,2026-06,UNTOUCHED
3223 Structural Steel and Welding Trades Workers,50,3.0,2026-03-16 20:25:56.256999798,0.0,,2026-06,UNTOUCHED
3223 Structural Steel and Welding Trades Workers,55,7.0,2026-05-31 15:47:38.989999625,0.0,,2026-06,UNTOUCHED
3223 Structural Steel and Welding Trades Workers,60,24.0,2026-04-22 17:56:31.530000071,0.0,,2026-06,UNTOUCHED
3223 Structural Steel and Welding Trades Workers,65,79.0,2026-05-21 17:01:47.977000161,0.0,,2026-06,UNTOUCHED
3223 Structural Steel and Welding Trades Workers,70,75.0,2026-05-25 10:41:37.037000140,0.0,,2026-06,UNTOUCHED
3223 Structural Steel and Welding Trades Workers,75,65.0,2026-05-30 13:04:15.556999774,0.0,,2026-06,UNTOUCHED
3223 Structural Steel and Welding Trades Workers,80,44.0,2026-05-25 16:48:06.690000677,39.0,2026-01-22 20:58:33.986999683,2026-06,PARTIAL
3223 Structural Steel and Welding Trades Workers,85,9.0,2026-05-07 18:29:59.319999873,12.0,2026-06-01 00:37:53.070000133,2026-06,CLEARED
3223 Structural Steel and Welding Trades Workers,90,6.0,2026-02-04 18:14:22.846999611,6.0,2026-02-04 18:14:22.846999611,2026-06,CLEARED
3232 Metal Fitters and Machinists,35,1.0,2025-09-04 08:47:18.962999983,0.0,,2026-06,UNTOUCHED
3232 Metal Fitters and Machinists,40,2.0,2026-02-17 18:59:51.022999723,0.0,,2026-06,UNTOUCHED
3232 Metal Fitters and Machinists,45,2.0,2025-08-06 15:56:14.059999942,0.0,,2026-06,UNTOUCHED
3232 Metal Fitters and Machinists,50,2.0,2025-09-30 16:29:16.773000259,0.0,,2026-06,UNTOUCHED
3232 Metal Fitters and Machinists,55,5.0,2025-11-10 19:51:54.230000019,0.0,,2026-06,UNTOUCHED
3232 Metal Fitters and Machinists,60,10.0,2026-05-25 05:16:28.753000043,0.0,,2026-06,UNTOUCHED
3232 Metal Fitters and Machinists,65,34.0,2026-05-31 19:04:01.922999845,0.0,,2026-06,UNTOUCHED
3232 Metal Fitters and Machinists,70,26.0,2026-04-28 19:56:58.236999982,0.0,,2026-06,UNTOUCHED
3232 Metal Fitters and Machinists,75,20.0,2026-05-17 19:55:08.050000198,0.0,,2026-06,UNTOUCHED
3232 Metal Fitters and Machinists,80,6.0,2026-05-13 19:13:41.879999856,4.0,2025-09-18 16:50:47.027000019,2026-06,PARTIAL
3232 Metal Fitters and Machinists,85,4.0,2026-05-25 22:09:56.519999625,4.0,2026-05-25 22:09:56.519999625,2026-06,CLEARED
3233 Precision Metal Trades Workers,55,1.0,2025-04-26 01:16:00.842999626,0.0,,2026-06,UNTOUCHED
3233 Precision Metal Trades Workers,70,2.0,2025-10-24 10:00:05.503000017,0.0,,2026-06,UNTOUCHED
3233 Precision Metal Trades Workers,75,1.0,2025-10-11 14:26:05.236999748,0.0,,2026-06,UNTOUCHED
3241 Panelbeaters,60,1.0,2026-01-10 12:22:28.797000337,0.0,,2026-06,UNTOUCHED
3241 Panelbeaters,65,5.0,2026-05-25 19:03:35.113000176,0.0,,2026-06,UNTOUCHED
3241 Panelbeaters,70,2.0,2026-04-02 18:24:47.727000146,0.0,,2026-06,UNTOUCHED
3241 Panelbeaters,80,2.0,2025-11-04 04:56:27.842999930,2.0,2025-11-04 04:56:27.842999930,2026-06,CLEARED
3241 Panelbeaters,85,1.0,2025-12-20 20:39:53.189999830,1.0,2025-12-20 20:39:53.189999830,2026-06,CLEARED
3311 Bricklayers and Stonemasons,45,1.0,2025-12-11 18:33:57.520000362,0.0,,2026-06,UNTOUCHED
3311 Bricklayers and Stonemasons,55,6.0,2026-05-15 11:54:12.043000163,0.0,,2026-06,UNTOUCHED
3311 Bricklayers and Stonemasons,60,8.0,2026-02-16 03:33:06.162999828,0.0,,2026-06,UNTOUCHED
3311 Bricklayers and Stonemasons,65,40.0,2026-05-29 16:14:38.893000306,35.0,2026-04-22 16:38:07.330000404,2026-06,PARTIAL
3311 Bricklayers and Stonemasons,70,10.0,2026-05-31 13:58:36.820000392,12.0,2026-06-02 13:42:11.276999994,2026-06,CLEARED
3311 Bricklayers and Stonemasons,75,10.0,2026-04-02 18:16:50.446999920,10.0,2026-06-04 02:42:03.187000166,2026-06,CLEARED
3311 Bricklayers and Stonemasons,80,2.0,2026-05-31 14:06:29.837000073,3.0,2026-06-02 00:09:48.813000174,2026-06,CLEARED
3311 Bricklayers and Stonemasons,85,1.0,2025-10-23 23:31:10.036999836,1.0,2025-10-23 23:31:10.036999836,2026-06,CLEARED
3311 Bricklayers and Stonemasons,90,0.0,,1.0,2026-06-03 18:00:37.836999936,2026-06,PARTIAL
3312 Carpenters and Joiners,30,1.0,2026-04-23 14:19:30.213000122,0.0,,2026-06,UNTOUCHED
3312 Carpenters and Joiners,40,1.0,2025-09-23 13:27:25.773000079,0.0,,2026-06,UNTOUCHED
3312 Carpenters and Joiners,45,2.0,2026-05-19 17:17:05.339999840,0.0,,2026-06,UNTOUCHED
3312 Carpenters and Joiners,50,11.0,2026-05-29 07:52:27.319999828,0.0,,2026-06,UNTOUCHED
3312 Carpenters and Joiners,55,16.0,2026-05-25 14:08:14.870000080,0.0,,2026-06,UNTOUCHED
3312 Carpenters and Joiners,60,52.0,2026-05-30 19:02:03.770000223,0.0,,2026-06,UNTOUCHED
3312 Carpenters and Joiners,65,193.0,2026-05-31 20:16:11.080000070,148.0,2026-04-21 12:13:47.269999865,2026-06,PARTIAL
3312 Carpenters and Joiners,70,129.0,2026-05-30 18:40:34.100000137,143.0,2026-06-04 00:36:45.709999755,2026-06,CLEARED
3312 Carpenters and Joiners,75,63.0,2026-05-30 16:06:35.840000315,64.0,2026-05-30 16:06:35.840000315,2026-06,CLEARED
3312 Carpenters and Joiners,80,18.0,2026-05-29 16:27:14.840000144,19.0,2026-06-03 13:53:41.652999755,2026-06,CLEARED
3312 Carpenters and Joiners,85,5.0,2026-05-14 17:05:26.826999987,6.0,2026-06-02 23:08:10.143000214,2026-06,CLEARED
3312 Carpenters and Joiners,90,2.0,2026-05-01 18:16:55.260000618,3.0,2026-06-03 23:40:28.497000034,2026-06,CLEARED
3312 Carpenters and Joiners,100,1.0,2026-05-07 22:16:46.360000280,1.0,2026-05-07 22:16:46.360000280,2026-06,CLEARED
3322 Painting Trades Workers,50,3.0,2026-05-16 13:04:43.226999685,0.0,,2026-06,UNTOUCHED
3322 Painting Trades Workers,55,8.0,2026-04-17 20:38:34.073000384,0.0,,2026-06,UNTOUCHED
3322 Painting Trades Workers,60,29.0,2026-05-27 12:15:54.162999987,0.0,,2026-06,UNTOUCHED
3322 Painting Trades Workers,65,171.0,2026-05-31 20:31:56.433000195,0.0,,2026-06,UNTOUCHED
3322 Painting Trades Workers,70,135.0,2026-05-30 18:08:32.546999892,0.0,,2026-06,UNTOUCHED
3322 Painting Trades Workers,75,69.0,2026-05-12 18:19:03.699999989,0.0,,2026-06,UNTOUCHED
3322 Painting Trades Workers,80,23.0,2026-04-20 20:01:23.422999990,0.0,,2026-06,UNTOUCHED
3322 Painting Trades Workers,85,1.0,2026-03-18 12:48:38.067000154,0.0,,2026-06,UNTOUCHED
3322 Painting Trades Workers,90,1.0,2025-10-09 21:36:15.216999793,0.0,,2026-06,UNTOUCHED
3331 Glaziers,60,1.0,2025-05-05 12:43:12.900000046,0.0,,2026-06,UNTOUCHED
3331 Glaziers,65,3.0,2026-04-22 19:50:22.446999816,2.0,2026-01-24 23:33:57.839999840,2026-06,PARTIAL
3331 Glaziers,75,1.0,2025-12-09 18:42:52.003000134,1.0,2025-12-09 18:42:52.003000134,2026-06,CLEARED
3332 Plasterers,60,4.0,2025-10-16 14:04:50.446999669,0.0,,2026-06,UNTOUCHED
3332 Plasterers,65,5.0,2026-05-09 18:53:06.720000066,4.0,2026-04-23 19:26:08.643000143,2026-06,PARTIAL
3332 Plasterers,70,3.0,2026-05-13 19:04:27.606999792,4.0,2026-06-02 13:01:46.499999856,2026-06,CLEARED
3332 Plasterers,75,0.0,,1.0,2026-06-03 23:14:23.977000230,2026-06,PARTIAL
3332 Plasterers,85,1.0,2026-05-18 20:27:39.473000375,1.0,2026-05-18 20:27:39.473000375,2026-06,CLEARED
3332 Plasterers,95,0.0,,1.0,2026-06-03 17:47:08.087000340,2026-06,PARTIAL
3334 Wall and Floor Tilers,55,3.0,2026-03-23 13:50:02.967000236,0.0,,2026-06,UNTOUCHED
3334 Wall and Floor Tilers,60,5.0,2026-05-30 14:34:29.570000240,0.0,,2026-06,UNTOUCHED
3334 Wall and Floor Tilers,65,25.0,2026-05-27 18:31:28.742999802,22.0,2026-04-21 23:05:36.532999947,2026-06,PARTIAL
3334 Wall and Floor Tilers,70,15.0,2026-05-29 20:13:36.706999762,16.0,2026-06-02 14:51:48.982999881,2026-06,CLEARED
3334 Wall and Floor Tilers,75,5.0,2026-03-31 21:30:43.527000211,5.0,2026-03-31 21:30:43.527000211,2026-06,CLEARED
3334 Wall and Floor Tilers,80,1.0,2026-04-20 15:56:22.047000224,1.0,2026-04-20 15:56:22.047000224,2026-06,CLEARED
3334 Wall and Floor Tilers,85,1.0,2026-02-09 18:16:00.526999995,1.0,2026-02-09 18:16:00.526999995,2026-06,CLEARED
3341 Plumbers,40,1.0,2026-03-16 13:40:09.570000092,0.0,,2026-06,UNTOUCHED
3341 Plumbers,55,2.0,2025-11-16 19:08:12.267000044,0.0,,2026-06,UNTOUCHED
3341 Plumbers,60,3.0,2025-11-17 12:43:25.379999869,0.0,,2026-06,UNTOUCHED
3341 Plumbers,65,19.0,2026-05-26 23:25:03.512999648,15.0,2026-04-20 18:49:30.899999769,2026-06,PARTIAL
3341 Plumbers,70,7.0,2026-05-13 17:25:58.283000302,8.0,2026-05-13 17:25:58.283000302,2026-06,CLEARED
3341 Plumbers,75,3.0,2026-04-24 20:32:36.920000209,3.0,2026-04-24 20:32:36.920000209,2026-06,CLEARED
3341 Plumbers,80,1.0,2026-05-13 09:39:46.289999963,5.0,2026-06-04 02:04:46.007000368,2026-06,CLEARED
3341 Plumbers,85,1.0,2026-01-24 19:20:34.472999929,1.0,2026-01-24 19:20:34.472999929,2026-06,CLEARED
3341 Plumbers,95,1.0,2025-08-30 00:30:30.719999923,2.0,2026-06-04 00:15:55.539999789,2026-06,CLEARED
3411 Electricians,45,2.0,2026-03-28 16:12:17.722999955,0.0,,2026-06,UNTOUCHED
3411 Electricians,50,2.0,2025-09-07 20:25:11.226999872,0.0,,2026-06,UNTOUCHED
3411 Electricians,55,7.0,2026-04-04 20:48:34.443000077,0.0,,2026-06,UNTOUCHED
3411 Electricians,60,6.0,2026-05-19 21:30:23.447000116,0.0,,2026-06,UNTOUCHED
3411 Electricians,65,32.0,2026-05-28 14:28:12.586999874,16.0,2026-04-15 18:20:42.510000148,2026-06,PARTIAL
3411 Electricians,70,17.0,2026-05-23 16:18:03.350000232,19.0,2026-06-04 00:38:15.420000232,2026-06,CLEARED
3411 Electricians,75,5.0,2026-03-31 13:43:26.409999984,6.0,2026-06-02 19:33:11.629999990,2026-06,CLEARED
3411 Electricians,80,4.0,2026-04-29 10:04:01.779999974,10.0,2026-06-04 04:21:17.817000148,2026-06,CLEARED
3421 Airconditioning and Refrigeration Mechanics,50,1.0,2025-02-03 15:45:45.573000140,0.0,,2026-06,UNTOUCHED
3421 Airconditioning and Refrigeration Mechanics,55,2.0,2025-12-27 04:42:49.679999677,0.0,,2026-06,UNTOUCHED
3421 Airconditioning and Refrigeration Mechanics,60,1.0,2025-03-28 16:55:27.857000242,0.0,,2026-06,UNTOUCHED
3421 Airconditioning and Refrigeration Mechanics,65,7.0,2026-03-08 00:59:29.007000026,0.0,,2026-06,UNTOUCHED
3421 Airconditioning and Refrigeration Mechanics,70,7.0,2026-01-27 11:52:17.419999877,0.0,,2026-06,UNTOUCHED
3421 Airconditioning and Refrigeration Mechanics,75,1.0,2025-11-16 06:37:08.922999973,0.0,,2026-06,UNTOUCHED
3421 Airconditioning and Refrigeration Mechanics,80,1.0,2024-09-16 07:31:01.223000126,1.0,2024-09-16 07:31:01.223000126,2026-06,CLEARED
3422 Electrical Distribution Trades Workers,60,1.0,2025-04-23 05:05:25.199999661,0.0,,2026-06,UNTOUCHED
3422 Electrical Distribution Trades Workers,65,1.0,2025-07-11 03:04:14.822999241,0.0,,2026-06,UNTOUCHED
3423 Electronics Trades Workers,45,1.0,2025-01-24 08:50:04.679999946,0.0,,2026-06,UNTOUCHED
3423 Electronics Trades Workers,55,11.0,2026-02-28 01:21:43.992999789,0.0,,2026-06,UNTOUCHED
3423 Electronics Trades Workers,60,14.0,2026-05-15 19:24:55.649999986,0.0,,2026-06,UNTOUCHED
3423 Electronics Trades Workers,65,55.0,2026-05-27 01:15:43.692999615,0.0,,2026-06,UNTOUCHED
3423 Electronics Trades Workers,70,48.0,2026-05-29 17:26:05.716999907,0.0,,2026-06,UNTOUCHED
3423 Electronics Trades Workers,75,28.0,2026-04-27 16:06:23.609999764,0.0,,2026-06,UNTOUCHED
3423 Electronics Trades Workers,80,13.0,2026-05-12 21:39:37.699999911,11.0,2026-02-23 23:26:21.236999714,2026-06,PARTIAL
3423 Electronics Trades Workers,85,7.0,2026-05-23 20:23:57.640000225,6.0,2026-05-23 20:23:57.640000225,2026-06,CLEARED
3423 Electronics Trades Workers,90,0.0,,1.0,2025-10-23 12:39:35.520000160,2026-06,PARTIAL
3513 Chefs,40,2.0,2025-09-24 00:26:03.760000278,0.0,,2026-06,UNTOUCHED
3513 Chefs,45,5.0,2026-05-06 12:18:36.063000048,0.0,,2026-06,UNTOUCHED
3513 Chefs,50,29.0,2026-05-29 13:10:15.539999937,0.0,,2026-06,UNTOUCHED
3513 Chefs,55,64.0,2026-05-29 13:51:10.556999625,0.0,,2026-06,UNTOUCHED
3513 Chefs,60,177.0,2026-05-27 13:51:14.010000284,0.0,,2026-06,UNTOUCHED
3513 Chefs,65,766.0,2026-05-31 16:19:24.402999918,0.0,,2026-06,UNTOUCHED
3513 Chefs,70,843.0,2026-05-31 17:51:01.593000311,0.0,,2026-06,UNTOUCHED
3513 Chefs,75,684.0,2026-05-31 16:14:02.647000219,0.0,,2026-06,UNTOUCHED
3513 Chefs,80,425.0,2026-05-31 19:03:39.982999913,0.0,,2026-06,UNTOUCHED
3513 Chefs,85,207.0,2026-05-20 06:55:33.813000007,0.0,,2026-06,UNTOUCHED
3513 Chefs,90,136.0,2026-05-29 17:16:04.573000182,0.0,,2026-06,UNTOUCHED
3513 Chefs,95,33.0,2026-05-29 16:49:47.399999960,0.0,,2026-06,UNTOUCHED
3513 Chefs,100,3.0,2026-02-20 15:11:35.040000186,0.0,,2026-06,UNTOUCHED
3513 Chefs,105,3.0,2025-02-18 18:15:33.400000307,0.0,,2026-06,UNTOUCHED
3611 Animal Attendants and Trainers,65,2.0,2025-03-24 13:09:30.920000178,0.0,,2026-06,UNTOUCHED
3611 Animal Attendants and Trainers,80,1.0,2026-02-05 11:27:19.440000126,0.0,,2026-06,UNTOUCHED
3941 Cabinetmakers,45,1.0,2024-11-11 20:39:55.186999793,0.0,,2026-06,UNTOUCHED
3941 Cabinetmakers,50,2.0,2025-09-14 12:32:24.916999824,0.0,,2026-06,UNTOUCHED
3941 Cabinetmakers,55,1.0,2024-11-25 17:58:22.479999888,0.0,,2026-06,UNTOUCHED
3941 Cabinetmakers,60,7.0,2025-12-13 20:00:26.303000146,0.0,,2026-06,UNTOUCHED
3941 Cabinetmakers,65,16.0,2026-05-01 14:52:00.913000175,0.0,,2026-06,UNTOUCHED
3941 Cabinetmakers,70,15.0,2026-05-05 17:41:05.830000120,0.0,,2026-06,UNTOUCHED
3941 Cabinetmakers,75,9.0,2026-05-11 23:00:47.769999857,0.0,,2026-06,UNTOUCHED
3941 Cabinetmakers,80,3.0,2026-05-30 22:37:29.629999954,2.0,2026-02-02 23:46:13.777000207,2026-06,PARTIAL
3941 Cabinetmakers,85,2.0,2025-11-10 17:42:25.447000003,2.0,2025-11-10 17:42:25.447000003,2026-06,CLEARED
3991 Boat Builders and Shipwrights,65,1.0,2024-06-05 10:23:59.352999722,0.0,,2026-06,UNTOUCHED
3991 Boat Builders and Shipwrights,70,1.0,2024-10-12 11:27:59.729999855,0.0,,2026-06,UNTOUCHED
3991 Boat Builders and Shipwrights,75,2.0,2026-03-18 12:04:02.609999705,0.0,,2026-06,UNTOUCHED
3991 Boat Builders and Shipwrights,80,1.0,2024-08-05 11:58:45.856999799,1.0,2024-08-05 11:58:45.856999799,2026-06,CLEARED
3991 Boat Builders and Shipwrights,85,2.0,2025-12-19 17:41:52.850000054,2.0,2025-12-19 17:41:52.850000054,2026-06,CLEARED
"4523 Sports Coaches, Instructors and Officials",60,1.0,2024-09-30 17:35:55.717000157,0.0,,2026-06,UNTOUCHED
"4523 Sports Coaches, Instructors and Officials",65,2.0,2025-12-01 22:55:11.163000060,0.0,,2026-06,UNTOUCHED
"4523 Sports Coaches, Instructors and Officials",70,1.0,2024-10-16 11:50:40.900000001,0.0,,2026-06,UNTOUCHED
"4523 Sports Coaches, Instructors and Officials",75,3.0,2026-04-22 13:50:30.873000183,0.0,,2026-06,UNTOUCHED
"4523 Sports Coaches, Instructors and Officials",85,2.0,2025-11-09 15:16:29.182999635,2.0,2025-11-09 15:16:29.182999635,2026-06,CLEARED
"4523 Sports Coaches, Instructors and Officials",90,1.0,2025-06-13 13:05:12.236999997,1.0,2025-06-13 13:05:12.236999997,2026-06,CLEARED
4524 Sportspersons,70,1.0,2026-05-28 12:23:23.442999953,0.0,,2026-06,UNTOUCHED
