Visa,OccGroup,State,n
190SAS Skilled Australian Sponsored,2613 Software and Applications Programmers,VIC,10523
190SAS Skilled Australian Sponsored,2613 Software and Applications Programmers,ANY,3298
190SAS Skilled Australian Sponsored,2613 Software and Applications Programmers,NSW,15622
190SAS Skilled Australian Sponsored,2613 Software and Applications Programmers,QLD,4798
190SAS Skilled Australian Sponsored,2613 Software and Applications Programmers,SA,8859
190SAS Skilled Australian Sponsored,2613 Software and Applications Programmers,WA,7390
190SAS Skilled Australian Sponsored,2613 Software and Applications Programmers,ACT,6190
190SAS Skilled Australian Sponsored,2613 Software and Applications Programmers,TAS,2874
190SAS Skilled Australian Sponsored,2613 Software and Applications Programmers,NT,2771
190SAS Skilled Australian Sponsored,3212 Motor Mechanics,VIC,1014
190SAS Skilled Australian Sponsored,3212 Motor Mechanics,ANY,386
190SAS Skilled Australian Sponsored,3212 Motor Mechanics,NSW,825
190SAS Skilled Australian Sponsored,3212 Motor Mechanics,QLD,319
190SAS Skilled Australian Sponsored,3212 Motor Mechanics,SA,552
190SAS Skilled Australian Sponsored,3212 Motor Mechanics,WA,1294
190SAS Skilled Australian Sponsored,3212 Motor Mechanics,ACT,100
190SAS Skilled Australian Sponsored,3212 Motor Mechanics,TAS,196
190SAS Skilled Australian Sponsored,3212 Motor Mechanics,NT,98
190SAS Skilled Australian Sponsored,2332 Civil Engineering Professionals,VIC,3860
190SAS Skilled Australian Sponsored,2332 Civil Engineering Professionals,ANY,1379
190SAS Skilled Australian Sponsored,2332 Civil Engineering Professionals,NSW,4308
190SAS Skilled Australian Sponsored,2332 Civil Engineering Professionals,QLD,2856
190SAS Skilled Australian Sponsored,2332 Civil Engineering Professionals,SA,2621
190SAS Skilled Australian Sponsored,2332 Civil Engineering Professionals,WA,5727
190SAS Skilled Australian Sponsored,2332 Civil Engineering Professionals,ACT,1408
190SAS Skilled Australian Sponsored,2332 Civil Engineering Professionals,TAS,1039
190SAS Skilled Australian Sponsored,2332 Civil Engineering Professionals,NT,954
190SAS Skilled Australian Sponsored,2411 Early Childhood (Pre-primary School) Teachers,VIC,5609
190SAS Skilled Australian Sponsored,2411 Early Childhood (Pre-primary School) Teachers,ANY,715
190SAS Skilled Australian Sponsored,2411 Early Childhood (Pre-primary School) Teachers,NSW,4538
190SAS Skilled Australian Sponsored,2411 Early Childhood (Pre-primary School) Teachers,QLD,690
190SAS Skilled Australian Sponsored,2411 Early Childhood (Pre-primary School) Teachers,SA,572
190SAS Skilled Australian Sponsored,2411 Early Childhood (Pre-primary School) Teachers,WA,3022
190SAS Skilled Australian Sponsored,2411 Early Childhood (Pre-primary School) Teachers,ACT,316
190SAS Skilled Australian Sponsored,2411 Early Childhood (Pre-primary School) Teachers,TAS,368
190SAS Skilled Australian Sponsored,2411 Early Childhood (Pre-primary School) Teachers,NT,214
190SAS Skilled Australian Sponsored,2611 ICT Business and Systems Analysts,VIC,3966
190SAS Skilled Australian Sponsored,2611 ICT Business and Systems Analysts,ANY,1288
190SAS Skilled Australian Sponsored,2611 ICT Business and Systems Analysts,NSW,6142
190SAS Skilled Australian Sponsored,2611 ICT Business and Systems Analysts,QLD,1334
190SAS Skilled Australian Sponsored,2611 ICT Business and Systems Analysts,SA,2653
190SAS Skilled Australian Sponsored,2611 ICT Business and Systems Analysts,WA,3746
190SAS Skilled Australian Sponsored,2611 ICT Business and Systems Analysts,ACT,1597
190SAS Skilled Australian Sponsored,2611 ICT Business and Systems Analysts,TAS,906
190SAS Skilled Australian Sponsored,2611 ICT Business and Systems Analysts,NT,857
190SAS Skilled Australian Sponsored,2211 Accountants,VIC,2758
190SAS Skilled Australian Sponsored,2211 Accountants,ANY,1769
190SAS Skilled Australian Sponsored,2211 Accountants,NSW,2642
190SAS Skilled Australian Sponsored,2211 Accountants,QLD,1069
190SAS Skilled Australian Sponsored,2211 Accountants,SA,1350
190SAS Skilled Australian Sponsored,2211 Accountants,WA,4468
190SAS Skilled Australian Sponsored,2211 Accountants,ACT,1005
190SAS Skilled Australian Sponsored,2211 Accountants,TAS,910
190SAS Skilled Australian Sponsored,2211 Accountants,NT,708
190SAS Skilled Australian Sponsored,2344 Geologists Geophysicists and Hydrogeologists,VIC,131
190SAS Skilled Australian Sponsored,2344 Geologists Geophysicists and Hydrogeologists,ANY,80
190SAS Skilled Australian Sponsored,2344 Geologists Geophysicists and Hydrogeologists,NSW,176
190SAS Skilled Australian Sponsored,2344 Geologists Geophysicists and Hydrogeologists,QLD,176
190SAS Skilled Australian Sponsored,2344 Geologists Geophysicists and Hydrogeologists,SA,164
190SAS Skilled Australian Sponsored,2344 Geologists Geophysicists and Hydrogeologists,WA,266
190SAS Skilled Australian Sponsored,2344 Geologists Geophysicists and Hydrogeologists,ACT,47
190SAS Skilled Australian Sponsored,2344 Geologists Geophysicists and Hydrogeologists,TAS,59
190SAS Skilled Australian Sponsored,2344 Geologists Geophysicists and Hydrogeologists,NT,69
190SAS Skilled Australian Sponsored,"2621 Database and Systems Administrators, and ICT Security Specialists",VIC,1497
190SAS Skilled Australian Sponsored,"2621 Database and Systems Administrators, and ICT Security Specialists",ANY,544
190SAS Skilled Australian Sponsored,"2621 Database and Systems Administrators, and ICT Security Specialists",NSW,2302
190SAS Skilled Australian Sponsored,"2621 Database and Systems Administrators, and ICT Security Specialists",QLD,704
190SAS Skilled Australian Sponsored,"2621 Database and Systems Administrators, and ICT Security Specialists",SA,948
190SAS Skilled Australian Sponsored,"2621 Database and Systems Administrators, and ICT Security Specialists",WA,1562
190SAS Skilled Australian Sponsored,"2621 Database and Systems Administrators, and ICT Security Specialists",ACT,645
190SAS Skilled Australian Sponsored,"2621 Database and Systems Administrators, and ICT Security Specialists",TAS,350
190SAS Skilled Australian Sponsored,"2621 Database and Systems Administrators, and ICT Security Specialists",NT,313
190SAS Skilled Australian Sponsored,4117 Welfare Support Workers,VIC,438
190SAS Skilled Australian Sponsored,4117 Welfare Support Workers,ANY,168
190SAS Skilled Australian Sponsored,4117 Welfare Support Workers,NSW,1102
190SAS Skilled Australian Sponsored,4117 Welfare Support Workers,QLD,122
190SAS Skilled Australian Sponsored,4117 Welfare Support Workers,SA,267
190SAS Skilled Australian Sponsored,4117 Welfare Support Workers,WA,1349
190SAS Skilled Australian Sponsored,4117 Welfare Support Workers,ACT,95
190SAS Skilled Australian Sponsored,4117 Welfare Support Workers,TAS,126
190SAS Skilled Australian Sponsored,4117 Welfare Support Workers,NT,110
190SAS Skilled Australian Sponsored,"2212 Auditors, Company Secretaries and Corporate Treasurers",VIC,1247
190SAS Skilled Australian Sponsored,"2212 Auditors, Company Secretaries and Corporate Treasurers",ANY,488
190SAS Skilled Australian Sponsored,"2212 Auditors, Company Secretaries and Corporate Treasurers",NSW,1256
190SAS Skilled Australian Sponsored,"2212 Auditors, Company Secretaries and Corporate Treasurers",QLD,442
190SAS Skilled Australian Sponsored,"2212 Auditors, Company Secretaries and Corporate Treasurers",SA,794
190SAS Skilled Australian Sponsored,"2212 Auditors, Company Secretaries and Corporate Treasurers",WA,1176
190SAS Skilled Australian Sponsored,"2212 Auditors, Company Secretaries and Corporate Treasurers",ACT,527
190SAS Skilled Australian Sponsored,"2212 Auditors, Company Secretaries and Corporate Treasurers",TAS,322
190SAS Skilled Australian Sponsored,"2212 Auditors, Company Secretaries and Corporate Treasurers",NT,291
190SAS Skilled Australian Sponsored,2345 Life Scientists,VIC,685
190SAS Skilled Australian Sponsored,2345 Life Scientists,ANY,207
190SAS Skilled Australian Sponsored,2345 Life Scientists,NSW,445
190SAS Skilled Australian Sponsored,2345 Life Scientists,QLD,346
190SAS Skilled Australian Sponsored,2345 Life Scientists,SA,482
190SAS Skilled Australian Sponsored,2345 Life Scientists,WA,353
190SAS Skilled Australian Sponsored,2345 Life Scientists,ACT,261
190SAS Skilled Australian Sponsored,2345 Life Scientists,TAS,167
190SAS Skilled Australian Sponsored,2345 Life Scientists,NT,130
190SAS Skilled Australian Sponsored,"2335 Industrial, Mechanical and Production Engineers",VIC,3767
190SAS Skilled Australian Sponsored,"2335 Industrial, Mechanical and Production Engineers",ANY,1356
190SAS Skilled Australian Sponsored,"2335 Industrial, Mechanical and Production Engineers",NSW,4103
190SAS Skilled Australian Sponsored,"2335 Industrial, Mechanical and Production Engineers",QLD,2942
190SAS Skilled Australian Sponsored,"2335 Industrial, Mechanical and Production Engineers",SA,2833
190SAS Skilled Australian Sponsored,"2335 Industrial, Mechanical and Production Engineers",WA,3847
190SAS Skilled Australian Sponsored,"2335 Industrial, Mechanical and Production Engineers",ACT,1655
190SAS Skilled Australian Sponsored,"2335 Industrial, Mechanical and Production Engineers",TAS,1236
190SAS Skilled Australian Sponsored,"2335 Industrial, Mechanical and Production Engineers",NT,1083
190SAS Skilled Australian Sponsored,2339 Other Engineering Professionals,VIC,3401
190SAS Skilled Australian Sponsored,2339 Other Engineering Professionals,ANY,1184
190SAS Skilled Australian Sponsored,2339 Other Engineering Professionals,NSW,3918
190SAS Skilled Australian Sponsored,2339 Other Engineering Professionals,QLD,1690
190SAS Skilled Australian Sponsored,2339 Other Engineering Professionals,SA,2148
190SAS Skilled Australian Sponsored,2339 Other Engineering Professionals,WA,2780
190SAS Skilled Australian Sponsored,2339 Other Engineering Professionals,ACT,1178
190SAS Skilled Australian Sponsored,2339 Other Engineering Professionals,TAS,919
190SAS Skilled Australian Sponsored,2339 Other Engineering Professionals,NT,746
190SAS Skilled Australian Sponsored,2341 Agricultural and Forestry Scientists,VIC,503
190SAS Skilled Australian Sponsored,2341 Agricultural and Forestry Scientists,ANY,172
190SAS Skilled Australian Sponsored,2341 Agricultural and Forestry Scientists,NSW,560
190SAS Skilled Australian Sponsored,2341 Agricultural and Forestry Scientists,QLD,280
190SAS Skilled Australian Sponsored,2341 Agricultural and Forestry Scientists,SA,412
190SAS Skilled Australian Sponsored,2341 Agricultural and Forestry Scientists,WA,437
190SAS Skilled Australian Sponsored,2341 Agricultural and Forestry Scientists,ACT,123
190SAS Skilled Australian Sponsored,2341 Agricultural and Forestry Scientists,TAS,170
190SAS Skilled Australian Sponsored,2341 Agricultural and Forestry Scientists,NT,134
190SAS Skilled Australian Sponsored,2544 Registered Nurses,VIC,5591
190SAS Skilled Australian Sponsored,2544 Registered Nurses,ANY,1428
190SAS Skilled Australian Sponsored,2544 Registered Nurses,NSW,7014
190SAS Skilled Australian Sponsored,2544 Registered Nurses,QLD,4255
190SAS Skilled Australian Sponsored,2544 Registered Nurses,SA,3432
190SAS Skilled Australian Sponsored,2544 Registered Nurses,WA,3892
190SAS Skilled Australian Sponsored,2544 Registered Nurses,ACT,2217
190SAS Skilled Australian Sponsored,2544 Registered Nurses,TAS,1924
190SAS Skilled Australian Sponsored,2544 Registered Nurses,NT,1558
190SAS Skilled Australian Sponsored,3513 Chefs,VIC,2774
190SAS Skilled Australian Sponsored,3513 Chefs,ANY,1057
190SAS Skilled Australian Sponsored,3513 Chefs,NSW,1475
190SAS Skilled Australian Sponsored,3513 Chefs,QLD,1040
190SAS Skilled Australian Sponsored,3513 Chefs,SA,1570
190SAS Skilled Australian Sponsored,3513 Chefs,WA,5192
190SAS Skilled Australian Sponsored,3513 Chefs,ACT,453
190SAS Skilled Australian Sponsored,3513 Chefs,TAS,851
190SAS Skilled Australian Sponsored,3513 Chefs,NT,405
190SAS Skilled Australian Sponsored,3513 Chefs,-,1
190SAS Skilled Australian Sponsored,2334 Electronics Engineers,VIC,1074
190SAS Skilled Australian Sponsored,2334 Electronics Engineers,ANY,403
190SAS Skilled Australian Sponsored,2334 Electronics Engineers,NSW,1176
190SAS Skilled Australian Sponsored,2334 Electronics Engineers,QLD,737
190SAS Skilled Australian Sponsored,2334 Electronics Engineers,SA,901
190SAS Skilled Australian Sponsored,2334 Electronics Engineers,WA,1038
190SAS Skilled Australian Sponsored,2334 Electronics Engineers,ACT,486
190SAS Skilled Australian Sponsored,2334 Electronics Engineers,TAS,337
190SAS Skilled Australian Sponsored,2334 Electronics Engineers,NT,314
190SAS Skilled Australian Sponsored,3232 Metal Fitters and Machinists,VIC,164
190SAS Skilled Australian Sponsored,3232 Metal Fitters and Machinists,ANY,98
190SAS Skilled Australian Sponsored,3232 Metal Fitters and Machinists,NSW,181
190SAS Skilled Australian Sponsored,3232 Metal Fitters and Machinists,QLD,178
190SAS Skilled Australian Sponsored,3232 Metal Fitters and Machinists,SA,184
190SAS Skilled Australian Sponsored,3232 Metal Fitters and Machinists,WA,231
190SAS Skilled Australian Sponsored,3232 Metal Fitters and Machinists,ACT,67
190SAS Skilled Australian Sponsored,3232 Metal Fitters and Machinists,TAS,71
190SAS Skilled Australian Sponsored,3232 Metal Fitters and Machinists,NT,80
190SAS Skilled Australian Sponsored,3114 Science Technicians,VIC,245
190SAS Skilled Australian Sponsored,3114 Science Technicians,ANY,88
190SAS Skilled Australian Sponsored,3114 Science Technicians,NSW,140
190SAS Skilled Australian Sponsored,3114 Science Technicians,QLD,82
190SAS Skilled Australian Sponsored,3114 Science Technicians,SA,214
190SAS Skilled Australian Sponsored,3114 Science Technicians,WA,158
190SAS Skilled Australian Sponsored,3114 Science Technicians,ACT,112
190SAS Skilled Australian Sponsored,3114 Science Technicians,TAS,68
190SAS Skilled Australian Sponsored,3114 Science Technicians,NT,46
190SAS Skilled Australian Sponsored,3622 Gardeners,VIC,11
190SAS Skilled Australian Sponsored,3622 Gardeners,ANY,4
190SAS Skilled Australian Sponsored,3622 Gardeners,NSW,9
190SAS Skilled Australian Sponsored,3622 Gardeners,QLD,4
190SAS Skilled Australian Sponsored,3622 Gardeners,SA,16
190SAS Skilled Australian Sponsored,3622 Gardeners,WA,10
190SAS Skilled Australian Sponsored,3622 Gardeners,ACT,2
190SAS Skilled Australian Sponsored,3622 Gardeners,TAS,5
190SAS Skilled Australian Sponsored,3622 Gardeners,NT,1
190SAS Skilled Australian Sponsored,"2324 Graphic and Web Designers, and Illustrators",VIC,474
190SAS Skilled Australian Sponsored,"2324 Graphic and Web Designers, and Illustrators",ANY,90
190SAS Skilled Australian Sponsored,"2324 Graphic and Web Designers, and Illustrators",NSW,311
190SAS Skilled Australian Sponsored,"2324 Graphic and Web Designers, and Illustrators",QLD,155
190SAS Skilled Australian Sponsored,"2324 Graphic and Web Designers, and Illustrators",SA,454
190SAS Skilled Australian Sponsored,"2324 Graphic and Web Designers, and Illustrators",WA,135
190SAS Skilled Australian Sponsored,"2324 Graphic and Web Designers, and Illustrators",ACT,208
190SAS Skilled Australian Sponsored,"2324 Graphic and Web Designers, and Illustrators",TAS,101
190SAS Skilled Australian Sponsored,"2324 Graphic and Web Designers, and Illustrators",NT,107
190SAS Skilled Australian Sponsored,2631 Computer Network Professionals,VIC,1560
190SAS Skilled Australian Sponsored,2631 Computer Network Professionals,ANY,587
190SAS Skilled Australian Sponsored,2631 Computer Network Professionals,NSW,2586
190SAS Skilled Australian Sponsored,2631 Computer Network Professionals,QLD,547
190SAS Skilled Australian Sponsored,2631 Computer Network Professionals,SA,1016
190SAS Skilled Australian Sponsored,2631 Computer Network Professionals,WA,1637
190SAS Skilled Australian Sponsored,2631 Computer Network Professionals,ACT,642
190SAS Skilled Australian Sponsored,2631 Computer Network Professionals,TAS,358
190SAS Skilled Australian Sponsored,2631 Computer Network Professionals,NT,348
190SAS Skilled Australian Sponsored,4116 Massage Therapists,VIC,18
190SAS Skilled Australian Sponsored,4116 Massage Therapists,ANY,9
190SAS Skilled Australian Sponsored,4116 Massage Therapists,NSW,13
190SAS Skilled Australian Sponsored,4116 Massage Therapists,QLD,25
190SAS Skilled Australian Sponsored,4116 Massage Therapists,SA,15
190SAS Skilled Australian Sponsored,4116 Massage Therapists,WA,6
190SAS Skilled Australian Sponsored,4116 Massage Therapists,ACT,6
190SAS Skilled Australian Sponsored,4116 Massage Therapists,TAS,17
190SAS Skilled Australian Sponsored,4116 Massage Therapists,NT,6
190SAS Skilled Australian Sponsored,"2342 Chemists, and Food and Wine Scientists",VIC,674
190SAS Skilled Australian Sponsored,"2342 Chemists, and Food and Wine Scientists",ANY,193
190SAS Skilled Australian Sponsored,"2342 Chemists, and Food and Wine Scientists",NSW,755
190SAS Skilled Australian Sponsored,"2342 Chemists, and Food and Wine Scientists",QLD,292
190SAS Skilled Australian Sponsored,"2342 Chemists, and Food and Wine Scientists",SA,550
190SAS Skilled Australian Sponsored,"2342 Chemists, and Food and Wine Scientists",WA,441
190SAS Skilled Australian Sponsored,"2342 Chemists, and Food and Wine Scientists",ACT,180
190SAS Skilled Australian Sponsored,"2342 Chemists, and Food and Wine Scientists",TAS,178
190SAS Skilled Australian Sponsored,"2342 Chemists, and Food and Wine Scientists",NT,136
190SAS Skilled Australian Sponsored,2713 Solicitors,VIC,236
190SAS Skilled Australian Sponsored,2713 Solicitors,ANY,82
190SAS Skilled Australian Sponsored,2713 Solicitors,NSW,169
190SAS Skilled Australian Sponsored,2713 Solicitors,QLD,86
190SAS Skilled Australian Sponsored,2713 Solicitors,SA,53
190SAS Skilled Australian Sponsored,2713 Solicitors,WA,83
190SAS Skilled Australian Sponsored,2713 Solicitors,ACT,51
190SAS Skilled Australian Sponsored,2713 Solicitors,TAS,28
190SAS Skilled Australian Sponsored,2713 Solicitors,NT,19
190SAS Skilled Australian Sponsored,1311 Advertising and Sales Managers,VIC,279
190SAS Skilled Australian Sponsored,1311 Advertising and Sales Managers,ANY,74
190SAS Skilled Australian Sponsored,1311 Advertising and Sales Managers,NSW,189
190SAS Skilled Australian Sponsored,1311 Advertising and Sales Managers,QLD,110
190SAS Skilled Australian Sponsored,1311 Advertising and Sales Managers,SA,265
190SAS Skilled Australian Sponsored,1311 Advertising and Sales Managers,WA,221
190SAS Skilled Australian Sponsored,1311 Advertising and Sales Managers,ACT,154
190SAS Skilled Australian Sponsored,1311 Advertising and Sales Managers,TAS,92
190SAS Skilled Australian Sponsored,1311 Advertising and Sales Managers,NT,90
190SAS Skilled Australian Sponsored,1322 Finance Managers,VIC,259
190SAS Skilled Australian Sponsored,1322 Finance Managers,ANY,133
190SAS Skilled Australian Sponsored,1322 Finance Managers,NSW,350
190SAS Skilled Australian Sponsored,1322 Finance Managers,QLD,110
190SAS Skilled Australian Sponsored,1322 Finance Managers,SA,308
190SAS Skilled Australian Sponsored,1322 Finance Managers,WA,607
190SAS Skilled Australian Sponsored,1322 Finance Managers,ACT,148
190SAS Skilled Australian Sponsored,1322 Finance Managers,TAS,94
190SAS Skilled Australian Sponsored,1322 Finance Managers,NT,106
190SAS Skilled Australian Sponsored,"3121 Architectural, Building and Surveying Technicians",VIC,581
190SAS Skilled Australian Sponsored,"3121 Architectural, Building and Surveying Technicians",ANY,139
190SAS Skilled Australian Sponsored,"3121 Architectural, Building and Surveying Technicians",NSW,682
190SAS Skilled Australian Sponsored,"3121 Architectural, Building and Surveying Technicians",QLD,486
190SAS Skilled Australian Sponsored,"3121 Architectural, Building and Surveying Technicians",SA,540
190SAS Skilled Australian Sponsored,"3121 Architectural, Building and Surveying Technicians",WA,857
190SAS Skilled Australian Sponsored,"3121 Architectural, Building and Surveying Technicians",ACT,301
190SAS Skilled Australian Sponsored,"3121 Architectural, Building and Surveying Technicians",TAS,176
190SAS Skilled Australian Sponsored,"3121 Architectural, Building and Surveying Technicians",NT,171
190SAS Skilled Australian Sponsored,2331 Chemical and Materials Engineers,VIC,718
190SAS Skilled Australian Sponsored,2331 Chemical and Materials Engineers,ANY,302
190SAS Skilled Australian Sponsored,2331 Chemical and Materials Engineers,NSW,828
190SAS Skilled Australian Sponsored,2331 Chemical and Materials Engineers,QLD,596
190SAS Skilled Australian Sponsored,2331 Chemical and Materials Engineers,SA,547
190SAS Skilled Australian Sponsored,2331 Chemical and Materials Engineers,WA,770
190SAS Skilled Australian Sponsored,2331 Chemical and Materials Engineers,ACT,256
190SAS Skilled Australian Sponsored,2331 Chemical and Materials Engineers,TAS,240
190SAS Skilled Australian Sponsored,2331 Chemical and Materials Engineers,NT,229
190SAS Skilled Australian Sponsored,2251 Advertising and Marketing Professionals,VIC,2064
190SAS Skilled Australian Sponsored,2251 Advertising and Marketing Professionals,ANY,400
190SAS Skilled Australian Sponsored,2251 Advertising and Marketing Professionals,NSW,1293
190SAS Skilled Australian Sponsored,2251 Advertising and Marketing Professionals,QLD,674
190SAS Skilled Australian Sponsored,2251 Advertising and Marketing Professionals,SA,1735
190SAS Skilled Australian Sponsored,2251 Advertising and Marketing Professionals,WA,695
190SAS Skilled Australian Sponsored,2251 Advertising and Marketing Professionals,ACT,942
190SAS Skilled Australian Sponsored,2251 Advertising and Marketing Professionals,TAS,504
190SAS Skilled Australian Sponsored,2251 Advertising and Marketing Professionals,NT,473
190SAS Skilled Australian Sponsored,2254 Technical Sales Representatives,VIC,55
190SAS Skilled Australian Sponsored,2254 Technical Sales Representatives,ANY,21
190SAS Skilled Australian Sponsored,2254 Technical Sales Representatives,NSW,33
190SAS Skilled Australian Sponsored,2254 Technical Sales Representatives,QLD,19
190SAS Skilled Australian Sponsored,2254 Technical Sales Representatives,SA,45
190SAS Skilled Australian Sponsored,2254 Technical Sales Representatives,WA,20
190SAS Skilled Australian Sponsored,2254 Technical Sales Representatives,ACT,14
190SAS Skilled Australian Sponsored,2254 Technical Sales Representatives,TAS,14
190SAS Skilled Australian Sponsored,2254 Technical Sales Representatives,NT,12
190SAS Skilled Australian Sponsored,3123 Electrical Engineering Draftspersons and Technicians,VIC,155
190SAS Skilled Australian Sponsored,3123 Electrical Engineering Draftspersons and Technicians,ANY,43
190SAS Skilled Australian Sponsored,3123 Electrical Engineering Draftspersons and Technicians,NSW,215
190SAS Skilled Australian Sponsored,3123 Electrical Engineering Draftspersons and Technicians,QLD,179
190SAS Skilled Australian Sponsored,3123 Electrical Engineering Draftspersons and Technicians,SA,200
190SAS Skilled Australian Sponsored,3123 Electrical Engineering Draftspersons and Technicians,WA,172
190SAS Skilled Australian Sponsored,3123 Electrical Engineering Draftspersons and Technicians,ACT,66
190SAS Skilled Australian Sponsored,3123 Electrical Engineering Draftspersons and Technicians,TAS,56
190SAS Skilled Australian Sponsored,3123 Electrical Engineering Draftspersons and Technicians,NT,54
190SAS Skilled Australian Sponsored,2231 Human Resource Professionals,VIC,387
190SAS Skilled Australian Sponsored,2231 Human Resource Professionals,ANY,70
190SAS Skilled Australian Sponsored,2231 Human Resource Professionals,NSW,276
190SAS Skilled Australian Sponsored,2231 Human Resource Professionals,QLD,145
190SAS Skilled Australian Sponsored,2231 Human Resource Professionals,SA,371
190SAS Skilled Australian Sponsored,2231 Human Resource Professionals,WA,177
190SAS Skilled Australian Sponsored,2231 Human Resource Professionals,ACT,241
190SAS Skilled Australian Sponsored,2231 Human Resource Professionals,TAS,104
190SAS Skilled Australian Sponsored,2231 Human Resource Professionals,NT,98
190SAS Skilled Australian Sponsored,6392 Retail and Wool Buyers,VIC,39
190SAS Skilled Australian Sponsored,6392 Retail and Wool Buyers,ANY,17
190SAS Skilled Australian Sponsored,6392 Retail and Wool Buyers,NSW,25
190SAS Skilled Australian Sponsored,6392 Retail and Wool Buyers,QLD,9
190SAS Skilled Australian Sponsored,6392 Retail and Wool Buyers,SA,14
190SAS Skilled Australian Sponsored,6392 Retail and Wool Buyers,WA,9
190SAS Skilled Australian Sponsored,6392 Retail and Wool Buyers,ACT,10
190SAS Skilled Australian Sponsored,6392 Retail and Wool Buyers,TAS,4
190SAS Skilled Australian Sponsored,6392 Retail and Wool Buyers,NT,4
190SAS Skilled Australian Sponsored,3514 Cooks,VIC,298
190SAS Skilled Australian Sponsored,3514 Cooks,ANY,172
190SAS Skilled Australian Sponsored,3514 Cooks,NSW,329
190SAS Skilled Australian Sponsored,3514 Cooks,QLD,162
190SAS Skilled Australian Sponsored,3514 Cooks,SA,163
190SAS Skilled Australian Sponsored,3514 Cooks,WA,2716
190SAS Skilled Australian Sponsored,3514 Cooks,ACT,114
190SAS Skilled Australian Sponsored,3514 Cooks,TAS,174
190SAS Skilled Australian Sponsored,3514 Cooks,NT,132
190SAS Skilled Australian Sponsored,2333 Electrical Engineers,VIC,1623
190SAS Skilled Australian Sponsored,2333 Electrical Engineers,ANY,675
190SAS Skilled Australian Sponsored,2333 Electrical Engineers,NSW,1904
190SAS Skilled Australian Sponsored,2333 Electrical Engineers,QLD,1184
190SAS Skilled Australian Sponsored,2333 Electrical Engineers,SA,1141
190SAS Skilled Australian Sponsored,2333 Electrical Engineers,WA,1831
190SAS Skilled Australian Sponsored,2333 Electrical Engineers,ACT,657
190SAS Skilled Australian Sponsored,2333 Electrical Engineers,TAS,565
190SAS Skilled Australian Sponsored,2333 Electrical Engineers,NT,533
190SAS Skilled Australian Sponsored,2223 Financial Investment Advisers and Managers,VIC,446
190SAS Skilled Australian Sponsored,2223 Financial Investment Advisers and Managers,ANY,84
190SAS Skilled Australian Sponsored,2223 Financial Investment Advisers and Managers,NSW,258
190SAS Skilled Australian Sponsored,2223 Financial Investment Advisers and Managers,QLD,129
190SAS Skilled Australian Sponsored,2223 Financial Investment Advisers and Managers,SA,395
190SAS Skilled Australian Sponsored,2223 Financial Investment Advisers and Managers,WA,177
190SAS Skilled Australian Sponsored,2223 Financial Investment Advisers and Managers,ACT,244
190SAS Skilled Australian Sponsored,2223 Financial Investment Advisers and Managers,TAS,99
190SAS Skilled Australian Sponsored,2223 Financial Investment Advisers and Managers,NT,146
190SAS Skilled Australian Sponsored,2321 Architects and Landscape Architects,VIC,605
190SAS Skilled Australian Sponsored,2321 Architects and Landscape Architects,ANY,104
190SAS Skilled Australian Sponsored,2321 Architects and Landscape Architects,NSW,596
190SAS Skilled Australian Sponsored,2321 Architects and Landscape Architects,QLD,184
190SAS Skilled Australian Sponsored,2321 Architects and Landscape Architects,SA,247
190SAS Skilled Australian Sponsored,2321 Architects and Landscape Architects,WA,467
190SAS Skilled Australian Sponsored,2321 Architects and Landscape Architects,ACT,109
190SAS Skilled Australian Sponsored,2321 Architects and Landscape Architects,TAS,59
190SAS Skilled Australian Sponsored,2321 Architects and Landscape Architects,NT,39
190SAS Skilled Australian Sponsored,3112 Medical Technicians,VIC,924
190SAS Skilled Australian Sponsored,3112 Medical Technicians,ANY,364
190SAS Skilled Australian Sponsored,3112 Medical Technicians,NSW,1205
190SAS Skilled Australian Sponsored,3112 Medical Technicians,QLD,518
190SAS Skilled Australian Sponsored,3112 Medical Technicians,SA,930
190SAS Skilled Australian Sponsored,3112 Medical Technicians,WA,983
190SAS Skilled Australian Sponsored,3112 Medical Technicians,ACT,556
190SAS Skilled Australian Sponsored,3112 Medical Technicians,TAS,412
190SAS Skilled Australian Sponsored,3112 Medical Technicians,NT,381
190SAS Skilled Australian Sponsored,2531 General Practitioners and Resident Medical officers,VIC,332
190SAS Skilled Australian Sponsored,2531 General Practitioners and Resident Medical officers,ANY,89
190SAS Skilled Australian Sponsored,2531 General Practitioners and Resident Medical officers,NSW,318
190SAS Skilled Australian Sponsored,2531 General Practitioners and Resident Medical officers,QLD,396
190SAS Skilled Australian Sponsored,2531 General Practitioners and Resident Medical officers,SA,80
190SAS Skilled Australian Sponsored,2531 General Practitioners and Resident Medical officers,WA,276
190SAS Skilled Australian Sponsored,2531 General Practitioners and Resident Medical officers,ACT,37
190SAS Skilled Australian Sponsored,2531 General Practitioners and Resident Medical officers,TAS,45
190SAS Skilled Australian Sponsored,2531 General Practitioners and Resident Medical officers,NT,28
190SAS Skilled Australian Sponsored,1323 Human Resource Managers,VIC,143
190SAS Skilled Australian Sponsored,1323 Human Resource Managers,ANY,50
190SAS Skilled Australian Sponsored,1323 Human Resource Managers,NSW,107
190SAS Skilled Australian Sponsored,1323 Human Resource Managers,QLD,59
190SAS Skilled Australian Sponsored,1323 Human Resource Managers,SA,170
190SAS Skilled Australian Sponsored,1323 Human Resource Managers,WA,101
190SAS Skilled Australian Sponsored,1323 Human Resource Managers,ACT,85
190SAS Skilled Australian Sponsored,1323 Human Resource Managers,TAS,60
190SAS Skilled Australian Sponsored,1323 Human Resource Managers,NT,59
190SAS Skilled Australian Sponsored,3113 Primary Products Inspectors,VIC,22
190SAS Skilled Australian Sponsored,3113 Primary Products Inspectors,ANY,10
190SAS Skilled Australian Sponsored,3113 Primary Products Inspectors,NSW,20
190SAS Skilled Australian Sponsored,3113 Primary Products Inspectors,QLD,22
190SAS Skilled Australian Sponsored,3113 Primary Products Inspectors,SA,42
190SAS Skilled Australian Sponsored,3113 Primary Products Inspectors,WA,36
190SAS Skilled Australian Sponsored,3113 Primary Products Inspectors,ACT,5
190SAS Skilled Australian Sponsored,3113 Primary Products Inspectors,TAS,7
190SAS Skilled Australian Sponsored,3113 Primary Products Inspectors,NT,5
190SAS Skilled Australian Sponsored,1335 Production Managers,VIC,199
190SAS Skilled Australian Sponsored,1335 Production Managers,ANY,35
190SAS Skilled Australian Sponsored,1335 Production Managers,NSW,290
190SAS Skilled Australian Sponsored,1335 Production Managers,QLD,171
190SAS Skilled Australian Sponsored,1335 Production Managers,SA,265
190SAS Skilled Australian Sponsored,1335 Production Managers,WA,144
190SAS Skilled Australian Sponsored,1335 Production Managers,ACT,124
190SAS Skilled Australian Sponsored,1335 Production Managers,TAS,63
190SAS Skilled Australian Sponsored,1335 Production Managers,NT,70
190SAS Skilled Australian Sponsored,2515 Pharmacists,VIC,2742
190SAS Skilled Australian Sponsored,2515 Pharmacists,ANY,813
190SAS Skilled Australian Sponsored,2515 Pharmacists,NSW,3824
190SAS Skilled Australian Sponsored,2515 Pharmacists,QLD,1768
190SAS Skilled Australian Sponsored,2515 Pharmacists,SA,2920
190SAS Skilled Australian Sponsored,2515 Pharmacists,WA,2566
190SAS Skilled Australian Sponsored,2515 Pharmacists,ACT,2061
190SAS Skilled Australian Sponsored,2515 Pharmacists,TAS,1706
190SAS Skilled Australian Sponsored,2515 Pharmacists,NT,1496
190SAS Skilled Australian Sponsored,1351 ICT Managers,VIC,570
190SAS Skilled Australian Sponsored,1351 ICT Managers,ANY,221
190SAS Skilled Australian Sponsored,1351 ICT Managers,NSW,1313
190SAS Skilled Australian Sponsored,1351 ICT Managers,QLD,223
190SAS Skilled Australian Sponsored,1351 ICT Managers,SA,566
190SAS Skilled Australian Sponsored,1351 ICT Managers,WA,710
190SAS Skilled Australian Sponsored,1351 ICT Managers,ACT,449
190SAS Skilled Australian Sponsored,1351 ICT Managers,TAS,174
190SAS Skilled Australian Sponsored,1351 ICT Managers,NT,202
190SAS Skilled Australian Sponsored,2247 Management and Organisation Analysts,VIC,751
190SAS Skilled Australian Sponsored,2247 Management and Organisation Analysts,ANY,174
190SAS Skilled Australian Sponsored,2247 Management and Organisation Analysts,NSW,535
190SAS Skilled Australian Sponsored,2247 Management and Organisation Analysts,QLD,219
190SAS Skilled Australian Sponsored,2247 Management and Organisation Analysts,SA,642
190SAS Skilled Australian Sponsored,2247 Management and Organisation Analysts,WA,421
190SAS Skilled Australian Sponsored,2247 Management and Organisation Analysts,ACT,350
190SAS Skilled Australian Sponsored,2247 Management and Organisation Analysts,TAS,161
190SAS Skilled Australian Sponsored,2247 Management and Organisation Analysts,NT,134
190SAS Skilled Australian Sponsored,2347 Veterinarians,VIC,55
190SAS Skilled Australian Sponsored,2347 Veterinarians,ANY,23
190SAS Skilled Australian Sponsored,2347 Veterinarians,NSW,51
190SAS Skilled Australian Sponsored,2347 Veterinarians,QLD,34
190SAS Skilled Australian Sponsored,2347 Veterinarians,SA,12
190SAS Skilled Australian Sponsored,2347 Veterinarians,WA,39
190SAS Skilled Australian Sponsored,2347 Veterinarians,ACT,6
190SAS Skilled Australian Sponsored,2347 Veterinarians,TAS,4
190SAS Skilled Australian Sponsored,2347 Veterinarians,NT,1
190SAS Skilled Australian Sponsored,2414 Secondary School Teachers,VIC,1328
190SAS Skilled Australian Sponsored,2414 Secondary School Teachers,ANY,353
190SAS Skilled Australian Sponsored,2414 Secondary School Teachers,NSW,1187
190SAS Skilled Australian Sponsored,2414 Secondary School Teachers,QLD,673
190SAS Skilled Australian Sponsored,2414 Secondary School Teachers,SA,775
190SAS Skilled Australian Sponsored,2414 Secondary School Teachers,WA,906
190SAS Skilled Australian Sponsored,2414 Secondary School Teachers,ACT,382
190SAS Skilled Australian Sponsored,2414 Secondary School Teachers,TAS,351
190SAS Skilled Australian Sponsored,2414 Secondary School Teachers,NT,384
190SAS Skilled Australian Sponsored,1341 Child Care Centre Managers,VIC,6
190SAS Skilled Australian Sponsored,1341 Child Care Centre Managers,ANY,14
190SAS Skilled Australian Sponsored,1341 Child Care Centre Managers,NSW,8
190SAS Skilled Australian Sponsored,1341 Child Care Centre Managers,QLD,5
190SAS Skilled Australian Sponsored,1341 Child Care Centre Managers,SA,7
190SAS Skilled Australian Sponsored,1341 Child Care Centre Managers,WA,12
190SAS Skilled Australian Sponsored,1341 Child Care Centre Managers,ACT,4
190SAS Skilled Australian Sponsored,1341 Child Care Centre Managers,TAS,2
190SAS Skilled Australian Sponsored,1341 Child Care Centre Managers,NT,1
190SAS Skilled Australian Sponsored,3125 Mechanical Engineering Draftspersons and Technicians,VIC,87
190SAS Skilled Australian Sponsored,3125 Mechanical Engineering Draftspersons and Technicians,ANY,18
190SAS Skilled Australian Sponsored,3125 Mechanical Engineering Draftspersons and Technicians,NSW,104
190SAS Skilled Australian Sponsored,3125 Mechanical Engineering Draftspersons and Technicians,QLD,90
190SAS Skilled Australian Sponsored,3125 Mechanical Engineering Draftspersons and Technicians,SA,96
190SAS Skilled Australian Sponsored,3125 Mechanical Engineering Draftspersons and Technicians,WA,82
190SAS Skilled Australian Sponsored,3125 Mechanical Engineering Draftspersons and Technicians,ACT,53
190SAS Skilled Australian Sponsored,3125 Mechanical Engineering Draftspersons and Technicians,TAS,40
190SAS Skilled Australian Sponsored,3125 Mechanical Engineering Draftspersons and Technicians,NT,45
190SAS Skilled Australian Sponsored,6112 Insurance Agents,VIC,72
190SAS Skilled Australian Sponsored,6112 Insurance Agents,ANY,14
190SAS Skilled Australian Sponsored,6112 Insurance Agents,NSW,57
190SAS Skilled Australian Sponsored,6112 Insurance Agents,QLD,30
190SAS Skilled Australian Sponsored,6112 Insurance Agents,SA,56
190SAS Skilled Australian Sponsored,6112 Insurance Agents,WA,32
190SAS Skilled Australian Sponsored,6112 Insurance Agents,ACT,34
190SAS Skilled Australian Sponsored,6112 Insurance Agents,TAS,23
190SAS Skilled Australian Sponsored,6112 Insurance Agents,NT,29
190SAS Skilled Australian Sponsored,2412 Primary School Teachers,VIC,521
190SAS Skilled Australian Sponsored,2412 Primary School Teachers,ANY,110
190SAS Skilled Australian Sponsored,2412 Primary School Teachers,NSW,442
190SAS Skilled Australian Sponsored,2412 Primary School Teachers,QLD,175
190SAS Skilled Australian Sponsored,2412 Primary School Teachers,SA,243
190SAS Skilled Australian Sponsored,2412 Primary School Teachers,WA,343
190SAS Skilled Australian Sponsored,2412 Primary School Teachers,ACT,73
190SAS Skilled Australian Sponsored,2412 Primary School Teachers,TAS,65
190SAS Skilled Australian Sponsored,2412 Primary School Teachers,NT,51
190SAS Skilled Australian Sponsored,"2241 Actuaries, Mathematicians and Statisticians",VIC,513
190SAS Skilled Australian Sponsored,"2241 Actuaries, Mathematicians and Statisticians",ANY,131
190SAS Skilled Australian Sponsored,"2241 Actuaries, Mathematicians and Statisticians",NSW,325
190SAS Skilled Australian Sponsored,"2241 Actuaries, Mathematicians and Statisticians",QLD,127
190SAS Skilled Australian Sponsored,"2241 Actuaries, Mathematicians and Statisticians",SA,219
190SAS Skilled Australian Sponsored,"2241 Actuaries, Mathematicians and Statisticians",WA,113
190SAS Skilled Australian Sponsored,"2241 Actuaries, Mathematicians and Statisticians",ACT,122
190SAS Skilled Australian Sponsored,"2241 Actuaries, Mathematicians and Statisticians",TAS,63
190SAS Skilled Australian Sponsored,"2241 Actuaries, Mathematicians and Statisticians",NT,51
190SAS Skilled Australian Sponsored,3331 Glaziers,VIC,10
190SAS Skilled Australian Sponsored,3331 Glaziers,NSW,10
190SAS Skilled Australian Sponsored,3331 Glaziers,QLD,4
190SAS Skilled Australian Sponsored,3331 Glaziers,SA,5
190SAS Skilled Australian Sponsored,3331 Glaziers,WA,8
190SAS Skilled Australian Sponsored,3331 Glaziers,ACT,4
190SAS Skilled Australian Sponsored,3331 Glaziers,TAS,1
190SAS Skilled Australian Sponsored,3331 Glaziers,NT,4
190SAS Skilled Australian Sponsored,2421 University Lecturers and Tutors,VIC,1145
190SAS Skilled Australian Sponsored,2421 University Lecturers and Tutors,ANY,385
190SAS Skilled Australian Sponsored,2421 University Lecturers and Tutors,NSW,1341
190SAS Skilled Australian Sponsored,2421 University Lecturers and Tutors,QLD,478
190SAS Skilled Australian Sponsored,2421 University Lecturers and Tutors,SA,731
190SAS Skilled Australian Sponsored,2421 University Lecturers and Tutors,WA,649
190SAS Skilled Australian Sponsored,2421 University Lecturers and Tutors,ACT,564
190SAS Skilled Australian Sponsored,2421 University Lecturers and Tutors,TAS,335
190SAS Skilled Australian Sponsored,2421 University Lecturers and Tutors,NT,324
190SAS Skilled Australian Sponsored,1411 Cafe and Restaurant Managers,VIC,228
190SAS Skilled Australian Sponsored,1411 Cafe and Restaurant Managers,ANY,80
190SAS Skilled Australian Sponsored,1411 Cafe and Restaurant Managers,NSW,229
190SAS Skilled Australian Sponsored,1411 Cafe and Restaurant Managers,QLD,160
190SAS Skilled Australian Sponsored,1411 Cafe and Restaurant Managers,SA,242
190SAS Skilled Australian Sponsored,1411 Cafe and Restaurant Managers,WA,691
190SAS Skilled Australian Sponsored,1411 Cafe and Restaurant Managers,ACT,131
190SAS Skilled Australian Sponsored,1411 Cafe and Restaurant Managers,TAS,101
190SAS Skilled Australian Sponsored,1411 Cafe and Restaurant Managers,NT,88
190SAS Skilled Australian Sponsored,2633 Telecommunications Engineering Professionals,VIC,559
190SAS Skilled Australian Sponsored,2633 Telecommunications Engineering Professionals,ANY,230
190SAS Skilled Australian Sponsored,2633 Telecommunications Engineering Professionals,NSW,521
190SAS Skilled Australian Sponsored,2633 Telecommunications Engineering Professionals,QLD,223
190SAS Skilled Australian Sponsored,2633 Telecommunications Engineering Professionals,SA,394
190SAS Skilled Australian Sponsored,2633 Telecommunications Engineering Professionals,WA,531
190SAS Skilled Australian Sponsored,2633 Telecommunications Engineering Professionals,ACT,235
190SAS Skilled Australian Sponsored,2633 Telecommunications Engineering Professionals,TAS,144
190SAS Skilled Australian Sponsored,2633 Telecommunications Engineering Professionals,NT,123
190SAS Skilled Australian Sponsored,3511 Bakers and Pastrycooks,VIC,112
190SAS Skilled Australian Sponsored,3511 Bakers and Pastrycooks,ANY,27
190SAS Skilled Australian Sponsored,3511 Bakers and Pastrycooks,NSW,83
190SAS Skilled Australian Sponsored,3511 Bakers and Pastrycooks,QLD,36
190SAS Skilled Australian Sponsored,3511 Bakers and Pastrycooks,SA,80
190SAS Skilled Australian Sponsored,3511 Bakers and Pastrycooks,WA,127
190SAS Skilled Australian Sponsored,3511 Bakers and Pastrycooks,ACT,20
190SAS Skilled Australian Sponsored,3511 Bakers and Pastrycooks,TAS,28
190SAS Skilled Australian Sponsored,3511 Bakers and Pastrycooks,NT,18
190SAS Skilled Australian Sponsored,1332 Engineering Managers,VIC,177
190SAS Skilled Australian Sponsored,1332 Engineering Managers,ANY,31
190SAS Skilled Australian Sponsored,1332 Engineering Managers,NSW,235
190SAS Skilled Australian Sponsored,1332 Engineering Managers,QLD,174
190SAS Skilled Australian Sponsored,1332 Engineering Managers,SA,225
190SAS Skilled Australian Sponsored,1332 Engineering Managers,WA,80
190SAS Skilled Australian Sponsored,1332 Engineering Managers,ACT,111
190SAS Skilled Australian Sponsored,1332 Engineering Managers,TAS,35
190SAS Skilled Australian Sponsored,1332 Engineering Managers,NT,38
190SAS Skilled Australian Sponsored,"1499 Other Hospitality, Retail and Service Managers",VIC,74
190SAS Skilled Australian Sponsored,"1499 Other Hospitality, Retail and Service Managers",ANY,14
190SAS Skilled Australian Sponsored,"1499 Other Hospitality, Retail and Service Managers",NSW,54
190SAS Skilled Australian Sponsored,"1499 Other Hospitality, Retail and Service Managers",QLD,43
190SAS Skilled Australian Sponsored,"1499 Other Hospitality, Retail and Service Managers",SA,72
190SAS Skilled Australian Sponsored,"1499 Other Hospitality, Retail and Service Managers",WA,49
190SAS Skilled Australian Sponsored,"1499 Other Hospitality, Retail and Service Managers",ACT,52
190SAS Skilled Australian Sponsored,"1499 Other Hospitality, Retail and Service Managers",TAS,40
190SAS Skilled Australian Sponsored,"1499 Other Hospitality, Retail and Service Managers",NT,25
190SAS Skilled Australian Sponsored,3122 Civil Engineering Draftspersons and Technicians,VIC,2473
190SAS Skilled Australian Sponsored,3122 Civil Engineering Draftspersons and Technicians,ANY,663
190SAS Skilled Australian Sponsored,3122 Civil Engineering Draftspersons and Technicians,NSW,3293
190SAS Skilled Australian Sponsored,3122 Civil Engineering Draftspersons and Technicians,QLD,2074
190SAS Skilled Australian Sponsored,3122 Civil Engineering Draftspersons and Technicians,SA,2000
190SAS Skilled Australian Sponsored,3122 Civil Engineering Draftspersons and Technicians,WA,5259
190SAS Skilled Australian Sponsored,3122 Civil Engineering Draftspersons and Technicians,ACT,1086
190SAS Skilled Australian Sponsored,3122 Civil Engineering Draftspersons and Technicians,TAS,614
190SAS Skilled Australian Sponsored,3122 Civil Engineering Draftspersons and Technicians,NT,705
190SAS Skilled Australian Sponsored,1399 Other Specialist Managers,VIC,319
190SAS Skilled Australian Sponsored,1399 Other Specialist Managers,ANY,98
190SAS Skilled Australian Sponsored,1399 Other Specialist Managers,NSW,229
190SAS Skilled Australian Sponsored,1399 Other Specialist Managers,QLD,142
190SAS Skilled Australian Sponsored,1399 Other Specialist Managers,SA,372
190SAS Skilled Australian Sponsored,1399 Other Specialist Managers,WA,196
190SAS Skilled Australian Sponsored,1399 Other Specialist Managers,ACT,231
190SAS Skilled Australian Sponsored,1399 Other Specialist Managers,TAS,102
190SAS Skilled Australian Sponsored,1399 Other Specialist Managers,NT,101
190SAS Skilled Australian Sponsored,"5111 Contract, Program and Project Administrators",VIC,1060
190SAS Skilled Australian Sponsored,"5111 Contract, Program and Project Administrators",ANY,247
190SAS Skilled Australian Sponsored,"5111 Contract, Program and Project Administrators",NSW,720
190SAS Skilled Australian Sponsored,"5111 Contract, Program and Project Administrators",QLD,432
190SAS Skilled Australian Sponsored,"5111 Contract, Program and Project Administrators",SA,743
190SAS Skilled Australian Sponsored,"5111 Contract, Program and Project Administrators",WA,449
190SAS Skilled Australian Sponsored,"5111 Contract, Program and Project Administrators",ACT,722
190SAS Skilled Australian Sponsored,"5111 Contract, Program and Project Administrators",TAS,350
190SAS Skilled Australian Sponsored,"5111 Contract, Program and Project Administrators",NT,314
190SAS Skilled Australian Sponsored,2322 Cartographers and Surveyors,VIC,104
190SAS Skilled Australian Sponsored,2322 Cartographers and Surveyors,ANY,53
190SAS Skilled Australian Sponsored,2322 Cartographers and Surveyors,NSW,137
190SAS Skilled Australian Sponsored,2322 Cartographers and Surveyors,QLD,83
190SAS Skilled Australian Sponsored,2322 Cartographers and Surveyors,SA,114
190SAS Skilled Australian Sponsored,2322 Cartographers and Surveyors,WA,121
190SAS Skilled Australian Sponsored,2322 Cartographers and Surveyors,ACT,60
190SAS Skilled Australian Sponsored,2322 Cartographers and Surveyors,TAS,41
190SAS Skilled Australian Sponsored,2322 Cartographers and Surveyors,NT,29
190SAS Skilled Australian Sponsored,1325 Research and Development Managers,VIC,122
190SAS Skilled Australian Sponsored,1325 Research and Development Managers,ANY,14
190SAS Skilled Australian Sponsored,1325 Research and Development Managers,NSW,183
190SAS Skilled Australian Sponsored,1325 Research and Development Managers,QLD,31
190SAS Skilled Australian Sponsored,1325 Research and Development Managers,SA,155
190SAS Skilled Australian Sponsored,1325 Research and Development Managers,WA,37
190SAS Skilled Australian Sponsored,1325 Research and Development Managers,ACT,53
190SAS Skilled Australian Sponsored,1325 Research and Development Managers,TAS,21
190SAS Skilled Australian Sponsored,1325 Research and Development Managers,NT,21
190SAS Skilled Australian Sponsored,3233 Precision Metal Trades Workers,VIC,7
190SAS Skilled Australian Sponsored,3233 Precision Metal Trades Workers,ANY,3
190SAS Skilled Australian Sponsored,3233 Precision Metal Trades Workers,NSW,1
190SAS Skilled Australian Sponsored,2245 Land Economists and Valuers,VIC,55
190SAS Skilled Australian Sponsored,2245 Land Economists and Valuers,ANY,13
190SAS Skilled Australian Sponsored,2245 Land Economists and Valuers,NSW,48
190SAS Skilled Australian Sponsored,2245 Land Economists and Valuers,QLD,8
190SAS Skilled Australian Sponsored,2245 Land Economists and Valuers,SA,11
190SAS Skilled Australian Sponsored,2245 Land Economists and Valuers,WA,13
190SAS Skilled Australian Sponsored,2245 Land Economists and Valuers,ACT,9
190SAS Skilled Australian Sponsored,2245 Land Economists and Valuers,TAS,6
190SAS Skilled Australian Sponsored,2245 Land Economists and Valuers,NT,4
190SAS Skilled Australian Sponsored,2252 ICT Sales Professionals,VIC,203
190SAS Skilled Australian Sponsored,2252 ICT Sales Professionals,ANY,48
190SAS Skilled Australian Sponsored,2252 ICT Sales Professionals,NSW,166
190SAS Skilled Australian Sponsored,2252 ICT Sales Professionals,QLD,81
190SAS Skilled Australian Sponsored,2252 ICT Sales Professionals,SA,202
190SAS Skilled Australian Sponsored,2252 ICT Sales Professionals,WA,92
190SAS Skilled Australian Sponsored,2252 ICT Sales Professionals,ACT,132
190SAS Skilled Australian Sponsored,2252 ICT Sales Professionals,TAS,67
190SAS Skilled Australian Sponsored,2252 ICT Sales Professionals,NT,79
190SAS Skilled Australian Sponsored,2336 Mining Engineers,VIC,184
190SAS Skilled Australian Sponsored,2336 Mining Engineers,ANY,112
190SAS Skilled Australian Sponsored,2336 Mining Engineers,NSW,251
190SAS Skilled Australian Sponsored,2336 Mining Engineers,QLD,243
190SAS Skilled Australian Sponsored,2336 Mining Engineers,SA,222
190SAS Skilled Australian Sponsored,2336 Mining Engineers,WA,478
190SAS Skilled Australian Sponsored,2336 Mining Engineers,ACT,64
190SAS Skilled Australian Sponsored,2336 Mining Engineers,TAS,69
190SAS Skilled Australian Sponsored,2336 Mining Engineers,NT,75
190SAS Skilled Australian Sponsored,2612 Multimedia Specialists and Web Developers,VIC,297
190SAS Skilled Australian Sponsored,2612 Multimedia Specialists and Web Developers,ANY,114
190SAS Skilled Australian Sponsored,2612 Multimedia Specialists and Web Developers,NSW,339
190SAS Skilled Australian Sponsored,2612 Multimedia Specialists and Web Developers,QLD,108
190SAS Skilled Australian Sponsored,2612 Multimedia Specialists and Web Developers,SA,231
190SAS Skilled Australian Sponsored,2612 Multimedia Specialists and Web Developers,WA,194
190SAS Skilled Australian Sponsored,2612 Multimedia Specialists and Web Developers,ACT,117
190SAS Skilled Australian Sponsored,2612 Multimedia Specialists and Web Developers,TAS,84
190SAS Skilled Australian Sponsored,2612 Multimedia Specialists and Web Developers,NT,59
190SAS Skilled Australian Sponsored,3223 Structural Steel and Welding Trades Workers,VIC,397
190SAS Skilled Australian Sponsored,3223 Structural Steel and Welding Trades Workers,ANY,92
190SAS Skilled Australian Sponsored,3223 Structural Steel and Welding Trades Workers,NSW,219
190SAS Skilled Australian Sponsored,3223 Structural Steel and Welding Trades Workers,QLD,102
190SAS Skilled Australian Sponsored,3223 Structural Steel and Welding Trades Workers,SA,109
190SAS Skilled Australian Sponsored,3223 Structural Steel and Welding Trades Workers,WA,305
190SAS Skilled Australian Sponsored,3223 Structural Steel and Welding Trades Workers,ACT,25
190SAS Skilled Australian Sponsored,3223 Structural Steel and Welding Trades Workers,TAS,36
190SAS Skilled Australian Sponsored,3223 Structural Steel and Welding Trades Workers,NT,35
190SAS Skilled Australian Sponsored,2349 Other Natural and Physical Science Professionals,VIC,107
190SAS Skilled Australian Sponsored,2349 Other Natural and Physical Science Professionals,ANY,37
190SAS Skilled Australian Sponsored,2349 Other Natural and Physical Science Professionals,NSW,91
190SAS Skilled Australian Sponsored,2349 Other Natural and Physical Science Professionals,QLD,48
190SAS Skilled Australian Sponsored,2349 Other Natural and Physical Science Professionals,SA,94
190SAS Skilled Australian Sponsored,2349 Other Natural and Physical Science Professionals,WA,91
190SAS Skilled Australian Sponsored,2349 Other Natural and Physical Science Professionals,ACT,48
190SAS Skilled Australian Sponsored,2349 Other Natural and Physical Science Professionals,TAS,34
190SAS Skilled Australian Sponsored,2349 Other Natural and Physical Science Professionals,NT,24
190SAS Skilled Australian Sponsored,1321 Corporate Services Managers,VIC,39
190SAS Skilled Australian Sponsored,1321 Corporate Services Managers,ANY,7
190SAS Skilled Australian Sponsored,1321 Corporate Services Managers,NSW,20
190SAS Skilled Australian Sponsored,1321 Corporate Services Managers,QLD,6
190SAS Skilled Australian Sponsored,1321 Corporate Services Managers,SA,49
190SAS Skilled Australian Sponsored,1321 Corporate Services Managers,WA,8
190SAS Skilled Australian Sponsored,1321 Corporate Services Managers,ACT,28
190SAS Skilled Australian Sponsored,1321 Corporate Services Managers,TAS,9
190SAS Skilled Australian Sponsored,1321 Corporate Services Managers,NT,11
190SAS Skilled Australian Sponsored,2326 Urban and Regional Planners,VIC,111
190SAS Skilled Australian Sponsored,2326 Urban and Regional Planners,ANY,31
190SAS Skilled Australian Sponsored,2326 Urban and Regional Planners,NSW,164
190SAS Skilled Australian Sponsored,2326 Urban and Regional Planners,QLD,61
190SAS Skilled Australian Sponsored,2326 Urban and Regional Planners,SA,124
190SAS Skilled Australian Sponsored,2326 Urban and Regional Planners,WA,165
190SAS Skilled Australian Sponsored,2326 Urban and Regional Planners,ACT,49
190SAS Skilled Australian Sponsored,2326 Urban and Regional Planners,TAS,26
190SAS Skilled Australian Sponsored,2326 Urban and Regional Planners,NT,27
190SAS Skilled Australian Sponsored,2632 ICT Support and Test Engineers,VIC,1780
190SAS Skilled Australian Sponsored,2632 ICT Support and Test Engineers,ANY,590
190SAS Skilled Australian Sponsored,2632 ICT Support and Test Engineers,NSW,1821
190SAS Skilled Australian Sponsored,2632 ICT Support and Test Engineers,QLD,668
190SAS Skilled Australian Sponsored,2632 ICT Support and Test Engineers,SA,1628
190SAS Skilled Australian Sponsored,2632 ICT Support and Test Engineers,WA,1664
190SAS Skilled Australian Sponsored,2632 ICT Support and Test Engineers,ACT,1056
190SAS Skilled Australian Sponsored,2632 ICT Support and Test Engineers,TAS,593
190SAS Skilled Australian Sponsored,2632 ICT Support and Test Engineers,NT,573
190SAS Skilled Australian Sponsored,2325 Interior Designers,VIC,144
190SAS Skilled Australian Sponsored,2325 Interior Designers,ANY,46
190SAS Skilled Australian Sponsored,2325 Interior Designers,NSW,98
190SAS Skilled Australian Sponsored,2325 Interior Designers,QLD,49
190SAS Skilled Australian Sponsored,2325 Interior Designers,SA,77
190SAS Skilled Australian Sponsored,2325 Interior Designers,WA,58
190SAS Skilled Australian Sponsored,2325 Interior Designers,ACT,36
190SAS Skilled Australian Sponsored,2325 Interior Designers,TAS,28
190SAS Skilled Australian Sponsored,2325 Interior Designers,NT,25
190SAS Skilled Australian Sponsored,1331 Construction Managers,VIC,1065
190SAS Skilled Australian Sponsored,1331 Construction Managers,ANY,234
190SAS Skilled Australian Sponsored,1331 Construction Managers,NSW,1363
190SAS Skilled Australian Sponsored,1331 Construction Managers,QLD,1039
190SAS Skilled Australian Sponsored,1331 Construction Managers,SA,1139
190SAS Skilled Australian Sponsored,1331 Construction Managers,WA,1434
190SAS Skilled Australian Sponsored,1331 Construction Managers,ACT,626
190SAS Skilled Australian Sponsored,1331 Construction Managers,TAS,382
190SAS Skilled Australian Sponsored,1331 Construction Managers,NT,398
190SAS Skilled Australian Sponsored,3613 Veterinary Nurses,VIC,74
190SAS Skilled Australian Sponsored,3613 Veterinary Nurses,ANY,29
190SAS Skilled Australian Sponsored,3613 Veterinary Nurses,NSW,91
190SAS Skilled Australian Sponsored,3613 Veterinary Nurses,QLD,46
190SAS Skilled Australian Sponsored,3613 Veterinary Nurses,SA,79
190SAS Skilled Australian Sponsored,3613 Veterinary Nurses,WA,90
190SAS Skilled Australian Sponsored,3613 Veterinary Nurses,ACT,45
190SAS Skilled Australian Sponsored,3613 Veterinary Nurses,TAS,20
190SAS Skilled Australian Sponsored,3613 Veterinary Nurses,NT,24
190SAS Skilled Australian Sponsored,2343 Environmental Scientists,VIC,227
190SAS Skilled Australian Sponsored,2343 Environmental Scientists,ANY,90
190SAS Skilled Australian Sponsored,2343 Environmental Scientists,NSW,315
190SAS Skilled Australian Sponsored,2343 Environmental Scientists,QLD,212
190SAS Skilled Australian Sponsored,2343 Environmental Scientists,SA,183
190SAS Skilled Australian Sponsored,2343 Environmental Scientists,WA,148
190SAS Skilled Australian Sponsored,2343 Environmental Scientists,ACT,104
190SAS Skilled Australian Sponsored,2343 Environmental Scientists,TAS,63
190SAS Skilled Australian Sponsored,2343 Environmental Scientists,NT,54
190SAS Skilled Australian Sponsored,2711 Barristers,ANY,1
190SAS Skilled Australian Sponsored,2711 Barristers,SA,1
190SAS Skilled Australian Sponsored,2711 Barristers,WA,2
190SAS Skilled Australian Sponsored,3132 Telecommunications Technical Specialists,VIC,231
190SAS Skilled Australian Sponsored,3132 Telecommunications Technical Specialists,ANY,126
190SAS Skilled Australian Sponsored,3132 Telecommunications Technical Specialists,NSW,92
190SAS Skilled Australian Sponsored,3132 Telecommunications Technical Specialists,QLD,94
190SAS Skilled Australian Sponsored,3132 Telecommunications Technical Specialists,SA,106
190SAS Skilled Australian Sponsored,3132 Telecommunications Technical Specialists,WA,205
190SAS Skilled Australian Sponsored,3132 Telecommunications Technical Specialists,ACT,34
190SAS Skilled Australian Sponsored,3132 Telecommunications Technical Specialists,TAS,40
190SAS Skilled Australian Sponsored,3132 Telecommunications Technical Specialists,NT,29
190SAS Skilled Australian Sponsored,3312 Carpenters and Joiners,VIC,652
190SAS Skilled Australian Sponsored,3312 Carpenters and Joiners,ANY,119
190SAS Skilled Australian Sponsored,3312 Carpenters and Joiners,NSW,493
190SAS Skilled Australian Sponsored,3312 Carpenters and Joiners,QLD,246
190SAS Skilled Australian Sponsored,3312 Carpenters and Joiners,SA,314
190SAS Skilled Australian Sponsored,3312 Carpenters and Joiners,WA,1128
190SAS Skilled Australian Sponsored,3312 Carpenters and Joiners,ACT,40
190SAS Skilled Australian Sponsored,3312 Carpenters and Joiners,TAS,38
190SAS Skilled Australian Sponsored,3312 Carpenters and Joiners,NT,32
190SAS Skilled Australian Sponsored,1334 Manufacturers,VIC,21
190SAS Skilled Australian Sponsored,1334 Manufacturers,ANY,8
190SAS Skilled Australian Sponsored,1334 Manufacturers,NSW,36
190SAS Skilled Australian Sponsored,1334 Manufacturers,QLD,19
190SAS Skilled Australian Sponsored,1334 Manufacturers,SA,41
190SAS Skilled Australian Sponsored,1334 Manufacturers,WA,11
190SAS Skilled Australian Sponsored,1334 Manufacturers,ACT,8
190SAS Skilled Australian Sponsored,1334 Manufacturers,TAS,8
190SAS Skilled Australian Sponsored,1334 Manufacturers,NT,7
190SAS Skilled Australian Sponsored,2725 Social Workers,VIC,508
190SAS Skilled Australian Sponsored,2725 Social Workers,ANY,141
190SAS Skilled Australian Sponsored,2725 Social Workers,NSW,607
190SAS Skilled Australian Sponsored,2725 Social Workers,QLD,196
190SAS Skilled Australian Sponsored,2725 Social Workers,SA,173
190SAS Skilled Australian Sponsored,2725 Social Workers,WA,316
190SAS Skilled Australian Sponsored,2725 Social Workers,ACT,97
190SAS Skilled Australian Sponsored,2725 Social Workers,TAS,82
190SAS Skilled Australian Sponsored,2725 Social Workers,NT,88
190SAS Skilled Australian Sponsored,1413 Hotel and Motel Managers,VIC,134
190SAS Skilled Australian Sponsored,1413 Hotel and Motel Managers,ANY,55
190SAS Skilled Australian Sponsored,1413 Hotel and Motel Managers,NSW,108
190SAS Skilled Australian Sponsored,1413 Hotel and Motel Managers,QLD,56
190SAS Skilled Australian Sponsored,1413 Hotel and Motel Managers,SA,107
190SAS Skilled Australian Sponsored,1413 Hotel and Motel Managers,WA,259
190SAS Skilled Australian Sponsored,1413 Hotel and Motel Managers,ACT,44
190SAS Skilled Australian Sponsored,1413 Hotel and Motel Managers,TAS,50
190SAS Skilled Australian Sponsored,1413 Hotel and Motel Managers,NT,41
190SAS Skilled Australian Sponsored,2249 Other Information and Organisation Professionals,VIC,1108
190SAS Skilled Australian Sponsored,2249 Other Information and Organisation Professionals,ANY,276
190SAS Skilled Australian Sponsored,2249 Other Information and Organisation Professionals,NSW,726
190SAS Skilled Australian Sponsored,2249 Other Information and Organisation Professionals,QLD,307
190SAS Skilled Australian Sponsored,2249 Other Information and Organisation Professionals,SA,1000
190SAS Skilled Australian Sponsored,2249 Other Information and Organisation Professionals,WA,387
190SAS Skilled Australian Sponsored,2249 Other Information and Organisation Professionals,ACT,541
190SAS Skilled Australian Sponsored,2249 Other Information and Organisation Professionals,TAS,286
190SAS Skilled Australian Sponsored,2249 Other Information and Organisation Professionals,NT,221
190SAS Skilled Australian Sponsored,3322 Painting Trades Workers,VIC,651
190SAS Skilled Australian Sponsored,3322 Painting Trades Workers,ANY,151
190SAS Skilled Australian Sponsored,3322 Painting Trades Workers,NSW,174
190SAS Skilled Australian Sponsored,3322 Painting Trades Workers,QLD,126
190SAS Skilled Australian Sponsored,3322 Painting Trades Workers,SA,196
190SAS Skilled Australian Sponsored,3322 Painting Trades Workers,WA,854
190SAS Skilled Australian Sponsored,3322 Painting Trades Workers,ACT,31
190SAS Skilled Australian Sponsored,3322 Painting Trades Workers,TAS,62
190SAS Skilled Australian Sponsored,3322 Painting Trades Workers,NT,27
190SAS Skilled Australian Sponsored,3423 Electronics Trades Workers,VIC,182
190SAS Skilled Australian Sponsored,3423 Electronics Trades Workers,ANY,45
190SAS Skilled Australian Sponsored,3423 Electronics Trades Workers,NSW,265
190SAS Skilled Australian Sponsored,3423 Electronics Trades Workers,QLD,145
190SAS Skilled Australian Sponsored,3423 Electronics Trades Workers,SA,242
190SAS Skilled Australian Sponsored,3423 Electronics Trades Workers,WA,148
190SAS Skilled Australian Sponsored,3423 Electronics Trades Workers,ACT,81
190SAS Skilled Australian Sponsored,3423 Electronics Trades Workers,TAS,46
190SAS Skilled Australian Sponsored,3423 Electronics Trades Workers,NT,63
190SAS Skilled Australian Sponsored,2542 Nurse Educators and Researchers,VIC,11
190SAS Skilled Australian Sponsored,2542 Nurse Educators and Researchers,ANY,2
190SAS Skilled Australian Sponsored,2542 Nurse Educators and Researchers,NSW,9
190SAS Skilled Australian Sponsored,2542 Nurse Educators and Researchers,QLD,7
190SAS Skilled Australian Sponsored,2542 Nurse Educators and Researchers,SA,9
190SAS Skilled Australian Sponsored,2542 Nurse Educators and Researchers,WA,7
190SAS Skilled Australian Sponsored,2542 Nurse Educators and Researchers,ACT,8
190SAS Skilled Australian Sponsored,2542 Nurse Educators and Researchers,TAS,5
190SAS Skilled Australian Sponsored,2542 Nurse Educators and Researchers,NT,4
190SAS Skilled Australian Sponsored,2521 Chiropractors and Osteopaths,VIC,31
190SAS Skilled Australian Sponsored,2521 Chiropractors and Osteopaths,ANY,4
190SAS Skilled Australian Sponsored,2521 Chiropractors and Osteopaths,NSW,44
190SAS Skilled Australian Sponsored,2521 Chiropractors and Osteopaths,QLD,6
190SAS Skilled Australian Sponsored,2521 Chiropractors and Osteopaths,SA,10
190SAS Skilled Australian Sponsored,2521 Chiropractors and Osteopaths,WA,16
190SAS Skilled Australian Sponsored,2521 Chiropractors and Osteopaths,ACT,4
190SAS Skilled Australian Sponsored,2521 Chiropractors and Osteopaths,TAS,2
190SAS Skilled Australian Sponsored,2521 Chiropractors and Osteopaths,NT,1
190SAS Skilled Australian Sponsored,2493 Teachers of English to Speakers of Other Languages,VIC,133
190SAS Skilled Australian Sponsored,2493 Teachers of English to Speakers of Other Languages,ANY,47
190SAS Skilled Australian Sponsored,2493 Teachers of English to Speakers of Other Languages,NSW,80
190SAS Skilled Australian Sponsored,2493 Teachers of English to Speakers of Other Languages,QLD,41
190SAS Skilled Australian Sponsored,2493 Teachers of English to Speakers of Other Languages,SA,77
190SAS Skilled Australian Sponsored,2493 Teachers of English to Speakers of Other Languages,WA,134
190SAS Skilled Australian Sponsored,2493 Teachers of English to Speakers of Other Languages,ACT,60
190SAS Skilled Australian Sponsored,2493 Teachers of English to Speakers of Other Languages,TAS,39
190SAS Skilled Australian Sponsored,2493 Teachers of English to Speakers of Other Languages,NT,24
190SAS Skilled Australian Sponsored,2124 Journalists and Other Writers,VIC,181
190SAS Skilled Australian Sponsored,2124 Journalists and Other Writers,ANY,38
190SAS Skilled Australian Sponsored,2124 Journalists and Other Writers,NSW,112
190SAS Skilled Australian Sponsored,2124 Journalists and Other Writers,QLD,60
190SAS Skilled Australian Sponsored,2124 Journalists and Other Writers,SA,150
190SAS Skilled Australian Sponsored,2124 Journalists and Other Writers,WA,61
190SAS Skilled Australian Sponsored,2124 Journalists and Other Writers,ACT,91
190SAS Skilled Australian Sponsored,2124 Journalists and Other Writers,TAS,52
190SAS Skilled Australian Sponsored,2124 Journalists and Other Writers,NT,46
190SAS Skilled Australian Sponsored,1212 Crop Farmers,VIC,14
190SAS Skilled Australian Sponsored,1212 Crop Farmers,ANY,2
190SAS Skilled Australian Sponsored,1212 Crop Farmers,NSW,19
190SAS Skilled Australian Sponsored,1212 Crop Farmers,QLD,3
190SAS Skilled Australian Sponsored,1212 Crop Farmers,SA,12
190SAS Skilled Australian Sponsored,1212 Crop Farmers,WA,9
190SAS Skilled Australian Sponsored,1212 Crop Farmers,ACT,2
190SAS Skilled Australian Sponsored,1212 Crop Farmers,TAS,5
190SAS Skilled Australian Sponsored,1212 Crop Farmers,NT,1
190SAS Skilled Australian Sponsored,3941 Cabinetmakers,VIC,73
190SAS Skilled Australian Sponsored,3941 Cabinetmakers,ANY,15
190SAS Skilled Australian Sponsored,3941 Cabinetmakers,NSW,47
190SAS Skilled Australian Sponsored,3941 Cabinetmakers,QLD,34
190SAS Skilled Australian Sponsored,3941 Cabinetmakers,SA,41
190SAS Skilled Australian Sponsored,3941 Cabinetmakers,WA,90
190SAS Skilled Australian Sponsored,3941 Cabinetmakers,ACT,12
190SAS Skilled Australian Sponsored,3941 Cabinetmakers,TAS,7
190SAS Skilled Australian Sponsored,3941 Cabinetmakers,NT,6
190SAS Skilled Australian Sponsored,2243 Economists,VIC,99
190SAS Skilled Australian Sponsored,2243 Economists,ANY,41
190SAS Skilled Australian Sponsored,2243 Economists,NSW,65
190SAS Skilled Australian Sponsored,2243 Economists,QLD,36
190SAS Skilled Australian Sponsored,2243 Economists,SA,82
190SAS Skilled Australian Sponsored,2243 Economists,WA,34
190SAS Skilled Australian Sponsored,2243 Economists,ACT,37
190SAS Skilled Australian Sponsored,2243 Economists,TAS,16
190SAS Skilled Australian Sponsored,2243 Economists,NT,17
190SAS Skilled Australian Sponsored,3311 Bricklayers and Stonemasons,VIC,133
190SAS Skilled Australian Sponsored,3311 Bricklayers and Stonemasons,ANY,17
190SAS Skilled Australian Sponsored,3311 Bricklayers and Stonemasons,NSW,123
190SAS Skilled Australian Sponsored,3311 Bricklayers and Stonemasons,QLD,46
190SAS Skilled Australian Sponsored,3311 Bricklayers and Stonemasons,SA,53
190SAS Skilled Australian Sponsored,3311 Bricklayers and Stonemasons,WA,219
190SAS Skilled Australian Sponsored,3311 Bricklayers and Stonemasons,ACT,26
190SAS Skilled Australian Sponsored,3311 Bricklayers and Stonemasons,TAS,29
190SAS Skilled Australian Sponsored,3311 Bricklayers and Stonemasons,NT,23
190SAS Skilled Australian Sponsored,"2726 Welfare, Recreation and Community Arts Workers",VIC,153
190SAS Skilled Australian Sponsored,"2726 Welfare, Recreation and Community Arts Workers",ANY,50
190SAS Skilled Australian Sponsored,"2726 Welfare, Recreation and Community Arts Workers",NSW,313
190SAS Skilled Australian Sponsored,"2726 Welfare, Recreation and Community Arts Workers",QLD,65
190SAS Skilled Australian Sponsored,"2726 Welfare, Recreation and Community Arts Workers",SA,97
190SAS Skilled Australian Sponsored,"2726 Welfare, Recreation and Community Arts Workers",WA,290
190SAS Skilled Australian Sponsored,"2726 Welfare, Recreation and Community Arts Workers",ACT,61
190SAS Skilled Australian Sponsored,"2726 Welfare, Recreation and Community Arts Workers",TAS,48
190SAS Skilled Australian Sponsored,"2726 Welfare, Recreation and Community Arts Workers",NT,59
190SAS Skilled Australian Sponsored,"2323 Fashion, Industrial and Jewellery Designers",VIC,140
190SAS Skilled Australian Sponsored,"2323 Fashion, Industrial and Jewellery Designers",ANY,36
190SAS Skilled Australian Sponsored,"2323 Fashion, Industrial and Jewellery Designers",NSW,80
190SAS Skilled Australian Sponsored,"2323 Fashion, Industrial and Jewellery Designers",QLD,48
190SAS Skilled Australian Sponsored,"2323 Fashion, Industrial and Jewellery Designers",SA,104
190SAS Skilled Australian Sponsored,"2323 Fashion, Industrial and Jewellery Designers",WA,35
190SAS Skilled Australian Sponsored,"2323 Fashion, Industrial and Jewellery Designers",ACT,37
190SAS Skilled Australian Sponsored,"2323 Fashion, Industrial and Jewellery Designers",TAS,30
190SAS Skilled Australian Sponsored,"2323 Fashion, Industrial and Jewellery Designers",NT,24
190SAS Skilled Australian Sponsored,1336 Supply and Distribution Managers,VIC,101
190SAS Skilled Australian Sponsored,1336 Supply and Distribution Managers,ANY,33
190SAS Skilled Australian Sponsored,1336 Supply and Distribution Managers,NSW,72
190SAS Skilled Australian Sponsored,1336 Supply and Distribution Managers,QLD,39
190SAS Skilled Australian Sponsored,1336 Supply and Distribution Managers,SA,101
190SAS Skilled Australian Sponsored,1336 Supply and Distribution Managers,WA,80
190SAS Skilled Australian Sponsored,1336 Supply and Distribution Managers,ACT,72
190SAS Skilled Australian Sponsored,1336 Supply and Distribution Managers,TAS,36
190SAS Skilled Australian Sponsored,1336 Supply and Distribution Managers,NT,35
190SAS Skilled Australian Sponsored,1342 Health and Welfare Services Managers,VIC,133
190SAS Skilled Australian Sponsored,1342 Health and Welfare Services Managers,ANY,33
190SAS Skilled Australian Sponsored,1342 Health and Welfare Services Managers,NSW,170
190SAS Skilled Australian Sponsored,1342 Health and Welfare Services Managers,QLD,70
190SAS Skilled Australian Sponsored,1342 Health and Welfare Services Managers,SA,152
190SAS Skilled Australian Sponsored,1342 Health and Welfare Services Managers,WA,109
190SAS Skilled Australian Sponsored,1342 Health and Welfare Services Managers,ACT,103
190SAS Skilled Australian Sponsored,1342 Health and Welfare Services Managers,TAS,46
190SAS Skilled Australian Sponsored,1342 Health and Welfare Services Managers,NT,43
190SAS Skilled Australian Sponsored,"2123 Film, Television, Radio and Stage Directors",VIC,87
190SAS Skilled Australian Sponsored,"2123 Film, Television, Radio and Stage Directors",ANY,20
190SAS Skilled Australian Sponsored,"2123 Film, Television, Radio and Stage Directors",NSW,45
190SAS Skilled Australian Sponsored,"2123 Film, Television, Radio and Stage Directors",QLD,22
190SAS Skilled Australian Sponsored,"2123 Film, Television, Radio and Stage Directors",SA,72
190SAS Skilled Australian Sponsored,"2123 Film, Television, Radio and Stage Directors",WA,33
190SAS Skilled Australian Sponsored,"2123 Film, Television, Radio and Stage Directors",ACT,25
190SAS Skilled Australian Sponsored,"2123 Film, Television, Radio and Stage Directors",TAS,26
190SAS Skilled Australian Sponsored,"2123 Film, Television, Radio and Stage Directors",NT,20
190SAS Skilled Australian Sponsored,3231 Aircraft Maintenance Engineers,VIC,56
190SAS Skilled Australian Sponsored,3231 Aircraft Maintenance Engineers,ANY,15
190SAS Skilled Australian Sponsored,3231 Aircraft Maintenance Engineers,NSW,61
190SAS Skilled Australian Sponsored,3231 Aircraft Maintenance Engineers,QLD,40
190SAS Skilled Australian Sponsored,3231 Aircraft Maintenance Engineers,SA,50
190SAS Skilled Australian Sponsored,3231 Aircraft Maintenance Engineers,WA,34
190SAS Skilled Australian Sponsored,3231 Aircraft Maintenance Engineers,ACT,32
190SAS Skilled Australian Sponsored,3231 Aircraft Maintenance Engineers,TAS,10
190SAS Skilled Australian Sponsored,3231 Aircraft Maintenance Engineers,NT,14
190SAS Skilled Australian Sponsored,1492 Call or Contact Centre and Customer Service Managers,VIC,135
190SAS Skilled Australian Sponsored,1492 Call or Contact Centre and Customer Service Managers,ANY,41
190SAS Skilled Australian Sponsored,1492 Call or Contact Centre and Customer Service Managers,NSW,79
190SAS Skilled Australian Sponsored,1492 Call or Contact Centre and Customer Service Managers,QLD,44
190SAS Skilled Australian Sponsored,1492 Call or Contact Centre and Customer Service Managers,SA,138
190SAS Skilled Australian Sponsored,1492 Call or Contact Centre and Customer Service Managers,WA,119
190SAS Skilled Australian Sponsored,1492 Call or Contact Centre and Customer Service Managers,ACT,81
190SAS Skilled Australian Sponsored,1492 Call or Contact Centre and Customer Service Managers,TAS,37
190SAS Skilled Australian Sponsored,1492 Call or Contact Centre and Customer Service Managers,NT,39
190SAS Skilled Australian Sponsored,2221 Financial Brokers,VIC,73
190SAS Skilled Australian Sponsored,2221 Financial Brokers,ANY,26
190SAS Skilled Australian Sponsored,2221 Financial Brokers,NSW,48
190SAS Skilled Australian Sponsored,2221 Financial Brokers,QLD,31
190SAS Skilled Australian Sponsored,2221 Financial Brokers,SA,91
190SAS Skilled Australian Sponsored,2221 Financial Brokers,WA,43
190SAS Skilled Australian Sponsored,2221 Financial Brokers,ACT,26
190SAS Skilled Australian Sponsored,2221 Financial Brokers,TAS,23
190SAS Skilled Australian Sponsored,2221 Financial Brokers,NT,21
190SAS Skilled Australian Sponsored,2539 Other Medical Practitioners,VIC,178
190SAS Skilled Australian Sponsored,2539 Other Medical Practitioners,ANY,60
190SAS Skilled Australian Sponsored,2539 Other Medical Practitioners,NSW,155
190SAS Skilled Australian Sponsored,2539 Other Medical Practitioners,QLD,143
190SAS Skilled Australian Sponsored,2539 Other Medical Practitioners,SA,43
190SAS Skilled Australian Sponsored,2539 Other Medical Practitioners,WA,92
190SAS Skilled Australian Sponsored,2539 Other Medical Practitioners,ACT,11
190SAS Skilled Australian Sponsored,2539 Other Medical Practitioners,TAS,20
190SAS Skilled Australian Sponsored,2539 Other Medical Practitioners,NT,11
190SAS Skilled Australian Sponsored,1419 Other Accommodation and Hospitality Managers,VIC,18
190SAS Skilled Australian Sponsored,1419 Other Accommodation and Hospitality Managers,ANY,4
190SAS Skilled Australian Sponsored,1419 Other Accommodation and Hospitality Managers,NSW,17
190SAS Skilled Australian Sponsored,1419 Other Accommodation and Hospitality Managers,QLD,18
190SAS Skilled Australian Sponsored,1419 Other Accommodation and Hospitality Managers,SA,16
190SAS Skilled Australian Sponsored,1419 Other Accommodation and Hospitality Managers,WA,24
190SAS Skilled Australian Sponsored,1419 Other Accommodation and Hospitality Managers,ACT,9
190SAS Skilled Australian Sponsored,1419 Other Accommodation and Hospitality Managers,TAS,10
190SAS Skilled Australian Sponsored,1419 Other Accommodation and Hospitality Managers,NT,11
190SAS Skilled Australian Sponsored,2724 Social Professionals,VIC,56
190SAS Skilled Australian Sponsored,2724 Social Professionals,ANY,20
190SAS Skilled Australian Sponsored,2724 Social Professionals,NSW,31
190SAS Skilled Australian Sponsored,2724 Social Professionals,QLD,21
190SAS Skilled Australian Sponsored,2724 Social Professionals,SA,14
190SAS Skilled Australian Sponsored,2724 Social Professionals,WA,48
190SAS Skilled Australian Sponsored,2724 Social Professionals,ACT,18
190SAS Skilled Australian Sponsored,2724 Social Professionals,TAS,8
190SAS Skilled Australian Sponsored,2724 Social Professionals,NT,10
190SAS Skilled Australian Sponsored,4114 Enrolled and Mothercraft Nurses,VIC,918
190SAS Skilled Australian Sponsored,4114 Enrolled and Mothercraft Nurses,ANY,193
190SAS Skilled Australian Sponsored,4114 Enrolled and Mothercraft Nurses,NSW,263
190SAS Skilled Australian Sponsored,4114 Enrolled and Mothercraft Nurses,QLD,140
190SAS Skilled Australian Sponsored,4114 Enrolled and Mothercraft Nurses,SA,337
190SAS Skilled Australian Sponsored,4114 Enrolled and Mothercraft Nurses,WA,1088
190SAS Skilled Australian Sponsored,4114 Enrolled and Mothercraft Nurses,ACT,72
190SAS Skilled Australian Sponsored,4114 Enrolled and Mothercraft Nurses,TAS,174
190SAS Skilled Australian Sponsored,4114 Enrolled and Mothercraft Nurses,NT,40
190SAS Skilled Australian Sponsored,3411 Electricians,VIC,90
190SAS Skilled Australian Sponsored,3411 Electricians,ANY,47
190SAS Skilled Australian Sponsored,3411 Electricians,NSW,149
190SAS Skilled Australian Sponsored,3411 Electricians,QLD,125
190SAS Skilled Australian Sponsored,3411 Electricians,SA,104
190SAS Skilled Australian Sponsored,3411 Electricians,WA,231
190SAS Skilled Australian Sponsored,3411 Electricians,ACT,34
190SAS Skilled Australian Sponsored,3411 Electricians,TAS,37
190SAS Skilled Australian Sponsored,3411 Electricians,NT,31
190SAS Skilled Australian Sponsored,2525 Physiotherapists,VIC,208
190SAS Skilled Australian Sponsored,2525 Physiotherapists,ANY,49
190SAS Skilled Australian Sponsored,2525 Physiotherapists,NSW,242
190SAS Skilled Australian Sponsored,2525 Physiotherapists,QLD,132
190SAS Skilled Australian Sponsored,2525 Physiotherapists,SA,72
190SAS Skilled Australian Sponsored,2525 Physiotherapists,WA,184
190SAS Skilled Australian Sponsored,2525 Physiotherapists,ACT,28
190SAS Skilled Australian Sponsored,2525 Physiotherapists,TAS,34
190SAS Skilled Australian Sponsored,2525 Physiotherapists,NT,22
190SAS Skilled Australian Sponsored,1494 Transport Services Managers,VIC,22
190SAS Skilled Australian Sponsored,1494 Transport Services Managers,ANY,15
190SAS Skilled Australian Sponsored,1494 Transport Services Managers,NSW,20
190SAS Skilled Australian Sponsored,1494 Transport Services Managers,QLD,11
190SAS Skilled Australian Sponsored,1494 Transport Services Managers,SA,22
190SAS Skilled Australian Sponsored,1494 Transport Services Managers,WA,31
190SAS Skilled Australian Sponsored,1494 Transport Services Managers,ACT,4
190SAS Skilled Australian Sponsored,1494 Transport Services Managers,TAS,6
190SAS Skilled Australian Sponsored,1494 Transport Services Managers,NT,5
190SAS Skilled Australian Sponsored,2253 Public Relations Professionals,VIC,188
190SAS Skilled Australian Sponsored,2253 Public Relations Professionals,ANY,49
190SAS Skilled Australian Sponsored,2253 Public Relations Professionals,NSW,108
190SAS Skilled Australian Sponsored,2253 Public Relations Professionals,QLD,50
190SAS Skilled Australian Sponsored,2253 Public Relations Professionals,SA,166
190SAS Skilled Australian Sponsored,2253 Public Relations Professionals,WA,60
190SAS Skilled Australian Sponsored,2253 Public Relations Professionals,ACT,101
190SAS Skilled Australian Sponsored,2253 Public Relations Professionals,TAS,51
190SAS Skilled Australian Sponsored,2253 Public Relations Professionals,NT,62
190SAS Skilled Australian Sponsored,2512 Medical Imaging Professionals,VIC,85
190SAS Skilled Australian Sponsored,2512 Medical Imaging Professionals,ANY,19
190SAS Skilled Australian Sponsored,2512 Medical Imaging Professionals,NSW,112
190SAS Skilled Australian Sponsored,2512 Medical Imaging Professionals,QLD,64
190SAS Skilled Australian Sponsored,2512 Medical Imaging Professionals,SA,55
190SAS Skilled Australian Sponsored,2512 Medical Imaging Professionals,WA,59
190SAS Skilled Australian Sponsored,2512 Medical Imaging Professionals,ACT,23
190SAS Skilled Australian Sponsored,2512 Medical Imaging Professionals,TAS,17
190SAS Skilled Australian Sponsored,2512 Medical Imaging Professionals,NT,13
190SAS Skilled Australian Sponsored,3131 ICT Support Technicians,VIC,97
190SAS Skilled Australian Sponsored,3131 ICT Support Technicians,ANY,49
190SAS Skilled Australian Sponsored,3131 ICT Support Technicians,NSW,115
190SAS Skilled Australian Sponsored,3131 ICT Support Technicians,QLD,45
190SAS Skilled Australian Sponsored,3131 ICT Support Technicians,SA,133
190SAS Skilled Australian Sponsored,3131 ICT Support Technicians,WA,65
190SAS Skilled Australian Sponsored,3131 ICT Support Technicians,ACT,85
190SAS Skilled Australian Sponsored,3131 ICT Support Technicians,TAS,34
190SAS Skilled Australian Sponsored,3131 ICT Support Technicians,NT,32
190SAS Skilled Australian Sponsored,"4523 Sports Coaches, Instructors and Officials",VIC,63
190SAS Skilled Australian Sponsored,"4523 Sports Coaches, Instructors and Officials",ANY,17
190SAS Skilled Australian Sponsored,"4523 Sports Coaches, Instructors and Officials",NSW,38
190SAS Skilled Australian Sponsored,"4523 Sports Coaches, Instructors and Officials",QLD,30
190SAS Skilled Australian Sponsored,"4523 Sports Coaches, Instructors and Officials",SA,67
190SAS Skilled Australian Sponsored,"4523 Sports Coaches, Instructors and Officials",WA,28
190SAS Skilled Australian Sponsored,"4523 Sports Coaches, Instructors and Officials",ACT,16
190SAS Skilled Australian Sponsored,"4523 Sports Coaches, Instructors and Officials",TAS,9
190SAS Skilled Australian Sponsored,"4523 Sports Coaches, Instructors and Officials",NT,10
190SAS Skilled Australian Sponsored,3911 Hairdressers,VIC,52
190SAS Skilled Australian Sponsored,3911 Hairdressers,ANY,40
190SAS Skilled Australian Sponsored,3911 Hairdressers,NSW,43
190SAS Skilled Australian Sponsored,3911 Hairdressers,QLD,26
190SAS Skilled Australian Sponsored,3911 Hairdressers,SA,33
190SAS Skilled Australian Sponsored,3911 Hairdressers,WA,45
190SAS Skilled Australian Sponsored,3911 Hairdressers,ACT,9
190SAS Skilled Australian Sponsored,3911 Hairdressers,TAS,28
190SAS Skilled Australian Sponsored,3911 Hairdressers,NT,13
190SAS Skilled Australian Sponsored,3222 Sheetmetal Trades Workers,VIC,8
190SAS Skilled Australian Sponsored,3222 Sheetmetal Trades Workers,ANY,3
190SAS Skilled Australian Sponsored,3222 Sheetmetal Trades Workers,NSW,4
190SAS Skilled Australian Sponsored,3222 Sheetmetal Trades Workers,QLD,2
190SAS Skilled Australian Sponsored,3222 Sheetmetal Trades Workers,SA,2
190SAS Skilled Australian Sponsored,3222 Sheetmetal Trades Workers,WA,7
190SAS Skilled Australian Sponsored,2513 Occupational and Environmental Health Professionals,VIC,77
190SAS Skilled Australian Sponsored,2513 Occupational and Environmental Health Professionals,ANY,37
190SAS Skilled Australian Sponsored,2513 Occupational and Environmental Health Professionals,NSW,90
190SAS Skilled Australian Sponsored,2513 Occupational and Environmental Health Professionals,QLD,45
190SAS Skilled Australian Sponsored,2513 Occupational and Environmental Health Professionals,SA,76
190SAS Skilled Australian Sponsored,2513 Occupational and Environmental Health Professionals,WA,78
190SAS Skilled Australian Sponsored,2513 Occupational and Environmental Health Professionals,ACT,44
190SAS Skilled Australian Sponsored,2513 Occupational and Environmental Health Professionals,TAS,29
190SAS Skilled Australian Sponsored,2513 Occupational and Environmental Health Professionals,NT,32
190SAS Skilled Australian Sponsored,3923 Printers,QLD,1
190SAS Skilled Australian Sponsored,2527 Speech Professionals and Audiologists,VIC,161
190SAS Skilled Australian Sponsored,2527 Speech Professionals and Audiologists,ANY,27
190SAS Skilled Australian Sponsored,2527 Speech Professionals and Audiologists,NSW,136
190SAS Skilled Australian Sponsored,2527 Speech Professionals and Audiologists,QLD,108
190SAS Skilled Australian Sponsored,2527 Speech Professionals and Audiologists,SA,109
190SAS Skilled Australian Sponsored,2527 Speech Professionals and Audiologists,WA,96
190SAS Skilled Australian Sponsored,2527 Speech Professionals and Audiologists,ACT,70
190SAS Skilled Australian Sponsored,2527 Speech Professionals and Audiologists,TAS,49
190SAS Skilled Australian Sponsored,2527 Speech Professionals and Audiologists,NT,43
190SAS Skilled Australian Sponsored,1213 Livestock Farmers,VIC,15
190SAS Skilled Australian Sponsored,1213 Livestock Farmers,ANY,6
190SAS Skilled Australian Sponsored,1213 Livestock Farmers,NSW,12
190SAS Skilled Australian Sponsored,1213 Livestock Farmers,QLD,6
190SAS Skilled Australian Sponsored,1213 Livestock Farmers,SA,14
190SAS Skilled Australian Sponsored,1213 Livestock Farmers,WA,10
190SAS Skilled Australian Sponsored,1213 Livestock Farmers,ACT,4
190SAS Skilled Australian Sponsored,1213 Livestock Farmers,TAS,5
190SAS Skilled Australian Sponsored,1213 Livestock Farmers,NT,4
190SAS Skilled Australian Sponsored,"2242 Archivists, Curators and Records Managers",VIC,63
190SAS Skilled Australian Sponsored,"2242 Archivists, Curators and Records Managers",ANY,13
190SAS Skilled Australian Sponsored,"2242 Archivists, Curators and Records Managers",NSW,42
190SAS Skilled Australian Sponsored,"2242 Archivists, Curators and Records Managers",QLD,32
190SAS Skilled Australian Sponsored,"2242 Archivists, Curators and Records Managers",SA,62
190SAS Skilled Australian Sponsored,"2242 Archivists, Curators and Records Managers",WA,27
190SAS Skilled Australian Sponsored,"2242 Archivists, Curators and Records Managers",ACT,38
190SAS Skilled Australian Sponsored,"2242 Archivists, Curators and Records Managers",TAS,23
190SAS Skilled Australian Sponsored,"2242 Archivists, Curators and Records Managers",NT,18
190SAS Skilled Australian Sponsored,3129 Other Building and Engineering Technicians,VIC,56
190SAS Skilled Australian Sponsored,3129 Other Building and Engineering Technicians,ANY,24
190SAS Skilled Australian Sponsored,3129 Other Building and Engineering Technicians,NSW,69
190SAS Skilled Australian Sponsored,3129 Other Building and Engineering Technicians,QLD,52
190SAS Skilled Australian Sponsored,3129 Other Building and Engineering Technicians,SA,69
190SAS Skilled Australian Sponsored,3129 Other Building and Engineering Technicians,WA,69
190SAS Skilled Australian Sponsored,3129 Other Building and Engineering Technicians,ACT,40
190SAS Skilled Australian Sponsored,3129 Other Building and Engineering Technicians,TAS,22
190SAS Skilled Australian Sponsored,3129 Other Building and Engineering Technicians,NT,22
190SAS Skilled Australian Sponsored,2492 Private Tutors and Teachers,VIC,219
190SAS Skilled Australian Sponsored,2492 Private Tutors and Teachers,ANY,44
190SAS Skilled Australian Sponsored,2492 Private Tutors and Teachers,NSW,127
190SAS Skilled Australian Sponsored,2492 Private Tutors and Teachers,QLD,67
190SAS Skilled Australian Sponsored,2492 Private Tutors and Teachers,SA,157
190SAS Skilled Australian Sponsored,2492 Private Tutors and Teachers,WA,84
190SAS Skilled Australian Sponsored,2492 Private Tutors and Teachers,ACT,75
190SAS Skilled Australian Sponsored,2492 Private Tutors and Teachers,TAS,62
190SAS Skilled Australian Sponsored,2492 Private Tutors and Teachers,NT,60
190SAS Skilled Australian Sponsored,2524 Occupational Therapists,VIC,243
190SAS Skilled Australian Sponsored,2524 Occupational Therapists,ANY,38
190SAS Skilled Australian Sponsored,2524 Occupational Therapists,NSW,176
190SAS Skilled Australian Sponsored,2524 Occupational Therapists,QLD,133
190SAS Skilled Australian Sponsored,2524 Occupational Therapists,SA,94
190SAS Skilled Australian Sponsored,2524 Occupational Therapists,WA,156
190SAS Skilled Australian Sponsored,2524 Occupational Therapists,ACT,51
190SAS Skilled Australian Sponsored,2524 Occupational Therapists,TAS,35
190SAS Skilled Australian Sponsored,2524 Occupational Therapists,NT,33
190SAS Skilled Australian Sponsored,2519 Other Health Diagnostic and Promotion Professionals,VIC,99
190SAS Skilled Australian Sponsored,2519 Other Health Diagnostic and Promotion Professionals,ANY,40
190SAS Skilled Australian Sponsored,2519 Other Health Diagnostic and Promotion Professionals,NSW,48
190SAS Skilled Australian Sponsored,2519 Other Health Diagnostic and Promotion Professionals,QLD,37
190SAS Skilled Australian Sponsored,2519 Other Health Diagnostic and Promotion Professionals,SA,76
190SAS Skilled Australian Sponsored,2519 Other Health Diagnostic and Promotion Professionals,WA,72
190SAS Skilled Australian Sponsored,2519 Other Health Diagnostic and Promotion Professionals,ACT,43
190SAS Skilled Australian Sponsored,2519 Other Health Diagnostic and Promotion Professionals,TAS,28
190SAS Skilled Australian Sponsored,2519 Other Health Diagnostic and Promotion Professionals,NT,29
190SAS Skilled Australian Sponsored,3421 Airconditioning and Refrigeration Mechanics,VIC,23
190SAS Skilled Australian Sponsored,3421 Airconditioning and Refrigeration Mechanics,ANY,13
190SAS Skilled Australian Sponsored,3421 Airconditioning and Refrigeration Mechanics,NSW,21
190SAS Skilled Australian Sponsored,3421 Airconditioning and Refrigeration Mechanics,QLD,12
190SAS Skilled Australian Sponsored,3421 Airconditioning and Refrigeration Mechanics,SA,17
190SAS Skilled Australian Sponsored,3421 Airconditioning and Refrigeration Mechanics,WA,13
190SAS Skilled Australian Sponsored,3421 Airconditioning and Refrigeration Mechanics,ACT,9
190SAS Skilled Australian Sponsored,3421 Airconditioning and Refrigeration Mechanics,TAS,6
190SAS Skilled Australian Sponsored,3421 Airconditioning and Refrigeration Mechanics,NT,8
190SAS Skilled Australian Sponsored,2346 Medical Laboratory Scientists,VIC,288
190SAS Skilled Australian Sponsored,2346 Medical Laboratory Scientists,ANY,117
190SAS Skilled Australian Sponsored,2346 Medical Laboratory Scientists,NSW,219
190SAS Skilled Australian Sponsored,2346 Medical Laboratory Scientists,QLD,147
190SAS Skilled Australian Sponsored,2346 Medical Laboratory Scientists,SA,219
190SAS Skilled Australian Sponsored,2346 Medical Laboratory Scientists,WA,163
190SAS Skilled Australian Sponsored,2346 Medical Laboratory Scientists,ACT,115
190SAS Skilled Australian Sponsored,2346 Medical Laboratory Scientists,TAS,76
190SAS Skilled Australian Sponsored,2346 Medical Laboratory Scientists,NT,91
190SAS Skilled Australian Sponsored,2415 Special Education Teachers,VIC,44
190SAS Skilled Australian Sponsored,2415 Special Education Teachers,ANY,14
190SAS Skilled Australian Sponsored,2415 Special Education Teachers,NSW,27
190SAS Skilled Australian Sponsored,2415 Special Education Teachers,QLD,24
190SAS Skilled Australian Sponsored,2415 Special Education Teachers,SA,22
190SAS Skilled Australian Sponsored,2415 Special Education Teachers,WA,30
190SAS Skilled Australian Sponsored,2415 Special Education Teachers,ACT,11
190SAS Skilled Australian Sponsored,2415 Special Education Teachers,TAS,4
190SAS Skilled Australian Sponsored,2415 Special Education Teachers,NT,8
190SAS Skilled Australian Sponsored,1493 Conference and Event Organisers,VIC,160
190SAS Skilled Australian Sponsored,1493 Conference and Event Organisers,ANY,41
190SAS Skilled Australian Sponsored,1493 Conference and Event Organisers,NSW,106
190SAS Skilled Australian Sponsored,1493 Conference and Event Organisers,QLD,60
190SAS Skilled Australian Sponsored,1493 Conference and Event Organisers,SA,157
190SAS Skilled Australian Sponsored,1493 Conference and Event Organisers,WA,228
190SAS Skilled Australian Sponsored,1493 Conference and Event Organisers,ACT,77
190SAS Skilled Australian Sponsored,1493 Conference and Event Organisers,TAS,42
190SAS Skilled Australian Sponsored,1493 Conference and Event Organisers,NT,45
190SAS Skilled Australian Sponsored,2712 Judicial and Other Legal Professionals,VIC,51
190SAS Skilled Australian Sponsored,2712 Judicial and Other Legal Professionals,ANY,19
190SAS Skilled Australian Sponsored,2712 Judicial and Other Legal Professionals,NSW,36
190SAS Skilled Australian Sponsored,2712 Judicial and Other Legal Professionals,QLD,22
190SAS Skilled Australian Sponsored,2712 Judicial and Other Legal Professionals,SA,47
190SAS Skilled Australian Sponsored,2712 Judicial and Other Legal Professionals,WA,19
190SAS Skilled Australian Sponsored,2712 Judicial and Other Legal Professionals,ACT,17
190SAS Skilled Australian Sponsored,2712 Judicial and Other Legal Professionals,TAS,18
190SAS Skilled Australian Sponsored,2712 Judicial and Other Legal Professionals,NT,21
190SAS Skilled Australian Sponsored,2222 Financial Dealers,VIC,61
190SAS Skilled Australian Sponsored,2222 Financial Dealers,ANY,16
190SAS Skilled Australian Sponsored,2222 Financial Dealers,NSW,55
190SAS Skilled Australian Sponsored,2222 Financial Dealers,QLD,17
190SAS Skilled Australian Sponsored,2222 Financial Dealers,SA,57
190SAS Skilled Australian Sponsored,2222 Financial Dealers,WA,22
190SAS Skilled Australian Sponsored,2222 Financial Dealers,ACT,18
190SAS Skilled Australian Sponsored,2222 Financial Dealers,TAS,16
190SAS Skilled Australian Sponsored,2222 Financial Dealers,NT,12
190SAS Skilled Australian Sponsored,2723 Psychologists,VIC,165
190SAS Skilled Australian Sponsored,2723 Psychologists,ANY,33
190SAS Skilled Australian Sponsored,2723 Psychologists,NSW,182
190SAS Skilled Australian Sponsored,2723 Psychologists,QLD,80
190SAS Skilled Australian Sponsored,2723 Psychologists,SA,114
190SAS Skilled Australian Sponsored,2723 Psychologists,WA,80
190SAS Skilled Australian Sponsored,2723 Psychologists,ACT,65
190SAS Skilled Australian Sponsored,2723 Psychologists,TAS,36
190SAS Skilled Australian Sponsored,2723 Psychologists,NT,27
190SAS Skilled Australian Sponsored,4111 Ambulance Officers and Paramedics,VIC,33
190SAS Skilled Australian Sponsored,4111 Ambulance Officers and Paramedics,ANY,19
190SAS Skilled Australian Sponsored,4111 Ambulance Officers and Paramedics,NSW,30
190SAS Skilled Australian Sponsored,4111 Ambulance Officers and Paramedics,QLD,23
190SAS Skilled Australian Sponsored,4111 Ambulance Officers and Paramedics,SA,36
190SAS Skilled Australian Sponsored,4111 Ambulance Officers and Paramedics,WA,47
190SAS Skilled Australian Sponsored,4111 Ambulance Officers and Paramedics,ACT,22
190SAS Skilled Australian Sponsored,4111 Ambulance Officers and Paramedics,TAS,12
190SAS Skilled Australian Sponsored,4111 Ambulance Officers and Paramedics,NT,12
190SAS Skilled Australian Sponsored,2113 Photographers,VIC,20
190SAS Skilled Australian Sponsored,2113 Photographers,ANY,6
190SAS Skilled Australian Sponsored,2113 Photographers,NSW,6
190SAS Skilled Australian Sponsored,2113 Photographers,QLD,4
190SAS Skilled Australian Sponsored,2113 Photographers,SA,15
190SAS Skilled Australian Sponsored,2113 Photographers,WA,5
190SAS Skilled Australian Sponsored,2113 Photographers,ACT,5
190SAS Skilled Australian Sponsored,"4112 Dental Hygienists, Technicians and Therapists",VIC,25
190SAS Skilled Australian Sponsored,"4112 Dental Hygienists, Technicians and Therapists",ANY,5
190SAS Skilled Australian Sponsored,"4112 Dental Hygienists, Technicians and Therapists",NSW,11
190SAS Skilled Australian Sponsored,"4112 Dental Hygienists, Technicians and Therapists",QLD,7
190SAS Skilled Australian Sponsored,"4112 Dental Hygienists, Technicians and Therapists",SA,4
190SAS Skilled Australian Sponsored,"4112 Dental Hygienists, Technicians and Therapists",WA,24
190SAS Skilled Australian Sponsored,"4112 Dental Hygienists, Technicians and Therapists",ACT,6
190SAS Skilled Australian Sponsored,"4112 Dental Hygienists, Technicians and Therapists",TAS,7
190SAS Skilled Australian Sponsored,"4112 Dental Hygienists, Technicians and Therapists",NT,2
190SAS Skilled Australian Sponsored,2541 Midwives,VIC,35
190SAS Skilled Australian Sponsored,2541 Midwives,ANY,14
190SAS Skilled Australian Sponsored,2541 Midwives,NSW,22
190SAS Skilled Australian Sponsored,2541 Midwives,QLD,13
190SAS Skilled Australian Sponsored,2541 Midwives,SA,8
190SAS Skilled Australian Sponsored,2541 Midwives,WA,26
190SAS Skilled Australian Sponsored,2541 Midwives,ACT,1
190SAS Skilled Australian Sponsored,2541 Midwives,NT,4
190SAS Skilled Australian Sponsored,3341 Plumbers,VIC,54
190SAS Skilled Australian Sponsored,3341 Plumbers,ANY,12
190SAS Skilled Australian Sponsored,3341 Plumbers,NSW,90
190SAS Skilled Australian Sponsored,3341 Plumbers,QLD,51
190SAS Skilled Australian Sponsored,3341 Plumbers,SA,68
190SAS Skilled Australian Sponsored,3341 Plumbers,WA,79
190SAS Skilled Australian Sponsored,3341 Plumbers,ACT,13
190SAS Skilled Australian Sponsored,3341 Plumbers,TAS,8
190SAS Skilled Australian Sponsored,3341 Plumbers,NT,9
190SAS Skilled Australian Sponsored,2491 Education Advisers and Reviewers,VIC,19
190SAS Skilled Australian Sponsored,2491 Education Advisers and Reviewers,ANY,6
190SAS Skilled Australian Sponsored,2491 Education Advisers and Reviewers,NSW,7
190SAS Skilled Australian Sponsored,2491 Education Advisers and Reviewers,QLD,4
190SAS Skilled Australian Sponsored,2491 Education Advisers and Reviewers,SA,25
190SAS Skilled Australian Sponsored,2491 Education Advisers and Reviewers,WA,3
190SAS Skilled Australian Sponsored,2491 Education Advisers and Reviewers,ACT,16
190SAS Skilled Australian Sponsored,2491 Education Advisers and Reviewers,TAS,4
190SAS Skilled Australian Sponsored,2491 Education Advisers and Reviewers,NT,4
190SAS Skilled Australian Sponsored,2511 Dietitians,VIC,157
190SAS Skilled Australian Sponsored,2511 Dietitians,ANY,52
190SAS Skilled Australian Sponsored,2511 Dietitians,NSW,95
190SAS Skilled Australian Sponsored,2511 Dietitians,QLD,53
190SAS Skilled Australian Sponsored,2511 Dietitians,SA,74
190SAS Skilled Australian Sponsored,2511 Dietitians,WA,97
190SAS Skilled Australian Sponsored,2511 Dietitians,ACT,74
190SAS Skilled Australian Sponsored,2511 Dietitians,TAS,43
190SAS Skilled Australian Sponsored,2511 Dietitians,NT,34
190SAS Skilled Australian Sponsored,3932 Clothing Trades Workers,VIC,3
190SAS Skilled Australian Sponsored,3932 Clothing Trades Workers,ANY,1
190SAS Skilled Australian Sponsored,3932 Clothing Trades Workers,NSW,2
190SAS Skilled Australian Sponsored,3932 Clothing Trades Workers,QLD,2
190SAS Skilled Australian Sponsored,3932 Clothing Trades Workers,SA,2
190SAS Skilled Australian Sponsored,3932 Clothing Trades Workers,WA,4
190SAS Skilled Australian Sponsored,3932 Clothing Trades Workers,ACT,1
190SAS Skilled Australian Sponsored,3932 Clothing Trades Workers,TAS,1
190SAS Skilled Australian Sponsored,3932 Clothing Trades Workers,NT,1
190SAS Skilled Australian Sponsored,"3992 Chemical, Gas, Petroleum and Power Generation Plant Operators",VIC,3
190SAS Skilled Australian Sponsored,"3992 Chemical, Gas, Petroleum and Power Generation Plant Operators",NSW,3
190SAS Skilled Australian Sponsored,"3992 Chemical, Gas, Petroleum and Power Generation Plant Operators",QLD,4
190SAS Skilled Australian Sponsored,"3992 Chemical, Gas, Petroleum and Power Generation Plant Operators",SA,3
190SAS Skilled Australian Sponsored,"3992 Chemical, Gas, Petroleum and Power Generation Plant Operators",WA,1
190SAS Skilled Australian Sponsored,"3992 Chemical, Gas, Petroleum and Power Generation Plant Operators",ACT,2
190SAS Skilled Australian Sponsored,"3992 Chemical, Gas, Petroleum and Power Generation Plant Operators",TAS,1
190SAS Skilled Australian Sponsored,"3992 Chemical, Gas, Petroleum and Power Generation Plant Operators",NT,1
190SAS Skilled Australian Sponsored,2232 ICT Trainers,VIC,17
190SAS Skilled Australian Sponsored,2232 ICT Trainers,ANY,14
190SAS Skilled Australian Sponsored,2232 ICT Trainers,NSW,40
190SAS Skilled Australian Sponsored,2232 ICT Trainers,QLD,11
190SAS Skilled Australian Sponsored,2232 ICT Trainers,SA,19
190SAS Skilled Australian Sponsored,2232 ICT Trainers,WA,20
190SAS Skilled Australian Sponsored,2232 ICT Trainers,ACT,21
190SAS Skilled Australian Sponsored,2232 ICT Trainers,TAS,10
190SAS Skilled Australian Sponsored,2232 ICT Trainers,NT,6
190SAS Skilled Australian Sponsored,3241 Panelbeaters,VIC,4
190SAS Skilled Australian Sponsored,3241 Panelbeaters,ANY,4
190SAS Skilled Australian Sponsored,3241 Panelbeaters,NSW,6
190SAS Skilled Australian Sponsored,3241 Panelbeaters,QLD,6
190SAS Skilled Australian Sponsored,3241 Panelbeaters,SA,1
190SAS Skilled Australian Sponsored,3241 Panelbeaters,WA,7
190SAS Skilled Australian Sponsored,3241 Panelbeaters,TAS,1
190SAS Skilled Australian Sponsored,2246 Librarians,VIC,14
190SAS Skilled Australian Sponsored,2246 Librarians,ANY,6
190SAS Skilled Australian Sponsored,2246 Librarians,NSW,12
190SAS Skilled Australian Sponsored,2246 Librarians,QLD,7
190SAS Skilled Australian Sponsored,2246 Librarians,SA,14
190SAS Skilled Australian Sponsored,2246 Librarians,WA,10
190SAS Skilled Australian Sponsored,2246 Librarians,ACT,12
190SAS Skilled Australian Sponsored,2246 Librarians,TAS,6
190SAS Skilled Australian Sponsored,2246 Librarians,NT,7
190SAS Skilled Australian Sponsored,3424 Telecommunications Trades Workers,VIC,19
190SAS Skilled Australian Sponsored,3424 Telecommunications Trades Workers,ANY,9
190SAS Skilled Australian Sponsored,3424 Telecommunications Trades Workers,NSW,23
190SAS Skilled Australian Sponsored,3424 Telecommunications Trades Workers,QLD,17
190SAS Skilled Australian Sponsored,3424 Telecommunications Trades Workers,SA,18
190SAS Skilled Australian Sponsored,3424 Telecommunications Trades Workers,WA,24
190SAS Skilled Australian Sponsored,3424 Telecommunications Trades Workers,ACT,11
190SAS Skilled Australian Sponsored,3424 Telecommunications Trades Workers,TAS,10
190SAS Skilled Australian Sponsored,3424 Telecommunications Trades Workers,NT,12
190SAS Skilled Australian Sponsored,2721 Counsellors,VIC,138
190SAS Skilled Australian Sponsored,2721 Counsellors,ANY,33
190SAS Skilled Australian Sponsored,2721 Counsellors,NSW,74
190SAS Skilled Australian Sponsored,2721 Counsellors,QLD,60
190SAS Skilled Australian Sponsored,2721 Counsellors,SA,75
190SAS Skilled Australian Sponsored,2721 Counsellors,WA,132
190SAS Skilled Australian Sponsored,2721 Counsellors,ACT,46
190SAS Skilled Australian Sponsored,2721 Counsellors,TAS,23
190SAS Skilled Australian Sponsored,2721 Counsellors,NT,23
190SAS Skilled Australian Sponsored,3991 Boat Builders and Shipwrights,QLD,18
190SAS Skilled Australian Sponsored,3991 Boat Builders and Shipwrights,WA,2
190SAS Skilled Australian Sponsored,4113 Diversional Therapists,VIC,32
190SAS Skilled Australian Sponsored,4113 Diversional Therapists,ANY,8
190SAS Skilled Australian Sponsored,4113 Diversional Therapists,NSW,41
190SAS Skilled Australian Sponsored,4113 Diversional Therapists,QLD,15
190SAS Skilled Australian Sponsored,4113 Diversional Therapists,SA,36
190SAS Skilled Australian Sponsored,4113 Diversional Therapists,WA,20
190SAS Skilled Australian Sponsored,4113 Diversional Therapists,ACT,23
190SAS Skilled Australian Sponsored,4113 Diversional Therapists,TAS,18
190SAS Skilled Australian Sponsored,4113 Diversional Therapists,NT,10
190SAS Skilled Australian Sponsored,2533 Internal Medicine Specialists,VIC,21
190SAS Skilled Australian Sponsored,2533 Internal Medicine Specialists,ANY,10
190SAS Skilled Australian Sponsored,2533 Internal Medicine Specialists,NSW,17
190SAS Skilled Australian Sponsored,2533 Internal Medicine Specialists,QLD,18
190SAS Skilled Australian Sponsored,2533 Internal Medicine Specialists,SA,10
190SAS Skilled Australian Sponsored,2533 Internal Medicine Specialists,WA,13
190SAS Skilled Australian Sponsored,2533 Internal Medicine Specialists,ACT,8
190SAS Skilled Australian Sponsored,2533 Internal Medicine Specialists,TAS,9
190SAS Skilled Australian Sponsored,2533 Internal Medicine Specialists,NT,4
190SAS Skilled Australian Sponsored,3332 Plasterers,VIC,21
190SAS Skilled Australian Sponsored,3332 Plasterers,ANY,8
190SAS Skilled Australian Sponsored,3332 Plasterers,NSW,5
190SAS Skilled Australian Sponsored,3332 Plasterers,QLD,11
190SAS Skilled Australian Sponsored,3332 Plasterers,SA,5
190SAS Skilled Australian Sponsored,3332 Plasterers,WA,46
190SAS Skilled Australian Sponsored,3332 Plasterers,ACT,1
190SAS Skilled Australian Sponsored,3332 Plasterers,TAS,2
190SAS Skilled Australian Sponsored,3332 Plasterers,NT,1
190SAS Skilled Australian Sponsored,3611 Animal Attendants and Trainers,VIC,7
190SAS Skilled Australian Sponsored,3611 Animal Attendants and Trainers,ANY,4
190SAS Skilled Australian Sponsored,3611 Animal Attendants and Trainers,NSW,3
190SAS Skilled Australian Sponsored,3611 Animal Attendants and Trainers,QLD,2
190SAS Skilled Australian Sponsored,3611 Animal Attendants and Trainers,SA,2
190SAS Skilled Australian Sponsored,3611 Animal Attendants and Trainers,WA,4
190SAS Skilled Australian Sponsored,3611 Animal Attendants and Trainers,ACT,2
190SAS Skilled Australian Sponsored,3611 Animal Attendants and Trainers,NT,1
190SAS Skilled Australian Sponsored,3334 Wall and Floor Tilers,VIC,80
190SAS Skilled Australian Sponsored,3334 Wall and Floor Tilers,ANY,20
190SAS Skilled Australian Sponsored,3334 Wall and Floor Tilers,NSW,24
190SAS Skilled Australian Sponsored,3334 Wall and Floor Tilers,QLD,35
190SAS Skilled Australian Sponsored,3334 Wall and Floor Tilers,SA,25
190SAS Skilled Australian Sponsored,3334 Wall and Floor Tilers,WA,155
190SAS Skilled Australian Sponsored,3334 Wall and Floor Tilers,ACT,8
190SAS Skilled Australian Sponsored,3334 Wall and Floor Tilers,TAS,4
190SAS Skilled Australian Sponsored,3334 Wall and Floor Tilers,NT,4
190SAS Skilled Australian Sponsored,2413 Middle School Teachers (Aus) / Intermediate School Teachers (NZ),VIC,35
190SAS Skilled Australian Sponsored,2413 Middle School Teachers (Aus) / Intermediate School Teachers (NZ),ANY,24
190SAS Skilled Australian Sponsored,2413 Middle School Teachers (Aus) / Intermediate School Teachers (NZ),NSW,29
190SAS Skilled Australian Sponsored,2413 Middle School Teachers (Aus) / Intermediate School Teachers (NZ),QLD,21
190SAS Skilled Australian Sponsored,2413 Middle School Teachers (Aus) / Intermediate School Teachers (NZ),SA,26
190SAS Skilled Australian Sponsored,2413 Middle School Teachers (Aus) / Intermediate School Teachers (NZ),WA,17
190SAS Skilled Australian Sponsored,2413 Middle School Teachers (Aus) / Intermediate School Teachers (NZ),ACT,8
190SAS Skilled Australian Sponsored,2413 Middle School Teachers (Aus) / Intermediate School Teachers (NZ),TAS,2
190SAS Skilled Australian Sponsored,2413 Middle School Teachers (Aus) / Intermediate School Teachers (NZ),NT,5
190SAS Skilled Australian Sponsored,2522 Complementary Health Therapists,VIC,42
190SAS Skilled Australian Sponsored,2522 Complementary Health Therapists,ANY,10
190SAS Skilled Australian Sponsored,2522 Complementary Health Therapists,NSW,19
190SAS Skilled Australian Sponsored,2522 Complementary Health Therapists,QLD,14
190SAS Skilled Australian Sponsored,2522 Complementary Health Therapists,SA,15
190SAS Skilled Australian Sponsored,2522 Complementary Health Therapists,WA,24
190SAS Skilled Australian Sponsored,2522 Complementary Health Therapists,ACT,17
190SAS Skilled Australian Sponsored,2522 Complementary Health Therapists,TAS,9
190SAS Skilled Australian Sponsored,2522 Complementary Health Therapists,NT,9
190SAS Skilled Australian Sponsored,2543 Nurse Managers,VIC,5
190SAS Skilled Australian Sponsored,2543 Nurse Managers,ANY,1
190SAS Skilled Australian Sponsored,2543 Nurse Managers,NSW,3
190SAS Skilled Australian Sponsored,2543 Nurse Managers,QLD,4
190SAS Skilled Australian Sponsored,2543 Nurse Managers,SA,1
190SAS Skilled Australian Sponsored,2543 Nurse Managers,WA,3
190SAS Skilled Australian Sponsored,2543 Nurse Managers,ACT,2
190SAS Skilled Australian Sponsored,2543 Nurse Managers,TAS,1
190SAS Skilled Australian Sponsored,2543 Nurse Managers,NT,1
190SAS Skilled Australian Sponsored,2523 Dental Practitioners,WA,1
190SAS Skilled Australian Sponsored,1343 School Principals,VIC,14
190SAS Skilled Australian Sponsored,1343 School Principals,ANY,11
190SAS Skilled Australian Sponsored,1343 School Principals,NSW,17
190SAS Skilled Australian Sponsored,1343 School Principals,QLD,4
190SAS Skilled Australian Sponsored,1343 School Principals,SA,18
190SAS Skilled Australian Sponsored,1343 School Principals,WA,14
190SAS Skilled Australian Sponsored,1343 School Principals,ACT,8
190SAS Skilled Australian Sponsored,1343 School Principals,TAS,4
190SAS Skilled Australian Sponsored,1343 School Principals,NT,6
190SAS Skilled Australian Sponsored,2112 Music Professionals,VIC,9
190SAS Skilled Australian Sponsored,2112 Music Professionals,ANY,3
190SAS Skilled Australian Sponsored,2112 Music Professionals,NSW,2
190SAS Skilled Australian Sponsored,2112 Music Professionals,QLD,2
190SAS Skilled Australian Sponsored,2112 Music Professionals,SA,2
190SAS Skilled Australian Sponsored,2112 Music Professionals,WA,3
190SAS Skilled Australian Sponsored,2112 Music Professionals,ACT,2
190SAS Skilled Australian Sponsored,3211 Automotive Electricians,VIC,22
190SAS Skilled Australian Sponsored,3211 Automotive Electricians,ANY,23
190SAS Skilled Australian Sponsored,3211 Automotive Electricians,NSW,42
190SAS Skilled Australian Sponsored,3211 Automotive Electricians,QLD,17
190SAS Skilled Australian Sponsored,3211 Automotive Electricians,SA,18
190SAS Skilled Australian Sponsored,3211 Automotive Electricians,WA,48
190SAS Skilled Australian Sponsored,3211 Automotive Electricians,ACT,4
190SAS Skilled Australian Sponsored,3211 Automotive Electricians,TAS,7
190SAS Skilled Australian Sponsored,3211 Automotive Electricians,NT,11
190SAS Skilled Australian Sponsored,3995 Performing Arts Technicians,VIC,15
190SAS Skilled Australian Sponsored,3995 Performing Arts Technicians,ANY,6
190SAS Skilled Australian Sponsored,3995 Performing Arts Technicians,NSW,8
190SAS Skilled Australian Sponsored,3995 Performing Arts Technicians,QLD,4
190SAS Skilled Australian Sponsored,3995 Performing Arts Technicians,SA,8
190SAS Skilled Australian Sponsored,3995 Performing Arts Technicians,WA,5
190SAS Skilled Australian Sponsored,3995 Performing Arts Technicians,ACT,3
190SAS Skilled Australian Sponsored,3995 Performing Arts Technicians,TAS,3
190SAS Skilled Australian Sponsored,3995 Performing Arts Technicians,NT,1
190SAS Skilled Australian Sponsored,1344 Other Education Managers,VIC,21
190SAS Skilled Australian Sponsored,1344 Other Education Managers,ANY,9
190SAS Skilled Australian Sponsored,1344 Other Education Managers,NSW,16
190SAS Skilled Australian Sponsored,1344 Other Education Managers,QLD,13
190SAS Skilled Australian Sponsored,1344 Other Education Managers,SA,20
190SAS Skilled Australian Sponsored,1344 Other Education Managers,WA,14
190SAS Skilled Australian Sponsored,1344 Other Education Managers,ACT,15
190SAS Skilled Australian Sponsored,1344 Other Education Managers,TAS,10
190SAS Skilled Australian Sponsored,1344 Other Education Managers,NT,11
190SAS Skilled Australian Sponsored,3234 Toolmakers and Engineering Patternmakers,VIC,13
190SAS Skilled Australian Sponsored,3234 Toolmakers and Engineering Patternmakers,NSW,20
190SAS Skilled Australian Sponsored,3234 Toolmakers and Engineering Patternmakers,QLD,11
190SAS Skilled Australian Sponsored,3234 Toolmakers and Engineering Patternmakers,SA,15
190SAS Skilled Australian Sponsored,3234 Toolmakers and Engineering Patternmakers,WA,10
190SAS Skilled Australian Sponsored,3234 Toolmakers and Engineering Patternmakers,ACT,10
190SAS Skilled Australian Sponsored,3234 Toolmakers and Engineering Patternmakers,TAS,9
190SAS Skilled Australian Sponsored,3234 Toolmakers and Engineering Patternmakers,NT,9
190SAS Skilled Australian Sponsored,2534 Psychiatrists,VIC,7
190SAS Skilled Australian Sponsored,2534 Psychiatrists,ANY,3
190SAS Skilled Australian Sponsored,2534 Psychiatrists,NSW,6
190SAS Skilled Australian Sponsored,2534 Psychiatrists,QLD,14
190SAS Skilled Australian Sponsored,2534 Psychiatrists,SA,4
190SAS Skilled Australian Sponsored,2534 Psychiatrists,WA,5
190SAS Skilled Australian Sponsored,2534 Psychiatrists,ACT,1
190SAS Skilled Australian Sponsored,2534 Psychiatrists,TAS,2
190SAS Skilled Australian Sponsored,2534 Psychiatrists,NT,1
190SAS Skilled Australian Sponsored,"5996 Insurance Investigators, Loss Adjusters and Risk Surveyors",VIC,10
190SAS Skilled Australian Sponsored,"5996 Insurance Investigators, Loss Adjusters and Risk Surveyors",ANY,10
190SAS Skilled Australian Sponsored,"5996 Insurance Investigators, Loss Adjusters and Risk Surveyors",NSW,9
190SAS Skilled Australian Sponsored,"5996 Insurance Investigators, Loss Adjusters and Risk Surveyors",QLD,10
190SAS Skilled Australian Sponsored,"5996 Insurance Investigators, Loss Adjusters and Risk Surveyors",SA,9
190SAS Skilled Australian Sponsored,"5996 Insurance Investigators, Loss Adjusters and Risk Surveyors",WA,8
190SAS Skilled Australian Sponsored,"5996 Insurance Investigators, Loss Adjusters and Risk Surveyors",ACT,9
190SAS Skilled Australian Sponsored,"5996 Insurance Investigators, Loss Adjusters and Risk Surveyors",TAS,4
190SAS Skilled Australian Sponsored,"5996 Insurance Investigators, Loss Adjusters and Risk Surveyors",NT,7
190SAS Skilled Australian Sponsored,2514 Optometrists and Orthoptists,VIC,9
190SAS Skilled Australian Sponsored,2514 Optometrists and Orthoptists,ANY,2
190SAS Skilled Australian Sponsored,2514 Optometrists and Orthoptists,NSW,7
190SAS Skilled Australian Sponsored,2514 Optometrists and Orthoptists,QLD,10
190SAS Skilled Australian Sponsored,2514 Optometrists and Orthoptists,SA,2
190SAS Skilled Australian Sponsored,2514 Optometrists and Orthoptists,WA,4
190SAS Skilled Australian Sponsored,2514 Optometrists and Orthoptists,ACT,1
190SAS Skilled Australian Sponsored,2514 Optometrists and Orthoptists,TAS,1
190SAS Skilled Australian Sponsored,2535 Surgeons,VIC,5
190SAS Skilled Australian Sponsored,2535 Surgeons,ANY,2
190SAS Skilled Australian Sponsored,2535 Surgeons,NSW,3
190SAS Skilled Australian Sponsored,2535 Surgeons,QLD,2
190SAS Skilled Australian Sponsored,2535 Surgeons,SA,1
190SAS Skilled Australian Sponsored,2535 Surgeons,WA,4
190SAS Skilled Australian Sponsored,2535 Surgeons,NT,1
190SAS Skilled Australian Sponsored,3422 Electrical Distribution Trades Workers,NSW,1
190SAS Skilled Australian Sponsored,3942 Wood Machinists and Other Wood Trades Workers,VIC,1
190SAS Skilled Australian Sponsored,3942 Wood Machinists and Other Wood Trades Workers,ANY,1
190SAS Skilled Australian Sponsored,3942 Wood Machinists and Other Wood Trades Workers,QLD,1
190SAS Skilled Australian Sponsored,3942 Wood Machinists and Other Wood Trades Workers,SA,1
190SAS Skilled Australian Sponsored,3942 Wood Machinists and Other Wood Trades Workers,WA,1
190SAS Skilled Australian Sponsored,3623 Greenkeepers,TAS,1
190SAS Skilled Australian Sponsored,3512 Butchers and Smallgoods Makers,VIC,2
190SAS Skilled Australian Sponsored,3512 Butchers and Smallgoods Makers,ANY,3
190SAS Skilled Australian Sponsored,3512 Butchers and Smallgoods Makers,NSW,2
190SAS Skilled Australian Sponsored,3512 Butchers and Smallgoods Makers,SA,1
190SAS Skilled Australian Sponsored,3512 Butchers and Smallgoods Makers,WA,3
190SAS Skilled Australian Sponsored,3512 Butchers and Smallgoods Makers,ACT,1
190SAS Skilled Australian Sponsored,3512 Butchers and Smallgoods Makers,NT,1
190SAS Skilled Australian Sponsored,2526 Podiatrists,VIC,14
190SAS Skilled Australian Sponsored,2526 Podiatrists,ANY,3
190SAS Skilled Australian Sponsored,2526 Podiatrists,NSW,7
190SAS Skilled Australian Sponsored,2526 Podiatrists,QLD,10
190SAS Skilled Australian Sponsored,2526 Podiatrists,SA,2
190SAS Skilled Australian Sponsored,2526 Podiatrists,WA,9
190SAS Skilled Australian Sponsored,2526 Podiatrists,ACT,1
190SAS Skilled Australian Sponsored,2526 Podiatrists,TAS,1
190SAS Skilled Australian Sponsored,"2122 Authors, and Book and Script Editors",VIC,7
190SAS Skilled Australian Sponsored,"2122 Authors, and Book and Script Editors",NSW,4
190SAS Skilled Australian Sponsored,"2122 Authors, and Book and Script Editors",QLD,3
190SAS Skilled Australian Sponsored,"2122 Authors, and Book and Script Editors",SA,3
190SAS Skilled Australian Sponsored,"2122 Authors, and Book and Script Editors",WA,3
190SAS Skilled Australian Sponsored,"2122 Authors, and Book and Script Editors",ACT,3
190SAS Skilled Australian Sponsored,"2122 Authors, and Book and Script Editors",TAS,3
190SAS Skilled Australian Sponsored,"2122 Authors, and Book and Script Editors",NT,3
190SAS Skilled Australian Sponsored,"2111 Actors, Dancers and Other Entertainers",VIC,3
190SAS Skilled Australian Sponsored,"2111 Actors, Dancers and Other Entertainers",ANY,3
190SAS Skilled Australian Sponsored,"2111 Actors, Dancers and Other Entertainers",NSW,6
190SAS Skilled Australian Sponsored,"2111 Actors, Dancers and Other Entertainers",QLD,3
190SAS Skilled Australian Sponsored,"2111 Actors, Dancers and Other Entertainers",SA,3
190SAS Skilled Australian Sponsored,"2111 Actors, Dancers and Other Entertainers",WA,5
190SAS Skilled Australian Sponsored,"2111 Actors, Dancers and Other Entertainers",ACT,3
190SAS Skilled Australian Sponsored,"2111 Actors, Dancers and Other Entertainers",TAS,3
190SAS Skilled Australian Sponsored,"2111 Actors, Dancers and Other Entertainers",NT,4
190SAS Skilled Australian Sponsored,4524 Sportspersons,VIC,1
190SAS Skilled Australian Sponsored,4524 Sportspersons,ANY,1
190SAS Skilled Australian Sponsored,4524 Sportspersons,QLD,1
190SAS Skilled Australian Sponsored,4524 Sportspersons,SA,1
190SAS Skilled Australian Sponsored,3333 Roof Tilers,VIC,6
190SAS Skilled Australian Sponsored,3333 Roof Tilers,ANY,1
190SAS Skilled Australian Sponsored,3333 Roof Tilers,NSW,5
190SAS Skilled Australian Sponsored,3333 Roof Tilers,QLD,3
190SAS Skilled Australian Sponsored,3333 Roof Tilers,SA,4
190SAS Skilled Australian Sponsored,3333 Roof Tilers,WA,5
190SAS Skilled Australian Sponsored,"3221 Metal Casting, Forging and Finishing Trades Workers",VIC,1
190SAS Skilled Australian Sponsored,"3221 Metal Casting, Forging and Finishing Trades Workers",ANY,1
190SAS Skilled Australian Sponsored,"3221 Metal Casting, Forging and Finishing Trades Workers",NSW,1
190SAS Skilled Australian Sponsored,"3221 Metal Casting, Forging and Finishing Trades Workers",QLD,1
190SAS Skilled Australian Sponsored,"3221 Metal Casting, Forging and Finishing Trades Workers",SA,1
190SAS Skilled Australian Sponsored,"3221 Metal Casting, Forging and Finishing Trades Workers",WA,1
190SAS Skilled Australian Sponsored,"3221 Metal Casting, Forging and Finishing Trades Workers",ACT,1
190SAS Skilled Australian Sponsored,"3221 Metal Casting, Forging and Finishing Trades Workers",TAS,1
190SAS Skilled Australian Sponsored,"3221 Metal Casting, Forging and Finishing Trades Workers",NT,1
190SAS Skilled Australian Sponsored,"3921 Binders, Finishers and Screen Printers",VIC,1
190SAS Skilled Australian Sponsored,"3921 Binders, Finishers and Screen Printers",WA,1
190SAS Skilled Australian Sponsored,3994 Jewellers,VIC,1
190SAS Skilled Australian Sponsored,3994 Jewellers,ANY,1
190SAS Skilled Australian Sponsored,3994 Jewellers,NSW,1
190SAS Skilled Australian Sponsored,3994 Jewellers,QLD,1
190SAS Skilled Australian Sponsored,3994 Jewellers,SA,1
190SAS Skilled Australian Sponsored,3994 Jewellers,WA,1
190SAS Skilled Australian Sponsored,3994 Jewellers,ACT,1
190SAS Skilled Australian Sponsored,3933 Upholsterers,VIC,1
190SAS Skilled Australian Sponsored,3933 Upholsterers,NSW,1
190SAS Skilled Australian Sponsored,3933 Upholsterers,QLD,1
190SAS Skilled Australian Sponsored,3933 Upholsterers,WA,1
491SNR State or Territory Nominated - Regional,2613 Software and Applications Programmers,VIC,8227
491SNR State or Territory Nominated - Regional,2613 Software and Applications Programmers,ANY,2996
491SNR State or Territory Nominated - Regional,2613 Software and Applications Programmers,NSW,12502
491SNR State or Territory Nominated - Regional,2613 Software and Applications Programmers,QLD,3949
491SNR State or Territory Nominated - Regional,2613 Software and Applications Programmers,SA,9124
491SNR State or Territory Nominated - Regional,2613 Software and Applications Programmers,WA,12476
491SNR State or Territory Nominated - Regional,2613 Software and Applications Programmers,ACT,6774
491SNR State or Territory Nominated - Regional,2613 Software and Applications Programmers,TAS,3827
491SNR State or Territory Nominated - Regional,2613 Software and Applications Programmers,NT,4214
491SNR State or Territory Nominated - Regional,3212 Motor Mechanics,VIC,1006
491SNR State or Territory Nominated - Regional,3212 Motor Mechanics,ANY,367
491SNR State or Territory Nominated - Regional,3212 Motor Mechanics,NSW,837
491SNR State or Territory Nominated - Regional,3212 Motor Mechanics,QLD,363
491SNR State or Territory Nominated - Regional,3212 Motor Mechanics,SA,710
491SNR State or Territory Nominated - Regional,3212 Motor Mechanics,WA,1669
491SNR State or Territory Nominated - Regional,3212 Motor Mechanics,ACT,118
491SNR State or Territory Nominated - Regional,3212 Motor Mechanics,TAS,205
491SNR State or Territory Nominated - Regional,3212 Motor Mechanics,NT,120
491SNR State or Territory Nominated - Regional,2332 Civil Engineering Professionals,VIC,3127
491SNR State or Territory Nominated - Regional,2332 Civil Engineering Professionals,ANY,1298
491SNR State or Territory Nominated - Regional,2332 Civil Engineering Professionals,NSW,3718
491SNR State or Territory Nominated - Regional,2332 Civil Engineering Professionals,QLD,2670
491SNR State or Territory Nominated - Regional,2332 Civil Engineering Professionals,SA,2701
491SNR State or Territory Nominated - Regional,2332 Civil Engineering Professionals,WA,5917
491SNR State or Territory Nominated - Regional,2332 Civil Engineering Professionals,ACT,1599
491SNR State or Territory Nominated - Regional,2332 Civil Engineering Professionals,TAS,1346
491SNR State or Territory Nominated - Regional,2332 Civil Engineering Professionals,NT,1247
491SNR State or Territory Nominated - Regional,2411 Early Childhood (Pre-primary School) Teachers,VIC,2753
491SNR State or Territory Nominated - Regional,2411 Early Childhood (Pre-primary School) Teachers,ANY,604
491SNR State or Territory Nominated - Regional,2411 Early Childhood (Pre-primary School) Teachers,NSW,3177
491SNR State or Territory Nominated - Regional,2411 Early Childhood (Pre-primary School) Teachers,QLD,501
491SNR State or Territory Nominated - Regional,2411 Early Childhood (Pre-primary School) Teachers,SA,480
491SNR State or Territory Nominated - Regional,2411 Early Childhood (Pre-primary School) Teachers,WA,4103
491SNR State or Territory Nominated - Regional,2411 Early Childhood (Pre-primary School) Teachers,ACT,295
491SNR State or Territory Nominated - Regional,2411 Early Childhood (Pre-primary School) Teachers,TAS,333
491SNR State or Territory Nominated - Regional,2411 Early Childhood (Pre-primary School) Teachers,NT,206
491SNR State or Territory Nominated - Regional,2611 ICT Business and Systems Analysts,VIC,2782
491SNR State or Territory Nominated - Regional,2611 ICT Business and Systems Analysts,ANY,1171
491SNR State or Territory Nominated - Regional,2611 ICT Business and Systems Analysts,NSW,4814
491SNR State or Territory Nominated - Regional,2611 ICT Business and Systems Analysts,QLD,1068
491SNR State or Territory Nominated - Regional,2611 ICT Business and Systems Analysts,SA,2639
491SNR State or Territory Nominated - Regional,2611 ICT Business and Systems Analysts,WA,5560
491SNR State or Territory Nominated - Regional,2611 ICT Business and Systems Analysts,ACT,1691
491SNR State or Territory Nominated - Regional,2611 ICT Business and Systems Analysts,TAS,1048
491SNR State or Territory Nominated - Regional,2611 ICT Business and Systems Analysts,NT,1107
491SNR State or Territory Nominated - Regional,2211 Accountants,VIC,2030
491SNR State or Territory Nominated - Regional,2211 Accountants,ANY,1626
491SNR State or Territory Nominated - Regional,2211 Accountants,NSW,2097
491SNR State or Territory Nominated - Regional,2211 Accountants,QLD,877
491SNR State or Territory Nominated - Regional,2211 Accountants,SA,1703
491SNR State or Territory Nominated - Regional,2211 Accountants,WA,5597
491SNR State or Territory Nominated - Regional,2211 Accountants,ACT,1018
491SNR State or Territory Nominated - Regional,2211 Accountants,TAS,1031
491SNR State or Territory Nominated - Regional,2211 Accountants,NT,730
491SNR State or Territory Nominated - Regional,2344 Geologists Geophysicists and Hydrogeologists,VIC,132
491SNR State or Territory Nominated - Regional,2344 Geologists Geophysicists and Hydrogeologists,ANY,76
491SNR State or Territory Nominated - Regional,2344 Geologists Geophysicists and Hydrogeologists,NSW,167
491SNR State or Territory Nominated - Regional,2344 Geologists Geophysicists and Hydrogeologists,QLD,167
491SNR State or Territory Nominated - Regional,2344 Geologists Geophysicists and Hydrogeologists,SA,171
491SNR State or Territory Nominated - Regional,2344 Geologists Geophysicists and Hydrogeologists,WA,291
491SNR State or Territory Nominated - Regional,2344 Geologists Geophysicists and Hydrogeologists,ACT,58
491SNR State or Territory Nominated - Regional,2344 Geologists Geophysicists and Hydrogeologists,TAS,71
491SNR State or Territory Nominated - Regional,2344 Geologists Geophysicists and Hydrogeologists,NT,92
491SNR State or Territory Nominated - Regional,"2621 Database and Systems Administrators, and ICT Security Specialists",VIC,1202
491SNR State or Territory Nominated - Regional,"2621 Database and Systems Administrators, and ICT Security Specialists",ANY,518
491SNR State or Territory Nominated - Regional,"2621 Database and Systems Administrators, and ICT Security Specialists",NSW,2008
491SNR State or Territory Nominated - Regional,"2621 Database and Systems Administrators, and ICT Security Specialists",QLD,657
491SNR State or Territory Nominated - Regional,"2621 Database and Systems Administrators, and ICT Security Specialists",SA,1057
491SNR State or Territory Nominated - Regional,"2621 Database and Systems Administrators, and ICT Security Specialists",WA,2373
491SNR State or Territory Nominated - Regional,"2621 Database and Systems Administrators, and ICT Security Specialists",ACT,778
491SNR State or Territory Nominated - Regional,"2621 Database and Systems Administrators, and ICT Security Specialists",TAS,461
491SNR State or Territory Nominated - Regional,"2621 Database and Systems Administrators, and ICT Security Specialists",NT,432
491SNR State or Territory Nominated - Regional,4117 Welfare Support Workers,VIC,345
491SNR State or Territory Nominated - Regional,4117 Welfare Support Workers,ANY,158
491SNR State or Territory Nominated - Regional,4117 Welfare Support Workers,NSW,1061
491SNR State or Territory Nominated - Regional,4117 Welfare Support Workers,QLD,118
491SNR State or Territory Nominated - Regional,4117 Welfare Support Workers,SA,265
491SNR State or Territory Nominated - Regional,4117 Welfare Support Workers,WA,1582
491SNR State or Territory Nominated - Regional,4117 Welfare Support Workers,ACT,96
491SNR State or Territory Nominated - Regional,4117 Welfare Support Workers,TAS,134
491SNR State or Territory Nominated - Regional,4117 Welfare Support Workers,NT,116
491SNR State or Territory Nominated - Regional,"2212 Auditors, Company Secretaries and Corporate Treasurers",VIC,862
491SNR State or Territory Nominated - Regional,"2212 Auditors, Company Secretaries and Corporate Treasurers",ANY,423
491SNR State or Territory Nominated - Regional,"2212 Auditors, Company Secretaries and Corporate Treasurers",NSW,932
491SNR State or Territory Nominated - Regional,"2212 Auditors, Company Secretaries and Corporate Treasurers",QLD,376
491SNR State or Territory Nominated - Regional,"2212 Auditors, Company Secretaries and Corporate Treasurers",SA,792
491SNR State or Territory Nominated - Regional,"2212 Auditors, Company Secretaries and Corporate Treasurers",WA,1369
491SNR State or Territory Nominated - Regional,"2212 Auditors, Company Secretaries and Corporate Treasurers",ACT,574
491SNR State or Territory Nominated - Regional,"2212 Auditors, Company Secretaries and Corporate Treasurers",TAS,375
491SNR State or Territory Nominated - Regional,"2212 Auditors, Company Secretaries and Corporate Treasurers",NT,387
491SNR State or Territory Nominated - Regional,2345 Life Scientists,VIC,478
491SNR State or Territory Nominated - Regional,2345 Life Scientists,ANY,181
491SNR State or Territory Nominated - Regional,2345 Life Scientists,NSW,362
491SNR State or Territory Nominated - Regional,2345 Life Scientists,QLD,232
491SNR State or Territory Nominated - Regional,2345 Life Scientists,SA,488
491SNR State or Territory Nominated - Regional,2345 Life Scientists,WA,463
491SNR State or Territory Nominated - Regional,2345 Life Scientists,ACT,298
491SNR State or Territory Nominated - Regional,2345 Life Scientists,TAS,192
491SNR State or Territory Nominated - Regional,2345 Life Scientists,NT,166
491SNR State or Territory Nominated - Regional,"2335 Industrial, Mechanical and Production Engineers",VIC,3343
491SNR State or Territory Nominated - Regional,"2335 Industrial, Mechanical and Production Engineers",ANY,1290
491SNR State or Territory Nominated - Regional,"2335 Industrial, Mechanical and Production Engineers",NSW,3912
491SNR State or Territory Nominated - Regional,"2335 Industrial, Mechanical and Production Engineers",QLD,3008
491SNR State or Territory Nominated - Regional,"2335 Industrial, Mechanical and Production Engineers",SA,3108
491SNR State or Territory Nominated - Regional,"2335 Industrial, Mechanical and Production Engineers",WA,5341
491SNR State or Territory Nominated - Regional,"2335 Industrial, Mechanical and Production Engineers",ACT,1875
491SNR State or Territory Nominated - Regional,"2335 Industrial, Mechanical and Production Engineers",TAS,1597
491SNR State or Territory Nominated - Regional,"2335 Industrial, Mechanical and Production Engineers",NT,1485
491SNR State or Territory Nominated - Regional,2339 Other Engineering Professionals,VIC,3022
491SNR State or Territory Nominated - Regional,2339 Other Engineering Professionals,ANY,1159
491SNR State or Territory Nominated - Regional,2339 Other Engineering Professionals,NSW,3645
491SNR State or Territory Nominated - Regional,2339 Other Engineering Professionals,QLD,1731
491SNR State or Territory Nominated - Regional,2339 Other Engineering Professionals,SA,2444
491SNR State or Territory Nominated - Regional,2339 Other Engineering Professionals,WA,3756
491SNR State or Territory Nominated - Regional,2339 Other Engineering Professionals,ACT,1438
491SNR State or Territory Nominated - Regional,2339 Other Engineering Professionals,TAS,1251
491SNR State or Territory Nominated - Regional,2339 Other Engineering Professionals,NT,1022
491SNR State or Territory Nominated - Regional,2341 Agricultural and Forestry Scientists,VIC,599
491SNR State or Territory Nominated - Regional,2341 Agricultural and Forestry Scientists,ANY,176
491SNR State or Territory Nominated - Regional,2341 Agricultural and Forestry Scientists,NSW,562
491SNR State or Territory Nominated - Regional,2341 Agricultural and Forestry Scientists,QLD,313
491SNR State or Territory Nominated - Regional,2341 Agricultural and Forestry Scientists,SA,533
491SNR State or Territory Nominated - Regional,2341 Agricultural and Forestry Scientists,WA,669
491SNR State or Territory Nominated - Regional,2341 Agricultural and Forestry Scientists,ACT,178
491SNR State or Territory Nominated - Regional,2341 Agricultural and Forestry Scientists,TAS,215
491SNR State or Territory Nominated - Regional,2341 Agricultural and Forestry Scientists,NT,187
491SNR State or Territory Nominated - Regional,2544 Registered Nurses,VIC,3495
491SNR State or Territory Nominated - Regional,2544 Registered Nurses,ANY,1069
491SNR State or Territory Nominated - Regional,2544 Registered Nurses,NSW,4523
491SNR State or Territory Nominated - Regional,2544 Registered Nurses,QLD,2981
491SNR State or Territory Nominated - Regional,2544 Registered Nurses,SA,3040
491SNR State or Territory Nominated - Regional,2544 Registered Nurses,WA,4188
491SNR State or Territory Nominated - Regional,2544 Registered Nurses,ACT,2358
491SNR State or Territory Nominated - Regional,2544 Registered Nurses,TAS,2093
491SNR State or Territory Nominated - Regional,2544 Registered Nurses,NT,1782
491SNR State or Territory Nominated - Regional,3513 Chefs,VIC,3132
491SNR State or Territory Nominated - Regional,3513 Chefs,ANY,1081
491SNR State or Territory Nominated - Regional,3513 Chefs,NSW,1594
491SNR State or Territory Nominated - Regional,3513 Chefs,QLD,1658
491SNR State or Territory Nominated - Regional,3513 Chefs,SA,2052
491SNR State or Territory Nominated - Regional,3513 Chefs,WA,6377
491SNR State or Territory Nominated - Regional,3513 Chefs,ACT,515
491SNR State or Territory Nominated - Regional,3513 Chefs,TAS,788
491SNR State or Territory Nominated - Regional,3513 Chefs,NT,494
491SNR State or Territory Nominated - Regional,2334 Electronics Engineers,VIC,1054
491SNR State or Territory Nominated - Regional,2334 Electronics Engineers,ANY,412
491SNR State or Territory Nominated - Regional,2334 Electronics Engineers,NSW,1050
491SNR State or Territory Nominated - Regional,2334 Electronics Engineers,QLD,742
491SNR State or Territory Nominated - Regional,2334 Electronics Engineers,SA,1023
491SNR State or Territory Nominated - Regional,2334 Electronics Engineers,WA,1548
491SNR State or Territory Nominated - Regional,2334 Electronics Engineers,ACT,579
491SNR State or Territory Nominated - Regional,2334 Electronics Engineers,TAS,418
491SNR State or Territory Nominated - Regional,2334 Electronics Engineers,NT,404
491SNR State or Territory Nominated - Regional,3232 Metal Fitters and Machinists,VIC,259
491SNR State or Territory Nominated - Regional,3232 Metal Fitters and Machinists,ANY,105
491SNR State or Territory Nominated - Regional,3232 Metal Fitters and Machinists,NSW,298
491SNR State or Territory Nominated - Regional,3232 Metal Fitters and Machinists,QLD,291
491SNR State or Territory Nominated - Regional,3232 Metal Fitters and Machinists,SA,321
491SNR State or Territory Nominated - Regional,3232 Metal Fitters and Machinists,WA,353
491SNR State or Territory Nominated - Regional,3232 Metal Fitters and Machinists,ACT,145
491SNR State or Territory Nominated - Regional,3232 Metal Fitters and Machinists,TAS,141
491SNR State or Territory Nominated - Regional,3232 Metal Fitters and Machinists,NT,162
491SNR State or Territory Nominated - Regional,3114 Science Technicians,VIC,243
491SNR State or Territory Nominated - Regional,3114 Science Technicians,ANY,93
491SNR State or Territory Nominated - Regional,3114 Science Technicians,NSW,156
491SNR State or Territory Nominated - Regional,3114 Science Technicians,QLD,84
491SNR State or Territory Nominated - Regional,3114 Science Technicians,SA,252
491SNR State or Territory Nominated - Regional,3114 Science Technicians,WA,240
491SNR State or Territory Nominated - Regional,3114 Science Technicians,ACT,172
491SNR State or Territory Nominated - Regional,3114 Science Technicians,TAS,101
491SNR State or Territory Nominated - Regional,3114 Science Technicians,NT,86
491SNR State or Territory Nominated - Regional,3622 Gardeners,VIC,10
491SNR State or Territory Nominated - Regional,3622 Gardeners,ANY,4
491SNR State or Territory Nominated - Regional,3622 Gardeners,NSW,7
491SNR State or Territory Nominated - Regional,3622 Gardeners,QLD,2
491SNR State or Territory Nominated - Regional,3622 Gardeners,SA,14
491SNR State or Territory Nominated - Regional,3622 Gardeners,WA,11
491SNR State or Territory Nominated - Regional,3622 Gardeners,TAS,2
491SNR State or Territory Nominated - Regional,"2324 Graphic and Web Designers, and Illustrators",VIC,521
491SNR State or Territory Nominated - Regional,"2324 Graphic and Web Designers, and Illustrators",ANY,100
491SNR State or Territory Nominated - Regional,"2324 Graphic and Web Designers, and Illustrators",NSW,326
491SNR State or Territory Nominated - Regional,"2324 Graphic and Web Designers, and Illustrators",QLD,161
491SNR State or Territory Nominated - Regional,"2324 Graphic and Web Designers, and Illustrators",SA,550
491SNR State or Territory Nominated - Regional,"2324 Graphic and Web Designers, and Illustrators",WA,216
491SNR State or Territory Nominated - Regional,"2324 Graphic and Web Designers, and Illustrators",ACT,285
491SNR State or Territory Nominated - Regional,"2324 Graphic and Web Designers, and Illustrators",TAS,181
491SNR State or Territory Nominated - Regional,"2324 Graphic and Web Designers, and Illustrators",NT,224
491SNR State or Territory Nominated - Regional,2631 Computer Network Professionals,VIC,1336
491SNR State or Territory Nominated - Regional,2631 Computer Network Professionals,ANY,570
491SNR State or Territory Nominated - Regional,2631 Computer Network Professionals,NSW,2375
491SNR State or Territory Nominated - Regional,2631 Computer Network Professionals,QLD,489
491SNR State or Territory Nominated - Regional,2631 Computer Network Professionals,SA,1165
491SNR State or Territory Nominated - Regional,2631 Computer Network Professionals,WA,2681
491SNR State or Territory Nominated - Regional,2631 Computer Network Professionals,ACT,768
491SNR State or Territory Nominated - Regional,2631 Computer Network Professionals,TAS,501
491SNR State or Territory Nominated - Regional,2631 Computer Network Professionals,NT,577
491SNR State or Territory Nominated - Regional,4116 Massage Therapists,VIC,34
491SNR State or Territory Nominated - Regional,4116 Massage Therapists,ANY,8
491SNR State or Territory Nominated - Regional,4116 Massage Therapists,NSW,22
491SNR State or Territory Nominated - Regional,4116 Massage Therapists,QLD,22
491SNR State or Territory Nominated - Regional,4116 Massage Therapists,SA,29
491SNR State or Territory Nominated - Regional,4116 Massage Therapists,WA,13
491SNR State or Territory Nominated - Regional,4116 Massage Therapists,ACT,19
491SNR State or Territory Nominated - Regional,4116 Massage Therapists,TAS,23
491SNR State or Territory Nominated - Regional,4116 Massage Therapists,NT,22
491SNR State or Territory Nominated - Regional,"2342 Chemists, and Food and Wine Scientists",VIC,641
491SNR State or Territory Nominated - Regional,"2342 Chemists, and Food and Wine Scientists",ANY,181
491SNR State or Territory Nominated - Regional,"2342 Chemists, and Food and Wine Scientists",NSW,737
491SNR State or Territory Nominated - Regional,"2342 Chemists, and Food and Wine Scientists",QLD,310
491SNR State or Territory Nominated - Regional,"2342 Chemists, and Food and Wine Scientists",SA,665
491SNR State or Territory Nominated - Regional,"2342 Chemists, and Food and Wine Scientists",WA,694
491SNR State or Territory Nominated - Regional,"2342 Chemists, and Food and Wine Scientists",ACT,206
491SNR State or Territory Nominated - Regional,"2342 Chemists, and Food and Wine Scientists",TAS,248
491SNR State or Territory Nominated - Regional,"2342 Chemists, and Food and Wine Scientists",NT,194
491SNR State or Territory Nominated - Regional,2713 Solicitors,VIC,86
491SNR State or Territory Nominated - Regional,2713 Solicitors,ANY,55
491SNR State or Territory Nominated - Regional,2713 Solicitors,NSW,61
491SNR State or Territory Nominated - Regional,2713 Solicitors,QLD,41
491SNR State or Territory Nominated - Regional,2713 Solicitors,SA,34
491SNR State or Territory Nominated - Regional,2713 Solicitors,WA,61
491SNR State or Territory Nominated - Regional,2713 Solicitors,ACT,35
491SNR State or Territory Nominated - Regional,2713 Solicitors,TAS,22
491SNR State or Territory Nominated - Regional,2713 Solicitors,NT,20
491SNR State or Territory Nominated - Regional,1311 Advertising and Sales Managers,VIC,310
491SNR State or Territory Nominated - Regional,1311 Advertising and Sales Managers,ANY,90
491SNR State or Territory Nominated - Regional,1311 Advertising and Sales Managers,NSW,215
491SNR State or Territory Nominated - Regional,1311 Advertising and Sales Managers,QLD,120
491SNR State or Territory Nominated - Regional,1311 Advertising and Sales Managers,SA,326
491SNR State or Territory Nominated - Regional,1311 Advertising and Sales Managers,WA,424
491SNR State or Territory Nominated - Regional,1311 Advertising and Sales Managers,ACT,211
491SNR State or Territory Nominated - Regional,1311 Advertising and Sales Managers,TAS,141
491SNR State or Territory Nominated - Regional,1311 Advertising and Sales Managers,NT,158
491SNR State or Territory Nominated - Regional,1322 Finance Managers,VIC,240
491SNR State or Territory Nominated - Regional,1322 Finance Managers,ANY,134
491SNR State or Territory Nominated - Regional,1322 Finance Managers,NSW,333
491SNR State or Territory Nominated - Regional,1322 Finance Managers,QLD,107
491SNR State or Territory Nominated - Regional,1322 Finance Managers,SA,317
491SNR State or Territory Nominated - Regional,1322 Finance Managers,WA,663
491SNR State or Territory Nominated - Regional,1322 Finance Managers,ACT,169
491SNR State or Territory Nominated - Regional,1322 Finance Managers,TAS,138
491SNR State or Territory Nominated - Regional,1322 Finance Managers,NT,177
491SNR State or Territory Nominated - Regional,"3121 Architectural, Building and Surveying Technicians",VIC,696
491SNR State or Territory Nominated - Regional,"3121 Architectural, Building and Surveying Technicians",ANY,226
491SNR State or Territory Nominated - Regional,"3121 Architectural, Building and Surveying Technicians",NSW,846
491SNR State or Territory Nominated - Regional,"3121 Architectural, Building and Surveying Technicians",QLD,713
491SNR State or Territory Nominated - Regional,"3121 Architectural, Building and Surveying Technicians",SA,774
491SNR State or Territory Nominated - Regional,"3121 Architectural, Building and Surveying Technicians",WA,1224
491SNR State or Territory Nominated - Regional,"3121 Architectural, Building and Surveying Technicians",ACT,504
491SNR State or Territory Nominated - Regional,"3121 Architectural, Building and Surveying Technicians",TAS,325
491SNR State or Territory Nominated - Regional,"3121 Architectural, Building and Surveying Technicians",NT,458
491SNR State or Territory Nominated - Regional,2331 Chemical and Materials Engineers,VIC,554
491SNR State or Territory Nominated - Regional,2331 Chemical and Materials Engineers,ANY,262
491SNR State or Territory Nominated - Regional,2331 Chemical and Materials Engineers,NSW,704
491SNR State or Territory Nominated - Regional,2331 Chemical and Materials Engineers,QLD,568
491SNR State or Territory Nominated - Regional,2331 Chemical and Materials Engineers,SA,550
491SNR State or Territory Nominated - Regional,2331 Chemical and Materials Engineers,WA,975
491SNR State or Territory Nominated - Regional,2331 Chemical and Materials Engineers,ACT,273
491SNR State or Territory Nominated - Regional,2331 Chemical and Materials Engineers,TAS,263
491SNR State or Territory Nominated - Regional,2331 Chemical and Materials Engineers,NT,290
491SNR State or Territory Nominated - Regional,2251 Advertising and Marketing Professionals,VIC,1856
491SNR State or Territory Nominated - Regional,2251 Advertising and Marketing Professionals,ANY,429
491SNR State or Territory Nominated - Regional,2251 Advertising and Marketing Professionals,NSW,1294
491SNR State or Territory Nominated - Regional,2251 Advertising and Marketing Professionals,QLD,704
491SNR State or Territory Nominated - Regional,2251 Advertising and Marketing Professionals,SA,2233
491SNR State or Territory Nominated - Regional,2251 Advertising and Marketing Professionals,WA,1041
491SNR State or Territory Nominated - Regional,2251 Advertising and Marketing Professionals,ACT,1200
491SNR State or Territory Nominated - Regional,2251 Advertising and Marketing Professionals,TAS,753
491SNR State or Territory Nominated - Regional,2251 Advertising and Marketing Professionals,NT,850
491SNR State or Territory Nominated - Regional,2254 Technical Sales Representatives,VIC,48
491SNR State or Territory Nominated - Regional,2254 Technical Sales Representatives,ANY,19
491SNR State or Territory Nominated - Regional,2254 Technical Sales Representatives,NSW,32
491SNR State or Territory Nominated - Regional,2254 Technical Sales Representatives,QLD,18
491SNR State or Territory Nominated - Regional,2254 Technical Sales Representatives,SA,52
491SNR State or Territory Nominated - Regional,2254 Technical Sales Representatives,WA,30
491SNR State or Territory Nominated - Regional,2254 Technical Sales Representatives,ACT,17
491SNR State or Territory Nominated - Regional,2254 Technical Sales Representatives,TAS,16
491SNR State or Territory Nominated - Regional,2254 Technical Sales Representatives,NT,13
491SNR State or Territory Nominated - Regional,3123 Electrical Engineering Draftspersons and Technicians,VIC,220
491SNR State or Territory Nominated - Regional,3123 Electrical Engineering Draftspersons and Technicians,ANY,46
491SNR State or Territory Nominated - Regional,3123 Electrical Engineering Draftspersons and Technicians,NSW,256
491SNR State or Territory Nominated - Regional,3123 Electrical Engineering Draftspersons and Technicians,QLD,232
491SNR State or Territory Nominated - Regional,3123 Electrical Engineering Draftspersons and Technicians,SA,239
491SNR State or Territory Nominated - Regional,3123 Electrical Engineering Draftspersons and Technicians,WA,308
491SNR State or Territory Nominated - Regional,3123 Electrical Engineering Draftspersons and Technicians,ACT,92
491SNR State or Territory Nominated - Regional,3123 Electrical Engineering Draftspersons and Technicians,TAS,70
491SNR State or Territory Nominated - Regional,3123 Electrical Engineering Draftspersons and Technicians,NT,95
491SNR State or Territory Nominated - Regional,2231 Human Resource Professionals,VIC,1155
491SNR State or Territory Nominated - Regional,2231 Human Resource Professionals,ANY,241
491SNR State or Territory Nominated - Regional,2231 Human Resource Professionals,NSW,810
491SNR State or Territory Nominated - Regional,2231 Human Resource Professionals,QLD,414
491SNR State or Territory Nominated - Regional,2231 Human Resource Professionals,SA,1126
491SNR State or Territory Nominated - Regional,2231 Human Resource Professionals,WA,784
491SNR State or Territory Nominated - Regional,2231 Human Resource Professionals,ACT,757
491SNR State or Territory Nominated - Regional,2231 Human Resource Professionals,TAS,485
491SNR State or Territory Nominated - Regional,2231 Human Resource Professionals,NT,619
491SNR State or Territory Nominated - Regional,6392 Retail and Wool Buyers,VIC,43
491SNR State or Territory Nominated - Regional,6392 Retail and Wool Buyers,ANY,13
491SNR State or Territory Nominated - Regional,6392 Retail and Wool Buyers,NSW,24
491SNR State or Territory Nominated - Regional,6392 Retail and Wool Buyers,QLD,12
491SNR State or Territory Nominated - Regional,6392 Retail and Wool Buyers,SA,23
491SNR State or Territory Nominated - Regional,6392 Retail and Wool Buyers,WA,19
491SNR State or Territory Nominated - Regional,6392 Retail and Wool Buyers,ACT,14
491SNR State or Territory Nominated - Regional,6392 Retail and Wool Buyers,TAS,14
491SNR State or Territory Nominated - Regional,6392 Retail and Wool Buyers,NT,10
491SNR State or Territory Nominated - Regional,3514 Cooks,VIC,354
491SNR State or Territory Nominated - Regional,3514 Cooks,ANY,187
491SNR State or Territory Nominated - Regional,3514 Cooks,NSW,413
491SNR State or Territory Nominated - Regional,3514 Cooks,QLD,273
491SNR State or Territory Nominated - Regional,3514 Cooks,SA,230
491SNR State or Territory Nominated - Regional,3514 Cooks,WA,3009
491SNR State or Territory Nominated - Regional,3514 Cooks,ACT,140
491SNR State or Territory Nominated - Regional,3514 Cooks,TAS,185
491SNR State or Territory Nominated - Regional,3514 Cooks,NT,144
491SNR State or Territory Nominated - Regional,2333 Electrical Engineers,VIC,1480
491SNR State or Territory Nominated - Regional,2333 Electrical Engineers,ANY,671
491SNR State or Territory Nominated - Regional,2333 Electrical Engineers,NSW,1779
491SNR State or Territory Nominated - Regional,2333 Electrical Engineers,QLD,1270
491SNR State or Territory Nominated - Regional,2333 Electrical Engineers,SA,1278
491SNR State or Territory Nominated - Regional,2333 Electrical Engineers,WA,2531
491SNR State or Territory Nominated - Regional,2333 Electrical Engineers,ACT,825
491SNR State or Territory Nominated - Regional,2333 Electrical Engineers,TAS,711
491SNR State or Territory Nominated - Regional,2333 Electrical Engineers,NT,777
491SNR State or Territory Nominated - Regional,2223 Financial Investment Advisers and Managers,VIC,411
491SNR State or Territory Nominated - Regional,2223 Financial Investment Advisers and Managers,ANY,98
491SNR State or Territory Nominated - Regional,2223 Financial Investment Advisers and Managers,NSW,299
491SNR State or Territory Nominated - Regional,2223 Financial Investment Advisers and Managers,QLD,162
491SNR State or Territory Nominated - Regional,2223 Financial Investment Advisers and Managers,SA,448
491SNR State or Territory Nominated - Regional,2223 Financial Investment Advisers and Managers,WA,239
491SNR State or Territory Nominated - Regional,2223 Financial Investment Advisers and Managers,ACT,309
491SNR State or Territory Nominated - Regional,2223 Financial Investment Advisers and Managers,TAS,142
491SNR State or Territory Nominated - Regional,2223 Financial Investment Advisers and Managers,NT,278
491SNR State or Territory Nominated - Regional,2321 Architects and Landscape Architects,VIC,204
491SNR State or Territory Nominated - Regional,2321 Architects and Landscape Architects,ANY,67
491SNR State or Territory Nominated - Regional,2321 Architects and Landscape Architects,NSW,248
491SNR State or Territory Nominated - Regional,2321 Architects and Landscape Architects,QLD,88
491SNR State or Territory Nominated - Regional,2321 Architects and Landscape Architects,SA,182
491SNR State or Territory Nominated - Regional,2321 Architects and Landscape Architects,WA,340
491SNR State or Territory Nominated - Regional,2321 Architects and Landscape Architects,ACT,83
491SNR State or Territory Nominated - Regional,2321 Architects and Landscape Architects,TAS,50
491SNR State or Territory Nominated - Regional,2321 Architects and Landscape Architects,NT,57
491SNR State or Territory Nominated - Regional,3112 Medical Technicians,VIC,1121
491SNR State or Territory Nominated - Regional,3112 Medical Technicians,ANY,384
491SNR State or Territory Nominated - Regional,3112 Medical Technicians,NSW,1409
491SNR State or Territory Nominated - Regional,3112 Medical Technicians,QLD,580
491SNR State or Territory Nominated - Regional,3112 Medical Technicians,SA,1228
491SNR State or Territory Nominated - Regional,3112 Medical Technicians,WA,1676
491SNR State or Territory Nominated - Regional,3112 Medical Technicians,ACT,813
491SNR State or Territory Nominated - Regional,3112 Medical Technicians,TAS,531
491SNR State or Territory Nominated - Regional,3112 Medical Technicians,NT,572
491SNR State or Territory Nominated - Regional,2531 General Practitioners and Resident Medical officers,VIC,22
491SNR State or Territory Nominated - Regional,2531 General Practitioners and Resident Medical officers,ANY,28
491SNR State or Territory Nominated - Regional,2531 General Practitioners and Resident Medical officers,NSW,28
491SNR State or Territory Nominated - Regional,2531 General Practitioners and Resident Medical officers,QLD,34
491SNR State or Territory Nominated - Regional,2531 General Practitioners and Resident Medical officers,SA,18
491SNR State or Territory Nominated - Regional,2531 General Practitioners and Resident Medical officers,WA,43
491SNR State or Territory Nominated - Regional,2531 General Practitioners and Resident Medical officers,ACT,6
491SNR State or Territory Nominated - Regional,2531 General Practitioners and Resident Medical officers,TAS,13
491SNR State or Territory Nominated - Regional,2531 General Practitioners and Resident Medical officers,NT,8
491SNR State or Territory Nominated - Regional,1323 Human Resource Managers,VIC,173
491SNR State or Territory Nominated - Regional,1323 Human Resource Managers,ANY,49
491SNR State or Territory Nominated - Regional,1323 Human Resource Managers,NSW,110
491SNR State or Territory Nominated - Regional,1323 Human Resource Managers,QLD,50
491SNR State or Territory Nominated - Regional,1323 Human Resource Managers,SA,195
491SNR State or Territory Nominated - Regional,1323 Human Resource Managers,WA,206
491SNR State or Territory Nominated - Regional,1323 Human Resource Managers,ACT,105
491SNR State or Territory Nominated - Regional,1323 Human Resource Managers,TAS,69
491SNR State or Territory Nominated - Regional,1323 Human Resource Managers,NT,107
491SNR State or Territory Nominated - Regional,3113 Primary Products Inspectors,VIC,25
491SNR State or Territory Nominated - Regional,3113 Primary Products Inspectors,ANY,13
491SNR State or Territory Nominated - Regional,3113 Primary Products Inspectors,NSW,30
491SNR State or Territory Nominated - Regional,3113 Primary Products Inspectors,QLD,31
491SNR State or Territory Nominated - Regional,3113 Primary Products Inspectors,SA,53
491SNR State or Territory Nominated - Regional,3113 Primary Products Inspectors,WA,51
491SNR State or Territory Nominated - Regional,3113 Primary Products Inspectors,ACT,8
491SNR State or Territory Nominated - Regional,3113 Primary Products Inspectors,TAS,9
491SNR State or Territory Nominated - Regional,3113 Primary Products Inspectors,NT,10
491SNR State or Territory Nominated - Regional,1335 Production Managers,VIC,286
491SNR State or Territory Nominated - Regional,1335 Production Managers,ANY,47
491SNR State or Territory Nominated - Regional,1335 Production Managers,NSW,364
491SNR State or Territory Nominated - Regional,1335 Production Managers,QLD,283
491SNR State or Territory Nominated - Regional,1335 Production Managers,SA,354
491SNR State or Territory Nominated - Regional,1335 Production Managers,WA,345
491SNR State or Territory Nominated - Regional,1335 Production Managers,ACT,161
491SNR State or Territory Nominated - Regional,1335 Production Managers,TAS,98
491SNR State or Territory Nominated - Regional,1335 Production Managers,NT,182
491SNR State or Territory Nominated - Regional,2515 Pharmacists,VIC,3401
491SNR State or Territory Nominated - Regional,2515 Pharmacists,ANY,870
491SNR State or Territory Nominated - Regional,2515 Pharmacists,NSW,4313
491SNR State or Territory Nominated - Regional,2515 Pharmacists,QLD,2138
491SNR State or Territory Nominated - Regional,2515 Pharmacists,SA,3507
491SNR State or Territory Nominated - Regional,2515 Pharmacists,WA,4394
491SNR State or Territory Nominated - Regional,2515 Pharmacists,ACT,2501
491SNR State or Territory Nominated - Regional,2515 Pharmacists,TAS,2751
491SNR State or Territory Nominated - Regional,2515 Pharmacists,NT,2474
491SNR State or Territory Nominated - Regional,1351 ICT Managers,VIC,548
491SNR State or Territory Nominated - Regional,1351 ICT Managers,ANY,217
491SNR State or Territory Nominated - Regional,1351 ICT Managers,NSW,1250
491SNR State or Territory Nominated - Regional,1351 ICT Managers,QLD,222
491SNR State or Territory Nominated - Regional,1351 ICT Managers,SA,644
491SNR State or Territory Nominated - Regional,1351 ICT Managers,WA,1200
491SNR State or Territory Nominated - Regional,1351 ICT Managers,ACT,507
491SNR State or Territory Nominated - Regional,1351 ICT Managers,TAS,237
491SNR State or Territory Nominated - Regional,1351 ICT Managers,NT,329
491SNR State or Territory Nominated - Regional,2247 Management and Organisation Analysts,VIC,541
491SNR State or Territory Nominated - Regional,2247 Management and Organisation Analysts,ANY,167
491SNR State or Territory Nominated - Regional,2247 Management and Organisation Analysts,NSW,424
491SNR State or Territory Nominated - Regional,2247 Management and Organisation Analysts,QLD,186
491SNR State or Territory Nominated - Regional,2247 Management and Organisation Analysts,SA,645
491SNR State or Territory Nominated - Regional,2247 Management and Organisation Analysts,WA,730
491SNR State or Territory Nominated - Regional,2247 Management and Organisation Analysts,ACT,362
491SNR State or Territory Nominated - Regional,2247 Management and Organisation Analysts,TAS,217
491SNR State or Territory Nominated - Regional,2247 Management and Organisation Analysts,NT,185
491SNR State or Territory Nominated - Regional,2347 Veterinarians,VIC,9
491SNR State or Territory Nominated - Regional,2347 Veterinarians,ANY,12
491SNR State or Territory Nominated - Regional,2347 Veterinarians,NSW,8
491SNR State or Territory Nominated - Regional,2347 Veterinarians,QLD,6
491SNR State or Territory Nominated - Regional,2347 Veterinarians,SA,2
491SNR State or Territory Nominated - Regional,2347 Veterinarians,WA,16
491SNR State or Territory Nominated - Regional,2347 Veterinarians,ACT,1
491SNR State or Territory Nominated - Regional,2347 Veterinarians,TAS,1
491SNR State or Territory Nominated - Regional,2414 Secondary School Teachers,VIC,701
491SNR State or Territory Nominated - Regional,2414 Secondary School Teachers,ANY,307
491SNR State or Territory Nominated - Regional,2414 Secondary School Teachers,NSW,778
491SNR State or Territory Nominated - Regional,2414 Secondary School Teachers,QLD,616
491SNR State or Territory Nominated - Regional,2414 Secondary School Teachers,SA,630
491SNR State or Territory Nominated - Regional,2414 Secondary School Teachers,WA,841
491SNR State or Territory Nominated - Regional,2414 Secondary School Teachers,ACT,330
491SNR State or Territory Nominated - Regional,2414 Secondary School Teachers,TAS,359
491SNR State or Territory Nominated - Regional,2414 Secondary School Teachers,NT,367
491SNR State or Territory Nominated - Regional,1341 Child Care Centre Managers,VIC,7
491SNR State or Territory Nominated - Regional,1341 Child Care Centre Managers,ANY,12
491SNR State or Territory Nominated - Regional,1341 Child Care Centre Managers,NSW,5
491SNR State or Territory Nominated - Regional,1341 Child Care Centre Managers,QLD,3
491SNR State or Territory Nominated - Regional,1341 Child Care Centre Managers,SA,6
491SNR State or Territory Nominated - Regional,1341 Child Care Centre Managers,WA,19
491SNR State or Territory Nominated - Regional,1341 Child Care Centre Managers,ACT,2
491SNR State or Territory Nominated - Regional,1341 Child Care Centre Managers,TAS,4
491SNR State or Territory Nominated - Regional,1341 Child Care Centre Managers,NT,3
491SNR State or Territory Nominated - Regional,3125 Mechanical Engineering Draftspersons and Technicians,VIC,144
491SNR State or Territory Nominated - Regional,3125 Mechanical Engineering Draftspersons and Technicians,ANY,42
491SNR State or Territory Nominated - Regional,3125 Mechanical Engineering Draftspersons and Technicians,NSW,161
491SNR State or Territory Nominated - Regional,3125 Mechanical Engineering Draftspersons and Technicians,QLD,146
491SNR State or Territory Nominated - Regional,3125 Mechanical Engineering Draftspersons and Technicians,SA,161
491SNR State or Territory Nominated - Regional,3125 Mechanical Engineering Draftspersons and Technicians,WA,161
491SNR State or Territory Nominated - Regional,3125 Mechanical Engineering Draftspersons and Technicians,ACT,97
491SNR State or Territory Nominated - Regional,3125 Mechanical Engineering Draftspersons and Technicians,TAS,68
491SNR State or Territory Nominated - Regional,3125 Mechanical Engineering Draftspersons and Technicians,NT,90
491SNR State or Territory Nominated - Regional,6112 Insurance Agents,VIC,130
491SNR State or Territory Nominated - Regional,6112 Insurance Agents,ANY,21
491SNR State or Territory Nominated - Regional,6112 Insurance Agents,NSW,82
491SNR State or Territory Nominated - Regional,6112 Insurance Agents,QLD,46
491SNR State or Territory Nominated - Regional,6112 Insurance Agents,SA,117
491SNR State or Territory Nominated - Regional,6112 Insurance Agents,WA,54
491SNR State or Territory Nominated - Regional,6112 Insurance Agents,ACT,52
491SNR State or Territory Nominated - Regional,6112 Insurance Agents,TAS,40
491SNR State or Territory Nominated - Regional,6112 Insurance Agents,NT,52
491SNR State or Territory Nominated - Regional,2412 Primary School Teachers,VIC,227
491SNR State or Territory Nominated - Regional,2412 Primary School Teachers,ANY,86
491SNR State or Territory Nominated - Regional,2412 Primary School Teachers,NSW,212
491SNR State or Territory Nominated - Regional,2412 Primary School Teachers,QLD,155
491SNR State or Territory Nominated - Regional,2412 Primary School Teachers,SA,169
491SNR State or Territory Nominated - Regional,2412 Primary School Teachers,WA,282
491SNR State or Territory Nominated - Regional,2412 Primary School Teachers,ACT,44
491SNR State or Territory Nominated - Regional,2412 Primary School Teachers,TAS,51
491SNR State or Territory Nominated - Regional,2412 Primary School Teachers,NT,47
491SNR State or Territory Nominated - Regional,"2241 Actuaries, Mathematicians and Statisticians",VIC,191
491SNR State or Territory Nominated - Regional,"2241 Actuaries, Mathematicians and Statisticians",ANY,93
491SNR State or Territory Nominated - Regional,"2241 Actuaries, Mathematicians and Statisticians",NSW,145
491SNR State or Territory Nominated - Regional,"2241 Actuaries, Mathematicians and Statisticians",QLD,70
491SNR State or Territory Nominated - Regional,"2241 Actuaries, Mathematicians and Statisticians",SA,168
491SNR State or Territory Nominated - Regional,"2241 Actuaries, Mathematicians and Statisticians",WA,104
491SNR State or Territory Nominated - Regional,"2241 Actuaries, Mathematicians and Statisticians",ACT,103
491SNR State or Territory Nominated - Regional,"2241 Actuaries, Mathematicians and Statisticians",TAS,61
491SNR State or Territory Nominated - Regional,"2241 Actuaries, Mathematicians and Statisticians",NT,51
491SNR State or Territory Nominated - Regional,3331 Glaziers,VIC,5
491SNR State or Territory Nominated - Regional,3331 Glaziers,NSW,11
491SNR State or Territory Nominated - Regional,3331 Glaziers,QLD,4
491SNR State or Territory Nominated - Regional,3331 Glaziers,SA,4
491SNR State or Territory Nominated - Regional,3331 Glaziers,WA,7
491SNR State or Territory Nominated - Regional,3331 Glaziers,ACT,3
491SNR State or Territory Nominated - Regional,3331 Glaziers,TAS,1
491SNR State or Territory Nominated - Regional,3331 Glaziers,NT,3
491SNR State or Territory Nominated - Regional,2421 University Lecturers and Tutors,VIC,955
491SNR State or Territory Nominated - Regional,2421 University Lecturers and Tutors,ANY,356
491SNR State or Territory Nominated - Regional,2421 University Lecturers and Tutors,NSW,1202
491SNR State or Territory Nominated - Regional,2421 University Lecturers and Tutors,QLD,451
491SNR State or Territory Nominated - Regional,2421 University Lecturers and Tutors,SA,1078
491SNR State or Territory Nominated - Regional,2421 University Lecturers and Tutors,WA,728
491SNR State or Territory Nominated - Regional,2421 University Lecturers and Tutors,ACT,643
491SNR State or Territory Nominated - Regional,2421 University Lecturers and Tutors,TAS,390
491SNR State or Territory Nominated - Regional,2421 University Lecturers and Tutors,NT,479
491SNR State or Territory Nominated - Regional,1411 Cafe and Restaurant Managers,VIC,342
491SNR State or Territory Nominated - Regional,1411 Cafe and Restaurant Managers,ANY,95
491SNR State or Territory Nominated - Regional,1411 Cafe and Restaurant Managers,NSW,321
491SNR State or Territory Nominated - Regional,1411 Cafe and Restaurant Managers,QLD,245
491SNR State or Territory Nominated - Regional,1411 Cafe and Restaurant Managers,SA,411
491SNR State or Territory Nominated - Regional,1411 Cafe and Restaurant Managers,WA,1068
491SNR State or Territory Nominated - Regional,1411 Cafe and Restaurant Managers,ACT,211
491SNR State or Territory Nominated - Regional,1411 Cafe and Restaurant Managers,TAS,157
491SNR State or Territory Nominated - Regional,1411 Cafe and Restaurant Managers,NT,225
491SNR State or Territory Nominated - Regional,2633 Telecommunications Engineering Professionals,VIC,531
491SNR State or Territory Nominated - Regional,2633 Telecommunications Engineering Professionals,ANY,229
491SNR State or Territory Nominated - Regional,2633 Telecommunications Engineering Professionals,NSW,501
491SNR State or Territory Nominated - Regional,2633 Telecommunications Engineering Professionals,QLD,242
491SNR State or Territory Nominated - Regional,2633 Telecommunications Engineering Professionals,SA,451
491SNR State or Territory Nominated - Regional,2633 Telecommunications Engineering Professionals,WA,815
491SNR State or Territory Nominated - Regional,2633 Telecommunications Engineering Professionals,ACT,276
491SNR State or Territory Nominated - Regional,2633 Telecommunications Engineering Professionals,TAS,190
491SNR State or Territory Nominated - Regional,2633 Telecommunications Engineering Professionals,NT,171
491SNR State or Territory Nominated - Regional,3511 Bakers and Pastrycooks,VIC,115
491SNR State or Territory Nominated - Regional,3511 Bakers and Pastrycooks,ANY,32
491SNR State or Territory Nominated - Regional,3511 Bakers and Pastrycooks,NSW,92
491SNR State or Territory Nominated - Regional,3511 Bakers and Pastrycooks,QLD,43
491SNR State or Territory Nominated - Regional,3511 Bakers and Pastrycooks,SA,104
491SNR State or Territory Nominated - Regional,3511 Bakers and Pastrycooks,WA,211
491SNR State or Territory Nominated - Regional,3511 Bakers and Pastrycooks,ACT,22
491SNR State or Territory Nominated - Regional,3511 Bakers and Pastrycooks,TAS,35
491SNR State or Territory Nominated - Regional,3511 Bakers and Pastrycooks,NT,38
491SNR State or Territory Nominated - Regional,1332 Engineering Managers,VIC,178
491SNR State or Territory Nominated - Regional,1332 Engineering Managers,ANY,32
491SNR State or Territory Nominated - Regional,1332 Engineering Managers,NSW,231
491SNR State or Territory Nominated - Regional,1332 Engineering Managers,QLD,206
491SNR State or Territory Nominated - Regional,1332 Engineering Managers,SA,220
491SNR State or Territory Nominated - Regional,1332 Engineering Managers,WA,235
491SNR State or Territory Nominated - Regional,1332 Engineering Managers,ACT,143
491SNR State or Territory Nominated - Regional,1332 Engineering Managers,TAS,55
491SNR State or Territory Nominated - Regional,1332 Engineering Managers,NT,91
491SNR State or Territory Nominated - Regional,"1499 Other Hospitality, Retail and Service Managers",VIC,396
491SNR State or Territory Nominated - Regional,"1499 Other Hospitality, Retail and Service Managers",ANY,96
491SNR State or Territory Nominated - Regional,"1499 Other Hospitality, Retail and Service Managers",NSW,279
491SNR State or Territory Nominated - Regional,"1499 Other Hospitality, Retail and Service Managers",QLD,169
491SNR State or Territory Nominated - Regional,"1499 Other Hospitality, Retail and Service Managers",SA,376
491SNR State or Territory Nominated - Regional,"1499 Other Hospitality, Retail and Service Managers",WA,243
491SNR State or Territory Nominated - Regional,"1499 Other Hospitality, Retail and Service Managers",ACT,301
491SNR State or Territory Nominated - Regional,"1499 Other Hospitality, Retail and Service Managers",TAS,123
491SNR State or Territory Nominated - Regional,"1499 Other Hospitality, Retail and Service Managers",NT,223
491SNR State or Territory Nominated - Regional,3122 Civil Engineering Draftspersons and Technicians,VIC,2527
491SNR State or Territory Nominated - Regional,3122 Civil Engineering Draftspersons and Technicians,ANY,682
491SNR State or Territory Nominated - Regional,3122 Civil Engineering Draftspersons and Technicians,NSW,3318
491SNR State or Territory Nominated - Regional,3122 Civil Engineering Draftspersons and Technicians,QLD,2252
491SNR State or Territory Nominated - Regional,3122 Civil Engineering Draftspersons and Technicians,SA,2350
491SNR State or Territory Nominated - Regional,3122 Civil Engineering Draftspersons and Technicians,WA,5908
491SNR State or Territory Nominated - Regional,3122 Civil Engineering Draftspersons and Technicians,ACT,1419
491SNR State or Territory Nominated - Regional,3122 Civil Engineering Draftspersons and Technicians,TAS,818
491SNR State or Territory Nominated - Regional,3122 Civil Engineering Draftspersons and Technicians,NT,1073
491SNR State or Territory Nominated - Regional,1399 Other Specialist Managers,VIC,363
491SNR State or Territory Nominated - Regional,1399 Other Specialist Managers,ANY,102
491SNR State or Territory Nominated - Regional,1399 Other Specialist Managers,NSW,245
491SNR State or Territory Nominated - Regional,1399 Other Specialist Managers,QLD,155
491SNR State or Territory Nominated - Regional,1399 Other Specialist Managers,SA,428
491SNR State or Territory Nominated - Regional,1399 Other Specialist Managers,WA,311
491SNR State or Territory Nominated - Regional,1399 Other Specialist Managers,ACT,308
491SNR State or Territory Nominated - Regional,1399 Other Specialist Managers,TAS,149
491SNR State or Territory Nominated - Regional,1399 Other Specialist Managers,NT,156
491SNR State or Territory Nominated - Regional,"5111 Contract, Program and Project Administrators",VIC,1170
491SNR State or Territory Nominated - Regional,"5111 Contract, Program and Project Administrators",ANY,252
491SNR State or Territory Nominated - Regional,"5111 Contract, Program and Project Administrators",NSW,857
491SNR State or Territory Nominated - Regional,"5111 Contract, Program and Project Administrators",QLD,496
491SNR State or Territory Nominated - Regional,"5111 Contract, Program and Project Administrators",SA,899
491SNR State or Territory Nominated - Regional,"5111 Contract, Program and Project Administrators",WA,656
491SNR State or Territory Nominated - Regional,"5111 Contract, Program and Project Administrators",ACT,1006
491SNR State or Territory Nominated - Regional,"5111 Contract, Program and Project Administrators",TAS,509
491SNR State or Territory Nominated - Regional,"5111 Contract, Program and Project Administrators",NT,557
491SNR State or Territory Nominated - Regional,2322 Cartographers and Surveyors,VIC,95
491SNR State or Territory Nominated - Regional,2322 Cartographers and Surveyors,ANY,60
491SNR State or Territory Nominated - Regional,2322 Cartographers and Surveyors,NSW,127
491SNR State or Territory Nominated - Regional,2322 Cartographers and Surveyors,QLD,80
491SNR State or Territory Nominated - Regional,2322 Cartographers and Surveyors,SA,118
491SNR State or Territory Nominated - Regional,2322 Cartographers and Surveyors,WA,145
491SNR State or Territory Nominated - Regional,2322 Cartographers and Surveyors,ACT,71
491SNR State or Territory Nominated - Regional,2322 Cartographers and Surveyors,TAS,42
491SNR State or Territory Nominated - Regional,2322 Cartographers and Surveyors,NT,50
491SNR State or Territory Nominated - Regional,1325 Research and Development Managers,VIC,120
491SNR State or Territory Nominated - Regional,1325 Research and Development Managers,ANY,15
491SNR State or Territory Nominated - Regional,1325 Research and Development Managers,NSW,177
491SNR State or Territory Nominated - Regional,1325 Research and Development Managers,QLD,23
491SNR State or Territory Nominated - Regional,1325 Research and Development Managers,SA,165
491SNR State or Territory Nominated - Regional,1325 Research and Development Managers,WA,49
491SNR State or Territory Nominated - Regional,1325 Research and Development Managers,ACT,65
491SNR State or Territory Nominated - Regional,1325 Research and Development Managers,TAS,25
491SNR State or Territory Nominated - Regional,1325 Research and Development Managers,NT,46
491SNR State or Territory Nominated - Regional,3233 Precision Metal Trades Workers,VIC,7
491SNR State or Territory Nominated - Regional,3233 Precision Metal Trades Workers,ANY,2
491SNR State or Territory Nominated - Regional,3233 Precision Metal Trades Workers,NSW,1
491SNR State or Territory Nominated - Regional,3233 Precision Metal Trades Workers,QLD,1
491SNR State or Territory Nominated - Regional,2245 Land Economists and Valuers,VIC,28
491SNR State or Territory Nominated - Regional,2245 Land Economists and Valuers,ANY,12
491SNR State or Territory Nominated - Regional,2245 Land Economists and Valuers,NSW,31
491SNR State or Territory Nominated - Regional,2245 Land Economists and Valuers,QLD,7
491SNR State or Territory Nominated - Regional,2245 Land Economists and Valuers,SA,12
491SNR State or Territory Nominated - Regional,2245 Land Economists and Valuers,WA,15
491SNR State or Territory Nominated - Regional,2245 Land Economists and Valuers,ACT,9
491SNR State or Territory Nominated - Regional,2245 Land Economists and Valuers,TAS,10
491SNR State or Territory Nominated - Regional,2245 Land Economists and Valuers,NT,8
491SNR State or Territory Nominated - Regional,2252 ICT Sales Professionals,VIC,199
491SNR State or Territory Nominated - Regional,2252 ICT Sales Professionals,ANY,48
491SNR State or Territory Nominated - Regional,2252 ICT Sales Professionals,NSW,158
491SNR State or Territory Nominated - Regional,2252 ICT Sales Professionals,QLD,78
491SNR State or Territory Nominated - Regional,2252 ICT Sales Professionals,SA,216
491SNR State or Territory Nominated - Regional,2252 ICT Sales Professionals,WA,124
491SNR State or Territory Nominated - Regional,2252 ICT Sales Professionals,ACT,149
491SNR State or Territory Nominated - Regional,2252 ICT Sales Professionals,TAS,93
491SNR State or Territory Nominated - Regional,2252 ICT Sales Professionals,NT,131
491SNR State or Territory Nominated - Regional,2336 Mining Engineers,VIC,203
491SNR State or Territory Nominated - Regional,2336 Mining Engineers,ANY,124
491SNR State or Territory Nominated - Regional,2336 Mining Engineers,NSW,248
491SNR State or Territory Nominated - Regional,2336 Mining Engineers,QLD,244
491SNR State or Territory Nominated - Regional,2336 Mining Engineers,SA,234
491SNR State or Territory Nominated - Regional,2336 Mining Engineers,WA,558
491SNR State or Territory Nominated - Regional,2336 Mining Engineers,ACT,71
491SNR State or Territory Nominated - Regional,2336 Mining Engineers,TAS,87
491SNR State or Territory Nominated - Regional,2336 Mining Engineers,NT,117
491SNR State or Territory Nominated - Regional,2612 Multimedia Specialists and Web Developers,VIC,232
491SNR State or Territory Nominated - Regional,2612 Multimedia Specialists and Web Developers,ANY,98
491SNR State or Territory Nominated - Regional,2612 Multimedia Specialists and Web Developers,NSW,296
491SNR State or Territory Nominated - Regional,2612 Multimedia Specialists and Web Developers,QLD,107
491SNR State or Territory Nominated - Regional,2612 Multimedia Specialists and Web Developers,SA,263
491SNR State or Territory Nominated - Regional,2612 Multimedia Specialists and Web Developers,WA,331
491SNR State or Territory Nominated - Regional,2612 Multimedia Specialists and Web Developers,ACT,145
491SNR State or Territory Nominated - Regional,2612 Multimedia Specialists and Web Developers,TAS,108
491SNR State or Territory Nominated - Regional,2612 Multimedia Specialists and Web Developers,NT,86
491SNR State or Territory Nominated - Regional,3223 Structural Steel and Welding Trades Workers,VIC,329
491SNR State or Territory Nominated - Regional,3223 Structural Steel and Welding Trades Workers,ANY,79
491SNR State or Territory Nominated - Regional,3223 Structural Steel and Welding Trades Workers,NSW,233
491SNR State or Territory Nominated - Regional,3223 Structural Steel and Welding Trades Workers,QLD,120
491SNR State or Territory Nominated - Regional,3223 Structural Steel and Welding Trades Workers,SA,142
491SNR State or Territory Nominated - Regional,3223 Structural Steel and Welding Trades Workers,WA,407
491SNR State or Territory Nominated - Regional,3223 Structural Steel and Welding Trades Workers,ACT,46
491SNR State or Territory Nominated - Regional,3223 Structural Steel and Welding Trades Workers,TAS,55
491SNR State or Territory Nominated - Regional,3223 Structural Steel and Welding Trades Workers,NT,81
491SNR State or Territory Nominated - Regional,2349 Other Natural and Physical Science Professionals,VIC,107
491SNR State or Territory Nominated - Regional,2349 Other Natural and Physical Science Professionals,ANY,31
491SNR State or Territory Nominated - Regional,2349 Other Natural and Physical Science Professionals,NSW,82
491SNR State or Territory Nominated - Regional,2349 Other Natural and Physical Science Professionals,QLD,59
491SNR State or Territory Nominated - Regional,2349 Other Natural and Physical Science Professionals,SA,118
491SNR State or Territory Nominated - Regional,2349 Other Natural and Physical Science Professionals,WA,145
491SNR State or Territory Nominated - Regional,2349 Other Natural and Physical Science Professionals,ACT,59
491SNR State or Territory Nominated - Regional,2349 Other Natural and Physical Science Professionals,TAS,44
491SNR State or Territory Nominated - Regional,2349 Other Natural and Physical Science Professionals,NT,32
491SNR State or Territory Nominated - Regional,1321 Corporate Services Managers,VIC,36
491SNR State or Territory Nominated - Regional,1321 Corporate Services Managers,ANY,6
491SNR State or Territory Nominated - Regional,1321 Corporate Services Managers,NSW,25
491SNR State or Territory Nominated - Regional,1321 Corporate Services Managers,QLD,10
491SNR State or Territory Nominated - Regional,1321 Corporate Services Managers,SA,58
491SNR State or Territory Nominated - Regional,1321 Corporate Services Managers,WA,9
491SNR State or Territory Nominated - Regional,1321 Corporate Services Managers,ACT,35
491SNR State or Territory Nominated - Regional,1321 Corporate Services Managers,TAS,13
491SNR State or Territory Nominated - Regional,1321 Corporate Services Managers,NT,23
491SNR State or Territory Nominated - Regional,2326 Urban and Regional Planners,VIC,87
491SNR State or Territory Nominated - Regional,2326 Urban and Regional Planners,ANY,21
491SNR State or Territory Nominated - Regional,2326 Urban and Regional Planners,NSW,130
491SNR State or Territory Nominated - Regional,2326 Urban and Regional Planners,QLD,119
491SNR State or Territory Nominated - Regional,2326 Urban and Regional Planners,SA,107
491SNR State or Territory Nominated - Regional,2326 Urban and Regional Planners,WA,156
491SNR State or Territory Nominated - Regional,2326 Urban and Regional Planners,ACT,59
491SNR State or Territory Nominated - Regional,2326 Urban and Regional Planners,TAS,30
491SNR State or Territory Nominated - Regional,2326 Urban and Regional Planners,NT,38
491SNR State or Territory Nominated - Regional,2632 ICT Support and Test Engineers,VIC,1622
491SNR State or Territory Nominated - Regional,2632 ICT Support and Test Engineers,ANY,587
491SNR State or Territory Nominated - Regional,2632 ICT Support and Test Engineers,NSW,1796
491SNR State or Territory Nominated - Regional,2632 ICT Support and Test Engineers,QLD,658
491SNR State or Territory Nominated - Regional,2632 ICT Support and Test Engineers,SA,1815
491SNR State or Territory Nominated - Regional,2632 ICT Support and Test Engineers,WA,2564
491SNR State or Territory Nominated - Regional,2632 ICT Support and Test Engineers,ACT,1282
491SNR State or Territory Nominated - Regional,2632 ICT Support and Test Engineers,TAS,811
491SNR State or Territory Nominated - Regional,2632 ICT Support and Test Engineers,NT,904
491SNR State or Territory Nominated - Regional,2325 Interior Designers,VIC,135
491SNR State or Territory Nominated - Regional,2325 Interior Designers,ANY,42
491SNR State or Territory Nominated - Regional,2325 Interior Designers,NSW,94
491SNR State or Territory Nominated - Regional,2325 Interior Designers,QLD,45
491SNR State or Territory Nominated - Regional,2325 Interior Designers,SA,84
491SNR State or Territory Nominated - Regional,2325 Interior Designers,WA,68
491SNR State or Territory Nominated - Regional,2325 Interior Designers,ACT,39
491SNR State or Territory Nominated - Regional,2325 Interior Designers,TAS,50
491SNR State or Territory Nominated - Regional,2325 Interior Designers,NT,35
491SNR State or Territory Nominated - Regional,1331 Construction Managers,VIC,951
491SNR State or Territory Nominated - Regional,1331 Construction Managers,ANY,198
491SNR State or Territory Nominated - Regional,1331 Construction Managers,NSW,1223
491SNR State or Territory Nominated - Regional,1331 Construction Managers,QLD,972
491SNR State or Territory Nominated - Regional,1331 Construction Managers,SA,1069
491SNR State or Territory Nominated - Regional,1331 Construction Managers,WA,1442
491SNR State or Territory Nominated - Regional,1331 Construction Managers,ACT,705
491SNR State or Territory Nominated - Regional,1331 Construction Managers,TAS,449
491SNR State or Territory Nominated - Regional,1331 Construction Managers,NT,554
491SNR State or Territory Nominated - Regional,3613 Veterinary Nurses,VIC,103
491SNR State or Territory Nominated - Regional,3613 Veterinary Nurses,ANY,30
491SNR State or Territory Nominated - Regional,3613 Veterinary Nurses,NSW,107
491SNR State or Territory Nominated - Regional,3613 Veterinary Nurses,QLD,45
491SNR State or Territory Nominated - Regional,3613 Veterinary Nurses,SA,92
491SNR State or Territory Nominated - Regional,3613 Veterinary Nurses,WA,142
491SNR State or Territory Nominated - Regional,3613 Veterinary Nurses,ACT,60
491SNR State or Territory Nominated - Regional,3613 Veterinary Nurses,TAS,29
491SNR State or Territory Nominated - Regional,3613 Veterinary Nurses,NT,32
491SNR State or Territory Nominated - Regional,2343 Environmental Scientists,VIC,151
491SNR State or Territory Nominated - Regional,2343 Environmental Scientists,ANY,84
491SNR State or Territory Nominated - Regional,2343 Environmental Scientists,NSW,210
491SNR State or Territory Nominated - Regional,2343 Environmental Scientists,QLD,159
491SNR State or Territory Nominated - Regional,2343 Environmental Scientists,SA,168
491SNR State or Territory Nominated - Regional,2343 Environmental Scientists,WA,140
491SNR State or Territory Nominated - Regional,2343 Environmental Scientists,ACT,98
491SNR State or Territory Nominated - Regional,2343 Environmental Scientists,TAS,68
491SNR State or Territory Nominated - Regional,2343 Environmental Scientists,NT,81
491SNR State or Territory Nominated - Regional,2711 Barristers,WA,2
491SNR State or Territory Nominated - Regional,3132 Telecommunications Technical Specialists,VIC,265
491SNR State or Territory Nominated - Regional,3132 Telecommunications Technical Specialists,ANY,125
491SNR State or Territory Nominated - Regional,3132 Telecommunications Technical Specialists,NSW,122
491SNR State or Territory Nominated - Regional,3132 Telecommunications Technical Specialists,QLD,142
491SNR State or Territory Nominated - Regional,3132 Telecommunications Technical Specialists,SA,135
491SNR State or Territory Nominated - Regional,3132 Telecommunications Technical Specialists,WA,300
491SNR State or Territory Nominated - Regional,3132 Telecommunications Technical Specialists,ACT,43
491SNR State or Territory Nominated - Regional,3132 Telecommunications Technical Specialists,TAS,63
491SNR State or Territory Nominated - Regional,3132 Telecommunications Technical Specialists,NT,47
491SNR State or Territory Nominated - Regional,3312 Carpenters and Joiners,VIC,401
491SNR State or Territory Nominated - Regional,3312 Carpenters and Joiners,ANY,102
491SNR State or Territory Nominated - Regional,3312 Carpenters and Joiners,NSW,387
491SNR State or Territory Nominated - Regional,3312 Carpenters and Joiners,QLD,140
491SNR State or Territory Nominated - Regional,3312 Carpenters and Joiners,SA,245
491SNR State or Territory Nominated - Regional,3312 Carpenters and Joiners,WA,997
491SNR State or Territory Nominated - Regional,3312 Carpenters and Joiners,ACT,40
491SNR State or Territory Nominated - Regional,3312 Carpenters and Joiners,TAS,36
491SNR State or Territory Nominated - Regional,3312 Carpenters and Joiners,NT,34
491SNR State or Territory Nominated - Regional,1334 Manufacturers,VIC,58
491SNR State or Territory Nominated - Regional,1334 Manufacturers,ANY,8
491SNR State or Territory Nominated - Regional,1334 Manufacturers,NSW,52
491SNR State or Territory Nominated - Regional,1334 Manufacturers,QLD,40
491SNR State or Territory Nominated - Regional,1334 Manufacturers,SA,57
491SNR State or Territory Nominated - Regional,1334 Manufacturers,WA,24
491SNR State or Territory Nominated - Regional,1334 Manufacturers,ACT,17
491SNR State or Territory Nominated - Regional,1334 Manufacturers,TAS,14
491SNR State or Territory Nominated - Regional,1334 Manufacturers,NT,10
491SNR State or Territory Nominated - Regional,2725 Social Workers,VIC,218
491SNR State or Territory Nominated - Regional,2725 Social Workers,ANY,103
491SNR State or Territory Nominated - Regional,2725 Social Workers,NSW,349
491SNR State or Territory Nominated - Regional,2725 Social Workers,QLD,151
491SNR State or Territory Nominated - Regional,2725 Social Workers,SA,142
491SNR State or Territory Nominated - Regional,2725 Social Workers,WA,378
491SNR State or Territory Nominated - Regional,2725 Social Workers,ACT,89
491SNR State or Territory Nominated - Regional,2725 Social Workers,TAS,78
491SNR State or Territory Nominated - Regional,2725 Social Workers,NT,78
491SNR State or Territory Nominated - Regional,1413 Hotel and Motel Managers,VIC,152
491SNR State or Territory Nominated - Regional,1413 Hotel and Motel Managers,ANY,55
491SNR State or Territory Nominated - Regional,1413 Hotel and Motel Managers,NSW,123
491SNR State or Territory Nominated - Regional,1413 Hotel and Motel Managers,QLD,92
491SNR State or Territory Nominated - Regional,1413 Hotel and Motel Managers,SA,168
491SNR State or Territory Nominated - Regional,1413 Hotel and Motel Managers,WA,351
491SNR State or Territory Nominated - Regional,1413 Hotel and Motel Managers,ACT,77
491SNR State or Territory Nominated - Regional,1413 Hotel and Motel Managers,TAS,67
491SNR State or Territory Nominated - Regional,1413 Hotel and Motel Managers,NT,82
491SNR State or Territory Nominated - Regional,2249 Other Information and Organisation Professionals,VIC,1015
491SNR State or Territory Nominated - Regional,2249 Other Information and Organisation Professionals,ANY,304
491SNR State or Territory Nominated - Regional,2249 Other Information and Organisation Professionals,NSW,746
491SNR State or Territory Nominated - Regional,2249 Other Information and Organisation Professionals,QLD,321
491SNR State or Territory Nominated - Regional,2249 Other Information and Organisation Professionals,SA,1156
491SNR State or Territory Nominated - Regional,2249 Other Information and Organisation Professionals,WA,604
491SNR State or Territory Nominated - Regional,2249 Other Information and Organisation Professionals,ACT,689
491SNR State or Territory Nominated - Regional,2249 Other Information and Organisation Professionals,TAS,420
491SNR State or Territory Nominated - Regional,2249 Other Information and Organisation Professionals,NT,596
491SNR State or Territory Nominated - Regional,3322 Painting Trades Workers,VIC,479
491SNR State or Territory Nominated - Regional,3322 Painting Trades Workers,ANY,103
491SNR State or Territory Nominated - Regional,3322 Painting Trades Workers,NSW,190
491SNR State or Territory Nominated - Regional,3322 Painting Trades Workers,QLD,108
491SNR State or Territory Nominated - Regional,3322 Painting Trades Workers,SA,225
491SNR State or Territory Nominated - Regional,3322 Painting Trades Workers,WA,773
491SNR State or Territory Nominated - Regional,3322 Painting Trades Workers,ACT,34
491SNR State or Territory Nominated - Regional,3322 Painting Trades Workers,TAS,45
491SNR State or Territory Nominated - Regional,3322 Painting Trades Workers,NT,29
491SNR State or Territory Nominated - Regional,3423 Electronics Trades Workers,VIC,240
491SNR State or Territory Nominated - Regional,3423 Electronics Trades Workers,ANY,38
491SNR State or Territory Nominated - Regional,3423 Electronics Trades Workers,NSW,264
491SNR State or Territory Nominated - Regional,3423 Electronics Trades Workers,QLD,198
491SNR State or Territory Nominated - Regional,3423 Electronics Trades Workers,SA,251
491SNR State or Territory Nominated - Regional,3423 Electronics Trades Workers,WA,268
491SNR State or Territory Nominated - Regional,3423 Electronics Trades Workers,ACT,89
491SNR State or Territory Nominated - Regional,3423 Electronics Trades Workers,TAS,63
491SNR State or Territory Nominated - Regional,3423 Electronics Trades Workers,NT,97
491SNR State or Territory Nominated - Regional,2542 Nurse Educators and Researchers,VIC,8
491SNR State or Territory Nominated - Regional,2542 Nurse Educators and Researchers,ANY,1
491SNR State or Territory Nominated - Regional,2542 Nurse Educators and Researchers,NSW,10
491SNR State or Territory Nominated - Regional,2542 Nurse Educators and Researchers,QLD,7
491SNR State or Territory Nominated - Regional,2542 Nurse Educators and Researchers,SA,10
491SNR State or Territory Nominated - Regional,2542 Nurse Educators and Researchers,WA,7
491SNR State or Territory Nominated - Regional,2542 Nurse Educators and Researchers,ACT,6
491SNR State or Territory Nominated - Regional,2542 Nurse Educators and Researchers,TAS,6
491SNR State or Territory Nominated - Regional,2542 Nurse Educators and Researchers,NT,5
491SNR State or Territory Nominated - Regional,2521 Chiropractors and Osteopaths,VIC,10
491SNR State or Territory Nominated - Regional,2521 Chiropractors and Osteopaths,ANY,2
491SNR State or Territory Nominated - Regional,2521 Chiropractors and Osteopaths,NSW,8
491SNR State or Territory Nominated - Regional,2521 Chiropractors and Osteopaths,QLD,4
491SNR State or Territory Nominated - Regional,2521 Chiropractors and Osteopaths,SA,6
491SNR State or Territory Nominated - Regional,2521 Chiropractors and Osteopaths,WA,6
491SNR State or Territory Nominated - Regional,2521 Chiropractors and Osteopaths,ACT,2
491SNR State or Territory Nominated - Regional,2521 Chiropractors and Osteopaths,TAS,2
491SNR State or Territory Nominated - Regional,2521 Chiropractors and Osteopaths,NT,1
491SNR State or Territory Nominated - Regional,2493 Teachers of English to Speakers of Other Languages,VIC,146
491SNR State or Territory Nominated - Regional,2493 Teachers of English to Speakers of Other Languages,ANY,46
491SNR State or Territory Nominated - Regional,2493 Teachers of English to Speakers of Other Languages,NSW,95
491SNR State or Territory Nominated - Regional,2493 Teachers of English to Speakers of Other Languages,QLD,45
491SNR State or Territory Nominated - Regional,2493 Teachers of English to Speakers of Other Languages,SA,102
491SNR State or Territory Nominated - Regional,2493 Teachers of English to Speakers of Other Languages,WA,254
491SNR State or Territory Nominated - Regional,2493 Teachers of English to Speakers of Other Languages,ACT,78
491SNR State or Territory Nominated - Regional,2493 Teachers of English to Speakers of Other Languages,TAS,51
491SNR State or Territory Nominated - Regional,2493 Teachers of English to Speakers of Other Languages,NT,41
491SNR State or Territory Nominated - Regional,2124 Journalists and Other Writers,VIC,146
491SNR State or Territory Nominated - Regional,2124 Journalists and Other Writers,ANY,35
491SNR State or Territory Nominated - Regional,2124 Journalists and Other Writers,NSW,107
491SNR State or Territory Nominated - Regional,2124 Journalists and Other Writers,QLD,52
491SNR State or Territory Nominated - Regional,2124 Journalists and Other Writers,SA,159
491SNR State or Territory Nominated - Regional,2124 Journalists and Other Writers,WA,76
491SNR State or Territory Nominated - Regional,2124 Journalists and Other Writers,ACT,105
491SNR State or Territory Nominated - Regional,2124 Journalists and Other Writers,TAS,63
491SNR State or Territory Nominated - Regional,2124 Journalists and Other Writers,NT,59
491SNR State or Territory Nominated - Regional,1212 Crop Farmers,VIC,146
491SNR State or Territory Nominated - Regional,1212 Crop Farmers,ANY,28
491SNR State or Territory Nominated - Regional,1212 Crop Farmers,NSW,179
491SNR State or Territory Nominated - Regional,1212 Crop Farmers,QLD,39
491SNR State or Territory Nominated - Regional,1212 Crop Farmers,SA,130
491SNR State or Territory Nominated - Regional,1212 Crop Farmers,WA,65
491SNR State or Territory Nominated - Regional,1212 Crop Farmers,ACT,24
491SNR State or Territory Nominated - Regional,1212 Crop Farmers,TAS,23
491SNR State or Territory Nominated - Regional,1212 Crop Farmers,NT,42
491SNR State or Territory Nominated - Regional,3941 Cabinetmakers,VIC,53
491SNR State or Territory Nominated - Regional,3941 Cabinetmakers,ANY,14
491SNR State or Territory Nominated - Regional,3941 Cabinetmakers,NSW,43
491SNR State or Territory Nominated - Regional,3941 Cabinetmakers,QLD,21
491SNR State or Territory Nominated - Regional,3941 Cabinetmakers,SA,42
491SNR State or Territory Nominated - Regional,3941 Cabinetmakers,WA,76
491SNR State or Territory Nominated - Regional,3941 Cabinetmakers,ACT,14
491SNR State or Territory Nominated - Regional,3941 Cabinetmakers,TAS,6
491SNR State or Territory Nominated - Regional,3941 Cabinetmakers,NT,6
491SNR State or Territory Nominated - Regional,2243 Economists,VIC,66
491SNR State or Territory Nominated - Regional,2243 Economists,ANY,35
491SNR State or Territory Nominated - Regional,2243 Economists,NSW,51
491SNR State or Territory Nominated - Regional,2243 Economists,QLD,25
491SNR State or Territory Nominated - Regional,2243 Economists,SA,78
491SNR State or Territory Nominated - Regional,2243 Economists,WA,38
491SNR State or Territory Nominated - Regional,2243 Economists,ACT,36
491SNR State or Territory Nominated - Regional,2243 Economists,TAS,21
491SNR State or Territory Nominated - Regional,2243 Economists,NT,29
491SNR State or Territory Nominated - Regional,6121 Real Estate Sales Agents,VIC,65
491SNR State or Territory Nominated - Regional,6121 Real Estate Sales Agents,ANY,15
491SNR State or Territory Nominated - Regional,6121 Real Estate Sales Agents,NSW,39
491SNR State or Territory Nominated - Regional,6121 Real Estate Sales Agents,QLD,16
491SNR State or Territory Nominated - Regional,6121 Real Estate Sales Agents,SA,40
491SNR State or Territory Nominated - Regional,6121 Real Estate Sales Agents,WA,54
491SNR State or Territory Nominated - Regional,6121 Real Estate Sales Agents,ACT,40
491SNR State or Territory Nominated - Regional,6121 Real Estate Sales Agents,TAS,21
491SNR State or Territory Nominated - Regional,6121 Real Estate Sales Agents,NT,29
491SNR State or Territory Nominated - Regional,3311 Bricklayers and Stonemasons,VIC,115
491SNR State or Territory Nominated - Regional,3311 Bricklayers and Stonemasons,ANY,15
491SNR State or Territory Nominated - Regional,3311 Bricklayers and Stonemasons,NSW,127
491SNR State or Territory Nominated - Regional,3311 Bricklayers and Stonemasons,QLD,55
491SNR State or Territory Nominated - Regional,3311 Bricklayers and Stonemasons,SA,70
491SNR State or Territory Nominated - Regional,3311 Bricklayers and Stonemasons,WA,211
491SNR State or Territory Nominated - Regional,3311 Bricklayers and Stonemasons,ACT,44
491SNR State or Territory Nominated - Regional,3311 Bricklayers and Stonemasons,TAS,43
491SNR State or Territory Nominated - Regional,3311 Bricklayers and Stonemasons,NT,43
491SNR State or Territory Nominated - Regional,"2726 Welfare, Recreation and Community Arts Workers",VIC,134
491SNR State or Territory Nominated - Regional,"2726 Welfare, Recreation and Community Arts Workers",ANY,45
491SNR State or Territory Nominated - Regional,"2726 Welfare, Recreation and Community Arts Workers",NSW,311
491SNR State or Territory Nominated - Regional,"2726 Welfare, Recreation and Community Arts Workers",QLD,85
491SNR State or Territory Nominated - Regional,"2726 Welfare, Recreation and Community Arts Workers",SA,102
491SNR State or Territory Nominated - Regional,"2726 Welfare, Recreation and Community Arts Workers",WA,428
491SNR State or Territory Nominated - Regional,"2726 Welfare, Recreation and Community Arts Workers",ACT,79
491SNR State or Territory Nominated - Regional,"2726 Welfare, Recreation and Community Arts Workers",TAS,59
491SNR State or Territory Nominated - Regional,"2726 Welfare, Recreation and Community Arts Workers",NT,46
491SNR State or Territory Nominated - Regional,"2323 Fashion, Industrial and Jewellery Designers",VIC,118
491SNR State or Territory Nominated - Regional,"2323 Fashion, Industrial and Jewellery Designers",ANY,32
491SNR State or Territory Nominated - Regional,"2323 Fashion, Industrial and Jewellery Designers",NSW,82
491SNR State or Territory Nominated - Regional,"2323 Fashion, Industrial and Jewellery Designers",QLD,43
491SNR State or Territory Nominated - Regional,"2323 Fashion, Industrial and Jewellery Designers",SA,123
491SNR State or Territory Nominated - Regional,"2323 Fashion, Industrial and Jewellery Designers",WA,48
491SNR State or Territory Nominated - Regional,"2323 Fashion, Industrial and Jewellery Designers",ACT,38
491SNR State or Territory Nominated - Regional,"2323 Fashion, Industrial and Jewellery Designers",TAS,40
491SNR State or Territory Nominated - Regional,"2323 Fashion, Industrial and Jewellery Designers",NT,36
491SNR State or Territory Nominated - Regional,1336 Supply and Distribution Managers,VIC,140
491SNR State or Territory Nominated - Regional,1336 Supply and Distribution Managers,ANY,53
491SNR State or Territory Nominated - Regional,1336 Supply and Distribution Managers,NSW,97
491SNR State or Territory Nominated - Regional,1336 Supply and Distribution Managers,QLD,55
491SNR State or Territory Nominated - Regional,1336 Supply and Distribution Managers,SA,157
491SNR State or Territory Nominated - Regional,1336 Supply and Distribution Managers,WA,183
491SNR State or Territory Nominated - Regional,1336 Supply and Distribution Managers,ACT,120
491SNR State or Territory Nominated - Regional,1336 Supply and Distribution Managers,TAS,58
491SNR State or Territory Nominated - Regional,1336 Supply and Distribution Managers,NT,71
491SNR State or Territory Nominated - Regional,1342 Health and Welfare Services Managers,VIC,149
491SNR State or Territory Nominated - Regional,1342 Health and Welfare Services Managers,ANY,36
491SNR State or Territory Nominated - Regional,1342 Health and Welfare Services Managers,NSW,191
491SNR State or Territory Nominated - Regional,1342 Health and Welfare Services Managers,QLD,90
491SNR State or Territory Nominated - Regional,1342 Health and Welfare Services Managers,SA,186
491SNR State or Territory Nominated - Regional,1342 Health and Welfare Services Managers,WA,224
491SNR State or Territory Nominated - Regional,1342 Health and Welfare Services Managers,ACT,133
491SNR State or Territory Nominated - Regional,1342 Health and Welfare Services Managers,TAS,81
491SNR State or Territory Nominated - Regional,1342 Health and Welfare Services Managers,NT,102
491SNR State or Territory Nominated - Regional,1324 Policy and Planning Managers,VIC,23
491SNR State or Territory Nominated - Regional,1324 Policy and Planning Managers,ANY,10
491SNR State or Territory Nominated - Regional,1324 Policy and Planning Managers,NSW,24
491SNR State or Territory Nominated - Regional,1324 Policy and Planning Managers,QLD,14
491SNR State or Territory Nominated - Regional,1324 Policy and Planning Managers,SA,33
491SNR State or Territory Nominated - Regional,1324 Policy and Planning Managers,WA,22
491SNR State or Territory Nominated - Regional,1324 Policy and Planning Managers,ACT,16
491SNR State or Territory Nominated - Regional,1324 Policy and Planning Managers,TAS,15
491SNR State or Territory Nominated - Regional,1324 Policy and Planning Managers,NT,14
491SNR State or Territory Nominated - Regional,"2123 Film, Television, Radio and Stage Directors",VIC,67
491SNR State or Territory Nominated - Regional,"2123 Film, Television, Radio and Stage Directors",ANY,17
491SNR State or Territory Nominated - Regional,"2123 Film, Television, Radio and Stage Directors",NSW,41
491SNR State or Territory Nominated - Regional,"2123 Film, Television, Radio and Stage Directors",QLD,20
491SNR State or Territory Nominated - Regional,"2123 Film, Television, Radio and Stage Directors",SA,69
491SNR State or Territory Nominated - Regional,"2123 Film, Television, Radio and Stage Directors",WA,42
491SNR State or Territory Nominated - Regional,"2123 Film, Television, Radio and Stage Directors",ACT,27
491SNR State or Territory Nominated - Regional,"2123 Film, Television, Radio and Stage Directors",TAS,28
491SNR State or Territory Nominated - Regional,"2123 Film, Television, Radio and Stage Directors",NT,26
491SNR State or Territory Nominated - Regional,3231 Aircraft Maintenance Engineers,VIC,49
491SNR State or Territory Nominated - Regional,3231 Aircraft Maintenance Engineers,ANY,18
491SNR State or Territory Nominated - Regional,3231 Aircraft Maintenance Engineers,NSW,58
491SNR State or Territory Nominated - Regional,3231 Aircraft Maintenance Engineers,QLD,42
491SNR State or Territory Nominated - Regional,3231 Aircraft Maintenance Engineers,SA,59
491SNR State or Territory Nominated - Regional,3231 Aircraft Maintenance Engineers,WA,57
491SNR State or Territory Nominated - Regional,3231 Aircraft Maintenance Engineers,ACT,35
491SNR State or Territory Nominated - Regional,3231 Aircraft Maintenance Engineers,TAS,15
491SNR State or Territory Nominated - Regional,3231 Aircraft Maintenance Engineers,NT,26
491SNR State or Territory Nominated - Regional,1492 Call or Contact Centre and Customer Service Managers,VIC,174
491SNR State or Territory Nominated - Regional,1492 Call or Contact Centre and Customer Service Managers,ANY,47
491SNR State or Territory Nominated - Regional,1492 Call or Contact Centre and Customer Service Managers,NSW,102
491SNR State or Territory Nominated - Regional,1492 Call or Contact Centre and Customer Service Managers,QLD,56
491SNR State or Territory Nominated - Regional,1492 Call or Contact Centre and Customer Service Managers,SA,182
491SNR State or Territory Nominated - Regional,1492 Call or Contact Centre and Customer Service Managers,WA,255
491SNR State or Territory Nominated - Regional,1492 Call or Contact Centre and Customer Service Managers,ACT,121
491SNR State or Territory Nominated - Regional,1492 Call or Contact Centre and Customer Service Managers,TAS,57
491SNR State or Territory Nominated - Regional,1492 Call or Contact Centre and Customer Service Managers,NT,93
491SNR State or Territory Nominated - Regional,2221 Financial Brokers,VIC,67
491SNR State or Territory Nominated - Regional,2221 Financial Brokers,ANY,28
491SNR State or Territory Nominated - Regional,2221 Financial Brokers,NSW,53
491SNR State or Territory Nominated - Regional,2221 Financial Brokers,QLD,33
491SNR State or Territory Nominated - Regional,2221 Financial Brokers,SA,122
491SNR State or Territory Nominated - Regional,2221 Financial Brokers,WA,48
491SNR State or Territory Nominated - Regional,2221 Financial Brokers,ACT,34
491SNR State or Territory Nominated - Regional,2221 Financial Brokers,TAS,31
491SNR State or Territory Nominated - Regional,2221 Financial Brokers,NT,32
491SNR State or Territory Nominated - Regional,2539 Other Medical Practitioners,VIC,18
491SNR State or Territory Nominated - Regional,2539 Other Medical Practitioners,ANY,22
491SNR State or Territory Nominated - Regional,2539 Other Medical Practitioners,NSW,17
491SNR State or Territory Nominated - Regional,2539 Other Medical Practitioners,QLD,11
491SNR State or Territory Nominated - Regional,2539 Other Medical Practitioners,SA,8
491SNR State or Territory Nominated - Regional,2539 Other Medical Practitioners,WA,27
491SNR State or Territory Nominated - Regional,2539 Other Medical Practitioners,ACT,3
491SNR State or Territory Nominated - Regional,2539 Other Medical Practitioners,TAS,8
491SNR State or Territory Nominated - Regional,2539 Other Medical Practitioners,NT,4
491SNR State or Territory Nominated - Regional,1419 Other Accommodation and Hospitality Managers,VIC,18
491SNR State or Territory Nominated - Regional,1419 Other Accommodation and Hospitality Managers,ANY,7
491SNR State or Territory Nominated - Regional,1419 Other Accommodation and Hospitality Managers,NSW,14
491SNR State or Territory Nominated - Regional,1419 Other Accommodation and Hospitality Managers,QLD,17
491SNR State or Territory Nominated - Regional,1419 Other Accommodation and Hospitality Managers,SA,25
491SNR State or Territory Nominated - Regional,1419 Other Accommodation and Hospitality Managers,WA,31
491SNR State or Territory Nominated - Regional,1419 Other Accommodation and Hospitality Managers,ACT,9
491SNR State or Territory Nominated - Regional,1419 Other Accommodation and Hospitality Managers,TAS,8
491SNR State or Territory Nominated - Regional,1419 Other Accommodation and Hospitality Managers,NT,17
491SNR State or Territory Nominated - Regional,3111 Agricultural Technicians,VIC,59
491SNR State or Territory Nominated - Regional,3111 Agricultural Technicians,ANY,21
491SNR State or Territory Nominated - Regional,3111 Agricultural Technicians,NSW,104
491SNR State or Territory Nominated - Regional,3111 Agricultural Technicians,QLD,26
491SNR State or Territory Nominated - Regional,3111 Agricultural Technicians,SA,55
491SNR State or Territory Nominated - Regional,3111 Agricultural Technicians,WA,117
491SNR State or Territory Nominated - Regional,3111 Agricultural Technicians,ACT,13
491SNR State or Territory Nominated - Regional,3111 Agricultural Technicians,TAS,26
491SNR State or Territory Nominated - Regional,3111 Agricultural Technicians,NT,16
491SNR State or Territory Nominated - Regional,2724 Social Professionals,VIC,40
491SNR State or Territory Nominated - Regional,2724 Social Professionals,ANY,23
491SNR State or Territory Nominated - Regional,2724 Social Professionals,NSW,27
491SNR State or Territory Nominated - Regional,2724 Social Professionals,QLD,16
491SNR State or Territory Nominated - Regional,2724 Social Professionals,SA,20
491SNR State or Territory Nominated - Regional,2724 Social Professionals,WA,56
491SNR State or Territory Nominated - Regional,2724 Social Professionals,ACT,22
491SNR State or Territory Nominated - Regional,2724 Social Professionals,TAS,8
491SNR State or Territory Nominated - Regional,2724 Social Professionals,NT,13
491SNR State or Territory Nominated - Regional,4114 Enrolled and Mothercraft Nurses,VIC,933
491SNR State or Territory Nominated - Regional,4114 Enrolled and Mothercraft Nurses,ANY,206
491SNR State or Territory Nominated - Regional,4114 Enrolled and Mothercraft Nurses,NSW,267
491SNR State or Territory Nominated - Regional,4114 Enrolled and Mothercraft Nurses,QLD,161
491SNR State or Territory Nominated - Regional,4114 Enrolled and Mothercraft Nurses,SA,401
491SNR State or Territory Nominated - Regional,4114 Enrolled and Mothercraft Nurses,WA,1289
491SNR State or Territory Nominated - Regional,4114 Enrolled and Mothercraft Nurses,ACT,90
491SNR State or Territory Nominated - Regional,4114 Enrolled and Mothercraft Nurses,TAS,155
491SNR State or Territory Nominated - Regional,4114 Enrolled and Mothercraft Nurses,NT,53
491SNR State or Territory Nominated - Regional,3411 Electricians,VIC,87
491SNR State or Territory Nominated - Regional,3411 Electricians,ANY,49
491SNR State or Territory Nominated - Regional,3411 Electricians,NSW,109
491SNR State or Territory Nominated - Regional,3411 Electricians,QLD,97
491SNR State or Territory Nominated - Regional,3411 Electricians,SA,99
491SNR State or Territory Nominated - Regional,3411 Electricians,WA,138
491SNR State or Territory Nominated - Regional,3411 Electricians,ACT,53
491SNR State or Territory Nominated - Regional,3411 Electricians,TAS,49
491SNR State or Territory Nominated - Regional,3411 Electricians,NT,54
491SNR State or Territory Nominated - Regional,2525 Physiotherapists,VIC,54
491SNR State or Territory Nominated - Regional,2525 Physiotherapists,ANY,31
491SNR State or Territory Nominated - Regional,2525 Physiotherapists,NSW,70
491SNR State or Territory Nominated - Regional,2525 Physiotherapists,QLD,56
491SNR State or Territory Nominated - Regional,2525 Physiotherapists,SA,46
491SNR State or Territory Nominated - Regional,2525 Physiotherapists,WA,103
491SNR State or Territory Nominated - Regional,2525 Physiotherapists,ACT,20
491SNR State or Territory Nominated - Regional,2525 Physiotherapists,TAS,26
491SNR State or Territory Nominated - Regional,2525 Physiotherapists,NT,19
491SNR State or Territory Nominated - Regional,1494 Transport Services Managers,VIC,36
491SNR State or Territory Nominated - Regional,1494 Transport Services Managers,ANY,16
491SNR State or Territory Nominated - Regional,1494 Transport Services Managers,NSW,29
491SNR State or Territory Nominated - Regional,1494 Transport Services Managers,QLD,20
491SNR State or Territory Nominated - Regional,1494 Transport Services Managers,SA,34
491SNR State or Territory Nominated - Regional,1494 Transport Services Managers,WA,56
491SNR State or Territory Nominated - Regional,1494 Transport Services Managers,ACT,10
491SNR State or Territory Nominated - Regional,1494 Transport Services Managers,TAS,9
491SNR State or Territory Nominated - Regional,1494 Transport Services Managers,NT,8
491SNR State or Territory Nominated - Regional,2253 Public Relations Professionals,VIC,160
491SNR State or Territory Nominated - Regional,2253 Public Relations Professionals,ANY,51
491SNR State or Territory Nominated - Regional,2253 Public Relations Professionals,NSW,108
491SNR State or Territory Nominated - Regional,2253 Public Relations Professionals,QLD,50
491SNR State or Territory Nominated - Regional,2253 Public Relations Professionals,SA,177
491SNR State or Territory Nominated - Regional,2253 Public Relations Professionals,WA,77
491SNR State or Territory Nominated - Regional,2253 Public Relations Professionals,ACT,125
491SNR State or Territory Nominated - Regional,2253 Public Relations Professionals,TAS,67
491SNR State or Territory Nominated - Regional,2253 Public Relations Professionals,NT,96
491SNR State or Territory Nominated - Regional,2512 Medical Imaging Professionals,VIC,22
491SNR State or Territory Nominated - Regional,2512 Medical Imaging Professionals,ANY,13
491SNR State or Territory Nominated - Regional,2512 Medical Imaging Professionals,NSW,41
491SNR State or Territory Nominated - Regional,2512 Medical Imaging Professionals,QLD,24
491SNR State or Territory Nominated - Regional,2512 Medical Imaging Professionals,SA,35
491SNR State or Territory Nominated - Regional,2512 Medical Imaging Professionals,WA,41
491SNR State or Territory Nominated - Regional,2512 Medical Imaging Professionals,ACT,20
491SNR State or Territory Nominated - Regional,2512 Medical Imaging Professionals,TAS,12
491SNR State or Territory Nominated - Regional,2512 Medical Imaging Professionals,NT,12
491SNR State or Territory Nominated - Regional,3131 ICT Support Technicians,VIC,168
491SNR State or Territory Nominated - Regional,3131 ICT Support Technicians,ANY,52
491SNR State or Territory Nominated - Regional,3131 ICT Support Technicians,NSW,139
491SNR State or Territory Nominated - Regional,3131 ICT Support Technicians,QLD,49
491SNR State or Territory Nominated - Regional,3131 ICT Support Technicians,SA,163
491SNR State or Territory Nominated - Regional,3131 ICT Support Technicians,WA,114
491SNR State or Territory Nominated - Regional,3131 ICT Support Technicians,ACT,109
491SNR State or Territory Nominated - Regional,3131 ICT Support Technicians,TAS,47
491SNR State or Territory Nominated - Regional,3131 ICT Support Technicians,NT,59
491SNR State or Territory Nominated - Regional,"4523 Sports Coaches, Instructors and Officials",VIC,77
491SNR State or Territory Nominated - Regional,"4523 Sports Coaches, Instructors and Officials",ANY,22
491SNR State or Territory Nominated - Regional,"4523 Sports Coaches, Instructors and Officials",NSW,47
491SNR State or Territory Nominated - Regional,"4523 Sports Coaches, Instructors and Officials",QLD,29
491SNR State or Territory Nominated - Regional,"4523 Sports Coaches, Instructors and Officials",SA,74
491SNR State or Territory Nominated - Regional,"4523 Sports Coaches, Instructors and Officials",WA,36
491SNR State or Territory Nominated - Regional,"4523 Sports Coaches, Instructors and Officials",ACT,36
491SNR State or Territory Nominated - Regional,"4523 Sports Coaches, Instructors and Officials",TAS,22
491SNR State or Territory Nominated - Regional,"4523 Sports Coaches, Instructors and Officials",NT,27
491SNR State or Territory Nominated - Regional,3911 Hairdressers,VIC,85
491SNR State or Territory Nominated - Regional,3911 Hairdressers,ANY,44
491SNR State or Territory Nominated - Regional,3911 Hairdressers,NSW,53
491SNR State or Territory Nominated - Regional,3911 Hairdressers,QLD,25
491SNR State or Territory Nominated - Regional,3911 Hairdressers,SA,52
491SNR State or Territory Nominated - Regional,3911 Hairdressers,WA,108
491SNR State or Territory Nominated - Regional,3911 Hairdressers,ACT,24
491SNR State or Territory Nominated - Regional,3911 Hairdressers,TAS,29
491SNR State or Territory Nominated - Regional,3911 Hairdressers,NT,57
491SNR State or Territory Nominated - Regional,3222 Sheetmetal Trades Workers,VIC,5
491SNR State or Territory Nominated - Regional,3222 Sheetmetal Trades Workers,ANY,3
491SNR State or Territory Nominated - Regional,3222 Sheetmetal Trades Workers,NSW,9
491SNR State or Territory Nominated - Regional,3222 Sheetmetal Trades Workers,QLD,2
491SNR State or Territory Nominated - Regional,3222 Sheetmetal Trades Workers,SA,5
491SNR State or Territory Nominated - Regional,3222 Sheetmetal Trades Workers,WA,10
491SNR State or Territory Nominated - Regional,3222 Sheetmetal Trades Workers,TAS,1
491SNR State or Territory Nominated - Regional,3222 Sheetmetal Trades Workers,NT,1
491SNR State or Territory Nominated - Regional,2513 Occupational and Environmental Health Professionals,VIC,101
491SNR State or Territory Nominated - Regional,2513 Occupational and Environmental Health Professionals,ANY,48
491SNR State or Territory Nominated - Regional,2513 Occupational and Environmental Health Professionals,NSW,110
491SNR State or Territory Nominated - Regional,2513 Occupational and Environmental Health Professionals,QLD,62
491SNR State or Territory Nominated - Regional,2513 Occupational and Environmental Health Professionals,SA,97
491SNR State or Territory Nominated - Regional,2513 Occupational and Environmental Health Professionals,WA,149
491SNR State or Territory Nominated - Regional,2513 Occupational and Environmental Health Professionals,ACT,82
491SNR State or Territory Nominated - Regional,2513 Occupational and Environmental Health Professionals,TAS,50
491SNR State or Territory Nominated - Regional,2513 Occupational and Environmental Health Professionals,NT,68
491SNR State or Territory Nominated - Regional,3923 Printers,VIC,1
491SNR State or Territory Nominated - Regional,3923 Printers,NSW,1
491SNR State or Territory Nominated - Regional,3923 Printers,SA,1
491SNR State or Territory Nominated - Regional,3923 Printers,TAS,1
491SNR State or Territory Nominated - Regional,3923 Printers,NT,1
491SNR State or Territory Nominated - Regional,2527 Speech Professionals and Audiologists,VIC,89
491SNR State or Territory Nominated - Regional,2527 Speech Professionals and Audiologists,ANY,32
491SNR State or Territory Nominated - Regional,2527 Speech Professionals and Audiologists,NSW,104
491SNR State or Territory Nominated - Regional,2527 Speech Professionals and Audiologists,QLD,103
491SNR State or Territory Nominated - Regional,2527 Speech Professionals and Audiologists,SA,105
491SNR State or Territory Nominated - Regional,2527 Speech Professionals and Audiologists,WA,118
491SNR State or Territory Nominated - Regional,2527 Speech Professionals and Audiologists,ACT,78
491SNR State or Territory Nominated - Regional,2527 Speech Professionals and Audiologists,TAS,70
491SNR State or Territory Nominated - Regional,2527 Speech Professionals and Audiologists,NT,58
491SNR State or Territory Nominated - Regional,1213 Livestock Farmers,VIC,56
491SNR State or Territory Nominated - Regional,1213 Livestock Farmers,ANY,14
491SNR State or Territory Nominated - Regional,1213 Livestock Farmers,NSW,34
491SNR State or Territory Nominated - Regional,1213 Livestock Farmers,QLD,16
491SNR State or Territory Nominated - Regional,1213 Livestock Farmers,SA,61
491SNR State or Territory Nominated - Regional,1213 Livestock Farmers,WA,28
491SNR State or Territory Nominated - Regional,1213 Livestock Farmers,ACT,14
491SNR State or Territory Nominated - Regional,1213 Livestock Farmers,TAS,12
491SNR State or Territory Nominated - Regional,1213 Livestock Farmers,NT,14
491SNR State or Territory Nominated - Regional,"2242 Archivists, Curators and Records Managers",VIC,68
491SNR State or Territory Nominated - Regional,"2242 Archivists, Curators and Records Managers",ANY,15
491SNR State or Territory Nominated - Regional,"2242 Archivists, Curators and Records Managers",NSW,48
491SNR State or Territory Nominated - Regional,"2242 Archivists, Curators and Records Managers",QLD,34
491SNR State or Territory Nominated - Regional,"2242 Archivists, Curators and Records Managers",SA,71
491SNR State or Territory Nominated - Regional,"2242 Archivists, Curators and Records Managers",WA,37
491SNR State or Territory Nominated - Regional,"2242 Archivists, Curators and Records Managers",ACT,43
491SNR State or Territory Nominated - Regional,"2242 Archivists, Curators and Records Managers",TAS,32
491SNR State or Territory Nominated - Regional,"2242 Archivists, Curators and Records Managers",NT,27
491SNR State or Territory Nominated - Regional,3129 Other Building and Engineering Technicians,VIC,209
491SNR State or Territory Nominated - Regional,3129 Other Building and Engineering Technicians,ANY,130
491SNR State or Territory Nominated - Regional,3129 Other Building and Engineering Technicians,NSW,264
491SNR State or Territory Nominated - Regional,3129 Other Building and Engineering Technicians,QLD,159
491SNR State or Territory Nominated - Regional,3129 Other Building and Engineering Technicians,SA,244
491SNR State or Territory Nominated - Regional,3129 Other Building and Engineering Technicians,WA,426
491SNR State or Territory Nominated - Regional,3129 Other Building and Engineering Technicians,ACT,154
491SNR State or Territory Nominated - Regional,3129 Other Building and Engineering Technicians,TAS,97
491SNR State or Territory Nominated - Regional,3129 Other Building and Engineering Technicians,NT,119
491SNR State or Territory Nominated - Regional,2492 Private Tutors and Teachers,VIC,425
491SNR State or Territory Nominated - Regional,2492 Private Tutors and Teachers,ANY,62
491SNR State or Territory Nominated - Regional,2492 Private Tutors and Teachers,NSW,177
491SNR State or Territory Nominated - Regional,2492 Private Tutors and Teachers,QLD,92
491SNR State or Territory Nominated - Regional,2492 Private Tutors and Teachers,SA,355
491SNR State or Territory Nominated - Regional,2492 Private Tutors and Teachers,WA,140
491SNR State or Territory Nominated - Regional,2492 Private Tutors and Teachers,ACT,105
491SNR State or Territory Nominated - Regional,2492 Private Tutors and Teachers,TAS,102
491SNR State or Territory Nominated - Regional,2492 Private Tutors and Teachers,NT,91
491SNR State or Territory Nominated - Regional,2524 Occupational Therapists,VIC,55
491SNR State or Territory Nominated - Regional,2524 Occupational Therapists,ANY,17
491SNR State or Territory Nominated - Regional,2524 Occupational Therapists,NSW,47
491SNR State or Territory Nominated - Regional,2524 Occupational Therapists,QLD,48
491SNR State or Territory Nominated - Regional,2524 Occupational Therapists,SA,48
491SNR State or Territory Nominated - Regional,2524 Occupational Therapists,WA,73
491SNR State or Territory Nominated - Regional,2524 Occupational Therapists,ACT,28
491SNR State or Territory Nominated - Regional,2524 Occupational Therapists,TAS,27
491SNR State or Territory Nominated - Regional,2524 Occupational Therapists,NT,20
491SNR State or Territory Nominated - Regional,2519 Other Health Diagnostic and Promotion Professionals,VIC,90
491SNR State or Territory Nominated - Regional,2519 Other Health Diagnostic and Promotion Professionals,ANY,38
491SNR State or Territory Nominated - Regional,2519 Other Health Diagnostic and Promotion Professionals,NSW,55
491SNR State or Territory Nominated - Regional,2519 Other Health Diagnostic and Promotion Professionals,QLD,33
491SNR State or Territory Nominated - Regional,2519 Other Health Diagnostic and Promotion Professionals,SA,81
491SNR State or Territory Nominated - Regional,2519 Other Health Diagnostic and Promotion Professionals,WA,74
491SNR State or Territory Nominated - Regional,2519 Other Health Diagnostic and Promotion Professionals,ACT,45
491SNR State or Territory Nominated - Regional,2519 Other Health Diagnostic and Promotion Professionals,TAS,38
491SNR State or Territory Nominated - Regional,2519 Other Health Diagnostic and Promotion Professionals,NT,41
491SNR State or Territory Nominated - Regional,3421 Airconditioning and Refrigeration Mechanics,VIC,19
491SNR State or Territory Nominated - Regional,3421 Airconditioning and Refrigeration Mechanics,ANY,12
491SNR State or Territory Nominated - Regional,3421 Airconditioning and Refrigeration Mechanics,NSW,26
491SNR State or Territory Nominated - Regional,3421 Airconditioning and Refrigeration Mechanics,QLD,15
491SNR State or Territory Nominated - Regional,3421 Airconditioning and Refrigeration Mechanics,SA,22
491SNR State or Territory Nominated - Regional,3421 Airconditioning and Refrigeration Mechanics,WA,29
491SNR State or Territory Nominated - Regional,3421 Airconditioning and Refrigeration Mechanics,ACT,10
491SNR State or Territory Nominated - Regional,3421 Airconditioning and Refrigeration Mechanics,TAS,7
491SNR State or Territory Nominated - Regional,3421 Airconditioning and Refrigeration Mechanics,NT,18
491SNR State or Territory Nominated - Regional,4517 Travel Attendants,VIC,74
491SNR State or Territory Nominated - Regional,4517 Travel Attendants,ANY,20
491SNR State or Territory Nominated - Regional,4517 Travel Attendants,NSW,37
491SNR State or Territory Nominated - Regional,4517 Travel Attendants,QLD,19
491SNR State or Territory Nominated - Regional,4517 Travel Attendants,SA,31
491SNR State or Territory Nominated - Regional,4517 Travel Attendants,WA,26
491SNR State or Territory Nominated - Regional,4517 Travel Attendants,ACT,22
491SNR State or Territory Nominated - Regional,4517 Travel Attendants,TAS,29
491SNR State or Territory Nominated - Regional,4517 Travel Attendants,NT,23
491SNR State or Territory Nominated - Regional,2346 Medical Laboratory Scientists,VIC,147
491SNR State or Territory Nominated - Regional,2346 Medical Laboratory Scientists,ANY,107
491SNR State or Territory Nominated - Regional,2346 Medical Laboratory Scientists,NSW,150
491SNR State or Territory Nominated - Regional,2346 Medical Laboratory Scientists,QLD,121
491SNR State or Territory Nominated - Regional,2346 Medical Laboratory Scientists,SA,190
491SNR State or Territory Nominated - Regional,2346 Medical Laboratory Scientists,WA,205
491SNR State or Territory Nominated - Regional,2346 Medical Laboratory Scientists,ACT,104
491SNR State or Territory Nominated - Regional,2346 Medical Laboratory Scientists,TAS,72
491SNR State or Territory Nominated - Regional,2346 Medical Laboratory Scientists,NT,99
491SNR State or Territory Nominated - Regional,2415 Special Education Teachers,VIC,20
491SNR State or Territory Nominated - Regional,2415 Special Education Teachers,ANY,12
491SNR State or Territory Nominated - Regional,2415 Special Education Teachers,NSW,18
491SNR State or Territory Nominated - Regional,2415 Special Education Teachers,QLD,15
491SNR State or Territory Nominated - Regional,2415 Special Education Teachers,SA,15
491SNR State or Territory Nominated - Regional,2415 Special Education Teachers,WA,20
491SNR State or Territory Nominated - Regional,2415 Special Education Teachers,ACT,9
491SNR State or Territory Nominated - Regional,2415 Special Education Teachers,TAS,4
491SNR State or Territory Nominated - Regional,2415 Special Education Teachers,NT,7
491SNR State or Territory Nominated - Regional,1493 Conference and Event Organisers,VIC,173
491SNR State or Territory Nominated - Regional,1493 Conference and Event Organisers,ANY,39
491SNR State or Territory Nominated - Regional,1493 Conference and Event Organisers,NSW,125
491SNR State or Territory Nominated - Regional,1493 Conference and Event Organisers,QLD,65
491SNR State or Territory Nominated - Regional,1493 Conference and Event Organisers,SA,195
491SNR State or Territory Nominated - Regional,1493 Conference and Event Organisers,WA,350
491SNR State or Territory Nominated - Regional,1493 Conference and Event Organisers,ACT,121
491SNR State or Territory Nominated - Regional,1493 Conference and Event Organisers,TAS,73
491SNR State or Territory Nominated - Regional,1493 Conference and Event Organisers,NT,122
491SNR State or Territory Nominated - Regional,2712 Judicial and Other Legal Professionals,VIC,65
491SNR State or Territory Nominated - Regional,2712 Judicial and Other Legal Professionals,ANY,22
491SNR State or Territory Nominated - Regional,2712 Judicial and Other Legal Professionals,NSW,40
491SNR State or Territory Nominated - Regional,2712 Judicial and Other Legal Professionals,QLD,26
491SNR State or Territory Nominated - Regional,2712 Judicial and Other Legal Professionals,SA,64
491SNR State or Territory Nominated - Regional,2712 Judicial and Other Legal Professionals,WA,33
491SNR State or Territory Nominated - Regional,2712 Judicial and Other Legal Professionals,ACT,23
491SNR State or Territory Nominated - Regional,2712 Judicial and Other Legal Professionals,TAS,33
491SNR State or Territory Nominated - Regional,2712 Judicial and Other Legal Professionals,NT,44
491SNR State or Territory Nominated - Regional,2222 Financial Dealers,VIC,65
491SNR State or Territory Nominated - Regional,2222 Financial Dealers,ANY,23
491SNR State or Territory Nominated - Regional,2222 Financial Dealers,NSW,59
491SNR State or Territory Nominated - Regional,2222 Financial Dealers,QLD,22
491SNR State or Territory Nominated - Regional,2222 Financial Dealers,SA,72
491SNR State or Territory Nominated - Regional,2222 Financial Dealers,WA,46
491SNR State or Territory Nominated - Regional,2222 Financial Dealers,ACT,26
491SNR State or Territory Nominated - Regional,2222 Financial Dealers,TAS,29
491SNR State or Territory Nominated - Regional,2222 Financial Dealers,NT,26
491SNR State or Territory Nominated - Regional,2723 Psychologists,VIC,91
491SNR State or Territory Nominated - Regional,2723 Psychologists,ANY,28
491SNR State or Territory Nominated - Regional,2723 Psychologists,NSW,122
491SNR State or Territory Nominated - Regional,2723 Psychologists,QLD,48
491SNR State or Territory Nominated - Regional,2723 Psychologists,SA,100
491SNR State or Territory Nominated - Regional,2723 Psychologists,WA,61
491SNR State or Territory Nominated - Regional,2723 Psychologists,ACT,67
491SNR State or Territory Nominated - Regional,2723 Psychologists,TAS,33
491SNR State or Territory Nominated - Regional,2723 Psychologists,NT,24
491SNR State or Territory Nominated - Regional,2422 Vocational Education Teachers (Aus) / Polytechnic Teachers (NZ),VIC,115
491SNR State or Territory Nominated - Regional,2422 Vocational Education Teachers (Aus) / Polytechnic Teachers (NZ),ANY,26
491SNR State or Territory Nominated - Regional,2422 Vocational Education Teachers (Aus) / Polytechnic Teachers (NZ),NSW,61
491SNR State or Territory Nominated - Regional,2422 Vocational Education Teachers (Aus) / Polytechnic Teachers (NZ),QLD,97
491SNR State or Territory Nominated - Regional,2422 Vocational Education Teachers (Aus) / Polytechnic Teachers (NZ),SA,108
491SNR State or Territory Nominated - Regional,2422 Vocational Education Teachers (Aus) / Polytechnic Teachers (NZ),WA,135
491SNR State or Territory Nominated - Regional,2422 Vocational Education Teachers (Aus) / Polytechnic Teachers (NZ),ACT,98
491SNR State or Territory Nominated - Regional,2422 Vocational Education Teachers (Aus) / Polytechnic Teachers (NZ),TAS,32
491SNR State or Territory Nominated - Regional,2422 Vocational Education Teachers (Aus) / Polytechnic Teachers (NZ),NT,61
491SNR State or Territory Nominated - Regional,3126 Safety Inspectors,VIC,64
491SNR State or Territory Nominated - Regional,3126 Safety Inspectors,ANY,17
491SNR State or Territory Nominated - Regional,3126 Safety Inspectors,NSW,48
491SNR State or Territory Nominated - Regional,3126 Safety Inspectors,QLD,29
491SNR State or Territory Nominated - Regional,3126 Safety Inspectors,SA,45
491SNR State or Territory Nominated - Regional,3126 Safety Inspectors,WA,82
491SNR State or Territory Nominated - Regional,3126 Safety Inspectors,ACT,28
491SNR State or Territory Nominated - Regional,3126 Safety Inspectors,TAS,35
491SNR State or Territory Nominated - Regional,3126 Safety Inspectors,NT,41
491SNR State or Territory Nominated - Regional,4111 Ambulance Officers and Paramedics,VIC,62
491SNR State or Territory Nominated - Regional,4111 Ambulance Officers and Paramedics,ANY,18
491SNR State or Territory Nominated - Regional,4111 Ambulance Officers and Paramedics,NSW,48
491SNR State or Territory Nominated - Regional,4111 Ambulance Officers and Paramedics,QLD,21
491SNR State or Territory Nominated - Regional,4111 Ambulance Officers and Paramedics,SA,71
491SNR State or Territory Nominated - Regional,4111 Ambulance Officers and Paramedics,WA,77
491SNR State or Territory Nominated - Regional,4111 Ambulance Officers and Paramedics,ACT,61
491SNR State or Territory Nominated - Regional,4111 Ambulance Officers and Paramedics,TAS,17
491SNR State or Territory Nominated - Regional,4111 Ambulance Officers and Paramedics,NT,14
491SNR State or Territory Nominated - Regional,2113 Photographers,VIC,19
491SNR State or Territory Nominated - Regional,2113 Photographers,ANY,5
491SNR State or Territory Nominated - Regional,2113 Photographers,NSW,9
491SNR State or Territory Nominated - Regional,2113 Photographers,QLD,5
491SNR State or Territory Nominated - Regional,2113 Photographers,SA,18
491SNR State or Territory Nominated - Regional,2113 Photographers,WA,11
491SNR State or Territory Nominated - Regional,2113 Photographers,ACT,7
491SNR State or Territory Nominated - Regional,2113 Photographers,TAS,3
491SNR State or Territory Nominated - Regional,2113 Photographers,NT,2
491SNR State or Territory Nominated - Regional,2312 Marine Transport Professionals,VIC,10
491SNR State or Territory Nominated - Regional,2312 Marine Transport Professionals,ANY,2
491SNR State or Territory Nominated - Regional,2312 Marine Transport Professionals,NSW,11
491SNR State or Territory Nominated - Regional,2312 Marine Transport Professionals,QLD,4
491SNR State or Territory Nominated - Regional,2312 Marine Transport Professionals,SA,10
491SNR State or Territory Nominated - Regional,2312 Marine Transport Professionals,WA,13
491SNR State or Territory Nominated - Regional,2312 Marine Transport Professionals,ACT,7
491SNR State or Territory Nominated - Regional,2312 Marine Transport Professionals,TAS,5
491SNR State or Territory Nominated - Regional,2312 Marine Transport Professionals,NT,8
491SNR State or Territory Nominated - Regional,"4112 Dental Hygienists, Technicians and Therapists",VIC,31
491SNR State or Territory Nominated - Regional,"4112 Dental Hygienists, Technicians and Therapists",ANY,9
491SNR State or Territory Nominated - Regional,"4112 Dental Hygienists, Technicians and Therapists",NSW,18
491SNR State or Territory Nominated - Regional,"4112 Dental Hygienists, Technicians and Therapists",QLD,14
491SNR State or Territory Nominated - Regional,"4112 Dental Hygienists, Technicians and Therapists",SA,10
491SNR State or Territory Nominated - Regional,"4112 Dental Hygienists, Technicians and Therapists",WA,36
491SNR State or Territory Nominated - Regional,"4112 Dental Hygienists, Technicians and Therapists",ACT,17
491SNR State or Territory Nominated - Regional,"4112 Dental Hygienists, Technicians and Therapists",TAS,15
491SNR State or Territory Nominated - Regional,"4112 Dental Hygienists, Technicians and Therapists",NT,9
491SNR State or Territory Nominated - Regional,2541 Midwives,VIC,8
491SNR State or Territory Nominated - Regional,2541 Midwives,ANY,13
491SNR State or Territory Nominated - Regional,2541 Midwives,NSW,8
491SNR State or Territory Nominated - Regional,2541 Midwives,QLD,7
491SNR State or Territory Nominated - Regional,2541 Midwives,SA,3
491SNR State or Territory Nominated - Regional,2541 Midwives,WA,12
491SNR State or Territory Nominated - Regional,2541 Midwives,ACT,2
491SNR State or Territory Nominated - Regional,2541 Midwives,TAS,1
491SNR State or Territory Nominated - Regional,2541 Midwives,NT,4
491SNR State or Territory Nominated - Regional,3341 Plumbers,VIC,50
491SNR State or Territory Nominated - Regional,3341 Plumbers,ANY,9
491SNR State or Territory Nominated - Regional,3341 Plumbers,NSW,71
491SNR State or Territory Nominated - Regional,3341 Plumbers,QLD,41
491SNR State or Territory Nominated - Regional,3341 Plumbers,SA,59
491SNR State or Territory Nominated - Regional,3341 Plumbers,WA,75
491SNR State or Territory Nominated - Regional,3341 Plumbers,ACT,19
491SNR State or Territory Nominated - Regional,3341 Plumbers,TAS,10
491SNR State or Territory Nominated - Regional,3341 Plumbers,NT,19
491SNR State or Territory Nominated - Regional,2491 Education Advisers and Reviewers,VIC,11
491SNR State or Territory Nominated - Regional,2491 Education Advisers and Reviewers,ANY,9
491SNR State or Territory Nominated - Regional,2491 Education Advisers and Reviewers,NSW,9
491SNR State or Territory Nominated - Regional,2491 Education Advisers and Reviewers,QLD,6
491SNR State or Territory Nominated - Regional,2491 Education Advisers and Reviewers,SA,24
491SNR State or Territory Nominated - Regional,2491 Education Advisers and Reviewers,WA,7
491SNR State or Territory Nominated - Regional,2491 Education Advisers and Reviewers,ACT,17
491SNR State or Territory Nominated - Regional,2491 Education Advisers and Reviewers,TAS,10
491SNR State or Territory Nominated - Regional,2491 Education Advisers and Reviewers,NT,7
491SNR State or Territory Nominated - Regional,2511 Dietitians,VIC,126
491SNR State or Territory Nominated - Regional,2511 Dietitians,ANY,57
491SNR State or Territory Nominated - Regional,2511 Dietitians,NSW,94
491SNR State or Territory Nominated - Regional,2511 Dietitians,QLD,54
491SNR State or Territory Nominated - Regional,2511 Dietitians,SA,87
491SNR State or Territory Nominated - Regional,2511 Dietitians,WA,115
491SNR State or Territory Nominated - Regional,2511 Dietitians,ACT,92
491SNR State or Territory Nominated - Regional,2511 Dietitians,TAS,61
491SNR State or Territory Nominated - Regional,2511 Dietitians,NT,56
491SNR State or Territory Nominated - Regional,3932 Clothing Trades Workers,VIC,1
491SNR State or Territory Nominated - Regional,3932 Clothing Trades Workers,ANY,3
491SNR State or Territory Nominated - Regional,3932 Clothing Trades Workers,NSW,1
491SNR State or Territory Nominated - Regional,3932 Clothing Trades Workers,QLD,1
491SNR State or Territory Nominated - Regional,3932 Clothing Trades Workers,SA,2
491SNR State or Territory Nominated - Regional,3932 Clothing Trades Workers,WA,3
491SNR State or Territory Nominated - Regional,3932 Clothing Trades Workers,ACT,1
491SNR State or Territory Nominated - Regional,3932 Clothing Trades Workers,TAS,1
491SNR State or Territory Nominated - Regional,3932 Clothing Trades Workers,NT,1
491SNR State or Territory Nominated - Regional,2244 Intelligence and Policy Analysts,VIC,37
491SNR State or Territory Nominated - Regional,2244 Intelligence and Policy Analysts,ANY,7
491SNR State or Territory Nominated - Regional,2244 Intelligence and Policy Analysts,NSW,23
491SNR State or Territory Nominated - Regional,2244 Intelligence and Policy Analysts,QLD,14
491SNR State or Territory Nominated - Regional,2244 Intelligence and Policy Analysts,SA,33
491SNR State or Territory Nominated - Regional,2244 Intelligence and Policy Analysts,WA,19
491SNR State or Territory Nominated - Regional,2244 Intelligence and Policy Analysts,ACT,27
491SNR State or Territory Nominated - Regional,2244 Intelligence and Policy Analysts,TAS,15
491SNR State or Territory Nominated - Regional,2244 Intelligence and Policy Analysts,NT,25
491SNR State or Territory Nominated - Regional,"3992 Chemical, Gas, Petroleum and Power Generation Plant Operators",VIC,17
491SNR State or Territory Nominated - Regional,"3992 Chemical, Gas, Petroleum and Power Generation Plant Operators",ANY,4
491SNR State or Territory Nominated - Regional,"3992 Chemical, Gas, Petroleum and Power Generation Plant Operators",NSW,18
491SNR State or Territory Nominated - Regional,"3992 Chemical, Gas, Petroleum and Power Generation Plant Operators",QLD,15
491SNR State or Territory Nominated - Regional,"3992 Chemical, Gas, Petroleum and Power Generation Plant Operators",SA,13
491SNR State or Territory Nominated - Regional,"3992 Chemical, Gas, Petroleum and Power Generation Plant Operators",WA,17
491SNR State or Territory Nominated - Regional,"3992 Chemical, Gas, Petroleum and Power Generation Plant Operators",ACT,11
491SNR State or Territory Nominated - Regional,"3992 Chemical, Gas, Petroleum and Power Generation Plant Operators",TAS,10
491SNR State or Territory Nominated - Regional,"3992 Chemical, Gas, Petroleum and Power Generation Plant Operators",NT,11
491SNR State or Territory Nominated - Regional,1421 Retail Managers,VIC,3
491SNR State or Territory Nominated - Regional,1421 Retail Managers,ANY,2
491SNR State or Territory Nominated - Regional,1421 Retail Managers,NSW,2
491SNR State or Territory Nominated - Regional,2232 ICT Trainers,VIC,25
491SNR State or Territory Nominated - Regional,2232 ICT Trainers,ANY,13
491SNR State or Territory Nominated - Regional,2232 ICT Trainers,NSW,42
491SNR State or Territory Nominated - Regional,2232 ICT Trainers,QLD,12
491SNR State or Territory Nominated - Regional,2232 ICT Trainers,SA,23
491SNR State or Territory Nominated - Regional,2232 ICT Trainers,WA,37
491SNR State or Territory Nominated - Regional,2232 ICT Trainers,ACT,26
491SNR State or Territory Nominated - Regional,2232 ICT Trainers,TAS,15
491SNR State or Territory Nominated - Regional,2232 ICT Trainers,NT,8
491SNR State or Territory Nominated - Regional,3241 Panelbeaters,VIC,2
491SNR State or Territory Nominated - Regional,3241 Panelbeaters,ANY,4
491SNR State or Territory Nominated - Regional,3241 Panelbeaters,NSW,4
491SNR State or Territory Nominated - Regional,3241 Panelbeaters,QLD,3
491SNR State or Territory Nominated - Regional,3241 Panelbeaters,SA,1
491SNR State or Territory Nominated - Regional,3241 Panelbeaters,WA,9
491SNR State or Territory Nominated - Regional,3241 Panelbeaters,ACT,1
491SNR State or Territory Nominated - Regional,2311 Air Transport Professionals,VIC,9
491SNR State or Territory Nominated - Regional,2311 Air Transport Professionals,ANY,3
491SNR State or Territory Nominated - Regional,2311 Air Transport Professionals,NSW,4
491SNR State or Territory Nominated - Regional,2311 Air Transport Professionals,QLD,3
491SNR State or Territory Nominated - Regional,2311 Air Transport Professionals,SA,7
491SNR State or Territory Nominated - Regional,2311 Air Transport Professionals,WA,11
491SNR State or Territory Nominated - Regional,2311 Air Transport Professionals,ACT,2
491SNR State or Territory Nominated - Regional,2311 Air Transport Professionals,TAS,2
491SNR State or Territory Nominated - Regional,2311 Air Transport Professionals,NT,4
491SNR State or Territory Nominated - Regional,1214 Mixed Crop and Livestock Farmers,VIC,5
491SNR State or Territory Nominated - Regional,1214 Mixed Crop and Livestock Farmers,ANY,1
491SNR State or Territory Nominated - Regional,1214 Mixed Crop and Livestock Farmers,NSW,5
491SNR State or Territory Nominated - Regional,1214 Mixed Crop and Livestock Farmers,QLD,2
491SNR State or Territory Nominated - Regional,1214 Mixed Crop and Livestock Farmers,SA,4
491SNR State or Territory Nominated - Regional,1214 Mixed Crop and Livestock Farmers,WA,11
491SNR State or Territory Nominated - Regional,1214 Mixed Crop and Livestock Farmers,ACT,2
491SNR State or Territory Nominated - Regional,1214 Mixed Crop and Livestock Farmers,TAS,2
491SNR State or Territory Nominated - Regional,1214 Mixed Crop and Livestock Farmers,NT,2
491SNR State or Territory Nominated - Regional,2246 Librarians,VIC,28
491SNR State or Territory Nominated - Regional,2246 Librarians,ANY,8
491SNR State or Territory Nominated - Regional,2246 Librarians,NSW,18
491SNR State or Territory Nominated - Regional,2246 Librarians,QLD,11
491SNR State or Territory Nominated - Regional,2246 Librarians,SA,27
491SNR State or Territory Nominated - Regional,2246 Librarians,WA,14
491SNR State or Territory Nominated - Regional,2246 Librarians,ACT,20
491SNR State or Territory Nominated - Regional,2246 Librarians,TAS,10
491SNR State or Territory Nominated - Regional,2246 Librarians,NT,18
491SNR State or Territory Nominated - Regional,3243 Vehicle Painters,VIC,5
491SNR State or Territory Nominated - Regional,3243 Vehicle Painters,NSW,3
491SNR State or Territory Nominated - Regional,3243 Vehicle Painters,QLD,3
491SNR State or Territory Nominated - Regional,3243 Vehicle Painters,SA,4
491SNR State or Territory Nominated - Regional,3243 Vehicle Painters,WA,7
491SNR State or Territory Nominated - Regional,3243 Vehicle Painters,ACT,1
491SNR State or Territory Nominated - Regional,3243 Vehicle Painters,TAS,3
491SNR State or Territory Nominated - Regional,3243 Vehicle Painters,NT,2
491SNR State or Territory Nominated - Regional,3424 Telecommunications Trades Workers,VIC,24
491SNR State or Territory Nominated - Regional,3424 Telecommunications Trades Workers,ANY,8
491SNR State or Territory Nominated - Regional,3424 Telecommunications Trades Workers,NSW,27
491SNR State or Territory Nominated - Regional,3424 Telecommunications Trades Workers,QLD,21
491SNR State or Territory Nominated - Regional,3424 Telecommunications Trades Workers,SA,29
491SNR State or Territory Nominated - Regional,3424 Telecommunications Trades Workers,WA,31
491SNR State or Territory Nominated - Regional,3424 Telecommunications Trades Workers,ACT,15
491SNR State or Territory Nominated - Regional,3424 Telecommunications Trades Workers,TAS,13
491SNR State or Territory Nominated - Regional,3424 Telecommunications Trades Workers,NT,14
491SNR State or Territory Nominated - Regional,2721 Counsellors,VIC,98
491SNR State or Territory Nominated - Regional,2721 Counsellors,ANY,35
491SNR State or Territory Nominated - Regional,2721 Counsellors,NSW,55
491SNR State or Territory Nominated - Regional,2721 Counsellors,QLD,44
491SNR State or Territory Nominated - Regional,2721 Counsellors,SA,73
491SNR State or Territory Nominated - Regional,2721 Counsellors,WA,122
491SNR State or Territory Nominated - Regional,2721 Counsellors,ACT,53
491SNR State or Territory Nominated - Regional,2721 Counsellors,TAS,29
491SNR State or Territory Nominated - Regional,2721 Counsellors,NT,33
491SNR State or Territory Nominated - Regional,"1491 Amusement, Fitness and Sports Centre Managers",VIC,21
491SNR State or Territory Nominated - Regional,"1491 Amusement, Fitness and Sports Centre Managers",ANY,1
491SNR State or Territory Nominated - Regional,"1491 Amusement, Fitness and Sports Centre Managers",NSW,10
491SNR State or Territory Nominated - Regional,"1491 Amusement, Fitness and Sports Centre Managers",QLD,5
491SNR State or Territory Nominated - Regional,"1491 Amusement, Fitness and Sports Centre Managers",SA,17
491SNR State or Territory Nominated - Regional,"1491 Amusement, Fitness and Sports Centre Managers",WA,8
491SNR State or Territory Nominated - Regional,"1491 Amusement, Fitness and Sports Centre Managers",ACT,5
491SNR State or Territory Nominated - Regional,"1491 Amusement, Fitness and Sports Centre Managers",TAS,11
491SNR State or Territory Nominated - Regional,"1491 Amusement, Fitness and Sports Centre Managers",NT,10
491SNR State or Territory Nominated - Regional,3991 Boat Builders and Shipwrights,ANY,1
491SNR State or Territory Nominated - Regional,3991 Boat Builders and Shipwrights,QLD,20
491SNR State or Territory Nominated - Regional,3991 Boat Builders and Shipwrights,WA,1
491SNR State or Territory Nominated - Regional,4113 Diversional Therapists,VIC,32
491SNR State or Territory Nominated - Regional,4113 Diversional Therapists,ANY,9
491SNR State or Territory Nominated - Regional,4113 Diversional Therapists,NSW,47
491SNR State or Territory Nominated - Regional,4113 Diversional Therapists,QLD,17
491SNR State or Territory Nominated - Regional,4113 Diversional Therapists,SA,39
491SNR State or Territory Nominated - Regional,4113 Diversional Therapists,WA,30
491SNR State or Territory Nominated - Regional,4113 Diversional Therapists,ACT,30
491SNR State or Territory Nominated - Regional,4113 Diversional Therapists,TAS,24
491SNR State or Territory Nominated - Regional,4113 Diversional Therapists,NT,12
491SNR State or Territory Nominated - Regional,2533 Internal Medicine Specialists,VIC,9
491SNR State or Territory Nominated - Regional,2533 Internal Medicine Specialists,ANY,6
491SNR State or Territory Nominated - Regional,2533 Internal Medicine Specialists,NSW,9
491SNR State or Territory Nominated - Regional,2533 Internal Medicine Specialists,QLD,7
491SNR State or Territory Nominated - Regional,2533 Internal Medicine Specialists,SA,5
491SNR State or Territory Nominated - Regional,2533 Internal Medicine Specialists,WA,8
491SNR State or Territory Nominated - Regional,2533 Internal Medicine Specialists,ACT,5
491SNR State or Territory Nominated - Regional,2533 Internal Medicine Specialists,TAS,5
491SNR State or Territory Nominated - Regional,2533 Internal Medicine Specialists,NT,3
491SNR State or Territory Nominated - Regional,3332 Plasterers,VIC,15
491SNR State or Territory Nominated - Regional,3332 Plasterers,ANY,8
491SNR State or Territory Nominated - Regional,3332 Plasterers,NSW,5
491SNR State or Territory Nominated - Regional,3332 Plasterers,QLD,6
491SNR State or Territory Nominated - Regional,3332 Plasterers,SA,4
491SNR State or Territory Nominated - Regional,3332 Plasterers,WA,42
491SNR State or Territory Nominated - Regional,3332 Plasterers,TAS,2
491SNR State or Territory Nominated - Regional,3332 Plasterers,NT,1
491SNR State or Territory Nominated - Regional,3611 Animal Attendants and Trainers,VIC,8
491SNR State or Territory Nominated - Regional,3611 Animal Attendants and Trainers,ANY,3
491SNR State or Territory Nominated - Regional,3611 Animal Attendants and Trainers,NSW,4
491SNR State or Territory Nominated - Regional,3611 Animal Attendants and Trainers,QLD,3
491SNR State or Territory Nominated - Regional,3611 Animal Attendants and Trainers,SA,2
491SNR State or Territory Nominated - Regional,3611 Animal Attendants and Trainers,WA,4
491SNR State or Territory Nominated - Regional,3611 Animal Attendants and Trainers,ACT,3
491SNR State or Territory Nominated - Regional,3611 Animal Attendants and Trainers,NT,2
491SNR State or Territory Nominated - Regional,3334 Wall and Floor Tilers,VIC,69
491SNR State or Territory Nominated - Regional,3334 Wall and Floor Tilers,ANY,13
491SNR State or Territory Nominated - Regional,3334 Wall and Floor Tilers,NSW,24
491SNR State or Territory Nominated - Regional,3334 Wall and Floor Tilers,QLD,25
491SNR State or Territory Nominated - Regional,3334 Wall and Floor Tilers,SA,21
491SNR State or Territory Nominated - Regional,3334 Wall and Floor Tilers,WA,148
491SNR State or Territory Nominated - Regional,3334 Wall and Floor Tilers,ACT,5
491SNR State or Territory Nominated - Regional,3334 Wall and Floor Tilers,TAS,3
491SNR State or Territory Nominated - Regional,3334 Wall and Floor Tilers,NT,4
491SNR State or Territory Nominated - Regional,2413 Middle School Teachers (Aus) / Intermediate School Teachers (NZ),VIC,27
491SNR State or Territory Nominated - Regional,2413 Middle School Teachers (Aus) / Intermediate School Teachers (NZ),ANY,23
491SNR State or Territory Nominated - Regional,2413 Middle School Teachers (Aus) / Intermediate School Teachers (NZ),NSW,25
491SNR State or Territory Nominated - Regional,2413 Middle School Teachers (Aus) / Intermediate School Teachers (NZ),QLD,26
491SNR State or Territory Nominated - Regional,2413 Middle School Teachers (Aus) / Intermediate School Teachers (NZ),SA,25
491SNR State or Territory Nominated - Regional,2413 Middle School Teachers (Aus) / Intermediate School Teachers (NZ),WA,14
491SNR State or Territory Nominated - Regional,2413 Middle School Teachers (Aus) / Intermediate School Teachers (NZ),ACT,6
491SNR State or Territory Nominated - Regional,2413 Middle School Teachers (Aus) / Intermediate School Teachers (NZ),TAS,1
491SNR State or Territory Nominated - Regional,2413 Middle School Teachers (Aus) / Intermediate School Teachers (NZ),NT,4
491SNR State or Territory Nominated - Regional,2522 Complementary Health Therapists,VIC,47
491SNR State or Territory Nominated - Regional,2522 Complementary Health Therapists,ANY,10
491SNR State or Territory Nominated - Regional,2522 Complementary Health Therapists,NSW,24
491SNR State or Territory Nominated - Regional,2522 Complementary Health Therapists,QLD,14
491SNR State or Territory Nominated - Regional,2522 Complementary Health Therapists,SA,27
491SNR State or Territory Nominated - Regional,2522 Complementary Health Therapists,WA,29
491SNR State or Territory Nominated - Regional,2522 Complementary Health Therapists,ACT,42
491SNR State or Territory Nominated - Regional,2522 Complementary Health Therapists,TAS,10
491SNR State or Territory Nominated - Regional,2522 Complementary Health Therapists,NT,11
491SNR State or Territory Nominated - Regional,5999 Other Miscellaneous Clerical and Administrative Workers,VIC,52
491SNR State or Territory Nominated - Regional,5999 Other Miscellaneous Clerical and Administrative Workers,ANY,9
491SNR State or Territory Nominated - Regional,5999 Other Miscellaneous Clerical and Administrative Workers,NSW,42
491SNR State or Territory Nominated - Regional,5999 Other Miscellaneous Clerical and Administrative Workers,QLD,14
491SNR State or Territory Nominated - Regional,5999 Other Miscellaneous Clerical and Administrative Workers,SA,30
491SNR State or Territory Nominated - Regional,5999 Other Miscellaneous Clerical and Administrative Workers,WA,63
491SNR State or Territory Nominated - Regional,5999 Other Miscellaneous Clerical and Administrative Workers,ACT,32
491SNR State or Territory Nominated - Regional,5999 Other Miscellaneous Clerical and Administrative Workers,TAS,20
491SNR State or Territory Nominated - Regional,5999 Other Miscellaneous Clerical and Administrative Workers,NT,17
491SNR State or Territory Nominated - Regional,2543 Nurse Managers,VIC,3
491SNR State or Territory Nominated - Regional,2543 Nurse Managers,ANY,1
491SNR State or Territory Nominated - Regional,2543 Nurse Managers,NSW,2
491SNR State or Territory Nominated - Regional,2543 Nurse Managers,QLD,3
491SNR State or Territory Nominated - Regional,2543 Nurse Managers,SA,1
491SNR State or Territory Nominated - Regional,2543 Nurse Managers,WA,3
491SNR State or Territory Nominated - Regional,2543 Nurse Managers,ACT,2
491SNR State or Territory Nominated - Regional,2543 Nurse Managers,TAS,1
491SNR State or Territory Nominated - Regional,2543 Nurse Managers,NT,1
491SNR State or Territory Nominated - Regional,2523 Dental Practitioners,VIC,53
491SNR State or Territory Nominated - Regional,2523 Dental Practitioners,ANY,23
491SNR State or Territory Nominated - Regional,2523 Dental Practitioners,NSW,46
491SNR State or Territory Nominated - Regional,2523 Dental Practitioners,QLD,36
491SNR State or Territory Nominated - Regional,2523 Dental Practitioners,SA,33
491SNR State or Territory Nominated - Regional,2523 Dental Practitioners,WA,57
491SNR State or Territory Nominated - Regional,2523 Dental Practitioners,ACT,18
491SNR State or Territory Nominated - Regional,2523 Dental Practitioners,TAS,22
491SNR State or Territory Nominated - Regional,2523 Dental Practitioners,NT,10
491SNR State or Territory Nominated - Regional,1343 School Principals,VIC,32
491SNR State or Territory Nominated - Regional,1343 School Principals,ANY,13
491SNR State or Territory Nominated - Regional,1343 School Principals,NSW,33
491SNR State or Territory Nominated - Regional,1343 School Principals,QLD,8
491SNR State or Territory Nominated - Regional,1343 School Principals,SA,33
491SNR State or Territory Nominated - Regional,1343 School Principals,WA,24
491SNR State or Territory Nominated - Regional,1343 School Principals,ACT,17
491SNR State or Territory Nominated - Regional,1343 School Principals,TAS,8
491SNR State or Territory Nominated - Regional,1343 School Principals,NT,21
491SNR State or Territory Nominated - Regional,2112 Music Professionals,VIC,4
491SNR State or Territory Nominated - Regional,2112 Music Professionals,ANY,4
491SNR State or Territory Nominated - Regional,2112 Music Professionals,NSW,2
491SNR State or Territory Nominated - Regional,2112 Music Professionals,QLD,1
491SNR State or Territory Nominated - Regional,2112 Music Professionals,SA,4
491SNR State or Territory Nominated - Regional,2112 Music Professionals,WA,1
491SNR State or Territory Nominated - Regional,2112 Music Professionals,ACT,1
491SNR State or Territory Nominated - Regional,3211 Automotive Electricians,VIC,17
491SNR State or Territory Nominated - Regional,3211 Automotive Electricians,ANY,20
491SNR State or Territory Nominated - Regional,3211 Automotive Electricians,NSW,39
491SNR State or Territory Nominated - Regional,3211 Automotive Electricians,QLD,19
491SNR State or Territory Nominated - Regional,3211 Automotive Electricians,SA,22
491SNR State or Territory Nominated - Regional,3211 Automotive Electricians,WA,58
491SNR State or Territory Nominated - Regional,3211 Automotive Electricians,ACT,6
491SNR State or Territory Nominated - Regional,3211 Automotive Electricians,TAS,10
491SNR State or Territory Nominated - Regional,3211 Automotive Electricians,NT,14
491SNR State or Territory Nominated - Regional,1211 Aquaculture Farmers,VIC,5
491SNR State or Territory Nominated - Regional,1211 Aquaculture Farmers,ANY,3
491SNR State or Territory Nominated - Regional,1211 Aquaculture Farmers,NSW,6
491SNR State or Territory Nominated - Regional,1211 Aquaculture Farmers,QLD,3
491SNR State or Territory Nominated - Regional,1211 Aquaculture Farmers,SA,4
491SNR State or Territory Nominated - Regional,1211 Aquaculture Farmers,WA,2
491SNR State or Territory Nominated - Regional,1211 Aquaculture Farmers,ACT,2
491SNR State or Territory Nominated - Regional,1211 Aquaculture Farmers,TAS,1
491SNR State or Territory Nominated - Regional,1211 Aquaculture Farmers,NT,2
491SNR State or Territory Nominated - Regional,3995 Performing Arts Technicians,VIC,11
491SNR State or Territory Nominated - Regional,3995 Performing Arts Technicians,ANY,5
491SNR State or Territory Nominated - Regional,3995 Performing Arts Technicians,NSW,5
491SNR State or Territory Nominated - Regional,3995 Performing Arts Technicians,QLD,1
491SNR State or Territory Nominated - Regional,3995 Performing Arts Technicians,SA,5
491SNR State or Territory Nominated - Regional,3995 Performing Arts Technicians,WA,4
491SNR State or Territory Nominated - Regional,3995 Performing Arts Technicians,ACT,2
491SNR State or Territory Nominated - Regional,3995 Performing Arts Technicians,TAS,3
491SNR State or Territory Nominated - Regional,3995 Performing Arts Technicians,NT,3
491SNR State or Territory Nominated - Regional,1344 Other Education Managers,VIC,20
491SNR State or Territory Nominated - Regional,1344 Other Education Managers,ANY,9
491SNR State or Territory Nominated - Regional,1344 Other Education Managers,NSW,15
491SNR State or Territory Nominated - Regional,1344 Other Education Managers,QLD,10
491SNR State or Territory Nominated - Regional,1344 Other Education Managers,SA,19
491SNR State or Territory Nominated - Regional,1344 Other Education Managers,WA,11
491SNR State or Territory Nominated - Regional,1344 Other Education Managers,ACT,14
491SNR State or Territory Nominated - Regional,1344 Other Education Managers,TAS,11
491SNR State or Territory Nominated - Regional,1344 Other Education Managers,NT,17
491SNR State or Territory Nominated - Regional,3234 Toolmakers and Engineering Patternmakers,VIC,24
491SNR State or Territory Nominated - Regional,3234 Toolmakers and Engineering Patternmakers,ANY,4
491SNR State or Territory Nominated - Regional,3234 Toolmakers and Engineering Patternmakers,NSW,28
491SNR State or Territory Nominated - Regional,3234 Toolmakers and Engineering Patternmakers,QLD,15
491SNR State or Territory Nominated - Regional,3234 Toolmakers and Engineering Patternmakers,SA,25
491SNR State or Territory Nominated - Regional,3234 Toolmakers and Engineering Patternmakers,WA,20
491SNR State or Territory Nominated - Regional,3234 Toolmakers and Engineering Patternmakers,ACT,17
491SNR State or Territory Nominated - Regional,3234 Toolmakers and Engineering Patternmakers,TAS,14
491SNR State or Territory Nominated - Regional,3234 Toolmakers and Engineering Patternmakers,NT,12
491SNR State or Territory Nominated - Regional,2534 Psychiatrists,VIC,2
491SNR State or Territory Nominated - Regional,2534 Psychiatrists,ANY,3
491SNR State or Territory Nominated - Regional,2534 Psychiatrists,NSW,1
491SNR State or Territory Nominated - Regional,2534 Psychiatrists,QLD,1
491SNR State or Territory Nominated - Regional,2534 Psychiatrists,SA,1
491SNR State or Territory Nominated - Regional,2534 Psychiatrists,WA,1
491SNR State or Territory Nominated - Regional,2534 Psychiatrists,TAS,1
491SNR State or Territory Nominated - Regional,2532 Anaesthetists,VIC,3
491SNR State or Territory Nominated - Regional,2532 Anaesthetists,ANY,1
491SNR State or Territory Nominated - Regional,2532 Anaesthetists,NSW,2
491SNR State or Territory Nominated - Regional,2532 Anaesthetists,QLD,2
491SNR State or Territory Nominated - Regional,2532 Anaesthetists,SA,2
491SNR State or Territory Nominated - Regional,2532 Anaesthetists,WA,3
491SNR State or Territory Nominated - Regional,2532 Anaesthetists,ACT,1
491SNR State or Territory Nominated - Regional,2532 Anaesthetists,TAS,3
491SNR State or Territory Nominated - Regional,2532 Anaesthetists,NT,2
491SNR State or Territory Nominated - Regional,"5996 Insurance Investigators, Loss Adjusters and Risk Surveyors",VIC,17
491SNR State or Territory Nominated - Regional,"5996 Insurance Investigators, Loss Adjusters and Risk Surveyors",ANY,7
491SNR State or Territory Nominated - Regional,"5996 Insurance Investigators, Loss Adjusters and Risk Surveyors",NSW,16
491SNR State or Territory Nominated - Regional,"5996 Insurance Investigators, Loss Adjusters and Risk Surveyors",QLD,10
491SNR State or Territory Nominated - Regional,"5996 Insurance Investigators, Loss Adjusters and Risk Surveyors",SA,11
491SNR State or Territory Nominated - Regional,"5996 Insurance Investigators, Loss Adjusters and Risk Surveyors",WA,10
491SNR State or Territory Nominated - Regional,"5996 Insurance Investigators, Loss Adjusters and Risk Surveyors",ACT,9
491SNR State or Territory Nominated - Regional,"5996 Insurance Investigators, Loss Adjusters and Risk Surveyors",TAS,5
491SNR State or Territory Nominated - Regional,"5996 Insurance Investigators, Loss Adjusters and Risk Surveyors",NT,7
491SNR State or Territory Nominated - Regional,2514 Optometrists and Orthoptists,VIC,3
491SNR State or Territory Nominated - Regional,2514 Optometrists and Orthoptists,ANY,2
491SNR State or Territory Nominated - Regional,2514 Optometrists and Orthoptists,NSW,3
491SNR State or Territory Nominated - Regional,2514 Optometrists and Orthoptists,QLD,5
491SNR State or Territory Nominated - Regional,2514 Optometrists and Orthoptists,SA,1
491SNR State or Territory Nominated - Regional,2514 Optometrists and Orthoptists,WA,2
491SNR State or Territory Nominated - Regional,2514 Optometrists and Orthoptists,TAS,1
491SNR State or Territory Nominated - Regional,2535 Surgeons,VIC,2
491SNR State or Territory Nominated - Regional,2535 Surgeons,ANY,1
491SNR State or Territory Nominated - Regional,2535 Surgeons,SA,1
491SNR State or Territory Nominated - Regional,2535 Surgeons,NT,1
491SNR State or Territory Nominated - Regional,3422 Electrical Distribution Trades Workers,ANY,1
491SNR State or Territory Nominated - Regional,3422 Electrical Distribution Trades Workers,NSW,1
491SNR State or Territory Nominated - Regional,3422 Electrical Distribution Trades Workers,SA,2
491SNR State or Territory Nominated - Regional,3422 Electrical Distribution Trades Workers,WA,3
491SNR State or Territory Nominated - Regional,3942 Wood Machinists and Other Wood Trades Workers,VIC,1
491SNR State or Territory Nominated - Regional,3942 Wood Machinists and Other Wood Trades Workers,ANY,1
491SNR State or Territory Nominated - Regional,3942 Wood Machinists and Other Wood Trades Workers,QLD,1
491SNR State or Territory Nominated - Regional,3942 Wood Machinists and Other Wood Trades Workers,SA,1
491SNR State or Territory Nominated - Regional,3942 Wood Machinists and Other Wood Trades Workers,WA,1
491SNR State or Territory Nominated - Regional,3512 Butchers and Smallgoods Makers,VIC,1
491SNR State or Territory Nominated - Regional,3512 Butchers and Smallgoods Makers,ANY,4
491SNR State or Territory Nominated - Regional,3512 Butchers and Smallgoods Makers,NSW,2
491SNR State or Territory Nominated - Regional,3512 Butchers and Smallgoods Makers,SA,2
491SNR State or Territory Nominated - Regional,3512 Butchers and Smallgoods Makers,WA,3
491SNR State or Territory Nominated - Regional,3512 Butchers and Smallgoods Makers,ACT,1
491SNR State or Territory Nominated - Regional,3512 Butchers and Smallgoods Makers,NT,1
491SNR State or Territory Nominated - Regional,2526 Podiatrists,VIC,2
491SNR State or Territory Nominated - Regional,2526 Podiatrists,ANY,3
491SNR State or Territory Nominated - Regional,2526 Podiatrists,NSW,2
491SNR State or Territory Nominated - Regional,2526 Podiatrists,QLD,2
491SNR State or Territory Nominated - Regional,2526 Podiatrists,SA,2
491SNR State or Territory Nominated - Regional,2526 Podiatrists,WA,4
491SNR State or Territory Nominated - Regional,2526 Podiatrists,ACT,1
491SNR State or Territory Nominated - Regional,2526 Podiatrists,TAS,1
491SNR State or Territory Nominated - Regional,2526 Podiatrists,NT,2
491SNR State or Territory Nominated - Regional,"2122 Authors, and Book and Script Editors",VIC,6
491SNR State or Territory Nominated - Regional,"2122 Authors, and Book and Script Editors",ANY,1
491SNR State or Territory Nominated - Regional,"2122 Authors, and Book and Script Editors",NSW,3
491SNR State or Territory Nominated - Regional,"2122 Authors, and Book and Script Editors",QLD,2
491SNR State or Territory Nominated - Regional,"2122 Authors, and Book and Script Editors",SA,4
491SNR State or Territory Nominated - Regional,"2122 Authors, and Book and Script Editors",WA,3
491SNR State or Territory Nominated - Regional,"2122 Authors, and Book and Script Editors",ACT,2
491SNR State or Territory Nominated - Regional,"2122 Authors, and Book and Script Editors",TAS,2
491SNR State or Territory Nominated - Regional,"2122 Authors, and Book and Script Editors",NT,2
491SNR State or Territory Nominated - Regional,"2111 Actors, Dancers and Other Entertainers",VIC,4
491SNR State or Territory Nominated - Regional,"2111 Actors, Dancers and Other Entertainers",ANY,3
491SNR State or Territory Nominated - Regional,"2111 Actors, Dancers and Other Entertainers",NSW,3
491SNR State or Territory Nominated - Regional,"2111 Actors, Dancers and Other Entertainers",QLD,3
491SNR State or Territory Nominated - Regional,"2111 Actors, Dancers and Other Entertainers",SA,3
491SNR State or Territory Nominated - Regional,"2111 Actors, Dancers and Other Entertainers",WA,6
491SNR State or Territory Nominated - Regional,"2111 Actors, Dancers and Other Entertainers",ACT,3
491SNR State or Territory Nominated - Regional,"2111 Actors, Dancers and Other Entertainers",TAS,3
491SNR State or Territory Nominated - Regional,"2111 Actors, Dancers and Other Entertainers",NT,4
491SNR State or Territory Nominated - Regional,4524 Sportspersons,VIC,2
491SNR State or Territory Nominated - Regional,4524 Sportspersons,ANY,1
491SNR State or Territory Nominated - Regional,4524 Sportspersons,NSW,1
491SNR State or Territory Nominated - Regional,4524 Sportspersons,QLD,1
491SNR State or Territory Nominated - Regional,4524 Sportspersons,SA,2
491SNR State or Territory Nominated - Regional,4524 Sportspersons,WA,1
491SNR State or Territory Nominated - Regional,4524 Sportspersons,ACT,1
491SNR State or Territory Nominated - Regional,4412 Fire and Emergency Workers,VIC,6
491SNR State or Territory Nominated - Regional,4412 Fire and Emergency Workers,ANY,1
491SNR State or Territory Nominated - Regional,4412 Fire and Emergency Workers,NSW,6
491SNR State or Territory Nominated - Regional,4412 Fire and Emergency Workers,QLD,2
491SNR State or Territory Nominated - Regional,4412 Fire and Emergency Workers,SA,7
491SNR State or Territory Nominated - Regional,4412 Fire and Emergency Workers,WA,11
491SNR State or Territory Nominated - Regional,4412 Fire and Emergency Workers,ACT,7
491SNR State or Territory Nominated - Regional,4412 Fire and Emergency Workers,TAS,3
491SNR State or Territory Nominated - Regional,4412 Fire and Emergency Workers,NT,3
491SNR State or Territory Nominated - Regional,3333 Roof Tilers,VIC,3
491SNR State or Territory Nominated - Regional,3333 Roof Tilers,ANY,1
491SNR State or Territory Nominated - Regional,3333 Roof Tilers,NSW,4
491SNR State or Territory Nominated - Regional,3333 Roof Tilers,QLD,2
491SNR State or Territory Nominated - Regional,3333 Roof Tilers,SA,2
491SNR State or Territory Nominated - Regional,3333 Roof Tilers,WA,3
491SNR State or Territory Nominated - Regional,3333 Roof Tilers,NT,1
491SNR State or Territory Nominated - Regional,3621 Florists,NSW,1
491SNR State or Territory Nominated - Regional,3624 Nurserypersons,VIC,2
491SNR State or Territory Nominated - Regional,3624 Nurserypersons,ANY,1
491SNR State or Territory Nominated - Regional,3624 Nurserypersons,NSW,2
491SNR State or Territory Nominated - Regional,3624 Nurserypersons,QLD,2
491SNR State or Territory Nominated - Regional,3624 Nurserypersons,SA,2
491SNR State or Territory Nominated - Regional,3624 Nurserypersons,WA,2
491SNR State or Territory Nominated - Regional,3624 Nurserypersons,ACT,1
491SNR State or Territory Nominated - Regional,3624 Nurserypersons,TAS,1
491SNR State or Territory Nominated - Regional,3624 Nurserypersons,NT,1
491SNR State or Territory Nominated - Regional,3321 Floor Finishers,VIC,3
491SNR State or Territory Nominated - Regional,3321 Floor Finishers,ANY,5
491SNR State or Territory Nominated - Regional,3321 Floor Finishers,NSW,3
491SNR State or Territory Nominated - Regional,3321 Floor Finishers,QLD,4
491SNR State or Territory Nominated - Regional,3321 Floor Finishers,SA,3
491SNR State or Territory Nominated - Regional,3321 Floor Finishers,WA,7
491SNR State or Territory Nominated - Regional,3321 Floor Finishers,ACT,3
491SNR State or Territory Nominated - Regional,3321 Floor Finishers,TAS,3
491SNR State or Territory Nominated - Regional,3321 Floor Finishers,NT,3
491SNR State or Territory Nominated - Regional,4512 Driving Instructors,ANY,4
491SNR State or Territory Nominated - Regional,4512 Driving Instructors,QLD,1
491SNR State or Territory Nominated - Regional,4512 Driving Instructors,WA,4
491SNR State or Territory Nominated - Regional,"3221 Metal Casting, Forging and Finishing Trades Workers",VIC,1
491SNR State or Territory Nominated - Regional,"3221 Metal Casting, Forging and Finishing Trades Workers",NSW,1
491SNR State or Territory Nominated - Regional,"3221 Metal Casting, Forging and Finishing Trades Workers",QLD,1
491SNR State or Territory Nominated - Regional,"3221 Metal Casting, Forging and Finishing Trades Workers",SA,1
491SNR State or Territory Nominated - Regional,"3221 Metal Casting, Forging and Finishing Trades Workers",WA,1
491SNR State or Territory Nominated - Regional,"3221 Metal Casting, Forging and Finishing Trades Workers",ACT,1
491SNR State or Territory Nominated - Regional,"3221 Metal Casting, Forging and Finishing Trades Workers",TAS,1
491SNR State or Territory Nominated - Regional,"3221 Metal Casting, Forging and Finishing Trades Workers",NT,1
491SNR State or Territory Nominated - Regional,1412 Caravan Park and Camping Ground Managers,VIC,1
491SNR State or Territory Nominated - Regional,1412 Caravan Park and Camping Ground Managers,NSW,1
491SNR State or Territory Nominated - Regional,1412 Caravan Park and Camping Ground Managers,QLD,1
491SNR State or Territory Nominated - Regional,1412 Caravan Park and Camping Ground Managers,SA,1
491SNR State or Territory Nominated - Regional,1412 Caravan Park and Camping Ground Managers,WA,1
491SNR State or Territory Nominated - Regional,1412 Caravan Park and Camping Ground Managers,ACT,1
491SNR State or Territory Nominated - Regional,1412 Caravan Park and Camping Ground Managers,TAS,1
491SNR State or Territory Nominated - Regional,1412 Caravan Park and Camping Ground Managers,NT,1
491SNR State or Territory Nominated - Regional,4518 Other Personal Service Workers,VIC,2
491SNR State or Territory Nominated - Regional,4518 Other Personal Service Workers,NSW,3
491SNR State or Territory Nominated - Regional,4518 Other Personal Service Workers,QLD,1
491SNR State or Territory Nominated - Regional,4518 Other Personal Service Workers,SA,1
491SNR State or Territory Nominated - Regional,4518 Other Personal Service Workers,WA,1
491SNR State or Territory Nominated - Regional,4518 Other Personal Service Workers,ACT,10
491SNR State or Territory Nominated - Regional,4518 Other Personal Service Workers,TAS,1
491SNR State or Territory Nominated - Regional,4518 Other Personal Service Workers,NT,1
491SNR State or Territory Nominated - Regional,"3921 Binders, Finishers and Screen Printers",VIC,1
491SNR State or Territory Nominated - Regional,"3921 Binders, Finishers and Screen Printers",WA,1
491SNR State or Territory Nominated - Regional,3994 Jewellers,VIC,1
491SNR State or Territory Nominated - Regional,3994 Jewellers,ANY,1
491SNR State or Territory Nominated - Regional,3994 Jewellers,NSW,1
491SNR State or Territory Nominated - Regional,3994 Jewellers,QLD,1
491SNR State or Territory Nominated - Regional,3994 Jewellers,SA,1
491SNR State or Territory Nominated - Regional,3994 Jewellers,WA,1
491SNR State or Territory Nominated - Regional,3994 Jewellers,ACT,1
491SNR State or Territory Nominated - Regional,3933 Upholsterers,VIC,1
491SNR State or Territory Nominated - Regional,3933 Upholsterers,QLD,1
491SNR State or Territory Nominated - Regional,3933 Upholsterers,WA,1
189PTS Points-Tested Stream,2613 Software and Applications Programmers,N/A,25865
189PTS Points-Tested Stream,3212 Motor Mechanics,N/A,3242
189PTS Points-Tested Stream,2332 Civil Engineering Professionals,N/A,11073
189PTS Points-Tested Stream,2411 Early Childhood (Pre-primary School) Teachers,N/A,12628
189PTS Points-Tested Stream,2611 ICT Business and Systems Analysts,N/A,13069
189PTS Points-Tested Stream,2211 Accountants,N/A,11173
189PTS Points-Tested Stream,2344 Geologists Geophysicists and Hydrogeologists,N/A,101
189PTS Points-Tested Stream,"2621 Database and Systems Administrators, and ICT Security Specialists",N/A,3154
189PTS Points-Tested Stream,"2212 Auditors, Company Secretaries and Corporate Treasurers",N/A,4101
189PTS Points-Tested Stream,2345 Life Scientists,N/A,1441
189PTS Points-Tested Stream,"2335 Industrial, Mechanical and Production Engineers",N/A,9076
189PTS Points-Tested Stream,2339 Other Engineering Professionals,N/A,8782
189PTS Points-Tested Stream,2341 Agricultural and Forestry Scientists,N/A,1200
189PTS Points-Tested Stream,2544 Registered Nurses,N/A,14453
189PTS Points-Tested Stream,3513 Chefs,N/A,10982
189PTS Points-Tested Stream,2334 Electronics Engineers,N/A,2781
189PTS Points-Tested Stream,3232 Metal Fitters and Machinists,N/A,390
189PTS Points-Tested Stream,2631 Computer Network Professionals,N/A,3738
189PTS Points-Tested Stream,"2342 Chemists, and Food and Wine Scientists",N/A,1360
189PTS Points-Tested Stream,2713 Solicitors,N/A,680
189PTS Points-Tested Stream,2331 Chemical and Materials Engineers,N/A,1810
189PTS Points-Tested Stream,3123 Electrical Engineering Draftspersons and Technicians,N/A,421
189PTS Points-Tested Stream,2333 Electrical Engineers,N/A,4366
189PTS Points-Tested Stream,2321 Architects and Landscape Architects,N/A,1380
189PTS Points-Tested Stream,2531 General Practitioners and Resident Medical officers,N/A,759
189PTS Points-Tested Stream,2247 Management and Organisation Analysts,N/A,576
189PTS Points-Tested Stream,2347 Veterinarians,N/A,197
189PTS Points-Tested Stream,2414 Secondary School Teachers,N/A,2647
189PTS Points-Tested Stream,1341 Child Care Centre Managers,N/A,45
189PTS Points-Tested Stream,"2241 Actuaries, Mathematicians and Statisticians",N/A,888
189PTS Points-Tested Stream,3331 Glaziers,N/A,17
189PTS Points-Tested Stream,2421 University Lecturers and Tutors,N/A,2458
189PTS Points-Tested Stream,2633 Telecommunications Engineering Professionals,N/A,1477
189PTS Points-Tested Stream,1332 Engineering Managers,N/A,292
189PTS Points-Tested Stream,3122 Civil Engineering Draftspersons and Technicians,N/A,7796
189PTS Points-Tested Stream,1399 Other Specialist Managers,N/A,205
189PTS Points-Tested Stream,2322 Cartographers and Surveyors,N/A,319
189PTS Points-Tested Stream,3233 Precision Metal Trades Workers,N/A,12
189PTS Points-Tested Stream,2245 Land Economists and Valuers,N/A,102
189PTS Points-Tested Stream,2336 Mining Engineers,N/A,769
189PTS Points-Tested Stream,2612 Multimedia Specialists and Web Developers,N/A,497
189PTS Points-Tested Stream,3223 Structural Steel and Welding Trades Workers,N/A,755
189PTS Points-Tested Stream,2349 Other Natural and Physical Science Professionals,N/A,236
189PTS Points-Tested Stream,1331 Construction Managers,N/A,2280
189PTS Points-Tested Stream,2343 Environmental Scientists,N/A,585
189PTS Points-Tested Stream,2711 Barristers,N/A,9
189PTS Points-Tested Stream,3132 Telecommunications Technical Specialists,N/A,826
189PTS Points-Tested Stream,3312 Carpenters and Joiners,N/A,1263
189PTS Points-Tested Stream,2725 Social Workers,N/A,1408
189PTS Points-Tested Stream,3322 Painting Trades Workers,N/A,1348
189PTS Points-Tested Stream,3423 Electronics Trades Workers,N/A,382
189PTS Points-Tested Stream,2521 Chiropractors and Osteopaths,N/A,141
189PTS Points-Tested Stream,3941 Cabinetmakers,N/A,152
189PTS Points-Tested Stream,2243 Economists,N/A,192
189PTS Points-Tested Stream,3311 Bricklayers and Stonemasons,N/A,211
189PTS Points-Tested Stream,1342 Health and Welfare Services Managers,N/A,92
189PTS Points-Tested Stream,2539 Other Medical Practitioners,N/A,656
189PTS Points-Tested Stream,3411 Electricians,N/A,319
189PTS Points-Tested Stream,2525 Physiotherapists,N/A,640
189PTS Points-Tested Stream,2512 Medical Imaging Professionals,N/A,201
189PTS Points-Tested Stream,"4523 Sports Coaches, Instructors and Officials",N/A,18
189PTS Points-Tested Stream,3222 Sheetmetal Trades Workers,N/A,13
189PTS Points-Tested Stream,2527 Speech Professionals and Audiologists,N/A,278
189PTS Points-Tested Stream,2524 Occupational Therapists,N/A,516
189PTS Points-Tested Stream,2519 Other Health Diagnostic and Promotion Professionals,N/A,14
189PTS Points-Tested Stream,3421 Airconditioning and Refrigeration Mechanics,N/A,52
189PTS Points-Tested Stream,2346 Medical Laboratory Scientists,N/A,606
189PTS Points-Tested Stream,2415 Special Education Teachers,N/A,92
189PTS Points-Tested Stream,2723 Psychologists,N/A,207
189PTS Points-Tested Stream,2541 Midwives,N/A,109
189PTS Points-Tested Stream,3341 Plumbers,N/A,91
189PTS Points-Tested Stream,3241 Panelbeaters,N/A,18
189PTS Points-Tested Stream,3991 Boat Builders and Shipwrights,N/A,24
189PTS Points-Tested Stream,2533 Internal Medicine Specialists,N/A,79
189PTS Points-Tested Stream,3332 Plasterers,N/A,68
189PTS Points-Tested Stream,3611 Animal Attendants and Trainers,N/A,3
189PTS Points-Tested Stream,3334 Wall and Floor Tilers,N/A,187
189PTS Points-Tested Stream,2112 Music Professionals,N/A,15
189PTS Points-Tested Stream,3211 Automotive Electricians,N/A,100
189PTS Points-Tested Stream,2534 Psychiatrists,N/A,23
189PTS Points-Tested Stream,2514 Optometrists and Orthoptists,N/A,40
189PTS Points-Tested Stream,2535 Surgeons,N/A,23
189PTS Points-Tested Stream,3422 Electrical Distribution Trades Workers,N/A,2
189PTS Points-Tested Stream,2526 Podiatrists,N/A,40
189PTS Points-Tested Stream,"2111 Actors, Dancers and Other Entertainers",N/A,12
189PTS Points-Tested Stream,4524 Sportspersons,N/A,3
491FSR Family Sponsored - Regional,2613 Software and Applications Programmers,N/A,1196
491FSR Family Sponsored - Regional,3212 Motor Mechanics,N/A,233
491FSR Family Sponsored - Regional,2332 Civil Engineering Professionals,N/A,456
491FSR Family Sponsored - Regional,2411 Early Childhood (Pre-primary School) Teachers,N/A,380
491FSR Family Sponsored - Regional,2611 ICT Business and Systems Analysts,N/A,611
491FSR Family Sponsored - Regional,2211 Accountants,N/A,701
491FSR Family Sponsored - Regional,2344 Geologists Geophysicists and Hydrogeologists,N/A,5
491FSR Family Sponsored - Regional,"2621 Database and Systems Administrators, and ICT Security Specialists",N/A,176
491FSR Family Sponsored - Regional,"2212 Auditors, Company Secretaries and Corporate Treasurers",N/A,201
491FSR Family Sponsored - Regional,2345 Life Scientists,N/A,73
491FSR Family Sponsored - Regional,"2335 Industrial, Mechanical and Production Engineers",N/A,552
491FSR Family Sponsored - Regional,2339 Other Engineering Professionals,N/A,449
491FSR Family Sponsored - Regional,2341 Agricultural and Forestry Scientists,N/A,61
491FSR Family Sponsored - Regional,2544 Registered Nurses,N/A,446
491FSR Family Sponsored - Regional,3513 Chefs,N/A,950
491FSR Family Sponsored - Regional,2334 Electronics Engineers,N/A,183
491FSR Family Sponsored - Regional,3232 Metal Fitters and Machinists,N/A,23
491FSR Family Sponsored - Regional,2631 Computer Network Professionals,N/A,183
491FSR Family Sponsored - Regional,"2342 Chemists, and Food and Wine Scientists",N/A,73
491FSR Family Sponsored - Regional,2713 Solicitors,N/A,23
491FSR Family Sponsored - Regional,2331 Chemical and Materials Engineers,N/A,100
491FSR Family Sponsored - Regional,3123 Electrical Engineering Draftspersons and Technicians,N/A,38
491FSR Family Sponsored - Regional,2333 Electrical Engineers,N/A,249
491FSR Family Sponsored - Regional,2321 Architects and Landscape Architects,N/A,28
491FSR Family Sponsored - Regional,2531 General Practitioners and Resident Medical officers,N/A,1
491FSR Family Sponsored - Regional,2247 Management and Organisation Analysts,N/A,26
491FSR Family Sponsored - Regional,2347 Veterinarians,N/A,1
491FSR Family Sponsored - Regional,2414 Secondary School Teachers,N/A,81
491FSR Family Sponsored - Regional,1341 Child Care Centre Managers,N/A,6
491FSR Family Sponsored - Regional,"2241 Actuaries, Mathematicians and Statisticians",N/A,26
491FSR Family Sponsored - Regional,2421 University Lecturers and Tutors,N/A,159
491FSR Family Sponsored - Regional,2633 Telecommunications Engineering Professionals,N/A,87
491FSR Family Sponsored - Regional,1332 Engineering Managers,N/A,9
491FSR Family Sponsored - Regional,3122 Civil Engineering Draftspersons and Technicians,N/A,440
491FSR Family Sponsored - Regional,1399 Other Specialist Managers,N/A,18
491FSR Family Sponsored - Regional,2322 Cartographers and Surveyors,N/A,9
491FSR Family Sponsored - Regional,2245 Land Economists and Valuers,N/A,5
491FSR Family Sponsored - Regional,2336 Mining Engineers,N/A,24
491FSR Family Sponsored - Regional,2612 Multimedia Specialists and Web Developers,N/A,17
491FSR Family Sponsored - Regional,3223 Structural Steel and Welding Trades Workers,N/A,51
491FSR Family Sponsored - Regional,2349 Other Natural and Physical Science Professionals,N/A,26
491FSR Family Sponsored - Regional,1331 Construction Managers,N/A,72
491FSR Family Sponsored - Regional,2343 Environmental Scientists,N/A,24
491FSR Family Sponsored - Regional,2711 Barristers,N/A,1
491FSR Family Sponsored - Regional,3132 Telecommunications Technical Specialists,N/A,117
491FSR Family Sponsored - Regional,3312 Carpenters and Joiners,N/A,43
491FSR Family Sponsored - Regional,2725 Social Workers,N/A,64
491FSR Family Sponsored - Regional,3322 Painting Trades Workers,N/A,51
491FSR Family Sponsored - Regional,3423 Electronics Trades Workers,N/A,31
491FSR Family Sponsored - Regional,2521 Chiropractors and Osteopaths,N/A,1
491FSR Family Sponsored - Regional,3941 Cabinetmakers,N/A,8
491FSR Family Sponsored - Regional,2243 Economists,N/A,13
491FSR Family Sponsored - Regional,3311 Bricklayers and Stonemasons,N/A,7
491FSR Family Sponsored - Regional,1342 Health and Welfare Services Managers,N/A,18
491FSR Family Sponsored - Regional,2539 Other Medical Practitioners,N/A,2
491FSR Family Sponsored - Regional,3411 Electricians,N/A,12
491FSR Family Sponsored - Regional,2525 Physiotherapists,N/A,18
491FSR Family Sponsored - Regional,2512 Medical Imaging Professionals,N/A,3
491FSR Family Sponsored - Regional,"4523 Sports Coaches, Instructors and Officials",N/A,3
491FSR Family Sponsored - Regional,3222 Sheetmetal Trades Workers,N/A,1
491FSR Family Sponsored - Regional,2527 Speech Professionals and Audiologists,N/A,10
491FSR Family Sponsored - Regional,2524 Occupational Therapists,N/A,4
491FSR Family Sponsored - Regional,3421 Airconditioning and Refrigeration Mechanics,N/A,3
491FSR Family Sponsored - Regional,2346 Medical Laboratory Scientists,N/A,33
491FSR Family Sponsored - Regional,2415 Special Education Teachers,N/A,2
491FSR Family Sponsored - Regional,2723 Psychologists,N/A,1
491FSR Family Sponsored - Regional,2541 Midwives,N/A,3
491FSR Family Sponsored - Regional,3341 Plumbers,N/A,9
491FSR Family Sponsored - Regional,2533 Internal Medicine Specialists,N/A,3
491FSR Family Sponsored - Regional,3332 Plasterers,N/A,2
491FSR Family Sponsored - Regional,3334 Wall and Floor Tilers,N/A,8
491FSR Family Sponsored - Regional,2112 Music Professionals,N/A,2
491FSR Family Sponsored - Regional,3211 Automotive Electricians,N/A,3
491FSR Family Sponsored - Regional,2514 Optometrists and Orthoptists,N/A,1
491FSR Family Sponsored - Regional,"2111 Actors, Dancers and Other Entertainers",N/A,3
